"id";"data_inversa";"dia_semana";"horario";"uf";"br";"km";"municipio";"causa_acidente";"tipo_acidente";"classificacao_acidente";"fase_dia";"sentido_via";"condicao_metereologica";"tipo_pista";"tracado_via";"uso_solo";"pessoas";"mortos";"feridos_leves";"feridos_graves";"ilesos";"ignorados";"feridos";"veiculos";"latitude";"longitude";"regional";"delegacia";"uop"
332035;2021-01-02;"sábado";"14:35:00";"MG";381;"510.3";"SAO JOAQUIM DE BICAS";"Avarias e/ou desgaste excessivo no pneu";"Tombamento";"Com Vítimas Feridas";"Pleno dia";"Crescente";"Nublado";"Múltipla";"Reta";"Sim";1;0;1;0;0;0;1;1;-20,07738209;-44,30434488;"SR-MG";"UOP03";"DEL01"
332036;2021-01-02;"sábado";"13:10:00";"RJ";116;"228";"PIRAI";"Chuva";"Capotamento";"Com Vítimas Feridas";"Pleno dia";"Decrescente";"Chuva";"Dupla";"Curva";"Não";3;0;1;0;2;0;1;1;-22,66773432;-43,84615123;"SR-RJ";"UOP01";"DEL07"
332037;2021-01-02;"sábado";"16:00:00";"MG";381;"517.9";"IGARAPE";"Chuva";"Colisão lateral mesmo sentido";"Com Vítimas Feridas";"Pleno dia";"Crescente";"Chuva";"Dupla";"Curva";"Não";9;0;1;0;8;0;1;2;-20,11382303;-44,30720801;"SR-MG";"UOP03";"DEL04"
332039;2021-01-02;"sábado";"12:52:00";"RJ";40;"79";"PETROPOLIS";"Reação tardia ou ineficiente do condutor";"Saída de leito carroçável";"Com Vítimas Feridas";"Pleno dia";"Crescente";"Chuva";"Dupla";"Reta";"Não";2;0;1;0;1;0;1;1;-22,49130098;-43,22294163;"SR-RJ";"UOP03";"DEL06"
332041;2021-01-02;"sábado";"15:30:00";"SP";116;"138";"SAO JOSE DOS CAMPOS";"Condutor deixou de manter distância do veículo da frente";"Saída de leito carroçável";"Com Vítimas Feridas";"Pleno dia";"Decrescente";"Nublado";"Dupla";"Reta";"Sim";1;0;1;0;0;0;1;1;-23,1572739;-45,79554605;"SR-SP";"UOP01";"DEL06"
332042;2021-01-02;"sábado";"14:25:00";"SP";116;"503.3";"CAJATI";"Velocidade Incompatível";"Capotamento";"Sem Vítimas";"Pleno dia";"Crescente";"Nublado";"Simples";"Curva";"Não";1;0;0;0;0;1;0;1;-24,77541893;-48,20947907;"SR-SP";"UOP02";"DEL05"
332043;2021-01-02;"sábado";"10:50:00";"SP";116;"549.5";"BARRA DO TURVO";"Reação tardia ou ineficiente do condutor";"Colisão traseira";"Sem Vítimas";"Pleno dia";"Crescente";"Garoa/Chuvisco";"Simples";"Reta";"Não";3;0;0;0;2;1;0;2;-24,95470506;-48,45560002;"SR-SP";"UOP02";"DEL05"
332044;2021-01-02;"sábado";"15:40:00";"AL";101;"109";"PILAR";"Ultrapassagem Indevida";"Colisão frontal";"Com Vítimas Feridas";"Pleno dia";"Crescente";"Céu Claro";"Simples";"Não Informado";"Não";2;0;1;0;1;0;1;2;-9,60183894;-36,01536915;"SR-AL";"UOP01";"DEL02"
332045;2021-01-02;"sábado";"16:25:00";"RN";304;"176";"ANGICOS";"Ultrapassagem Indevida";"Colisão frontal";"Com Vítimas Fatais";"Pleno dia";"Decrescente";"Céu Claro";"Simples";"Reta";"Não";3;1;0;2;0;0;2;2;-5,68840912;-36,37424401;"SR-RN";"UOP03";"DEL01"
332046;2021-01-02;"sábado";"16:15:00";"RS";290;"222.5";"PANTANO GRANDE";"Demais falhas mecânicas ou elétricas";"Incêndio";"Sem Vítimas";"Pleno dia";"Decrescente";"Céu Claro";"Simples";"Reta";"Não";1;0;0;0;1;0;0;1;-30,20255876;-52,44718552;"SR-RS";"UOP03";"DEL02"
332048;2021-01-02;"sábado";"15:15:00";"MG";381;"636";"SANTO ANTONIO DO AMPARO";"Pista Escorregadia";"Saída de leito carroçável";"Com Vítimas Feridas";"Pleno dia";"Crescente";"Chuva";"Dupla";"Curva";"Não";4;0;2;0;2;0;2;1;-20,86710217;-44,84189491;"SR-MG";"UOP01";"DEL04"
332049;2021-01-02;"sábado";"16:15:00";"RJ";116;"137";"DUQUE DE CAXIAS";"Pista Escorregadia";"Saída de leito carroçável";"Com Vítimas Feridas";"Pleno dia";"Crescente";"Chuva";"Dupla";"Reta";"Não";2;0;1;0;1;0;1;1;-22,4887679;-43,2390976;"SR-RJ";"UOP04";"DEL02"
332050;2021-01-02;"sábado";"15:37:00";"MG";153;"33.1";"CENTRALINA";"Ausência de reação do condutor";"Colisão transversal";"Com Vítimas Feridas";"Pleno dia";"Decrescente";"Céu Claro";"Simples";"Reta";"Não";4;0;0;1;3;0;1;2;-18,70335014;-49,14238824;"SR-MG";"UOP03";"DEL15"
332052;2021-01-02;"sábado";"15:45:00";"MG";262;"418";"PARA DE MINAS";"Condutor deixou de manter distância do veículo da frente";"Colisão traseira";"Com Vítimas Feridas";"Pleno dia";"Decrescente";"Nublado";"Dupla";"Reta";"Não";6;0;1;0;0;5;1;2;-19,89963382;-44,69608755;"SR-MG";"UOP03";"DEL08"
332053;2021-01-02;"sábado";"15:40:00";"RS";287;"450";"UNISTALDA";"Ausência de reação do condutor";"Saída de leito carroçável";"Com Vítimas Feridas";"Pleno dia";"Crescente";"Céu Claro";"Simples";"Curva";"Não";1;0;0;1;0;0;1;1;-28,99595062;-55,27500976;"SR-RS";"UOP02";"DEL12"
332054;2021-01-02;"sábado";"16:50:00";"PR";277;"139";"BALSA NOVA";"Mal súbito do condutor";"Queda de ocupante de veículo";"Com Vítimas Feridas";"Pleno dia";"Crescente";"Sol";"Dupla";"Não Informado";"Não";1;0;1;0;0;0;1;1;-25,4701919;-49,7250222;"SR-PR";"UOP06";"DEL01"
332055;2021-01-02;"sábado";"15:00:00";"SC";101;"149.1";"ITAPEMA";"Condutor deixou de manter distância do veículo da frente";"Colisão traseira";"Com Vítimas Feridas";"Pleno dia";"Decrescente";"Céu Claro";"Simples";"Reta";"Sim";4;0;1;0;3;0;1;3;-27,1089649;-48,61277586;"SR-SC";"UOP03";"DEL04"
332056;2021-01-02;"sábado";"16:45:00";"MS";163;"424.7";"CAMPO GRANDE";"Reação tardia ou ineficiente do condutor";"Saída de leito carroçável";"Com Vítimas Feridas";"Pleno dia";"Crescente";"Céu Claro";"Simples";"Reta";"Sim";1;0;1;0;0;0;1;1;-20,95516398;-54,50201214;"SR-MS";"UOP01";"DEL01"
332057;2021-01-02;"sábado";"17:05:00";"SC";470;"62.5";"INDAIAL";"Conversão proibida";"Colisão lateral mesmo sentido";"Com Vítimas Feridas";"Pleno dia";"Decrescente";"Céu Claro";"Simples";"Curva";"Sim";3;0;2;0;1;0;2;2;-26,874521;-49,182938;"SR-SC";"UOP01";"DEL04"
332059;2021-01-02;"sábado";"17:40:00";"SC";101;"3.4";"GARUVA";"Condutor deixou de manter distância do veículo da frente";"Colisão com objeto";"Com Vítimas Feridas";"Pleno dia";"Decrescente";"Garoa/Chuvisco";"Dupla";"Não Informado";"Não";3;0;1;1;1;0;2;1;-26,00380807;-48,87233005;"SR-SC";"UOP01";"DEL03"
332060;2021-01-02;"sábado";"17:25:00";"PI";402;"0.7";"BURITI DOS LOPES";"Manobra de mudança de faixa";"Colisão transversal";"Com Vítimas Feridas";"Pleno dia";"Crescente";"Céu Claro";"Simples";"Reta";"Não";2;0;1;0;1;0;1;2;-3,0938926;-41,901173;"SR-PI";"UOP01";"DEL05"
332061;2021-01-02;"sábado";"18:00:00";"ES";101;"407.9";"ITAPEMIRIM";"Acumulo de água sobre o pavimento";"Colisão lateral";"Sem Vítimas";"Anoitecer";"Crescente";"Chuva";"Simples";"Curva";"Não";11;0;0;0;11;0;0;3;-20,88946217;-41,03685379;"SR-ES";"UOP02";"DEL03"
332062;2021-01-02;"sábado";"16:00:00";"SC";101;"135.2";"BALNEARIO CAMBORIU";"Condutor deixou de manter distância do veículo da frente";"Colisão traseira";"Com Vítimas Feridas";"Pleno dia";"Crescente";"Nublado";"Dupla";"Reta";"Sim";3;0;2;0;1;0;2;3;-27,0050108;-48,62677494;"SR-SC";"UOP03";"DEL04"
332063;2021-01-02;"sábado";"15:55:00";"MG";381;"671.5";"PERDOES";"Velocidade Incompatível";"Saída de leito carroçável";"Com Vítimas Feridas";"Pleno dia";"Crescente";"Céu Claro";"Dupla";"Curva";"Não";2;0;1;1;0;0;2;1;-21,08945416;-45,06864195;"SR-MG";"UOP02";"DEL04"
332064;2021-01-02;"sábado";"17:00:00";"MG";40;"730.5";"OLIVEIRA FORTES";"Velocidade Incompatível";"Colisão com objeto";"Com Vítimas Feridas";"Pleno dia";"Decrescente";"Chuva";"Dupla";"Curva";"Não";2;0;1;0;1;0;1;1;-21,33378994;-43,5866212;"SR-MG";"UOP01";"DEL05"
332065;2021-01-02;"sábado";"17:50:00";"PR";116;"94";"SAO JOSE DOS PINHAIS";"Manobra de mudança de faixa";"Colisão traseira";"Com Vítimas Feridas";"Pleno dia";"Decrescente";"Nublado";"Dupla";"Não Informado";"Sim";3;0;3;0;0;0;3;2;-25,48954287;-49,11201617;"SR-PR";"UOP01";"DEL01"
332066;2021-01-02;"sábado";"17:35:00";"SP";116;"6.8";"QUELUZ";"Avarias e/ou desgaste excessivo no pneu";"Saída de leito carroçável";"Com Vítimas Feridas";"Pleno dia";"Crescente";"Chuva";"Dupla";"Curva";"Não";2;0;2;0;0;0;2;1;-22,53158181;-44,75374706;"SR-SP";"UOP02";"DEL08"
332068;2021-01-02;"sábado";"17:45:00";"RJ";40;"93.5";"DUQUE DE CAXIAS";"Chuva";"Colisão traseira";"Com Vítimas Feridas";"Anoitecer";"Crescente";"Chuva";"Dupla";"Curva";"Não";7;0;2;0;5;0;2;2;-22,5554282;-43,25829998;"SR-RJ";"UOP01";"DEL01"
332069;2021-01-02;"sábado";"12:00:00";"MG";50;"174.8";"UBERABA";"Acessar a via sem observar a presença dos outros veículos";"Atropelamento de Pedestre";"Com Vítimas Feridas";"Pleno dia";"Crescente";"Céu Claro";"Dupla";"Reta";"Sim";2;0;1;0;1;0;1;1;-19,770817;-47,973434;"SR-MG";"UOP01";"DEL13"
332070;2021-01-02;"sábado";"17:30:00";"SP";116;"49.5";"LORENA";"Ingestão de álcool pelo condutor";"Colisão com objeto";"Com Vítimas Feridas";"Pleno dia";"Decrescente";"Nublado";"Dupla";"Reta";"Não";1;0;1;0;0;0;1;1;-22,73051614;-45,0765859;"SR-SP";"UOP01";"DEL08"
332071;2021-01-02;"sábado";"18:15:00";"SP";153;"67";"SAO JOSE DO RIO PRETO";"Ingestão de álcool pelo condutor";"Tombamento";"Com Vítimas Feridas";"Pleno dia";"Crescente";"Nublado";"Dupla";"Curva";"Sim";2;0;2;0;0;0;2;1;-20,84853593;-49,37585608;"SR-SP";"UOP01";"DEL09"
332072;2021-01-02;"sábado";"17:20:00";"GO";60;"365";"RIO VERDE";"Acumulo de água sobre o pavimento";"Saída de leito carroçável";"Com Vítimas Feridas";"Anoitecer";"Decrescente";"Chuva";"Dupla";"Reta";"Não";3;0;2;0;0;1;2;1;-17,65769;-50,808796;"SR-GO";"UOP01";"DEL04"
332073;2021-01-02;"sábado";"17:30:00";"ES";101;"270";"SERRA";"Frear bruscamente";"Colisão traseira";"Com Vítimas Feridas";"Plena Noite";"Crescente";"Nublado";"Dupla";"Reta";"Não";2;0;1;0;1;0;1;2;-20,22662056;-40,27075088;"SR-ES";"UOP01";"DEL02"
332074;2021-01-02;"sábado";"17:50:00";"SC";116;"211.9";"PONTE ALTA";"Velocidade Incompatível";"Saída de leito carroçável";"Com Vítimas Feridas";"Pleno dia";"Decrescente";"Céu Claro";"Simples";"Curva";"Não";2;0;2;0;0;0;2;1;-27,51040007;-50,36397936;"SR-SC";"UOP03";"DEL05"
332075;2021-01-02;"sábado";"17:20:00";"PR";277;"526.3";"GUARANIACU";"Reação tardia ou ineficiente do condutor";"Colisão traseira";"Com Vítimas Feridas";"Pleno dia";"Decrescente";"Sol";"Simples";"Curva";"Não";4;0;3;0;1;0;3;2;-25,091649;-52,949265;"SR-PR";"UOP01";"DEL04"
332076;2021-01-02;"sábado";"17:20:00";"ES";262;"53.1";"MARECHAL FLORIANO";"Velocidade Incompatível";"Colisão frontal";"Com Vítimas Fatais";"Plena Noite";"Crescente";"Chuva";"Simples";"Curva";"Não";3;1;0;0;2;0;0;3;-20,41397156;-40,73317528;"SR-ES";"UOP01";"DEL01"
332077;2021-01-02;"sábado";"14:52:00";"PI";316;"331";"GEMINIANO";"Problema com o freio";"Colisão transversal";"Com Vítimas Feridas";"Pleno dia";"Decrescente";"Céu Claro";"Simples";"Interseção de vias";"Não";6;0;3;2;1;0;5;2;-7,10702504;-41,27082825;"SR-PI";"UOP01";"DEL04"
332078;2021-01-02;"sábado";"15:45:00";"SC";101;"162.5";"TIJUCAS";"Condutor deixou de manter distância do veículo da frente";"Colisão traseira";"Com Vítimas Feridas";"Plena Noite";"Decrescente";"Céu Claro";"Dupla";"Reta";"Não";3;0;0;2;1;0;2;2;-27,22554009;-48,6279367;"SR-SC";"UOP03";"DEL04"
332079;2021-01-02;"sábado";"16:45:00";"SC";470;"33";"GASPAR";"Condutor deixou de manter distância do veículo da frente";"Colisão traseira";"Com Vítimas Feridas";"Pleno dia";"Crescente";"Nublado";"Dupla";"Reta";"Não";4;0;3;0;1;0;3;2;-26,906223;-48,940575;"SR-SC";"UOP01";"DEL04"
332081;2021-01-02;"sábado";"18:55:00";"TO";153;"162.5";"ARAGUAINA";"Ultrapassagem Indevida";"Colisão frontal";"Com Vítimas Fatais";"Plena Noite";"Decrescente";"Chuva";"Simples";"Reta";"Não";3;1;0;1;1;0;1;2;-7,33627021;-48,31529575;"SR-TO";"UOP01";"DEL02"
332082;2021-01-02;"sábado";"09:15:00";"MA";10;"126.4";"ESTREITO";"Velocidade Incompatível";"Colisão traseira";"Com Vítimas Feridas";"Pleno dia";"Crescente";"Céu Claro";"Simples";"Reta";"Sim";2;0;1;1;0;0;2;2;-6,581329;-47,44136;"SR-MA";"UOP02";"DEL04"
332083;2021-01-02;"sábado";"19:20:00";"ES";101;"191";"ARACRUZ";"Acessar a via sem observar a presença dos outros veículos";"Colisão lateral mesmo sentido";"Com Vítimas Feridas";"Plena Noite";"Decrescente";"Céu Claro";"Simples";"Curva";"Não";5;0;4;0;0;1;4;2;-19,68908911;-40,28696073;"SR-ES";"UOP01";"DEL04"
332085;2021-01-02;"sábado";"19:15:00";"RJ";101;"12";"CAMPOS DOS GOYTACAZES";"Demais falhas mecânicas ou elétricas";"Tombamento";"Com Vítimas Feridas";"Plena Noite";"Crescente";"Chuva";"Simples";"Interseção de vias";"Não";2;0;2;0;0;0;2;1;-21,31648344;-41,32577696;"SR-RJ";"UOP01";"DEL08"
332086;2021-01-02;"sábado";"18:10:00";"CE";226;"30.9";"PEREIRO";"Transitar na contramão";"Colisão lateral sentido oposto";"Com Vítimas Fatais";"Plena Noite";"Crescente";"Céu Claro";"Simples";"Não Informado";"Sim";3;1;1;1;0;0;2;2;-6,04018806;-38,46765036;"SR-CE";"UOP02";"DEL05"
332087;2021-01-02;"sábado";"19:05:00";"MG";381;"732.4";"CARMO DA CACHOEIRA";"Pista Escorregadia";"Saída de leito carroçável";"Com Vítimas Feridas";"Plena Noite";"Crescente";"Chuva";"Dupla";"Curva";"Não";2;0;2;0;0;0;2;1;-21,55413799;-45,24499427;"SR-MG";"UOP02";"DEL16"
332088;2021-01-02;"sábado";"19:30:00";"ES";101;"419.1";"CACHOEIRO DE ITAPEMIRIM";"Chuva";"Colisão frontal";"Com Vítimas Feridas";"Plena Noite";"Crescente";"Chuva";"Simples";"Curva";"Não";4;0;0;2;2;0;2;3;-20,95924919;-41,10118693;"SR-ES";"UOP02";"DEL03"
332089;2021-01-02;"sábado";"18:10:00";"MG";262;"429.2";"SAO GONCALO DO PARA";"Acessar a via sem observar a presença dos outros veículos";"Colisão lateral";"Com Vítimas Feridas";"Pleno dia";"Crescente";"Vento";"Dupla";"Reta";"Não";2;0;0;1;1;0;1;2;-19,88839281;-44,79613504;"SR-MG";"UOP03";"DEL08"
332090;2021-01-02;"sábado";"18:50:00";"MT";364;"262";"JUSCIMEIRA";"Reação tardia ou ineficiente do condutor";"Colisão traseira";"Com Vítimas Feridas";"Plena Noite";"Crescente";"Céu Claro";"Dupla";"Não Informado";"Não";2;0;1;0;1;0;1;2;-16,02721181;-54,89305973;"SR-MT";"UOP01";"DEL02"
332091;2021-01-02;"sábado";"19:45:00";"SC";101;"88.2";"BARRA VELHA";"Condutor deixou de manter distância do veículo da frente";"Colisão traseira";"Com Vítimas Feridas";"Plena Noite";"Decrescente";"Céu Claro";"Múltipla";"Viaduto";"Sim";3;0;1;0;2;0;1;2;-26,64253985;-48,68950684;"SR-SC";"UOP02";"DEL03"
332092;2021-01-02;"sábado";"19:10:00";"PB";101;"53";"SANTA RITA";"Ausência de reação do condutor";"Queda de ocupante de veículo";"Com Vítimas Feridas";"Plena Noite";"Decrescente";"Céu Claro";"Dupla";"Desvio Temporário";"Não";1;0;1;0;0;0;1;1;-6,94606786;-35,09493776;"SR-PB";"UOP04";"DEL01"
332093;2021-01-02;"sábado";"11:40:00";"BA";116;"156";"CANUDOS";"Acessar a via sem observar a presença dos outros veículos";"Colisão traseira";"Com Vítimas Feridas";"Pleno dia";"Crescente";"Céu Claro";"Simples";"Reta";"Não";5;0;2;1;2;0;3;2;-9,972716;-39,16264999;"SR-BA";"UOP02";"DEL07"
332094;2021-01-02;"sábado";"19:20:00";"PR";376;"217";"JANDAIA DO SUL";"Acessar a via sem observar a presença dos outros veículos";"Colisão transversal";"Com Vítimas Feridas";"Anoitecer";"Decrescente";"Nublado";"Simples";"Interseção de vias";"Sim";3;0;2;0;1;0;2;2;-23,59805329;-51,60575514;"SR-PR";"UOP01";"DEL09"
332095;2021-01-02;"sábado";"19:20:00";"GO";70;"13.6";"AGUAS LINDAS DE GOIAS";"Velocidade Incompatível";"Saída de leito carroçável";"Sem Vítimas";"Plena Noite";"Decrescente";"Nublado";"Dupla";"Reta";"Sim";1;0;0;0;0;1;0;1;-15,74489239;-48,31832762;"SR-DF";"UOP03";"DEL01"
332096;2021-01-02;"sábado";"20:00:00";"SP";116;"209";"GUARULHOS";"Avarias e/ou desgaste excessivo no pneu";"Tombamento";"Com Vítimas Feridas";"Plena Noite";"Decrescente";"Nublado";"Dupla";"Reta";"Sim";2;0;1;0;1;0;1;1;-23,42618256;-46,40483564;"SR-SP";"UOP01";"DEL01"
332097;2021-01-02;"sábado";"19:00:00";"PB";104;"93";"ESPERANCA";"Ingestão de álcool pelo condutor";"Saída de leito carroçável";"Sem Vítimas";"Plena Noite";"Crescente";"Céu Claro";"Simples";"Não Informado";"Não";1;0;0;0;1;0;0;1;-6,99505412;-35,83569282;"SR-PB";"UOP04";"DEL02"
332098;2021-01-02;"sábado";"20:00:00";"PR";487;"122.3";"TUNEIRAS DO OESTE";"Animais na Pista";"Atropelamento de Animal";"Com Vítimas Feridas";"Plena Noite";"Decrescente";"Céu Claro";"Simples";"Não Informado";"Não";3;0;2;0;1;0;2;1;-23,85669184;-52,90506295;"SR-PR";"UOP03";"DEL09"
332100;2021-01-02;"sábado";"20:00:00";"PR";476;"127";"CURITIBA";"Obras na pista";"Colisão lateral";"Sem Vítimas";"Plena Noite";"Crescente";"Garoa/Chuvisco";"Dupla";"Reta";"Sim";2;0;0;0;2;0;0;2;-25,425167;-49,227158;"SR-PR";"UOP03";"DEL01"
332101;2021-01-02;"sábado";"19:16:00";"MG";116;"208.3";"CATUJI";"Conversão proibida";"Colisão transversal";"Com Vítimas Feridas";"Plena Noite";"Crescente";"Céu Claro";"Simples";"Reta";"Sim";2;0;2;0;0;0;2;2;-17,308365;-41,518593;"SR-MG";"UOP01";"DEL11"
332102;2021-01-02;"sábado";"20:00:00";"RS";116;"300.7";"GUAIBA";"Frear bruscamente";"Saída de leito carroçável";"Com Vítimas Feridas";"Plena Noite";"Crescente";"Céu Claro";"Simples";"Reta";"Sim";3;0;2;0;0;1;2;2;-30,12368942;-51,34922543;"SR-RS";"UOP01";"DEL02"
332103;2021-01-02;"sábado";"20:15:00";"SP";116;"489.9";"CAJATI";"Velocidade Incompatível";"Colisão com objeto";"Com Vítimas Feridas";"Plena Noite";"Crescente";"Chuva";"Dupla";"Curva";"Não";2;0;1;0;1;0;1;1;-24,73028562;-48,10766101;"SR-SP";"UOP01";"DEL05"
332104;2021-01-02;"sábado";"19:45:00";"SE";101;"91";"NOSSA SENHORA DO SOCORRO";"Animais na Pista";"Atropelamento de Animal";"Sem Vítimas";"Plena Noite";"Decrescente";"Céu Claro";"Dupla";"Reta";"Não";4;0;0;0;4;0;0;1;-10,89849802;-37,13176324;"SR-SE";"UOP01";"DEL01"
332105;2021-01-02;"sábado";"15:30:00";"RJ";40;"91.5";"PETROPOLIS";"Avarias e/ou desgaste excessivo no pneu";"Tombamento";"Com Vítimas Feridas";"Pleno dia";"Decrescente";"Chuva";"Simples";"Curva";"Não";1;0;1;0;0;0;1;1;-22,54903566;-43,24229724;"SR-RJ";"UOP03";"DEL06"
332106;2021-01-02;"sábado";"19:00:00";"PR";277;"309.1";"GUARAPUAVA";"Velocidade Incompatível";"Colisão transversal";"Com Vítimas Feridas";"Anoitecer";"Crescente";"Chuva";"Simples";"Curva";"Não";5;0;3;1;1;0;4;2;-25,307524;-51,210171;"SR-PR";"UOP01";"DEL08"
332107;2021-01-02;"sábado";"18:35:00";"PI";343;"8.4";"PARNAIBA";"Desrespeitar a preferência no cruzamento";"Colisão transversal";"Com Vítimas Feridas";"Plena Noite";"Decrescente";"Nublado";"Simples";"Interseção de vias";"Sim";3;0;2;0;0;1;2;2;-2,90019792;-41,72931617;"SR-PI";"UOP01";"DEL05"
332108;2021-01-02;"sábado";"20:50:00";"MG";381;"846.6";"SAO SEBASTIAO DA BELA VISTA";"Demais falhas mecânicas ou elétricas";"Incêndio";"Sem Vítimas";"Plena Noite";"Decrescente";"Céu Claro";"Dupla";"Reta";"Não";1;0;0;0;0;1;0;1;-22,2111387;-45,86647972;"SR-MG";"UOP01";"DEL16"
332110;2021-01-02;"sábado";"19:40:00";"MG";50;"90";"UBERLANDIA";"Reação tardia ou ineficiente do condutor";"Saída de leito carroçável";"Com Vítimas Feridas";"Plena Noite";"Decrescente";"Chuva";"Dupla";"Reta";"Não";2;0;1;0;1;0;1;1;-19,04871805;-48,19677417;"SR-MG";"UOP01";"DEL15"
332111;2021-01-02;"sábado";"17:20:00";"SP";116;"108";"TAUBATE";"Condutor deixou de manter distância do veículo da frente";"Colisão traseira";"Sem Vítimas";"Pleno dia";"Crescente";"Nublado";"Dupla";"Reta";"Sim";2;0;0;0;1;1;0;2;-23,0233097;-45,53763622;"SR-SP";"UOP01";"DEL06"
332112;2021-01-02;"sábado";"19:10:00";"AC";364;"139";"RIO BRANCO";"Condutor deixou de manter distância do veículo da frente";"Colisão traseira";"Com Vítimas Feridas";"Plena Noite";"Decrescente";"Nublado";"Dupla";"Reta";"Sim";3;0;1;0;2;0;1;2;-9,95359291;-67,86119892;"SR-AC";"UOP01";"DEL01"
332113;2021-01-02;"sábado";"18:30:00";"MT";163;"43.8";"ITIQUIRA";"Condutor deixou de manter distância do veículo da frente";"Colisão traseira";"Sem Vítimas";"Plena Noite";"Crescente";"Céu Claro";"Dupla";"Reta";"Não";2;0;0;0;2;0;0;2;-17,13725999;-54,75756695;"SR-MT";"UOP01";"DEL02"
332114;2021-01-02;"sábado";"20:20:00";"PI";316;"40.1";"LAGOA DO PIAUI";"Desrespeitar a preferência no cruzamento";"Colisão transversal";"Com Vítimas Feridas";"Pleno dia";"Decrescente";"Céu Claro";"Simples";"Reta";"Sim";1;0;0;1;0;0;1;1;-5,40385598;-42,65110797;"SR-PI";"UOP02";"DEL01"
332115;2021-01-02;"sábado";"22:20:00";"SC";101;"151";"ITAPEMA";"Condutor deixou de manter distância do veículo da frente";"Colisão lateral";"Com Vítimas Feridas";"Plena Noite";"Crescente";"Céu Claro";"Dupla";"Reta";"Sim";3;0;2;0;1;0;2;2;-27,126536;-48,609642;"SR-SC";"UOP03";"DEL04"
332116;2021-01-02;"sábado";"20:30:00";"SP";153;"87.9";"MIRASSOL";"Ingestão de álcool pelo condutor";"Colisão traseira";"Sem Vítimas";"Plena Noite";"Decrescente";"Nublado";"Simples";"Não Informado";"Não";2;0;0;0;1;1;0;2;-20,94498178;-49,53459612;"SR-SP";"UOP01";"DEL09"
332117;2021-01-02;"sábado";"20:30:00";"SC";280;"23.4";"ARAQUARI";"Condutor deixou de manter distância do veículo da frente";"Colisão traseira";"Sem Vítimas";"Plena Noite";"Decrescente";"Nublado";"Simples";"Reta";"Sim";2;0;0;0;2;0;0;2;-26,37146;-48,711887;"SR-SC";"UOP03";"DEL03"
332119;2021-01-02;"sábado";"22:00:00";"SE";101;"34.9";"CAPELA";"Ausência de sinalização";"Saída de leito carroçável";"Com Vítimas Feridas";"Plena Noite";"Decrescente";"Céu Claro";"Simples";"Não Informado";"Sim";1;0;1;0;0;0;1;1;-10,47630604;-36,95093032;"SR-SE";"UOP02";"DEL02"
332120;2021-01-02;"sábado";"22:00:00";"MG";40;"477.5";"SETE LAGOAS";"Acumulo de água sobre o pavimento";"Saída de leito carroçável";"Sem Vítimas";"Plena Noite";"Decrescente";"Chuva";"Dupla";"Não Informado";"Não";1;0;0;0;1;0;0;1;-19,52130888;-44,26525586;"SR-MG";"UOP01";"DEL02"
332121;2021-01-02;"sábado";"21:30:00";"SC";282;"289.7";"SAO JOSE DO CERRITO";"Transitar na contramão";"Colisão frontal";"Com Vítimas Fatais";"Plena Noite";"Crescente";"Céu Claro";"Simples";"Não Informado";"Sim";2;1;1;0;0;0;1;2;-27,557946;-50,841715;"SR-SC";"UOP02";"DEL05"
332122;2021-01-02;"sábado";"19:40:00";"RJ";101;"282";"ITABORAI";"Reação tardia ou ineficiente do condutor";"Colisão traseira";"Com Vítimas Feridas";"Plena Noite";"Crescente";"Chuva";"Dupla";"Reta";"Sim";3;0;1;0;2;0;1;2;-22,7371391;-42,79664601;"SR-RJ";"UOP03";"DEL02"
332123;2021-01-02;"sábado";"06:00:00";"SP";116;"545.7";"BARRA DO TURVO";"Chuva";"Capotamento";"Com Vítimas Feridas";"Amanhecer";"Crescente";"Garoa/Chuvisco";"Dupla";"Curva";"Não";4;0;2;0;2;0;2;1;-24,94711404;-48,4297514;"SR-SP";"UOP02";"DEL05"
332124;2021-01-02;"sábado";"22:30:00";"PB";101;"88";"JOAO PESSOA";"Velocidade Incompatível";"Tombamento";"Com Vítimas Feridas";"Plena Noite";"Crescente";"Céu Claro";"Dupla";"Retorno Regulamentado";"Sim";2;0;2;0;0;0;2;1;-7,16470016;-34,89993643;"SR-PB";"UOP01";"DEL01"
332125;2021-01-02;"sábado";"21:00:00";"MG";365;"752.9";"ITUIUTABA";"Ausência de reação do condutor";"Colisão com objeto";"Sem Vítimas";"Plena Noite";"Decrescente";"Céu Claro";"Simples";"Reta";"Não";1;0;0;0;0;1;0;1;-18,947495;-49,45934;"SR-MG";"UOP03";"DEL15"
332126;2021-01-02;"sábado";"19:00:00";"RN";101;"45.6";"CEARA-MIRIM";"Reação tardia ou ineficiente do condutor";"Colisão traseira";"Sem Vítimas";"Plena Noite";"Decrescente";"Céu Claro";"Simples";"Desvio Temporário";"Não";2;0;0;0;2;0;0;2;-5,48513925;-35,32443409;"SR-RN";"UOP01";"DEL02"
332127;2021-01-02;"sábado";"23:20:00";"SP";116;"390.5";"MIRACATU";"Pista Escorregadia";"Saída de leito carroçável";"Com Vítimas Feridas";"Plena Noite";"Decrescente";"Chuva";"Dupla";"Reta";"Não";1;0;1;0;0;0;1;1;-24,27643929;-47,41504088;"SR-SP";"UOP02";"DEL04"