"id";"data_inversa";"dia_semana";"horario";"uf";"br";"km";"municipio";"causa_acidente";"tipo_acidente";"classificacao_acidente";"fase_dia";"sentido_via";"condicao_metereologica";"tipo_pista";"tracado_via";"uso_solo";"pessoas";"mortos";"feridos_leves";"feridos_graves";"ilesos";"ignorados";"feridos";"veiculos";"latitude";"longitude";"regional";"delegacia";"uop"
332128;2021-01-02;"sábado";"11:01:00";"SP";116;"520";"CAJATI";"Reação tardia ou ineficiente do condutor";"Saída de leito carroçável";"Com Vítimas Feridas";"Pleno dia";"Decrescente";"Garoa/Chuvisco";"Dupla";"Reta";"Não";2;0;2;0;0;0;2;1;-24,89601299;-48,24092388;"SR-SP";"UOP02";"DEL05"
332129;2021-01-02;"sábado";"20:30:00";"MT";163;"1033.7";"MATUPA";"Condutor deixou de manter distância do veículo da frente";"Colisão traseira";"Com Vítimas Fatais";"Plena Noite";"Crescente";"Nublado";"Simples";"Ponte";"Sim";5;1;0;0;2;2;0;3;-10,218324;-54,968977;"SR-MT";"UOP02";"DEL06"
332130;2021-01-02;"sábado";"14:00:00";"PI";135;"469";"MONTE ALEGRE DO PIAUI";"Condutor Dormindo";"Saída de leito carroçável";"Com Vítimas Feridas";"Pleno dia";"Crescente";"Céu Claro";"Simples";"Reta";"Não";4;0;3;0;1;0;3;1;-9,60766807;-45,05698095;"SR-PI";"UOP02";"DEL03"
332131;2021-01-02;"sábado";"23:40:00";"PI";343;"15";"PARNAIBA";"Velocidade Incompatível";"Saída de leito carroçável";"Com Vítimas Feridas";"Plena Noite";"Crescente";"Céu Claro";"Dupla";"Reta";"Sim";2;0;2;0;0;0;2;1;-2,93659;-41,754936;"SR-PI";"UOP01";"DEL05"
332132;2021-01-02;"sábado";"23:45:00";"PR";376;"504.9";"PONTA GROSSA";"Velocidade Incompatível";"Colisão traseira";"Com Vítimas Feridas";"Plena Noite";"Crescente";"Céu Claro";"Dupla";"Reta";"Não";2;0;1;0;0;1;1;2;-25,23024416;-50,04503118;"SR-PR";"UAP01";"DEL03"
332133;2021-01-03;"domingo";"00:40:00";"SC";101;"127";"ITAJAI";"Reação tardia ou ineficiente do condutor";"Colisão lateral";"Com Vítimas Feridas";"Plena Noite";"Decrescente";"Céu Claro";"Dupla";"Reta";"Não";3;0;1;0;1;1;1;2;-26,9639319;-48,68328024;"SR-SC";"UOP04";"DEL04"
332134;2021-01-02;"sábado";"23:10:00";"MG";40;"282";"TRES MARIAS";"Condutor Dormindo";"Colisão transversal";"Com Vítimas Feridas";"Plena Noite";"Decrescente";"Chuva";"Simples";"Curva";"Sim";2;0;1;0;1;0;1;2;-18,24923582;-45,20220684;"SR-MG";"UOP02";"DEL14"
332135;2021-01-03;"domingo";"00:20:00";"MG";116;"38.7";"PEDRA AZUL";"Ingestão de álcool pelo condutor";"Colisão frontal";"Com Vítimas Fatais";"Plena Noite";"Crescente";"Céu Claro";"Simples";"Não Informado";"Não";2;1;0;0;1;0;0;2;-15,95802825;-41,40446956;"SR-MG";"UOP02";"DEL11"
332136;2021-01-03;"domingo";"00:20:00";"RJ";40;"109";"DUQUE DE CAXIAS";"Acumulo de água sobre o pavimento";"Capotamento";"Sem Vítimas";"Plena Noite";"Crescente";"Chuva";"Múltipla";"Reta";"Sim";2;0;0;0;2;0;0;1;-22,67374628;-43,28638368;"SR-RJ";"UOP01";"DEL01"
332138;2021-01-03;"domingo";"00:15:00";"SP";381;"39";"ATIBAIA";"Condutor deixou de manter distância do veículo da frente";"Colisão traseira";"Com Vítimas Feridas";"Plena Noite";"Crescente";"Nublado";"Dupla";"Reta";"Sim";2;0;1;0;1;0;1;1;-23,1215761;-46,57471572;"SR-SP";"UOP01";"DEL03"
332139;2021-01-03;"domingo";"01:10:00";"RS";386;"295.8";"POUSO NOVO";"Condutor deixou de manter distância do veículo da frente";"Engavetamento";"Com Vítimas Feridas";"Plena Noite";"Crescente";"Céu Claro";"Simples";"Reta";"Não";4;0;1;0;3;0;1;3;-29,128876;-52,251305;"SR-RS";"UOP01";"DEL04"
332140;2021-01-03;"domingo";"00:15:00";"RJ";116;"79";"TERESOPOLIS";"Ausência de reação do condutor";"Colisão traseira";"Com Vítimas Feridas";"Plena Noite";"Crescente";"Chuva";"Simples";"Reta";"Sim";6;0;5;0;1;0;5;2;-22,381704;-42,954777;"SR-RJ";"UOP01";"DEL04"
332141;2021-01-03;"domingo";"01:24:00";"SC";101;"158.1";"PORTO BELO";"Ausência de reação do condutor";"Colisão traseira";"Com Vítimas Feridas";"Plena Noite";"Crescente";"Nublado";"Dupla";"Retorno Regulamentado";"Não";3;0;1;1;0;1;2;2;-27,19096301;-48,61259017;"SR-SC";"UOP03";"DEL04"
332142;2021-01-02;"sábado";"16:00:00";"BA";330;"790";"JEQUIE";"Conversão proibida";"Colisão transversal";"Com Vítimas Feridas";"Pleno dia";"Crescente";"Céu Claro";"Simples";"Reta";"Não";3;0;0;2;1;0;2;2;-13,89884997;-40,01908984;"SR-BA";"UOP01";"DEL03"
332143;2021-01-02;"sábado";"17:00:00";"BA";116;"636";"JAGUAQUARA";"Fumaça";"Engavetamento";"Com Vítimas Feridas";"Pleno dia";"Crescente";"Ignorado";"Simples";"Reta";"Não";7;0;2;0;5;0;2;4;-13,49889298;-40,05022605;"SR-BA";"UOP01";"DEL03"
332144;2021-01-03;"domingo";"01:45:00";"MG";40;"618.7";"CONGONHAS";"Transitar na contramão";"Colisão frontal";"Com Vítimas Feridas";"Plena Noite";"Crescente";"Chuva";"Simples";"Reta";"Não";2;0;1;0;1;0;1;2;-20,57228726;-43,81244659;"SR-MG";"UOP02";"DEL05"
332145;2021-01-02;"sábado";"20:00:00";"BA";330;"812";"JEQUIE";"Manobra de mudança de faixa";"Colisão frontal";"Com Vítimas Fatais";"Plena Noite";"Crescente";"Ignorado";"Simples";"Não Informado";"Não";4;1;1;0;2;0;1;2;-14,00882475;-39,904926;"SR-BA";"UOP01";"DEL03"
332146;2021-01-03;"domingo";"01:40:00";"PI";407;"433.8";"GEMINIANO";"Animais na Pista";"Atropelamento de Animal";"Com Vítimas Feridas";"Plena Noite";"Decrescente";"Céu Claro";"Simples";"Reta";"Não";3;0;2;0;1;0;2;1;-7,14650997;-41,37410696;"SR-PI";"UOP01";"DEL04"
332147;2021-01-03;"domingo";"01:30:00";"RJ";40;"43.2";"AREAL";"Velocidade Incompatível";"Colisão com objeto";"Com Vítimas Feridas";"Plena Noite";"Decrescente";"Chuva";"Dupla";"Não Informado";"Não";3;0;1;0;2;0;1;1;-22,265139;-43,108506;"SR-RJ";"UOP01";"DEL06"
332149;2021-01-03;"domingo";"01:30:00";"GO";153;"41";"PORANGATU";"Ingestão de álcool pelo condutor";"Colisão lateral";"Sem Vítimas";"Plena Noite";"Crescente";"Céu Claro";"Simples";"Reta";"Não";2;0;0;0;2;0;0;2;-13,176286;-49,170254;"SR-GO";"UOP01";"DEL07"
332150;2021-01-03;"domingo";"03:20:00";"BA";101;"183";"CACHOEIRA";"Demais falhas mecânicas ou elétricas";"Tombamento";"Com Vítimas Feridas";"Plena Noite";"Decrescente";"Nublado";"Simples";"Não Informado";"Não";2;0;2;0;0;0;2;1;-12,53594197;-38,97745507;"SR-BA";"UOP03";"DEL01"
332151;2021-01-03;"domingo";"05:40:00";"SC";282;"575";"PINHALZINHO";"Ingestão de álcool pelo condutor";"Saída de leito carroçável";"Sem Vítimas";"Amanhecer";"Crescente";"Céu Claro";"Simples";"Reta";"Não";1;0;0;0;1;0;0;1;-26,863194;-52,974529;"SR-SC";"UOP02";"DEL07"
332152;2021-01-03;"domingo";"03:00:00";"RO";364;"712";"PORTO VELHO";"Ingestão de álcool pelo condutor";"Colisão transversal";"Sem Vítimas";"Plena Noite";"Crescente";"Céu Claro";"Simples";"Rotatória";"Sim";4;0;0;0;4;0;0;2;-8,7770354;-63,87316466;"SR-RO";"UOP01";"DEL01"
332153;2021-01-03;"domingo";"06:20:00";"BA";324;"531";"FEIRA DE SANTANA";"Velocidade Incompatível";"Saída de leito carroçável";"Com Vítimas Feridas";"Pleno dia";"Decrescente";"Céu Claro";"Simples";"Rotatória";"Sim";1;0;0;1;0;0;1;1;-12,3755274;-38,8781693;"SR-BA";"UOP03";"DEL01"
332155;2021-01-03;"domingo";"06:30:00";"RS";153;"48.9";"ERECHIM";"Ingestão de álcool pelo condutor";"Saída de leito carroçável";"Com Vítimas Feridas";"Pleno dia";"Crescente";"Céu Claro";"Simples";"Interseção de vias";"Sim";1;0;1;0;0;0;1;1;-27,65118001;-52,257248;"SR-RS";"UOP04";"DEL08"
332156;2021-01-03;"domingo";"05:20:00";"MT";364;"345";"SANTO ANTONIO DO LEVERGER";"Ausência de reação do condutor";"Saída de leito carroçável";"Com Vítimas Feridas";"Amanhecer";"Crescente";"Céu Claro";"Dupla";"Reta";"Não";3;0;3;0;0;0;3;1;-15,81787097;-55,53388099;"SR-MT";"UOP02";"DEL05"
332158;2021-01-03;"domingo";"05:15:00";"MS";163;"457.4";"CAMPO GRANDE";"Conversão proibida";"Colisão transversal";"Com Vítimas Feridas";"Pleno dia";"Crescente";"Céu Claro";"Simples";"Reta";"Não";3;0;1;0;2;0;1;2;-20,66403994;-54,5606768;"SR-MS";"UOP01";"DEL01"
332159;2021-01-02;"sábado";"22:45:00";"RJ";40;"78";"PETROPOLIS";"Reação tardia ou ineficiente do condutor";"Saída de leito carroçável";"Com Vítimas Feridas";"Plena Noite";"Crescente";"Chuva";"Simples";"Curva";"Não";3;0;1;0;2;0;1;1;-22,48485874;-43,22843406;"SR-RJ";"UOP03";"DEL06"
332161;2021-01-03;"domingo";"06:33:00";"SC";101;"21.1";"JOINVILLE";"Demais falhas mecânicas ou elétricas";"Colisão com objeto";"Sem Vítimas";"Amanhecer";"Crescente";"Nublado";"Dupla";"Curva";"Não";1;0;0;0;1;0;0;1;-26,14793022;-48,90894562;"SR-SC";"UOP01";"DEL03"
332163;2021-01-02;"sábado";"22:00:00";"RN";101;"121.1";"SAO JOSE DE MIPIBU";"Ausência de reação do condutor";"Saída de leito carroçável";"Com Vítimas Feridas";"Plena Noite";"Crescente";"Céu Claro";"Dupla";"Reta";"Não";1;0;1;0;0;0;1;1;-6,04338592;-35,24621873;"SR-RN";"UOP01";"DEL01"
332165;2021-01-03;"domingo";"08:35:00";"SC";282;"16.3";"PALHOCA";"Acessar a via sem observar a presença dos outros veículos";"Colisão transversal";"Com Vítimas Feridas";"Pleno dia";"Decrescente";"Céu Claro";"Simples";"Reta";"Sim";3;0;0;1;1;1;1;2;-27,658611;-48,681847;"SR-SC";"UOP02";"DEL01"
332166;2021-01-03;"domingo";"09:00:00";"PR";277;"122.8";"CAMPO LARGO";"Trafegar com motocicleta (ou similar) entre as faixas";"Colisão traseira";"Com Vítimas Feridas";"Pleno dia";"Crescente";"Nublado";"Dupla";"Ponte";"Não";3;0;2;0;1;0;2;2;-25,44344167;-49,45985402;"SR-PR";"UOP06";"DEL01"
332167;2021-01-03;"domingo";"06:50:00";"RS";NA;"";"URUGUAIANA";"Ingestão de álcool pelo condutor";"Colisão com objeto";"Sem Vítimas";"Pleno dia";"Não Informado";"Céu Claro";"Simples";"Reta";"Sim";1;0;0;0;1;0;0;1;-29,776097;-57,039743;"SR-RS";"UOP01";"DEL13"
332168;2021-01-03;"domingo";"09:10:00";"PR";376;"335";"ORTIGUEIRA";"Reação tardia ou ineficiente do condutor";"Saída de leito carroçável";"Com Vítimas Feridas";"Pleno dia";"Decrescente";"Chuva";"Simples";"Curva";"Não";2;0;1;0;1;0;1;1;-24,14308978;-50,99542503;"SR-PR";"UAP01";"DEL07"
332169;2021-01-03;"domingo";"09:00:00";"SP";116;"96.2";"PINDAMONHANGABA";"Condutor deixou de manter distância do veículo da frente";"Colisão traseira";"Com Vítimas Feridas";"Pleno dia";"Decrescente";"Sol";"Dupla";"Desvio Temporário";"Não";2;0;1;0;1;0;1;2;-22,96945055;-45,43869623;"SR-SP";"UOP01";"DEL06"
332170;2021-01-03;"domingo";"08:10:00";"RS";116;"331.6";"BARRA DO RIBEIRO";"Reação tardia ou ineficiente do condutor";"Saída de leito carroçável";"Com Vítimas Feridas";"Pleno dia";"Crescente";"Sol";"Simples";"Reta";"Não";2;0;2;0;0;0;2;1;-30,3899817;-51,43352143;"SR-RS";"UOP02";"DEL02"
332171;2021-01-01;"sexta";"06:20:00";"RO";435;"95";"COLORADO DO OESTE";"Condutor Dormindo";"Saída de leito carroçável";"Com Vítimas Feridas";"Amanhecer";"Decrescente";"Céu Claro";"Simples";"Não Informado";"Não";1;0;1;0;0;0;1;1;-13,19212673;-60,56718201;"SR-RO";"UOP02";"DEL04"
332172;2021-01-03;"domingo";"09:15:00";"ES";101;"267.8";"SERRA";"Condutor deixou de manter distância do veículo da frente";"Engavetamento";"Sem Vítimas";"Pleno dia";"Crescente";"Chuva";"Múltipla";"Reta";"Sim";5;0;0;0;4;1;0;2;-20,19930999;-40,26884609;"SR-ES";"UOP01";"DEL02"
332173;2021-01-03;"domingo";"09:30:00";"MG";381;"769.2";"CAMPANHA";"Condutor deixou de manter distância do veículo da frente";"Colisão traseira";"Com Vítimas Feridas";"Pleno dia";"Decrescente";"Sol";"Dupla";"Curva";"Não";9;0;3;2;2;2;5;3;-21,77370307;-45,42761992;"SR-MG";"UOP02";"DEL16"
332174;2021-01-03;"domingo";"07:00:00";"MG";50;"179";"UBERABA";"Ingestão de álcool pelo condutor";"Saída de leito carroçável";"Sem Vítimas";"Pleno dia";"Decrescente";"Céu Claro";"Dupla";"Não Informado";"Sim";1;0;0;0;1;0;0;1;-19,77827047;-47,93140998;"SR-MG";"UOP01";"DEL13"
332177;2021-01-03;"domingo";"09:01:00";"SP";116;"96.2";"PINDAMONHANGABA";"Objeto estático sobre o leito carroçável";"Colisão traseira";"Com Vítimas Feridas";"Pleno dia";"Decrescente";"Céu Claro";"Dupla";"Reta";"Não";4;0;3;0;1;0;3;2;-22,96945055;-45,43869623;"SR-SP";"UOP01";"DEL06"
332178;2021-01-03;"domingo";"05:15:00";"PI";135;"318";"CRISTINO CASTRO";"Reação tardia ou ineficiente do condutor";"Colisão traseira";"Com Vítimas Feridas";"Amanhecer";"Decrescente";"Nublado";"Simples";"Reta";"Sim";57;0;5;0;52;0;5;2;-8,82621103;-44,22654495;"SR-PI";"UOP02";"DEL03"
332179;2021-01-03;"domingo";"09:50:00";"PR";376;"218.6";"JANDAIA DO SUL";"Acessar a via sem observar a presença dos outros veículos";"Colisão transversal";"Com Vítimas Feridas";"Pleno dia";"Crescente";"Céu Claro";"Dupla";"Interseção de vias";"Sim";3;0;2;0;1;0;2;2;-23,59717604;-51,615043;"SR-PR";"UOP01";"DEL09"
332181;2021-01-03;"domingo";"09:15:00";"CE";222;"142";"IRAUCUBA";"Animais na Pista";"Atropelamento de Animal";"Com Vítimas Feridas";"Pleno dia";"Decrescente";"Céu Claro";"Simples";"Curva";"Não";1;0;1;0;0;0;1;1;-3,75986988;-39,72282206;"SR-CE";"UOP03";"DEL04"
332183;2021-01-03;"domingo";"09:00:00";"MG";40;"730.4";"OLIVEIRA FORTES";"Chuva";"Colisão com objeto";"Com Vítimas Feridas";"Pleno dia";"Decrescente";"Chuva";"Dupla";"Curva";"Não";1;0;1;0;0;0;1;1;-21,33378994;-43,5866212;"SR-MG";"UOP01";"DEL05"
332184;2021-01-03;"domingo";"09:40:00";"RO";364;"699";"PORTO VELHO";"Ausência de reação do condutor";"Colisão traseira";"Com Vítimas Feridas";"Pleno dia";"Decrescente";"Nublado";"Dupla";"Reta";"Não";3;0;1;0;2;0;1;2;-8,80042882;-63,760185;"SR-RO";"UOP01";"DEL01"
332185;2021-01-03;"domingo";"10:15:00";"MG";40;"360";"FELIXLANDIA";"Acessar a via sem observar a presença dos outros veículos";"Colisão lateral";"Com Vítimas Feridas";"Pleno dia";"Decrescente";"Sol";"Simples";"Reta";"Não";2;0;1;0;1;0;1;2;-18,74935288;-44,85229988;"SR-MG";"UOP01";"DEL02"
332186;2021-01-03;"domingo";"10:45:00";"SC";101;"217.2";"PALHOCA";"Trafegar com motocicleta (ou similar) entre as faixas";"Colisão traseira";"Com Vítimas Feridas";"Pleno dia";"Crescente";"Céu Claro";"Múltipla";"Reta";"Não";2;0;1;0;1;0;1;2;-27,67045437;-48,67295265;"SR-SC";"UOP02";"DEL01"
332189;2021-01-03;"domingo";"09:00:00";"RJ";101;"333";"RIO DE JANEIRO";"Demais falhas mecânicas ou elétricas";"Colisão traseira";"Com Vítimas Feridas";"Pleno dia";"Decrescente";"Nublado";"Múltipla";"Reta";"Não";2;0;1;0;1;0;1;2;-22,87827816;-43,21053578;"SR-RJ";"UOP02";"DEL02"
332190;2021-01-03;"domingo";"11:20:00";"ES";101;"183.3";"ARACRUZ";"Acumulo de óleo sobre o pavimento";"Tombamento";"Com Vítimas Feridas";"Pleno dia";"Decrescente";"Garoa/Chuvisco";"Simples";"Não Informado";"Não";1;0;0;1;0;0;1;1;-19,64708421;-40,23286555;"SR-ES";"UOP01";"DEL04"
332191;2021-01-03;"domingo";"11:30:00";"SP";381;"22";"BRAGANCA PAULISTA";"Condutor deixou de manter distância do veículo da frente";"Engavetamento";"Com Vítimas Feridas";"Pleno dia";"Crescente";"Céu Claro";"Dupla";"Reta";"Não";7;0;1;0;6;0;1;6;-22,99697186;-46,5163051;"SR-SP";"UOP01";"DEL03"
332192;2021-01-03;"domingo";"10:35:00";"PR";277;"448.1";"LARANJEIRAS DO SUL";"Velocidade Incompatível";"Saída de leito carroçável";"Com Vítimas Feridas";"Pleno dia";"Crescente";"Sol";"Simples";"Curva";"Não";2;0;1;1;0;0;2;1;-25,36776756;-52,35826585;"SR-PR";"UOP02";"DEL04"
332193;2021-01-03;"domingo";"10:45:00";"SC";470;"104";"APIUNA";"Manobra de mudança de faixa";"Colisão transversal";"Com Vítimas Feridas";"Pleno dia";"Decrescente";"Céu Claro";"Simples";"Reta";"Não";4;0;2;1;1;0;3;2;-27,06135;-49,410408;"SR-SC";"UOP02";"DEL04"
332194;2021-01-03;"domingo";"10:30:00";"MG";381;"765.5";"CAMPANHA";"Ausência de reação do condutor";"Saída de leito carroçável";"Com Vítimas Feridas";"Pleno dia";"Decrescente";"Céu Claro";"Dupla";"Curva";"Não";3;0;2;0;1;0;2;2;-21,73485569;-45,38176417;"SR-MG";"UOP02";"DEL16"
332195;2021-01-03;"domingo";"09:10:00";"MA";10;"292.2";"IMPERATRIZ";"Ingestão de álcool pelo condutor";"Tombamento";"Com Vítimas Feridas";"Pleno dia";"Decrescente";"Céu Claro";"Simples";"Reta";"Não";2;0;0;2;0;0;2;1;-5,176874;-47,527185;"SR-MA";"UOP01";"DEL04"
332196;2021-01-03;"domingo";"09:50:00";"MG";267;"21.6";"ARGIRITA";"Afundamento ou ondulação no pavimento";"Tombamento";"Com Vítimas Feridas";"Pleno dia";"Crescente";"Céu Claro";"Simples";"Não Informado";"Não";1;0;1;0;0;0;1;1;-21,59274447;-42,78538272;"SR-MG";"UOP01";"DEL07"
332197;2021-01-03;"domingo";"10:50:00";"RS";470;"189";"VERANOPOLIS";"Velocidade Incompatível";"Saída de leito carroçável";"Com Vítimas Feridas";"Pleno dia";"Decrescente";"Céu Claro";"Simples";"Curva";"Não";1;0;1;0;0;0;1;1;-29,01620401;-51,56173297;"SR-RS";"UOP02";"DEL06"
332198;2021-01-03;"domingo";"12:00:00";"PI";343;"339";"TERESINA";"Conversão proibida";"Colisão traseira";"Com Vítimas Feridas";"Pleno dia";"Decrescente";"Nublado";"Simples";"Reta";"Sim";2;0;1;0;1;0;1;2;-5,067146;-42,730965;"SR-PI";"UOP01";"DEL01"
332199;2021-01-03;"domingo";"06:30:00";"RJ";101;"209";"CASIMIRO DE ABREU";"Ingestão de álcool pelo condutor";"Colisão com objeto";"Com Vítimas Feridas";"Amanhecer";"Crescente";"Garoa/Chuvisco";"Dupla";"Curva";"Não";1;0;1;0;0;0;1;1;-22,48133694;-42,22930101;"SR-RJ";"UOP04";"DEL08"
332200;2021-01-03;"domingo";"11:20:00";"MG";381;"907";"CAMBUI";"Reação tardia ou ineficiente do condutor";"Queda de ocupante de veículo";"Com Vítimas Feridas";"Pleno dia";"Decrescente";"Céu Claro";"Dupla";"Curva";"Não";2;0;2;0;0;0;2;1;-22,71022398;-46,12178305;"SR-MG";"UOP03";"DEL16"
332201;2021-01-03;"domingo";"12:00:00";"RN";406;"147";"CEARA-MIRIM";"Reação tardia ou ineficiente do condutor";"Saída de leito carroçável";"Sem Vítimas";"Pleno dia";"Decrescente";"Céu Claro";"Simples";"Reta";"Não";1;0;0;0;1;0;0;1;-5,64619702;-35,459121;"SR-RN";"UOP01";"DEL02"
332202;2021-01-03;"domingo";"10:00:00";"BA";324;"475.9";"TANQUINHO";"Reação tardia ou ineficiente do condutor";"Colisão lateral";"Sem Vítimas";"Pleno dia";"Crescente";"Sol";"Simples";"Reta";"Sim";2;0;0;0;2;0;0;2;-11,9825634;-39,09561159;"SR-BA";"UOP01";"DEL02"
332203;2021-01-03;"domingo";"12:00:00";"BA";242;"686";"CRISTOPOLIS";"Avarias e/ou desgaste excessivo no pneu";"Saída de leito carroçável";"Com Vítimas Feridas";"Pleno dia";"Crescente";"Céu Claro";"Simples";"Reta";"Não";2;0;1;0;1;0;1;1;-12,22325989;-44,29550171;"SR-BA";"UOP02";"DEL10"
332204;2021-01-03;"domingo";"11:30:00";"CE";20;"416";"MARACANAU";"Acostamento em desnível";"Saída de leito carroçável";"Com Vítimas Feridas";"Pleno dia";"Decrescente";"Céu Claro";"Dupla";"Desvio Temporário";"Não";2;0;2;0;0;0;2;1;-3,76999035;-38,67006282;"SR-CE";"UOP02";"DEL01"
332205;2021-01-03;"domingo";"11:50:00";"PR";277;"687.5";"SAO MIGUEL DO IGUACU";"Desrespeitar a preferência no cruzamento";"Colisão transversal";"Com Vítimas Feridas";"Pleno dia";"Decrescente";"Céu Claro";"Dupla";"Rotatória";"Sim";3;0;2;0;1;0;2;2;-25,34377452;-54,22446208;"SR-PR";"UOP01";"DEL05"
332206;2021-01-03;"domingo";"07:15:00";"MG";116;"275.9";"TEOFILO OTONI";"Acumulo de areia ou detritos sobre o pavimento";"Tombamento";"Com Vítimas Feridas";"Pleno dia";"Crescente";"Céu Claro";"Simples";"Reta";"Sim";1;0;1;0;0;0;1;1;-17,84235093;-41,51410418;"SR-MG";"UOP01";"DEL11"
332207;2021-01-03;"domingo";"12:15:00";"SC";101;"78";"ARAQUARI";"Condutor deixou de manter distância do veículo da frente";"Colisão traseira";"Com Vítimas Feridas";"Pleno dia";"Decrescente";"Sol";"Múltipla";"Reta";"Não";2;0;1;0;1;0;1;2;-26,57672096;-48,72270551;"SR-SC";"UOP02";"DEL03"
332208;2021-01-03;"domingo";"12:00:00";"ES";101;"277.3";"SERRA";"Avarias e/ou desgaste excessivo no pneu";"Queda de ocupante de veículo";"Com Vítimas Feridas";"Pleno dia";"Decrescente";"Céu Claro";"Dupla";"Reta";"Sim";2;0;2;0;0;0;2;1;-20,21492511;-40,32377243;"SR-ES";"UOP01";"DEL02"
332209;2021-01-03;"domingo";"11:50:00";"BA";324;"574";"SAO SEBASTIAO DO PASSE";"Demais falhas mecânicas ou elétricas";"Saída de leito carroçável";"Com Vítimas Feridas";"Pleno dia";"Crescente";"Céu Claro";"Dupla";"Reta";"Não";4;0;1;2;1;0;3;1;-12,56758892;-38,55238794;"SR-BA";"UOP01";"DEL01"
332210;2021-01-03;"domingo";"12:30:00";"SP";116;"194";"ARUJA";"Redutor de velocidade em desacordo";"Saída de leito carroçável";"Com Vítimas Feridas";"Pleno dia";"Decrescente";"Sol";"Múltipla";"Curva";"Não";1;0;1;0;0;0;1;1;-23,38497189;-46,26686105;"SR-SP";"UOP01";"DEL02"
332211;2021-01-03;"domingo";"12:50:00";"SP";116;"523";"BARRA DO TURVO";"Pista Escorregadia";"Queda de ocupante de veículo";"Com Vítimas Feridas";"Pleno dia";"Crescente";"Chuva";"Dupla";"Reta";"Não";2;0;2;0;0;0;2;1;-24,91273105;-48,25307091;"SR-SP";"UOP02";"DEL05"
332213;2021-01-03;"domingo";"10:06:00";"MG";381;"198.7";"PERIQUITO";"Demais falhas mecânicas ou elétricas";"Queda de ocupante de veículo";"Com Vítimas Feridas";"Pleno dia";"Crescente";"Céu Claro";"Simples";"Reta";"Não";2;0;1;1;0;0;2;1;-19,16031732;-42,23896076;"SR-MG";"UOP01";"DEL06"
332214;2021-01-03;"domingo";"13:15:00";"ES";101;"264";"SERRA";"Condutor deixou de manter distância do veículo da frente";"Colisão traseira";"Com Vítimas Feridas";"Pleno dia";"Decrescente";"Chuva";"Múltipla";"Interseção de vias";"Sim";2;0;1;0;1;0;1;2;-20,17292791;-40,26736384;"SR-ES";"UOP01";"DEL02"
332215;2021-01-03;"domingo";"12:45:00";"TO";153;"782.8";"TALISMA";"Condutor Dormindo";"Saída de leito carroçável";"Com Vítimas Feridas";"Pleno dia";"Decrescente";"Céu Claro";"Simples";"Curva";"Não";3;0;3;0;0;0;3;1;-12,65779198;-49,06737971;"SR-TO";"UOP02";"DEL01"
332216;2021-01-03;"domingo";"11:30:00";"RJ";101;"284";"ITABORAI";"Trafegar com motocicleta (ou similar) entre as faixas";"Colisão traseira";"Com Vítimas Feridas";"Pleno dia";"Crescente";"Nublado";"Dupla";"Reta";"Não";2;0;1;0;1;0;1;2;-22,74431564;-42,80870139;"SR-RJ";"UOP03";"DEL02"
332217;2021-01-03;"domingo";"12:00:00";"MT";364;"322";"CAMPO VERDE";"Pista Escorregadia";"Saída de leito carroçável";"Sem Vítimas";"Pleno dia";"Crescente";"Chuva";"Dupla";"Não Informado";"Não";1;0;0;0;1;0;0;1;-15,81713741;-55,34144607;"SR-MT";"UOP02";"DEL05"
332218;2021-01-03;"domingo";"08:45:00";"RJ";40;"85";"PETROPOLIS";"Chuva";"Colisão com objeto";"Com Vítimas Feridas";"Pleno dia";"Crescente";"Chuva";"Simples";"Reta";"Não";2;0;1;0;1;0;1;1;-22,52850694;-43,2349802;"SR-RJ";"UOP03";"DEL06"
332220;2021-01-03;"domingo";"12:20:00";"MS";158;"337";"BRASILANDIA";"Falta de elemento de contenção que evite a saída do leito carroçável";"Saída de leito carroçável";"Com Vítimas Feridas";"Pleno dia";"Decrescente";"Céu Claro";"Simples";"Reta";"Sim";1;0;1;0;0;0;1;1;-21,23085992;-52,02208612;"SR-MS";"UOP01";"DEL07"
332221;2021-01-03;"domingo";"13:20:00";"CE";222;"7.9";"CAUCAIA";"Frear bruscamente";"Capotamento";"Sem Vítimas";"Pleno dia";"Decrescente";"Céu Claro";"Dupla";"Reta";"Sim";1;0;0;0;0;1;0;1;-3,7495132;-38,6299559;"SR-CE";"UOP01";"DEL01"
332222;2021-01-03;"domingo";"06:30:00";"GO";414;"270";"VILA PROPICIO";"Ausência de reação do condutor";"Saída de leito carroçável";"Com Vítimas Feridas";"Pleno dia";"Decrescente";"Céu Claro";"Simples";"Curva";"Não";1;0;1;0;0;0;1;1;-14,99313998;-48,68183105;"SR-GO";"UOP02";"DEL07"
332223;2021-01-03;"domingo";"12:20:00";"MG";381;"762";"CAMPANHA";"Manobra de mudança de faixa";"Colisão com objeto";"Com Vítimas Feridas";"Pleno dia";"Crescente";"Sol";"Dupla";"Curva";"Não";5;0;2;0;3;0;2;1;-21,74008678;-45,38580253;"SR-MG";"UOP02";"DEL16"