"id";"data_inversa";"dia_semana";"horario";"uf";"br";"km";"municipio";"causa_acidente";"tipo_acidente";"classificacao_acidente";"fase_dia";"sentido_via";"condicao_metereologica";"tipo_pista";"tracado_via";"uso_solo";"pessoas";"mortos";"feridos_leves";"feridos_graves";"ilesos";"ignorados";"feridos";"veiculos";"latitude";"longitude";"regional";"delegacia";"uop"
332314;2021-01-03;"domingo";"19:58:00";"SC";101;"143";"ITAPEMA";"Condutor deixou de manter distância do veículo da frente";"Colisão traseira";"Sem Vítimas";"Plena Noite";"Decrescente";"Garoa/Chuvisco";"Dupla";"Reta";"Sim";2;0;0;0;2;0;0;2;-27,06436;-48,59599405;"SR-SC";"UOP03";"DEL04"
332315;2021-01-03;"domingo";"18:50:00";"SC";101;"311";"LAGUNA";"Condutor deixou de manter distância do veículo da frente";"Colisão lateral";"Com Vítimas Feridas";"Pleno dia";"Decrescente";"Céu Claro";"Simples";"Não Informado";"Sim";2;0;1;0;1;0;1;2;-28,42531311;-48,80068884;"SR-SC";"UOP01";"DEL02"
332316;2021-01-03;"domingo";"16:55:00";"GO";414;"384";"CORUMBA DE GOIAS";"Pista Escorregadia";"Saída de leito carroçável";"Com Vítimas Feridas";"Pleno dia";"Crescente";"Chuva";"Simples";"Curva";"Não";5;0;4;0;1;0;4;1;-15,86700306;-48,77386088;"SR-GO";"UOP01";"DEL02"
332317;2021-01-03;"domingo";"19:45:00";"RJ";356;"43";"ITAPERUNA";"Condutor deixou de manter distância do veículo da frente";"Colisão traseira";"Com Vítimas Fatais";"Plena Noite";"Crescente";"Céu Claro";"Simples";"Desvio Temporário";"Não";2;1;0;0;1;0;0;2;-21,2573533;-41,77513029;"SR-RJ";"UOP03";"DEL08"
332318;2021-01-03;"domingo";"19:20:00";"RS";116;"430";"CRISTAL";"Ausência de reação do condutor";"Tombamento";"Com Vítimas Feridas";"Anoitecer";"Decrescente";"Céu Claro";"Múltipla";"Reta";"Não";1;0;1;0;0;0;1;1;-31,01340402;-52,05286687;"SR-RS";"UOP02";"DEL02"
332320;2021-01-03;"domingo";"18:40:00";"SC";101;"7.5";"NAVEGANTES";"Transitar na contramão";"Colisão frontal";"Com Vítimas Feridas";"Pleno dia";"Crescente";"Céu Claro";"Simples";"Viaduto";"Sim";7;0;7;0;0;0;7;2;-26,842024;-48,716036;"SR-SC";"UOP01";"DEL03"
332321;2021-01-03;"domingo";"17:30:00";"MT";174;"573";"COMODORO";"Acumulo de água sobre o pavimento";"Saída de leito carroçável";"Com Vítimas Feridas";"Anoitecer";"Decrescente";"Chuva";"Simples";"Reta";"Não";4;0;4;0;0;0;4;1;-13,00241367;-59,97033793;"SR-RO";"UOP01";"DEL04"
332322;2021-01-03;"domingo";"18:30:00";"PR";476;"347.7";"PAULA FREITAS";"Condutor deixou de manter distância do veículo da frente";"Engavetamento";"Sem Vítimas";"Plena Noite";"Crescente";"Céu Claro";"Simples";"Reta";"Não";12;0;0;0;12;0;0;6;-26,179869;-50,950886;"SR-PR";"UOP03";"DEL02"
332323;2021-01-03;"domingo";"17:40:00";"MG";364;"1.3";"PLANURA";"Desrespeitar a preferência no cruzamento";"Colisão transversal";"Com Vítimas Feridas";"Pleno dia";"Decrescente";"Nublado";"Simples";"Interseção de vias";"Não";4;0;1;0;3;0;1;2;-20,13824;-48,702347;"SR-MG";"UOP02";"DEL13"
332324;2021-01-03;"domingo";"19:50:00";"BA";101;"185";"SAO GONCALO DOS CAMPOS";"Reação tardia ou ineficiente do condutor";"Engavetamento";"Com Vítimas Feridas";"Plena Noite";"Decrescente";"Céu Claro";"Simples";"Reta";"Não";4;0;2;0;2;0;2;3;-12,4374009;-38,9444646;"SR-BA";"UOP03";"DEL01"
332325;2021-01-03;"domingo";"17:00:00";"SC";470;"66.8";"INDAIAL";"Acessar a via sem observar a presença dos outros veículos";"Colisão lateral mesmo sentido";"Com Vítimas Feridas";"Pleno dia";"Decrescente";"Sol";"Simples";"Não Informado";"Sim";2;0;1;0;1;0;1;2;-26,87177941;-49,23056245;"SR-SC";"UOP01";"DEL04"
332326;2021-01-03;"domingo";"20:20:00";"SP";116;"301";"SAO LOURENCO DA SERRA";"Manobra de mudança de faixa";"Tombamento";"Com Vítimas Feridas";"Plena Noite";"Decrescente";"Ignorado";"Dupla";"Reta";"Não";1;0;0;1;0;0;1;1;-23,81147602;-46,92298208;"SR-SP";"UOP01";"DEL04"
332327;2021-01-03;"domingo";"20:00:00";"SC";101;"5";"GARUVA";"Condutor deixou de manter distância do veículo da frente";"Colisão traseira";"Com Vítimas Feridas";"Plena Noite";"Decrescente";"Nublado";"Dupla";"Reta";"Não";3;0;1;0;2;0;1;2;-26,01779797;-48,86233322;"SR-SC";"UOP01";"DEL03"
332328;2021-01-03;"domingo";"17:00:00";"MG";364;"10.2";"FRUTAL";"Demais falhas mecânicas ou elétricas";"Incêndio";"Sem Vítimas";"Anoitecer";"Crescente";"Céu Claro";"Simples";"Reta";"Não";1;0;0;0;0;1;0;1;-20,025185;-48,94096;"SR-MG";"UOP02";"DEL13"
332329;2021-01-03;"domingo";"20:20:00";"AP";210;"4";"MACAPA";"Ausência de reação do condutor";"Colisão traseira";"Com Vítimas Feridas";"Plena Noite";"Decrescente";"Céu Claro";"Dupla";"Reta";"Sim";2;0;2;0;0;0;2;2;0,1070289;-51,1263068;"SR-AP";"UOP01";"DEL01"
332330;2021-01-03;"domingo";"17:50:00";"TO";153;"413.1";"MIRANORTE";"Velocidade Incompatível";"Saída de leito carroçável";"Com Vítimas Feridas";"Pleno dia";"Decrescente";"Garoa/Chuvisco";"Dupla";"Curva";"Sim";4;0;1;0;1;2;1;1;-9,5237780168;-48,5923039445;"SR-TO";"UOP01";"DEL01"
332331;2021-01-03;"domingo";"20:40:00";"BA";101;"98.3";"ALAGOINHAS";"Entrada inopinada do pedestre";"Atropelamento de Pedestre";"Com Vítimas Feridas";"Plena Noite";"Crescente";"Céu Claro";"Simples";"Reta";"Sim";4;0;0;1;2;1;1;1;-12,08418424;-38,35139394;"SR-BA";"UOP04";"DEL01"
332332;2021-01-03;"domingo";"21:00:00";"MG";356;"266.3";"MURIAE";"Acessar a via sem observar a presença dos outros veículos";"Colisão lateral";"Com Vítimas Feridas";"Plena Noite";"Decrescente";"Nublado";"Simples";"Interseção de vias";"Sim";3;0;2;0;1;0;2;2;-21,12823134;-42,35802453;"SR-MG";"UOP02";"DEL07"
332333;2021-01-03;"domingo";"19:45:00";"MS";158;"327.9";"BRASILANDIA";"Pedestre andava na pista";"Atropelamento de Pedestre";"Com Vítimas Fatais";"Plena Noite";"Decrescente";"Céu Claro";"Simples";"Reta";"Não";2;1;0;0;0;1;0;1;-21,15808413;-51,96942991;"SR-MS";"UOP01";"DEL07"
332335;2021-01-03;"domingo";"20:21:00";"PR";277;"422";"CANTAGALO";"Acessar a via sem observar a presença dos outros veículos";"Colisão transversal";"Com Vítimas Feridas";"Plena Noite";"Crescente";"Nublado";"Simples";"Interseção de vias";"Sim";4;0;2;0;2;0;2;2;-25,40453366;-52,1054258;"SR-PR";"UOP02";"DEL04"
332336;2021-01-03;"domingo";"20:30:00";"RS";392;"38";"RIO GRANDE";"Manobra de mudança de faixa";"Colisão lateral";"Sem Vítimas";"Plena Noite";"Crescente";"Céu Claro";"Dupla";"Reta";"Não";2;0;0;0;2;0;0;2;-31,98050196;-52,29603291;"SR-RS";"UOP02";"DEL07"
332337;2021-01-03;"domingo";"20:00:00";"MA";222;"674.2";"ACAILANDIA";"Ingestão de álcool pelo condutor";"Colisão transversal";"Com Vítimas Feridas";"Plena Noite";"Decrescente";"Nublado";"Simples";"Reta";"Sim";2;0;0;1;1;0;1;2;-4,92508085;-47,43821808;"SR-MA";"UOP03";"DEL04"
332338;2021-01-03;"domingo";"18:30:00";"PI";230;"228";"OEIRAS";"Animais na Pista";"Atropelamento de Animal";"Com Vítimas Feridas";"Anoitecer";"Crescente";"Céu Claro";"Simples";"Reta";"Não";4;0;2;0;2;0;2;1;-6,99694888;-42,34867098;"SR-PI";"UOP01";"DEL03"
332339;2021-01-03;"domingo";"17:50:00";"TO";153;"701";"CARIRI DO TOCANTINS";"Reação tardia ou ineficiente do condutor";"Colisão transversal";"Sem Vítimas";"Anoitecer";"Crescente";"Nublado";"Simples";"Interseção de vias";"Não";2;0;0;0;2;0;0;2;-11,9609026;-49,19947692;"SR-TO";"UOP02";"DEL01"
332340;2021-01-03;"domingo";"21:15:00";"PR";376;"671.2";"GUARATUBA";"Reação tardia ou ineficiente do condutor";"Colisão traseira";"Com Vítimas Feridas";"Plena Noite";"Decrescente";"Nublado";"Dupla";"Reta";"Não";3;0;1;0;2;0;1;2;-25,885323;-48,935154;"SR-PR";"UOP04";"DEL01"
332341;2021-01-03;"domingo";"21:30:00";"MG";381;"502";"BETIM";"Chuva";"Colisão com objeto";"Com Vítimas Feridas";"Plena Noite";"Crescente";"Chuva";"Dupla";"Reta";"Não";1;0;1;0;0;0;1;1;-20,03619694;-44,24586303;"SR-MG";"UOP03";"DEL01"
332342;2021-01-03;"domingo";"21:45:00";"PR";376;"176.7";"MARINGA";"Desrespeitar a preferência no cruzamento";"Colisão lateral";"Com Vítimas Feridas";"Plena Noite";"Decrescente";"Céu Claro";"Múltipla";"Reta";"Sim";3;0;0;1;0;2;1;2;-23,41269173;-51,93158327;"SR-PR";"UOP01";"DEL09"
332343;2021-01-03;"domingo";"21:20:00";"BA";101;"183";"CONCEICAO DA FEIRA";"Velocidade Incompatível";"Capotamento";"Sem Vítimas";"Plena Noite";"Crescente";"Céu Claro";"Simples";"Reta";"Não";1;0;0;0;0;1;0;1;-12,53594197;-38,97745507;"SR-BA";"UOP03";"DEL01"
332345;2021-01-03;"domingo";"22:05:00";"RN";304;"226";"CAICARA DO RIO DO VENTO";"Estacionar ou parar em local proibido";"Colisão traseira";"Sem Vítimas";"Plena Noite";"Decrescente";"Céu Claro";"Simples";"Reta";"Não";2;0;0;0;2;0;0;2;-5,7479952;-35,94175196;"SR-RN";"UOP03";"DEL01"
332346;2021-01-03;"domingo";"21:55:00";"RN";101;"75.2";"EXTREMOZ";"Condutor deixou de manter distância do veículo da frente";"Colisão traseira";"Com Vítimas Feridas";"Plena Noite";"Crescente";"Céu Claro";"Dupla";"Não Informado";"Não";3;0;1;0;2;0;1;2;-5,721906;-35,27672;"SR-RN";"UOP01";"DEL02"
332347;2021-01-03;"domingo";"20:50:00";"MA";316;"547.6";"CAXIAS";"Deficiência do Sistema de Iluminação/Sinalização";"Colisão traseira";"Com Vítimas Feridas";"Plena Noite";"Crescente";"Nublado";"Simples";"Reta";"Sim";3;0;1;0;2;0;1;2;-4,879837;-43,387306;"SR-MA";"UOP02";"DEL03"
332349;2021-01-03;"domingo";"20:25:00";"ES";101;"0.3";"SERRA";"Condutor deixou de manter distância do veículo da frente";"Colisão traseira";"Com Vítimas Feridas";"Plena Noite";"Crescente";"Céu Claro";"Múltipla";"Reta";"Sim";3;0;1;0;2;0;1;2;-20,129093;-40,308125;"SR-ES";"UOP01";"DEL02"
332350;2021-01-03;"domingo";"17:30:00";"MG";381;"566.6";"ITAGUARA";"Velocidade Incompatível";"Colisão com objeto";"Com Vítimas Feridas";"Pleno dia";"Decrescente";"Chuva";"Dupla";"Curva";"Não";5;0;1;0;4;0;1;3;-20,42649228;-44,54458383;"SR-MG";"UOP03";"DEL04"
332351;2021-01-03;"domingo";"17:50:00";"MG";116;"378.1";"MATHIAS LOBATO";"Velocidade Incompatível";"Colisão frontal";"Com Vítimas Feridas";"Anoitecer";"Decrescente";"Nublado";"Simples";"Curva";"Não";4;0;3;0;1;0;3;2;-18,6073651;-41,92702761;"SR-MG";"UOP01";"DEL06"
332352;2021-01-03;"domingo";"20:10:00";"BA";110;"54";"JEREMOABO";"Transitar no acostamento";"Saída de leito carroçável";"Com Vítimas Fatais";"Plena Noite";"Decrescente";"Céu Claro";"Simples";"Desvio Temporário";"Não";1;1;0;0;0;0;0;1;-9,92730134;-38,28226846;"SR-BA";"UOP01";"DEL07"
332354;2021-01-03;"domingo";"21:30:00";"MT";163;"687";"LUCAS DO RIO VERDE";"Desrespeitar a preferência no cruzamento";"Colisão transversal";"Sem Vítimas";"Plena Noite";"Decrescente";"Céu Claro";"Dupla";"Interseção de vias";"Sim";4;0;0;0;4;0;0;2;-13,18354788;-55,98612126;"SR-MT";"UOP01";"DEL06"
332355;2021-01-03;"domingo";"20:25:00";"GO";50;"309";"CUMARI";"Condutor Dormindo";"Queda de ocupante de veículo";"Com Vítimas Feridas";"Plena Noite";"Crescente";"Nublado";"Dupla";"Curva";"Não";1;0;0;1;0;0;1;1;-18,3914;-48,07;"SR-GO";"UOP01";"DEL06"
332358;2021-01-03;"domingo";"23:10:00";"ES";101;"181";"ARACRUZ";"Condutor deixou de manter distância do veículo da frente";"Colisão lateral";"Com Vítimas Feridas";"Plena Noite";"Crescente";"Céu Claro";"Simples";"Reta";"Não";5;0;0;2;3;0;2;2;-19,6312501;-40,22615187;"SR-ES";"UOP01";"DEL04"
332359;2021-01-03;"domingo";"23:15:00";"SC";101;"203";"SAO JOSE";"Ausência de reação do condutor";"Colisão traseira";"Sem Vítimas";"Plena Noite";"Decrescente";"Céu Claro";"Dupla";"Reta";"Sim";2;0;0;0;1;1;0;2;-27,5650044;-48,61460082;"SR-SC";"UOP01";"DEL01"
332360;2021-01-03;"domingo";"21:00:00";"MS";163;"164";"JUTI";"Ausência de sinalização";"Colisão traseira";"Com Vítimas Feridas";"Plena Noite";"Decrescente";"Céu Claro";"Simples";"Reta";"Não";2;0;1;0;0;1;1;2;-22,90357542;-54,54580114;"SR-MS";"UOP01";"DEL09"
332362;2021-01-04;"segunda";"00:05:00";"RJ";101;"307";"SAO GONCALO";"Chuva";"Saída de leito carroçável";"Com Vítimas Feridas";"Plena Noite";"Crescente";"Chuva";"Dupla";"Reta";"Sim";5;0;3;1;1;0;4;1;-22,79115777;-43,01514205;"SR-RJ";"UOP02";"DEL02"
332363;2021-01-03;"domingo";"23:10:00";"MT";364;"228.7";"RONDONOPOLIS";"Demais falhas mecânicas ou elétricas";"Incêndio";"Sem Vítimas";"Plena Noite";"Crescente";"Nublado";"Dupla";"Reta";"Não";1;0;0;0;1;0;0;1;-16,28204993;-54,76703083;"SR-MT";"UOP01";"DEL02"
332364;2021-01-03;"domingo";"22:30:00";"SC";280;"200.5";"MAFRA";"Problema com o freio";"Incêndio";"Sem Vítimas";"Plena Noite";"Decrescente";"Nublado";"Simples";"Reta";"Não";1;0;0;0;1;0;0;1;-26,17422439;-50,07298809;"SR-SC";"UOP01";"DEL06"
332365;2021-01-03;"domingo";"23:20:00";"PE";116;"36";"SALGUEIRO";"Animais na Pista";"Atropelamento de Animal";"Com Vítimas Feridas";"Plena Noite";"Crescente";"Céu Claro";"Simples";"Reta";"Não";1;0;1;0;0;0;1;1;-8,153542;-39,109219;"SR-PE";"UOP01";"DEL05"
332366;2021-01-03;"domingo";"22:25:00";"MG";116;"536";"SANTA RITA DE MINAS";"Velocidade Incompatível";"Tombamento";"Com Vítimas Fatais";"Plena Noite";"Decrescente";"Nublado";"Simples";"Curva";"Não";3;2;0;0;1;0;0;2;-19,85032237;-42,14196682;"SR-MG";"UOP02";"DEL06"
332367;2021-01-03;"domingo";"09:50:00";"RJ";101;"238";"SILVA JARDIM";"Conversão proibida";"Colisão transversal";"Sem Vítimas";"Plena Noite";"Decrescente";"Garoa/Chuvisco";"Dupla";"Reta";"Sim";2;0;0;0;2;0;0;2;-22,62072767;-42,41971425;"SR-RJ";"UOP03";"DEL02"
332368;2021-01-04;"segunda";"01:00:00";"RJ";40;"35";"TRES RIOS";"Curva acentuada";"Tombamento";"Com Vítimas Feridas";"Plena Noite";"Decrescente";"Chuva";"Dupla";"Curva";"Não";2;0;2;0;0;0;2;1;-22,20877957;-43,13804875;"SR-RJ";"UOP01";"DEL06"
332369;2021-01-04;"segunda";"01:55:00";"RS";290;"81";"GRAVATAI";"Reação tardia ou ineficiente do condutor";"Colisão traseira";"Com Vítimas Feridas";"Plena Noite";"Crescente";"Céu Claro";"Múltipla";"Reta";"Sim";1;0;1;0;0;0;1;1;-29,954445;-51,06881;"SR-RS";"UOP01";"DEL01"
332370;2021-01-04;"segunda";"02:10:00";"PR";376;"659";"TIJUCAS DO SUL";"Avarias e/ou desgaste excessivo no pneu";"Colisão com objeto";"Sem Vítimas";"Plena Noite";"Decrescente";"Chuva";"Dupla";"Reta";"Não";1;0;0;0;1;0;0;1;-25,8497383;-49,01288607;"SR-PR";"UOP04";"DEL01"
332371;2021-01-04;"segunda";"03:00:00";"RS";285;"309.8";"PASSO FUNDO";"Condutor Dormindo";"Saída de leito carroçável";"Com Vítimas Feridas";"Plena Noite";"Crescente";"Céu Claro";"Simples";"Reta";"Não";3;0;2;0;1;0;2;1;-28,234653;-52,524235;"SR-RS";"UOP03";"DEL08"
332374;2021-01-04;"segunda";"04:30:00";"SP";116;"339.6";"MIRACATU";"Reação tardia ou ineficiente do condutor";"Colisão com objeto";"Com Vítimas Feridas";"Amanhecer";"Crescente";"Nublado";"Dupla";"Curva";"Não";1;0;1;0;0;0;1;1;-23,9983939;-47,14927316;"SR-SP";"UOP01";"DEL04"
332375;2021-01-04;"segunda";"05:30:00";"ES";101;"448";"MIMOSO DO SUL";"Chuva";"Colisão frontal";"Com Vítimas Feridas";"Amanhecer";"Crescente";"Chuva";"Simples";"Curva";"Não";2;0;1;0;1;0;1;2;-21,13028101;-41,28044011;"SR-ES";"UOP02";"DEL03"
332376;2021-01-04;"segunda";"06:00:00";"GO";20;"91.4";"VILA BOA";"Ultrapassagem Indevida";"Colisão frontal";"Com Vítimas Feridas";"Amanhecer";"Crescente";"Nublado";"Simples";"Reta";"Não";5;0;2;3;0;0;5;2;-15,013022;-47,041348;"SR-DF";"UOP01";"DEL02"
332377;2021-01-04;"segunda";"00:30:00";"MG";116;"96.5";"MEDINA";"Carga excessiva e/ou mal acondicionada";"Tombamento";"Com Vítimas Feridas";"Plena Noite";"Crescente";"Nublado";"Simples";"Curva";"Não";1;0;1;0;0;0;1;1;-16,40244787;-41,47432334;"SR-MG";"UOP02";"DEL11"
332378;2021-01-03;"domingo";"20:50:00";"AP";210;"2";"MACAPA";"Iluminação deficiente";"Atropelamento de Pedestre";"Com Vítimas Feridas";"Plena Noite";"Decrescente";"Céu Claro";"Simples";"Reta";"Sim";2;0;1;0;1;0;1;1;0,08282017;-51,07776189;"SR-AP";"UOP01";"DEL01"
332380;2021-01-04;"segunda";"06:20:00";"MG";381;"711";"CARMO DA CACHOEIRA";"Condutor Dormindo";"Colisão com objeto";"Com Vítimas Feridas";"Amanhecer";"Decrescente";"Céu Claro";"Dupla";"Curva";"Não";1;0;1;0;0;0;1;1;-21,39313978;-45,19816009;"SR-MG";"UOP02";"DEL04"
332381;2021-01-03;"domingo";"18:30:00";"MG";40;"143";"JOAO PINHEIRO";"Velocidade Incompatível";"Queda de ocupante de veículo";"Com Vítimas Feridas";"Anoitecer";"Decrescente";"Céu Claro";"Simples";"Desvio Temporário";"Sim";1;0;1;0;0;0;1;1;-17,7457975;-46,17842682;"SR-MG";"UOP01";"DEL14"
332382;2021-01-04;"segunda";"06:45:00";"ES";101;"282";"CARIACICA";"Ultrapassagem Indevida";"Colisão frontal";"Com Vítimas Feridas";"Pleno dia";"Crescente";"Céu Claro";"Simples";"Curva";"Sim";4;0;2;0;2;0;2;2;-20,22694;-40,36458;"SR-ES";"UOP01";"DEL01"
332383;2021-01-04;"segunda";"04:40:00";"AL";104;"70.4";"MESSIAS";"Animais na Pista";"Atropelamento de Animal";"Com Vítimas Feridas";"Amanhecer";"Crescente";"Nevoeiro/Neblina";"Simples";"Reta";"Não";3;0;2;0;1;0;2;1;-9,35709773;-35,86247814;"SR-AL";"UOP02";"DEL01"
332385;2021-01-04;"segunda";"07:15:00";"SC";280;"24";"ARAQUARI";"Conversão proibida";"Colisão transversal";"Com Vítimas Feridas";"Pleno dia";"Crescente";"Nublado";"Simples";"Reta";"Sim";2;0;1;0;1;0;1;2;-26,37724921;-48,71953282;"SR-SC";"UOP03";"DEL03"
332386;2021-01-04;"segunda";"07:10:00";"RS";285;"439.1";"BOZANO";"Falta de elemento de contenção que evite a saída do leito carroçável";"Saída de leito carroçável";"Com Vítimas Feridas";"Pleno dia";"Decrescente";"Céu Claro";"Simples";"Reta";"Não";1;0;1;0;0;0;1;1;-28,35389104;-53,73233165;"SR-RS";"UOP01";"DEL10"
332387;2021-01-03;"domingo";"16:50:00";"BA";242;"663";"MUQUEM DE SAO FRANCISCO";"Chuva";"Colisão lateral sentido oposto";"Com Vítimas Fatais";"Anoitecer";"Crescente";"Garoa/Chuvisco";"Simples";"Reta";"Não";10;3;0;2;5;0;2;3;-12,22124665;-43,87458801;"SR-BA";"UOP02";"DEL10"
332388;2021-01-04;"segunda";"07:25:00";"SC";101;"211";"PALHOCA";"Trafegar com motocicleta (ou similar) entre as faixas";"Colisão lateral mesmo sentido";"Com Vítimas Feridas";"Pleno dia";"Crescente";"Céu Claro";"Dupla";"Reta";"Sim";2;0;1;0;1;0;1;2;-27,62329313;-48,65245588;"SR-SC";"UOP02";"DEL01"
332389;2021-01-04;"segunda";"07:40:00";"ES";101;"1";"SERRA";"Manobra de mudança de faixa";"Saída de leito carroçável";"Sem Vítimas";"Pleno dia";"Decrescente";"Nublado";"Dupla";"Reta";"Sim";1;0;0;0;1;0;0;1;-20,129093;-40,308125;"SR-ES";"UOP01";"DEL02"
332390;2021-01-04;"segunda";"08:05:00";"PR";116;"111";"CURITIBA";"Condutor deixou de manter distância do veículo da frente";"Colisão traseira";"Com Vítimas Feridas";"Pleno dia";"Crescente";"Céu Claro";"Dupla";"Reta";"Sim";3;0;1;0;2;0;1;3;-25,56885181;-49,22724597;"SR-PR";"UOP01";"DEL01"
332391;2021-01-04;"segunda";"08:00:00";"SC";101;"198.5";"SAO JOSE";"Trafegar com motocicleta (ou similar) entre as faixas";"Colisão traseira";"Com Vítimas Feridas";"Pleno dia";"Crescente";"Céu Claro";"Dupla";"Reta";"Sim";2;0;1;0;1;0;1;2;-27,52658712;-48,63506019;"SR-SC";"UOP01";"DEL01"
332393;2021-01-04;"segunda";"08:00:00";"RJ";101;"92";"CAMPOS DOS GOYTACAZES";"Velocidade Incompatível";"Saída de leito carroçável";"Com Vítimas Feridas";"Pleno dia";"Decrescente";"Nublado";"Dupla";"Curva";"Sim";2;0;1;0;1;0;1;1;-21,85456357;-41,52621893;"SR-RJ";"UOP02";"DEL08"
332394;2021-01-04;"segunda";"08:15:00";"PA";316;"58.1";"CASTANHAL";"Manobra de mudança de faixa";"Colisão lateral mesmo sentido";"Com Vítimas Feridas";"Pleno dia";"Decrescente";"Céu Claro";"Dupla";"Reta";"Não";3;0;2;0;1;0;2;2;-1,2998299;-47,97307488;"SR-PA";"UOP01";"DEL01"
332395;2021-01-04;"segunda";"07:00:00";"MT";163;"1012.3";"TERRA NOVA DO NORTE";"Condutor deixou de manter distância do veículo da frente";"Colisão frontal";"Com Vítimas Feridas";"Amanhecer";"Crescente";"Céu Claro";"Simples";"Reta";"Não";3;0;2;1;0;0;3;2;-10,39124696;-55,050095;"SR-MT";"UOP02";"DEL06"
332396;2021-01-04;"segunda";"08:05:00";"SC";101;"49.9";"JOINVILLE";"Condutor deixou de manter distância do veículo da frente";"Colisão traseira";"Com Vítimas Feridas";"Pleno dia";"Decrescente";"Nublado";"Dupla";"Reta";"Não";3;0;1;1;1;0;2;2;-26,38686333;-48,84329438;"SR-SC";"UOP01";"DEL03"
332397;2021-01-04;"segunda";"07:25:00";"SP";381;"83";"SAO PAULO";"Reação tardia ou ineficiente do condutor";"Colisão traseira";"Com Vítimas Feridas";"Pleno dia";"Crescente";"Céu Claro";"Múltipla";"Reta";"Sim";2;0;1;0;1;0;1;2;-23,4309671;-46,56998022;"SR-SP";"UOP01";"DEL03"
332399;2021-01-04;"segunda";"08:10:00";"MS";163;"455.6";"CAMPO GRANDE";"Manobra de mudança de faixa";"Colisão transversal";"Com Vítimas Feridas";"Pleno dia";"Crescente";"Nublado";"Simples";"Reta";"Não";3;0;0;2;1;0;2;2;-20,68134897;-54,55509188;"SR-MS";"UOP01";"DEL01"
332400;2021-01-04;"segunda";"08:00:00";"RS";116;"257.3";"ESTEIO";"Entrada inopinada do pedestre";"Atropelamento de Pedestre";"Com Vítimas Fatais";"Pleno dia";"Decrescente";"Céu Claro";"Dupla";"Reta";"Sim";4;1;0;0;1;2;0;1;-29,85262195;-51,17968329;"SR-RS";"UOP02";"DEL01"
332401;2021-01-04;"segunda";"07:40:00";"MG";381;"525";"BRUMADINHO";"Velocidade Incompatível";"Queda de ocupante de veículo";"Com Vítimas Feridas";"Pleno dia";"Crescente";"Sol";"Dupla";"Curva";"Não";1;0;1;0;0;0;1;1;-20,16710798;-44,33422398;"SR-MG";"UOP03";"DEL04"
332403;2021-01-04;"segunda";"09:10:00";"SC";101;"123.1";"ITAJAI";"Desrespeitar a preferência no cruzamento";"Colisão transversal";"Com Vítimas Feridas";"Pleno dia";"Crescente";"Céu Claro";"Dupla";"Interseção de vias";"Sim";2;0;1;0;1;0;1;2;-26,93668609;-48,69876905;"SR-SC";"UOP04";"DEL04"
332404;2021-01-03;"domingo";"12:00:00";"PE";428;"183.2";"PETROLINA";"Mal súbito do condutor";"Saída de leito carroçável";"Com Vítimas Fatais";"Pleno dia";"Crescente";"Céu Claro";"Simples";"Reta";"Não";1;1;0;0;0;0;0;1;-9,32412987;-40,46211325;"SR-PE";"UOP01";"DEL06"
332405;2021-01-04;"segunda";"09:40:00";"SC";101;"214.4";"PALHOCA";"Condutor deixou de manter distância do veículo da frente";"Colisão traseira";"Com Vítimas Feridas";"Pleno dia";"Crescente";"Céu Claro";"Múltipla";"Reta";"Sim";2;0;1;0;1;0;1;2;-27,64443;-48,67057;"SR-SC";"UOP02";"DEL01"
332407;2021-01-04;"segunda";"05:30:00";"RO";364;"263";"CACOAL";"Chuva";"Colisão lateral";"Com Vítimas Feridas";"Amanhecer";"Crescente";"Chuva";"Simples";"Desvio Temporário";"Não";3;0;1;0;2;0;1;2;-11,39501825;-61,65927435;"SR-RO";"UOP02";"DEL02"
332408;2021-01-02;"sábado";"06:50:00";"RJ";40;"110";"DUQUE DE CAXIAS";"Animais na Pista";"Colisão traseira";"Com Vítimas Feridas";"Pleno dia";"Crescente";"Céu Claro";"Múltipla";"Reta";"Sim";2;0;0;1;1;0;1;2;-22,68289906;-43,28549346;"SR-RJ";"UOP01";"DEL01"
332409;2021-01-04;"segunda";"09:00:00";"MS";163;"524";"JARAGUARI";"Reação tardia ou ineficiente do condutor";"Saída de leito carroçável";"Com Vítimas Feridas";"Pleno dia";"Crescente";"Nublado";"Dupla";"Reta";"Não";2;0;2;0;0;0;2;1;-20,12675594;-54,44250563;"SR-MS";"UOP02";"DEL01"
332410;2021-01-04;"segunda";"09:20:00";"ES";101;"188.1";"ARACRUZ";"Chuva";"Saída de leito carroçável";"Com Vítimas Feridas";"Pleno dia";"Crescente";"Chuva";"Simples";"Curva";"Não";1;0;1;0;0;0;1;1;-19,67569037;-40,26368893;"SR-ES";"UOP01";"DEL04"
332414;2021-01-04;"segunda";"10:30:00";"RN";101;"97";"NATAL";"Acessar a via sem observar a presença dos outros veículos";"Colisão lateral";"Com Vítimas Feridas";"Pleno dia";"Decrescente";"Céu Claro";"Dupla";"Reta";"Sim";2;0;1;0;1;0;1;2;-5,85758898;-35,21271205;"SR-RN";"UOP01";"DEL01"