"id";"data_inversa";"dia_semana";"horario";"uf";"br";"km";"municipio";"causa_acidente";"tipo_acidente";"classificacao_acidente";"fase_dia";"sentido_via";"condicao_metereologica";"tipo_pista";"tracado_via";"uso_solo";"pessoas";"mortos";"feridos_leves";"feridos_graves";"ilesos";"ignorados";"feridos";"veiculos";"latitude";"longitude";"regional";"delegacia";"uop"
332513;2021-01-04;"segunda";"22:45:00";"ES";101;"266.8";"SERRA";"Pedestre cruzava a pista fora da faixa";"Atropelamento de Pedestre";"Com Vítimas Fatais";"Plena Noite";"Decrescente";"Céu Claro";"Múltipla";"Reta";"Sim";2;1;0;0;0;1;0;1;-20,190199;-40,26828891;"SR-ES";"UOP01";"DEL02"
332514;2021-01-04;"segunda";"23:00:00";"SC";101;"206.5";"SAO JOSE";"Reação tardia ou ineficiente do condutor";"Saída de leito carroçável";"Com Vítimas Feridas";"Plena Noite";"Crescente";"Céu Claro";"Dupla";"Reta";"Sim";1;0;1;0;0;0;1;1;-27,59193546;-48,61824557;"SR-SC";"UOP01";"DEL01"
332515;2021-01-04;"segunda";"23:00:00";"SC";101;"206.5";"SAO JOSE";"Condutor deixou de manter distância do veículo da frente";"Colisão traseira";"Com Vítimas Feridas";"Plena Noite";"Crescente";"Céu Claro";"Simples";"Reta";"Sim";2;0;1;0;1;0;1;2;-27,59193546;-48,61824557;"SR-SC";"UOP01";"DEL01"
332516;2021-01-04;"segunda";"18:51:00";"MA";135;"57.9";"BACABEIRA";"Transitar na contramão";"Colisão frontal";"Com Vítimas Fatais";"Plena Noite";"Decrescente";"Chuva";"Simples";"Reta";"Não";2;1;0;0;0;1;0;2;-3,025272;-44,31586402;"SR-MA";"UOP02";"DEL01"
332517;2021-01-04;"segunda";"21:15:00";"RS";472;"579";"URUGUAIANA";"Reação tardia ou ineficiente do condutor";"Saída de leito carroçável";"Com Vítimas Feridas";"Plena Noite";"Decrescente";"Céu Claro";"Simples";"Reta";"Sim";1;0;1;0;0;0;1;1;-29,78776997;-57,08556175;"SR-RS";"UOP01";"DEL13"
332518;2021-01-05;"terça";"00:00:00";"RJ";40;"112";"DUQUE DE CAXIAS";"Obstrução na via";"Colisão traseira";"Sem Vítimas";"Plena Noite";"Decrescente";"Nublado";"Múltipla";"Reta";"Sim";2;0;0;0;2;0;0;2;-22,7004454;-43,29014851;"SR-RJ";"UOP01";"DEL01"
332519;2021-01-04;"segunda";"18:20:00";"SC";101;"82";"BARRA VELHA";"Reação tardia ou ineficiente do condutor";"Colisão traseira";"Sem Vítimas";"Pleno dia";"Decrescente";"Céu Claro";"Simples";"Reta";"Não";3;0;0;0;3;0;0;3;-26,61085222;-48,72204472;"SR-SC";"UOP02";"DEL03"
332521;2021-01-04;"segunda";"23:20:00";"SC";101;"14.2";"GARUVA";"Ausência de reação do condutor";"Colisão traseira";"Com Vítimas Feridas";"Plena Noite";"Crescente";"Nublado";"Dupla";"Reta";"Não";9;0;4;0;5;0;4;2;-26,09803515;-48,86773972;"SR-SC";"UOP01";"DEL03"
332522;2021-01-05;"terça";"00:55:00";"PR";277;"726.3";"FOZ DO IGUACU";"Velocidade Incompatível";"Capotamento";"Com Vítimas Feridas";"Plena Noite";"Decrescente";"Chuva";"Dupla";"Reta";"Sim";1;0;1;0;0;0;1;1;-25,5106015;-54,55481999;"SR-PR";"UOP03";"DEL05"
332523;2021-01-04;"segunda";"17:30:00";"MG";251;"225.9";"CACHOEIRA DE PAJEU";"Velocidade Incompatível";"Saída de leito carroçável";"Com Vítimas Feridas";"Anoitecer";"Crescente";"Céu Claro";"Simples";"Reta";"Não";5;0;3;2;0;0;5;1;-15,95745824;-41,66304202;"SR-MG";"UOP02";"DEL11"
332524;2021-01-05;"terça";"00:10:00";"SP";381;"16";"BRAGANCA PAULISTA";"Demais falhas mecânicas ou elétricas";"Incêndio";"Sem Vítimas";"Plena Noite";"Crescente";"Nublado";"Dupla";"Não Informado";"Não";1;0;0;0;1;0;0;1;-22,95797408;-46,48078972;"SR-SP";"UOP01";"DEL03"
332526;2021-01-04;"segunda";"22:00:00";"MA";135;"24.7";"SAO LUIS";"Reação tardia ou ineficiente do condutor";"Saída de leito carroçável";"Sem Vítimas";"Plena Noite";"Decrescente";"Céu Claro";"Dupla";"Ponte";"Sim";1;0;0;0;1;0;0;1;-2,763346;-44,359228;"SR-MA";"UOP01";"DEL01"
332527;2021-01-05;"terça";"02:00:00";"RJ";116;"268.8";"BARRA MANSA";"Transitar na contramão";"Colisão lateral sentido oposto";"Com Vítimas Fatais";"Plena Noite";"Crescente";"Nublado";"Dupla";"Curva";"Não";4;1;0;0;0;3;0;2;-22,56118291;-44,15560842;"SR-RJ";"UOP02";"DEL07"
332528;2021-01-04;"segunda";"19:25:00";"RS";285;"570";"SAO LUIZ GONZAGA";"Avarias e/ou desgaste excessivo no pneu";"Tombamento";"Com Vítimas Feridas";"Anoitecer";"Decrescente";"Céu Claro";"Simples";"Reta";"Não";2;0;2;0;0;0;2;1;-28,414503;-54,995766;"SR-RS";"UOP01";"DEL12"
332530;2021-01-04;"segunda";"07:40:00";"PA";308;"191.8";"BRAGANCA";"Área urbana sem a presença de local apropriado para a travessia de pedestres";"Atropelamento de Pedestre";"Com Vítimas Feridas";"Pleno dia";"Crescente";"Céu Claro";"Simples";"Reta";"Sim";3;0;0;1;2;0;1;1;-1,077435;-46,864126;"SR-PA";"UOP03";"DEL01"
332531;2021-01-05;"terça";"06:00:00";"GO";414;"412";"ABADIANIA";"Curva acentuada";"Saída de leito carroçável";"Com Vítimas Feridas";"Amanhecer";"Crescente";"Céu Claro";"Simples";"Curva";"Não";1;0;1;0;0;0;1;1;-16,07654806;-48,85262238;"SR-GO";"UOP01";"DEL02"
332532;2021-01-05;"terça";"05:30:00";"MG";40;"569";"ITABIRITO";"Condutor Dormindo";"Colisão lateral sentido oposto";"Com Vítimas Feridas";"Amanhecer";"Crescente";"Céu Claro";"Simples";"Reta";"Não";5;0;4;0;1;0;4;2;-20,20394093;-43,97409456;"SR-MG";"UOP02";"DEL01"
332534;2021-01-05;"terça";"05:40:00";"MG";116;"226.3";"CATUJI";"Velocidade Incompatível";"Tombamento";"Com Vítimas Feridas";"Amanhecer";"Decrescente";"Chuva";"Simples";"Curva";"Não";2;0;1;0;1;0;1;1;-17,45272285;-41,4999207;"SR-MG";"UOP01";"DEL11"
332535;2021-01-05;"terça";"06:45:00";"PB";230;"28";"JOAO PESSOA";"Mal súbito do condutor";"Tombamento";"Com Vítimas Feridas";"Pleno dia";"Decrescente";"Sol";"Dupla";"Viaduto";"Não";1;0;1;0;0;0;1;1;-7,1651;-34,8941;"SR-PB";"UOP01";"DEL01"
332536;2021-01-04;"segunda";"12:40:00";"CE";222;"240";"SOBRAL";"Desrespeitar a preferência no cruzamento";"Colisão transversal";"Com Vítimas Feridas";"Pleno dia";"Crescente";"Céu Claro";"Simples";"Retorno Regulamentado";"Não";3;0;3;0;0;0;3;2;-3,7337361;-40,48187256;"SR-CE";"UOP01";"DEL04"
332538;2021-01-05;"terça";"06:30:00";"RS";285;"479.3";"CORONEL BARROS";"Acumulo de água sobre o pavimento";"Saída de leito carroçável";"Com Vítimas Feridas";"Pleno dia";"Decrescente";"Garoa/Chuvisco";"Simples";"Curva";"Não";3;0;1;0;2;0;1;1;-28,381256;-54,091888;"SR-RS";"UOP01";"DEL10"
332539;2021-01-05;"terça";"05:30:00";"BA";110;"306";"INHAMBUPE";"Ultrapassagem Indevida";"Colisão frontal";"Sem Vítimas";"Amanhecer";"Decrescente";"Céu Claro";"Simples";"Reta";"Não";2;0;0;0;1;1;0;2;-11,95971896;-38,3725292;"SR-BA";"UOP04";"DEL01"
332541;2021-01-05;"terça";"07:30:00";"SP";116;"324";"JUQUITIBA";"Ausência de reação do condutor";"Queda de ocupante de veículo";"Com Vítimas Feridas";"Pleno dia";"Decrescente";"Céu Claro";"Dupla";"Reta";"Não";1;0;1;0;0;0;1;1;-23,94029914;-47,04398301;"SR-SP";"UOP01";"DEL04"
332542;2021-01-04;"segunda";"19:52:00";"MG";381;"562.4";"ITAGUARA";"Acessar a via sem observar a presença dos outros veículos";"Atropelamento de Pedestre";"Com Vítimas Feridas";"Plena Noite";"Decrescente";"Nublado";"Dupla";"Reta";"Sim";2;0;0;1;0;1;1;1;-20,395748;-44,503624;"SR-MG";"UOP03";"DEL04"
332543;2021-01-05;"terça";"08:15:00";"CE";222;"7.9";"CAUCAIA";"Chuva";"Tombamento";"Com Vítimas Feridas";"Pleno dia";"Crescente";"Chuva";"Simples";"Reta";"Sim";2;0;1;0;1;0;1;1;-3,7495132;-38,6299559;"SR-CE";"UOP01";"DEL01"
332544;2021-01-05;"terça";"00:01:00";"PE";104;"63";"CARUARU";"Condutor Dormindo";"Capotamento";"Sem Vítimas";"Plena Noite";"Decrescente";"Nublado";"Dupla";"Reta";"Sim";1;0;0;0;0;1;0;1;-8,2698;-35,9803;"SR-PE";"UOP01";"DEL02"
332546;2021-01-05;"terça";"06:40:00";"CE";222;"197.9";"FORQUILHA";"Demais falhas mecânicas ou elétricas";"Incêndio";"Sem Vítimas";"Amanhecer";"Decrescente";"Céu Claro";"Simples";"Reta";"Não";1;0;0;0;0;1;0;1;-3,80735907;-40,17579399;"SR-CE";"UOP01";"DEL04"
332547;2021-01-05;"terça";"07:45:00";"MS";163;"83";"ITAQUIRAI";"Ultrapassagem Indevida";"Tombamento";"Com Vítimas Feridas";"Pleno dia";"Decrescente";"Garoa/Chuvisco";"Simples";"Reta";"Não";1;0;1;0;0;0;1;1;-23,43274002;-54,20588915;"SR-MS";"UOP01";"DEL09"
332548;2021-01-05;"terça";"08:30:00";"ES";101;"163.9";"LINHARES";"Ultrapassagem Indevida";"Colisão lateral sentido oposto";"Com Vítimas Feridas";"Pleno dia";"Crescente";"Céu Claro";"Simples";"Reta";"Não";4;0;3;0;1;0;3;2;-19,49806194;-40,13058524;"SR-ES";"UOP01";"DEL04"
332549;2021-01-05;"terça";"09:00:00";"SP";116;"278.5";"EMBU DAS ARTES";"Mal súbito do condutor";"Queda de ocupante de veículo";"Com Vítimas Feridas";"Pleno dia";"Crescente";"Céu Claro";"Dupla";"Reta";"Sim";1;0;1;0;0;0;1;1;-23,65508497;-46,84918605;"SR-SP";"UOP01";"DEL04"
332550;2021-01-05;"terça";"08:00:00";"RJ";40;"124";"DUQUE DE CAXIAS";"Manobra de mudança de faixa";"Colisão lateral";"Sem Vítimas";"Pleno dia";"Crescente";"Céu Claro";"Múltipla";"Reta";"Sim";2;0;0;0;1;1;0;2;-22,807953;-43,289124;"SR-RJ";"UOP01";"DEL01"
332551;2021-01-05;"terça";"08:10:00";"DF";20;"2.5";"BRASILIA";"Reação tardia ou ineficiente do condutor";"Colisão traseira";"Sem Vítimas";"Pleno dia";"Decrescente";"Sol";"Dupla";"Reta";"Sim";3;0;0;0;3;0;0;2;-15,682896;-47,840729;"SR-DF";"UOP01";"DEL02"
332552;2021-01-05;"terça";"07:30:00";"MS";163;"431.1";"CAMPO GRANDE";"Avarias e/ou desgaste excessivo no pneu";"Tombamento";"Com Vítimas Feridas";"Pleno dia";"Decrescente";"Nublado";"Dupla";"Reta";"Não";2;0;1;0;1;0;1;1;-20,89245697;-54,50299587;"SR-MS";"UOP01";"DEL01"
332553;2021-01-05;"terça";"09:45:00";"RJ";101;"56";"CAMPOS DOS GOYTACAZES";"Acessar a via sem observar a presença dos outros veículos";"Colisão transversal";"Com Vítimas Feridas";"Pleno dia";"Decrescente";"Céu Claro";"Simples";"Reta";"Sim";2;0;1;0;1;0;1;2;-21,68714199;-41,31063697;"SR-RJ";"UOP01";"DEL08"
332555;2021-01-05;"terça";"09:00:00";"SC";101;"73";"ARAQUARI";"Mal súbito do condutor";"Colisão traseira";"Com Vítimas Feridas";"Pleno dia";"Decrescente";"Nublado";"Dupla";"Reta";"Não";2;0;1;0;1;0;1;2;-26,53567108;-48,71326731;"SR-SC";"UOP02";"DEL03"
332556;2021-01-05;"terça";"08:45:00";"SP";116;"212.9";"GUARULHOS";"Avarias e/ou desgaste excessivo no pneu";"Queda de ocupante de veículo";"Com Vítimas Feridas";"Pleno dia";"Crescente";"Céu Claro";"Múltipla";"Reta";"Sim";1;0;1;0;0;0;1;1;-23,43985047;-46,43769622;"SR-SP";"UOP01";"DEL01"
332558;2021-01-05;"terça";"09:40:00";"GO";40;"92";"CRISTALINA";"Acessar a via sem observar a presença dos outros veículos";"Colisão lateral";"Com Vítimas Feridas";"Pleno dia";"Crescente";"Céu Claro";"Simples";"Interseção de vias";"Sim";4;0;2;0;2;0;2;2;-16,730814;-47,626211;"SR-DF";"UOP04";"DEL01"
332559;2021-01-04;"segunda";"17:10:00";"AC";317;"270";"EPITACIOLANDIA";"Acessar a via sem observar a presença dos outros veículos";"Colisão traseira";"Com Vítimas Feridas";"Anoitecer";"Crescente";"Céu Claro";"Simples";"Não Informado";"Não";3;0;2;0;1;0;2;2;-10,94238309;-68,58218679;"SR-AC";"UOP02";"DEL01"
332560;2021-01-05;"terça";"10:00:00";"CE";116;"410.6";"BAIXIO";"Transitar na contramão";"Colisão lateral sentido oposto";"Com Vítimas Fatais";"Pleno dia";"Crescente";"Céu Claro";"Simples";"Reta";"Não";2;1;0;0;1;0;0;2;-6,701288;-38,807898;"SR-CE";"UOP01";"DEL05"
332561;2021-01-05;"terça";"10:00:00";"RS";116;"270";"PORTO ALEGRE";"Acessar a via sem observar a presença dos outros veículos";"Colisão lateral";"Com Vítimas Feridas";"Pleno dia";"Decrescente";"Céu Claro";"Simples";"Reta";"Sim";2;0;1;0;1;0;1;2;-29,96839095;-51,17623895;"SR-RS";"UOP01";"DEL01"
332562;2021-01-05;"terça";"09:20:00";"PR";376;"470";"PONTA GROSSA";"Velocidade Incompatível";"Saída de leito carroçável";"Com Vítimas Feridas";"Pleno dia";"Decrescente";"Nublado";"Dupla";"Não Informado";"Não";4;0;2;2;0;0;4;1;-25,0409359;-50,27017496;"SR-PR";"UAP01";"DEL03"
332563;2021-01-05;"terça";"08:25:00";"RS";386;"296.1";"POUSO NOVO";"Velocidade Incompatível";"Tombamento";"Com Vítimas Feridas";"Pleno dia";"Decrescente";"Céu Claro";"Simples";"Curva";"Não";1;0;1;0;0;0;1;1;-29,136362;-52,24575;"SR-RS";"UOP01";"DEL04"
332564;2021-01-05;"terça";"09:00:00";"BA";324;"598";"SIMOES FILHO";"Reação tardia ou ineficiente do condutor";"Saída de leito carroçável";"Sem Vítimas";"Pleno dia";"Crescente";"Nublado";"Dupla";"Reta";"Não";1;0;0;0;1;0;0;1;-12,73432323;-38,44227717;"SR-BA";"UOP01";"DEL01"
332565;2021-01-05;"terça";"10:40:00";"RN";406;"151";"CEARA-MIRIM";"Conversão proibida";"Colisão frontal";"Com Vítimas Feridas";"Pleno dia";"Decrescente";"Sol";"Simples";"Reta";"Sim";2;0;0;1;1;0;1;2;-5,65094554;-35,42341594;"SR-RN";"UOP01";"DEL02"
332566;2021-01-05;"terça";"09:30:00";"MG";40;"43.5";"PARACATU";"Acessar a via sem observar a presença dos outros veículos";"Colisão lateral";"Com Vítimas Feridas";"Pleno dia";"Decrescente";"Céu Claro";"Simples";"Não Informado";"Sim";2;0;0;1;1;0;1;2;-17,22598002;-46,86163701;"SR-MG";"UOP01";"DEL14"
332567;2021-01-05;"terça";"10:30:00";"SC";280;"58.1";"GUARAMIRIM";"Condutor deixou de manter distância do veículo da frente";"Colisão traseira";"Com Vítimas Feridas";"Pleno dia";"Decrescente";"Céu Claro";"Simples";"Reta";"Não";3;0;0;2;1;0;2;2;-26,47415593;-49,021211;"SR-SC";"UOP03";"DEL03"
332568;2021-01-05;"terça";"10:00:00";"SE";101;"38.4";"CAPELA";"Reação tardia ou ineficiente do condutor";"Colisão com objeto";"Com Vítimas Feridas";"Pleno dia";"Decrescente";"Sol";"Simples";"Não Informado";"Não";1;0;0;1;0;0;1;1;-10,51013504;-36,94596282;"SR-SE";"UOP02";"DEL02"
332569;2021-01-05;"terça";"10:30:00";"PB";101;"89";"JOAO PESSOA";"Manobra de mudança de faixa";"Colisão traseira";"Com Vítimas Feridas";"Pleno dia";"Decrescente";"Céu Claro";"Dupla";"Rotatória";"Sim";2;0;0;1;1;0;1;2;-7,1710694;-34,89765372;"SR-PB";"UOP02";"DEL01"
332570;2021-01-05;"terça";"10:20:00";"SC";101;"349.5";"JAGUARUNA";"Reação tardia ou ineficiente do condutor";"Tombamento";"Com Vítimas Feridas";"Plena Noite";"Decrescente";"Céu Claro";"Dupla";"Não Informado";"Não";2;0;0;1;1;0;1;2;-28,59507285;-49,04708862;"SR-SC";"UOP01";"DEL02"
332572;2021-01-05;"terça";"10:15:00";"RS";386;"137.3";"SARANDI";"Desrespeitar a preferência no cruzamento";"Colisão transversal";"Com Vítimas Feridas";"Pleno dia";"Decrescente";"Nublado";"Simples";"Reta";"Não";2;0;1;0;1;0;1;2;-27,97665;-52,904694;"SR-RS";"UOP01";"DEL08"
332573;2021-01-05;"terça";"11:00:00";"GO";60;"136";"GOIANIA";"Reação tardia ou ineficiente do condutor";"Capotamento";"Com Vítimas Feridas";"Pleno dia";"Crescente";"Céu Claro";"Dupla";"Curva";"Não";1;0;1;0;0;0;1;1;-16,5959;-49,1965;"SR-GO";"UOP01";"DEL01"
332574;2021-01-05;"terça";"10:20:00";"RS";290;"71";"GRAVATAI";"Manobra de mudança de faixa";"Colisão lateral";"Com Vítimas Feridas";"Pleno dia";"Crescente";"Céu Claro";"Dupla";"Reta";"Não";2;0;1;0;1;0;1;2;-29,951347;-50,965858;"SR-RS";"UOP01";"DEL03"
332575;2021-01-05;"terça";"11:00:00";"PR";376;"681";"GUARATUBA";"Mal súbito do condutor";"Colisão com objeto";"Com Vítimas Feridas";"Pleno dia";"Decrescente";"Céu Claro";"Dupla";"Reta";"Não";1;0;1;0;0;0;1;1;-25,96596616;-48,89663319;"SR-PR";"UOP04";"DEL01"
332576;2021-01-05;"terça";"10:10:00";"BA";407;"4";"JUAZEIRO";"Acessar a via sem observar a presença dos outros veículos";"Queda de ocupante de veículo";"Com Vítimas Feridas";"Pleno dia";"Crescente";"Céu Claro";"Simples";"Reta";"Sim";2;0;0;1;1;0;1;2;-9,43957495;-40,49433089;"SR-PE";"UOP01";"DEL06"
332580;2021-01-05;"terça";"11:00:00";"MS";163;"732";"COXIM";"Acessar a via sem observar a presença dos outros veículos";"Colisão transversal";"Com Vítimas Feridas";"Pleno dia";"Crescente";"Nublado";"Simples";"Reta";"Sim";2;0;0;1;1;0;1;2;-18,49326992;-54,72854015;"SR-MS";"UOP01";"DEL06"
332581;2021-01-05;"terça";"12:30:00";"GO";40;"2.4";"VALPARAISO DE GOIAS";"Condutor deixou de manter distância do veículo da frente";"Colisão traseira";"Sem Vítimas";"Pleno dia";"Decrescente";"Sol";"Dupla";"Reta";"Sim";2;0;0;0;2;0;0;2;-16,067129;-47,984235;"SR-DF";"UOP01";"DEL01"
332582;2021-01-05;"terça";"12:37:00";"PR";116;"126";"FAZENDA RIO GRANDE";"Condutor desrespeitou a iluminação vermelha do semáforo";"Colisão traseira";"Com Vítimas Feridas";"Pleno dia";"Decrescente";"Sol";"Dupla";"Interseção de vias";"Sim";3;0;1;0;1;1;1;2;-25,6367641;-49,3130591;"SR-PR";"UOP03";"DEL01"
332584;2021-01-05;"terça";"12:00:00";"RJ";116;"177";"NOVA IGUACU";"Reação tardia ou ineficiente do condutor";"Colisão traseira";"Com Vítimas Feridas";"Pleno dia";"Crescente";"Céu Claro";"Dupla";"Reta";"Sim";1;0;1;0;0;0;1;1;-22,78055198;-43,39208599;"SR-RJ";"UOP02";"DEL01"
332585;2021-01-05;"terça";"11:45:00";"RS";290;"11.4";"OSORIO";"Mal súbito do condutor";"Saída de leito carroçável";"Com Vítimas Feridas";"Pleno dia";"Crescente";"Céu Claro";"Múltipla";"Reta";"Não";2;0;2;0;0;0;2;1;-29,888996;-50,383354;"SR-RS";"UOP01";"DEL03"
332586;2021-01-05;"terça";"11:35:00";"PR";116;"147.9";"MANDIRITUBA";"Ausência de reação do condutor";"Saída de leito carroçável";"Com Vítimas Feridas";"Pleno dia";"Crescente";"Nublado";"Simples";"Curva";"Não";1;0;1;0;0;0;1;1;-25,83520786;-49,33825582;"SR-PR";"UOP03";"DEL01"
332587;2021-01-05;"terça";"13:10:00";"PR";373;"433.1";"CHOPINZINHO";"Velocidade Incompatível";"Saída de leito carroçável";"Com Vítimas Feridas";"Pleno dia";"Decrescente";"Nublado";"Simples";"Curva";"Não";1;0;1;0;0;0;1;1;-25,76486109;-52,25524664;"SR-PR";"UOP01";"DEL02"
332588;2021-01-05;"terça";"11:20:00";"RJ";116;"312.7";"ITATIAIA";"Reação tardia ou ineficiente do condutor";"Saída de leito carroçável";"Com Vítimas Feridas";"Pleno dia";"Crescente";"Céu Claro";"Dupla";"Reta";"Não";1;0;1;0;0;0;1;1;-22,46068623;-44,45262504;"SR-RJ";"UOP02";"DEL07"
332589;2021-01-05;"terça";"13:30:00";"ES";101;"257.5";"SERRA";"Desrespeitar a preferência no cruzamento";"Colisão traseira";"Com Vítimas Feridas";"Pleno dia";"Crescente";"Céu Claro";"Dupla";"Reta";"Sim";2;0;0;1;1;0;1;2;-20,12455095;-40,30331881;"SR-ES";"UOP01";"DEL02"
332590;2021-01-02;"sábado";"19:20:00";"MG";116;"738.3";"LARANJAL";"Ausência de reação do condutor";"Colisão traseira";"Com Vítimas Feridas";"Plena Noite";"Crescente";"Chuva";"Simples";"Reta";"Sim";4;0;1;0;3;0;1;2;-21,36499168;-42,47388147;"SR-MG";"UOP01";"DEL07"
332591;2021-01-04;"segunda";"10:19:00";"SC";101;"134";"BALNEARIO CAMBORIU";"Mal súbito do condutor";"Tombamento";"Com Vítimas Feridas";"Pleno dia";"Crescente";"Céu Claro";"Simples";"Interseção de vias";"Não";1;0;1;0;0;0;1;1;-27,00218;-48,636433;"SR-SC";"UOP03";"DEL04"
332592;2021-01-05;"terça";"13:40:00";"PR";369;"500";"CASCAVEL";"Acessar a via sem observar a presença dos outros veículos";"Colisão transversal";"Com Vítimas Feridas";"Pleno dia";"Decrescente";"Chuva";"Simples";"Interseção de vias";"Não";3;0;2;0;1;0;2;2;-24,959948;-53,398883;"SR-PR";"UOP03";"DEL09"
332593;2021-01-05;"terça";"10:30:00";"GO";153;"34.5";"PORANGATU";"Manobra de mudança de faixa";"Saída de leito carroçável";"Com Vítimas Feridas";"Pleno dia";"Crescente";"Céu Claro";"Simples";"Reta";"Não";2;0;1;0;1;0;1;1;-13,120278;-49,199387;"SR-GO";"UOP01";"DEL07"
332594;2021-01-05;"terça";"13:25:00";"PI";343;"347.5";"TERESINA";"Condutor deixou de manter distância do veículo da frente";"Colisão traseira";"Com Vítimas Feridas";"Pleno dia";"Decrescente";"Céu Claro";"Simples";"Reta";"Sim";3;0;2;0;1;0;2;2;-5,114822;-42,778355;"SR-PI";"UOP01";"DEL01"
332595;2021-01-05;"terça";"14:15:00";"RS";287;"250";"SANTA MARIA";"Obras na pista";"Atropelamento de Pedestre";"Com Vítimas Feridas";"Pleno dia";"Crescente";"Nublado";"Dupla";"Não Informado";"Sim";2;0;0;1;1;0;1;1;-29,69186054;-53,86735266;"SR-RS";"UOP01";"DEL09"
332597;2021-01-05;"terça";"13:00:00";"AL";316;"4.9";"MATA GRANDE";"Transitar na contramão";"Colisão frontal";"Com Vítimas Feridas";"Pleno dia";"Crescente";"Céu Claro";"Simples";"Não Informado";"Não";2;0;0;1;1;0;1;2;-8,953151;-37,822001;"SR-AL";"UOP02";"DEL03"
332598;2021-01-05;"terça";"13:30:00";"PR";376;"492.1";"PONTA GROSSA";"Objeto estático sobre o leito carroçável";"Engavetamento";"Com Vítimas Feridas";"Pleno dia";"Decrescente";"Céu Claro";"Dupla";"Reta";"Não";8;0;2;0;6;0;2;4;-25,11812656;-50,18595457;"SR-PR";"UAP01";"DEL03"
332601;2021-01-05;"terça";"12:00:00";"MG";40;"295";"TRES MARIAS";"Velocidade Incompatível";"Saída de leito carroçável";"Com Vítimas Feridas";"Pleno dia";"Crescente";"Céu Claro";"Simples";"Reta";"Não";1;0;0;1;0;0;1;1;-18,32389229;-45,1093483;"SR-MG";"UOP02";"DEL14"
332602;2021-01-05;"terça";"14:25:00";"GO";40;"7.1";"VALPARAISO DE GOIAS";"Ausência de reação do condutor";"Saída de leito carroçável";"Com Vítimas Feridas";"Pleno dia";"Crescente";"Céu Claro";"Dupla";"Desvio Temporário";"Sim";2;0;1;0;1;0;1;1;-16,108482;-47,972524;"SR-DF";"UOP01";"DEL01"
332603;2021-01-05;"terça";"13:00:00";"TO";153;"487";"PARAISO DO TOCANTINS";"Demais falhas mecânicas ou elétricas";"Incêndio";"Sem Vítimas";"Pleno dia";"Crescente";"Céu Claro";"Simples";"Reta";"Não";1;0;0;0;1;0;0;1;-10,10155485;-48,8699883;"SR-TO";"UOP01";"DEL01"
332604;2021-01-05;"terça";"14:35:00";"PB";101;"29";"RIO TINTO";"Condutor Dormindo";"Colisão traseira";"Com Vítimas Feridas";"Pleno dia";"Decrescente";"Sol";"Dupla";"Retorno Regulamentado";"Não";2;0;1;0;1;0;1;2;-6,74032319;-35,13146581;"SR-PB";"UOP04";"DEL01"
332605;2021-01-05;"terça";"11:20:00";"SC";101;"461";"PASSO DE TORRES";"Condutor Dormindo";"Saída de leito carroçável";"Com Vítimas Feridas";"Pleno dia";"Crescente";"Nublado";"Dupla";"Reta";"Não";1;0;1;0;0;0;1;1;-29,274764;-49,755105;"SR-RS";"UOP02";"DEL03"
332606;2021-01-05;"terça";"15:00:00";"SC";101;"214.6";"PALHOCA";"Ausência de reação do condutor";"Colisão lateral mesmo sentido";"Sem Vítimas";"Pleno dia";"Decrescente";"Nublado";"Múltipla";"Reta";"Sim";4;0;0;0;4;0;0;4;-27,64443;-48,67057;"SR-SC";"UOP02";"DEL01"
332607;2021-01-05;"terça";"09:30:00";"MG";381;"484.8";"BETIM";"Condutor deixou de manter distância do veículo da frente";"Engavetamento";"Sem Vítimas";"Pleno dia";"Crescente";"Céu Claro";"Dupla";"Reta";"Sim";3;0;0;0;2;1;0;3;-19,95734208;-44,09318912;"SR-MG";"UOP03";"DEL01"
332608;2021-01-05;"terça";"15:00:00";"SC";101;"206";"SAO JOSE";"Ultrapassagem Indevida";"Colisão lateral";"Com Vítimas Feridas";"Pleno dia";"Crescente";"Nublado";"Dupla";"Reta";"Sim";3;0;1;0;2;0;1;2;-27,59193546;-48,61824557;"SR-SC";"UOP01";"DEL01"
332609;2021-01-05;"terça";"15:15:00";"GO";60;"108.9";"GOIANAPOLIS";"Carga excessiva e/ou mal acondicionada";"Tombamento";"Com Vítimas Feridas";"Pleno dia";"Decrescente";"Nublado";"Dupla";"Retorno Regulamentado";"Não";1;0;1;0;0;0;1;1;-16,448028;-49,023229;"SR-GO";"UOP01";"DEL01"
332610;2021-01-05;"terça";"15:00:00";"MG";40;"508";"RIBEIRAO DAS NEVES";"Condutor deixou de manter distância do veículo da frente";"Colisão traseira";"Com Vítimas Feridas";"Pleno dia";"Decrescente";"Céu Claro";"Dupla";"Reta";"Sim";3;0;1;0;2;0;1;2;-19,76061249;-44,1347544;"SR-MG";"UOP01";"DEL02"
332612;2021-01-05;"terça";"13:45:00";"GO";153;"540.7";"HIDROLANDIA";"Condutor deixou de manter distância do veículo da frente";"Tombamento";"Com Vítimas Feridas";"Pleno dia";"Decrescente";"Céu Claro";"Dupla";"Reta";"Não";4;0;4;0;0;0;4;4;-17,0547;-49,2269;"SR-GO";"UOP03";"DEL01"