"id";"data_inversa";"dia_semana";"horario";"uf";"br";"km";"municipio";"causa_acidente";"tipo_acidente";"classificacao_acidente";"fase_dia";"sentido_via";"condicao_metereologica";"tipo_pista";"tracado_via";"uso_solo";"pessoas";"mortos";"feridos_leves";"feridos_graves";"ilesos";"ignorados";"feridos";"veiculos";"latitude";"longitude";"regional";"delegacia";"uop"
332613;2021-01-05;"terça";"15:20:00";"RS";290;"80.5";"PORTO ALEGRE";"Avarias e/ou desgaste excessivo no pneu";"Queda de ocupante de veículo";"Com Vítimas Feridas";"Pleno dia";"Crescente";"Garoa/Chuvisco";"Dupla";"Reta";"Não";2;0;1;0;1;0;1;1;-29,95343;-51,058449;"SR-RS";"UOP01";"DEL01"
332615;2021-01-05;"terça";"14:30:00";"RJ";116;"173";"BELFORD ROXO";"Reação tardia ou ineficiente do condutor";"Tombamento";"Com Vítimas Feridas";"Pleno dia";"Crescente";"Céu Claro";"Múltipla";"Reta";"Sim";1;0;1;0;0;0;1;1;-22,79810324;-43,35726614;"SR-RJ";"UOP02";"DEL01"
332616;2021-01-05;"terça";"14:10:00";"SC";282;"428.3";"VARGEM BONITA";"Velocidade Incompatível";"Saída de leito carroçável";"Com Vítimas Feridas";"Pleno dia";"Crescente";"Chuva";"Simples";"Curva";"Não";3;0;1;0;2;0;1;1;-26,975683;-51,780529;"SR-SC";"UOP05";"DEL07"
332617;2021-01-05;"terça";"15:00:00";"RS";116;"49.1";"VACARIA";"Curva acentuada";"Tombamento";"Com Vítimas Feridas";"Pleno dia";"Crescente";"Nublado";"Simples";"Curva";"Não";3;0;2;0;1;0;2;1;-28,570007;-51,005549;"SR-RS";"UOP03";"DEL05"
332618;2021-01-05;"terça";"14:42:00";"SC";116;"5";"MAFRA";"Desrespeitar a preferência no cruzamento";"Colisão transversal";"Sem Vítimas";"Pleno dia";"Crescente";"Céu Claro";"Simples";"Reta";"Sim";3;0;0;0;3;0;0;2;-26,145535;-49,821787;"SR-SC";"UOP01";"DEL06"
332620;2021-01-05;"terça";"14:30:00";"MG";116;"701.1";"MURIAE";"Reação tardia ou ineficiente do condutor";"Engavetamento";"Com Vítimas Feridas";"Pleno dia";"Decrescente";"Sol";"Simples";"Não Informado";"Sim";6;0;3;0;3;0;3;4;-21,09739311;-42,37529755;"SR-MG";"UOP02";"DEL07"
332621;2021-01-05;"terça";"16:10:00";"SC";470;"57.2";"BLUMENAU";"Acessar a via sem observar a presença dos outros veículos";"Colisão transversal";"Com Vítimas Feridas";"Pleno dia";"Crescente";"Chuva";"Simples";"Interseção de vias";"Não";2;0;1;0;0;1;1;2;-26,880428;-49,136532;"SR-SC";"UOP01";"DEL04"
332623;2021-01-05;"terça";"16:00:00";"TO";153;"695.3";"CARIRI DO TOCANTINS";"Reação tardia ou ineficiente do condutor";"Colisão lateral";"Com Vítimas Fatais";"Pleno dia";"Decrescente";"Céu Claro";"Simples";"Reta";"Não";3;1;1;0;1;0;1;2;-11,91192015;-49,1761127;"SR-TO";"UOP02";"DEL01"
332624;2021-01-05;"terça";"15:40:00";"SP";116;"383";"MIRACATU";"Pista Escorregadia";"Capotamento";"Com Vítimas Feridas";"Anoitecer";"Decrescente";"Chuva";"Dupla";"Reta";"Não";6;0;3;1;2;0;4;1;-24,24165679;-47,36329124;"SR-SP";"UOP02";"DEL04"
332627;2021-01-05;"terça";"08:20:00";"MG";146;"510";"POCOS DE CALDAS";"Velocidade Incompatível";"Tombamento";"Com Vítimas Feridas";"Pleno dia";"Decrescente";"Nublado";"Simples";"Não Informado";"Não";1;0;1;0;0;0;1;1;-21,77287318;-46,42196439;"SR-MG";"UOP01";"DEL09"
332629;2021-01-05;"terça";"17:15:00";"SP";116;"509";"CAJATI";"Velocidade Incompatível";"Capotamento";"Com Vítimas Feridas";"Anoitecer";"Decrescente";"Garoa/Chuvisco";"Dupla";"Curva";"Não";2;0;1;0;1;0;1;1;-24,82178987;-48,21419034;"SR-SP";"UOP02";"DEL05"
332630;2021-01-05;"terça";"17:10:00";"SC";470;"122.6";"IBIRAMA";"Avarias e/ou desgaste excessivo no pneu";"Tombamento";"Com Vítimas Feridas";"Pleno dia";"Crescente";"Chuva";"Simples";"Não Informado";"Não";2;0;2;0;0;0;2;1;-27,09618219;-49,53094136;"SR-SC";"UOP02";"DEL04"
332631;2021-01-05;"terça";"17:50:00";"SC";101;"117.1";"ITAJAI";"Manobra de mudança de faixa";"Colisão lateral";"Com Vítimas Feridas";"Pleno dia";"Crescente";"Nublado";"Dupla";"Reta";"Sim";2;0;1;0;1;0;1;2;-26,88747187;-48,72252969;"SR-SC";"UOP04";"DEL04"
332632;2021-01-05;"terça";"17:10:00";"ES";262;"56.7";"MARECHAL FLORIANO";"Reação tardia ou ineficiente do condutor";"Colisão transversal";"Com Vítimas Feridas";"Pleno dia";"Crescente";"Céu Claro";"Simples";"Interseção de vias";"Não";2;0;2;0;0;0;2;2;-20,41088387;-40,75519403;"SR-ES";"UOP01";"DEL01"
332634;2021-01-05;"terça";"16:40:00";"PR";376;"665.9";"GUARATUBA";"Mal súbito do condutor";"Eventos atípicos";"Com Vítimas Feridas";"Pleno dia";"Decrescente";"Chuva";"Múltipla";"Reta";"Não";1;0;1;0;0;0;1;1;-25,85455838;-48,95670808;"SR-PR";"UOP04";"DEL01"
332635;2021-01-05;"terça";"12:55:00";"MG";381;"322";"NOVA ERA";"Reação tardia ou ineficiente do condutor";"Colisão frontal";"Com Vítimas Fatais";"Pleno dia";"Decrescente";"Chuva";"Simples";"Não Informado";"Não";4;1;0;1;1;1;1;2;-19,73629395;-43,01849326;"SR-MG";"UOP02";"DEL03"
332636;2021-01-05;"terça";"17:50:00";"RS";116;"517.2";"PELOTAS";"Manobra de mudança de faixa";"Colisão lateral";"Com Vítimas Feridas";"Pleno dia";"Decrescente";"Nublado";"Dupla";"Curva";"Sim";2;0;1;0;1;0;1;2;-31,67908686;-52,34256731;"SR-RS";"UOP01";"DEL07"
332637;2021-01-05;"terça";"15:00:00";"MT";364;"259";"JUSCIMEIRA";"Avarias e/ou desgaste excessivo no pneu";"Saída de leito carroçável";"Com Vítimas Feridas";"Pleno dia";"Decrescente";"Nublado";"Dupla";"Reta";"Não";2;0;1;0;1;0;1;1;-16,04830616;-54,88713632;"SR-MT";"UOP01";"DEL02"
332638;2021-01-05;"terça";"09:45:00";"RJ";101;"563";"PARATY";"Ausência de reação do condutor";"Colisão lateral";"Com Vítimas Feridas";"Pleno dia";"Decrescente";"Céu Claro";"Simples";"Reta";"Não";2;0;1;0;1;0;1;2;-23,13693615;-44,70218804;"SR-RJ";"UOP03";"DEL03"
332639;2021-01-05;"terça";"18:20:00";"GO";60;"163";"GOIANIA";"Condutor deixou de manter distância do veículo da frente";"Colisão transversal";"Com Vítimas Feridas";"Anoitecer";"Crescente";"Nublado";"Múltipla";"Reta";"Sim";3;0;0;1;2;0;1;3;-16,70477635;-49,34413791;"SR-GO";"UOP02";"DEL01"
332640;2021-01-05;"terça";"18:40:00";"CE";222;"3.6";"FORTALEZA";"Demais falhas mecânicas ou elétricas";"Colisão frontal";"Com Vítimas Feridas";"Plena Noite";"Decrescente";"Céu Claro";"Múltipla";"Ponte";"Sim";2;0;0;1;1;0;1;2;-3,7403769;-38,59569202;"SR-CE";"UOP01";"DEL01"
332641;2021-01-05;"terça";"17:15:00";"RJ";116;"171.8";"BELFORD ROXO";"Trafegar com motocicleta (ou similar) entre as faixas";"Colisão lateral";"Com Vítimas Feridas";"Pleno dia";"Crescente";"Céu Claro";"Múltipla";"Reta";"Sim";3;0;1;0;2;0;1;3;-22,76953375;-43,40732574;"SR-RJ";"UOP02";"DEL01"
332642;2021-01-05;"terça";"11:25:00";"PR";376;"339.6";"ORTIGUEIRA";"Reação tardia ou ineficiente do condutor";"Derramamento de carga";"Sem Vítimas";"Pleno dia";"Crescente";"Céu Claro";"Simples";"Curva";"Não";2;0;0;0;2;0;0;1;-24,13804;-51,00454;"SR-PR";"UAP01";"DEL07"
332643;2021-01-05;"terça";"18:10:00";"RN";304;"296";"MACAIBA";"Condutor deixou de manter distância do veículo da frente";"Colisão traseira";"Com Vítimas Feridas";"Plena Noite";"Crescente";"Céu Claro";"Simples";"Reta";"Não";4;0;1;0;3;0;1;2;-5,86484905;-35,34931012;"SR-RN";"UOP02";"DEL01"
332644;2021-01-05;"terça";"18:45:00";"SP";381;"83";"SAO PAULO";"Reação tardia ou ineficiente do condutor";"Colisão traseira";"Com Vítimas Feridas";"Anoitecer";"Crescente";"Céu Claro";"Dupla";"Reta";"Sim";3;0;2;0;1;0;2;2;-23,4309671;-46,56998022;"SR-SP";"UOP01";"DEL03"
332645;2021-01-05;"terça";"18:00:00";"RS";386;"369.5";"FAZENDA VILANOVA";"Acessar a via sem observar a presença dos outros veículos";"Colisão transversal";"Com Vítimas Feridas";"Anoitecer";"Crescente";"Chuva";"Simples";"Reta";"Sim";2;0;1;0;1;0;1;2;-29,587444;-51,831783;"SR-RS";"UOP02";"DEL04"
332646;2021-01-05;"terça";"18:40:00";"CE";222;"220.7";"SOBRAL";"Iluminação deficiente";"Saída de leito carroçável";"Com Vítimas Feridas";"Plena Noite";"Decrescente";"Céu Claro";"Simples";"Reta";"Não";2;0;2;0;0;0;2;1;-3,72482861;-40,32325745;"SR-CE";"UOP01";"DEL04"
332647;2021-01-05;"terça";"19:20:00";"SC";101;"143";"ITAPEMA";"Manobra de mudança de faixa";"Colisão lateral";"Com Vítimas Feridas";"Plena Noite";"Decrescente";"Garoa/Chuvisco";"Dupla";"Reta";"Sim";3;0;1;0;2;0;1;3;-27,06436;-48,59599405;"SR-SC";"UOP03";"DEL04"
332648;2021-01-05;"terça";"19:00:00";"MG";40;"517";"RIBEIRAO DAS NEVES";"Deixar de acionar o farol da motocicleta (ou similar)";"Colisão transversal";"Com Vítimas Feridas";"Plena Noite";"Crescente";"Nublado";"Dupla";"Interseção de vias";"Sim";2;0;0;1;1;0;1;2;-19,81628624;-44,08960124;"SR-MG";"UOP02";"DEL01"
332649;2021-01-05;"terça";"19:39:00";"PA";163;"1002";"SANTAREM";"Desrespeitar a preferência no cruzamento";"Colisão transversal";"Com Vítimas Feridas";"Plena Noite";"Decrescente";"Céu Claro";"Simples";"Reta";"Sim";2;0;0;1;1;0;1;2;-2,4558936;-54,72865105;"SR-PA";"UOP01";"DEL05"
332651;2021-01-05;"terça";"16:40:00";"RJ";101;"537";"PARATY";"Reação tardia ou ineficiente do condutor";"Colisão frontal";"Sem Vítimas";"Pleno dia";"Crescente";"Céu Claro";"Simples";"Reta";"Sim";2;0;0;0;2;0;0;2;-23,04205934;-44,57003488;"SR-RJ";"UOP02";"DEL03"
332652;2021-01-05;"terça";"16:15:00";"PB";104;"152";"QUEIMADAS";"Transitar no acostamento";"Colisão com objeto";"Com Vítimas Feridas";"Pleno dia";"Crescente";"Céu Claro";"Simples";"Desvio Temporário";"Não";2;0;2;0;0;0;2;1;-7,47287281;-35,93140315;"SR-PB";"UOP03";"DEL02"
332653;2021-01-05;"terça";"17:20:00";"SC";282;"300.9";"VARGEM";"Velocidade Incompatível";"Colisão lateral";"Com Vítimas Feridas";"Pleno dia";"Decrescente";"Chuva";"Simples";"Curva";"Não";2;0;2;0;0;0;2;2;-27,515957;-50,917877;"SR-SC";"UOP06";"DEL07"
332654;2021-01-05;"terça";"16:50:00";"SC";101;"150.3";"ITAPEMA";"Reação tardia ou ineficiente do condutor";"Colisão lateral";"Com Vítimas Feridas";"Pleno dia";"Decrescente";"Nublado";"Simples";"Reta";"Sim";2;0;1;0;1;0;1;2;-27,11744799;-48,60940987;"SR-SC";"UOP03";"DEL04"
332655;2021-01-05;"terça";"19:21:00";"SC";101;"144";"ITAPEMA";"Condutor deixou de manter distância do veículo da frente";"Colisão lateral";"Com Vítimas Feridas";"Plena Noite";"Decrescente";"Garoa/Chuvisco";"Dupla";"Reta";"Sim";2;0;1;0;1;0;1;2;-27,0732659;-48,59672716;"SR-SC";"UOP03";"DEL04"
332657;2021-01-05;"terça";"20:00:00";"ES";101;"65";"SAO MATEUS";"Ausência de reação do condutor";"Colisão lateral";"Com Vítimas Feridas";"Anoitecer";"Crescente";"Céu Claro";"Dupla";"Reta";"Sim";3;0;0;2;1;0;2;2;-18,70935945;-39,87762087;"SR-ES";"UOP02";"DEL04"
332658;2021-01-05;"terça";"18:55:00";"MA";135;"5.1";"SAO LUIS";"Condutor deixou de manter distância do veículo da frente";"Colisão traseira";"Com Vítimas Feridas";"Plena Noite";"Crescente";"Céu Claro";"Dupla";"Reta";"Sim";2;0;1;0;1;0;1;2;-2,62145385;-44,25797421;"SR-MA";"UOP01";"DEL01"
332659;2021-01-05;"terça";"15:00:00";"MA";10;"255";"IMPERATRIZ";"Acessar a via sem observar a presença dos outros veículos";"Colisão transversal";"Com Vítimas Feridas";"Pleno dia";"Decrescente";"Nublado";"Simples";"Reta";"Sim";2;0;1;0;1;0;1;2;-5,508798;-47,471718;"SR-MA";"UOP01";"DEL04"
332661;2021-01-05;"terça";"10:30:00";"RO";NA;"";"VILHENA";"Desrespeitar a preferência no cruzamento";"Queda de ocupante de veículo";"Com Vítimas Feridas";"Pleno dia";"Não Informado";"Céu Claro";"Simples";"Interseção de vias";"Sim";2;0;1;0;1;0;1;2;-12,73945382;-60,13945168;"SR-RO";"UOP01";"DEL04"
332662;2021-01-05;"terça";"20:30:00";"MG";251;"519.6";"MONTES CLAROS";"Transitar no acostamento";"Colisão traseira";"Com Vítimas Feridas";"Plena Noite";"Crescente";"Nublado";"Simples";"Reta";"Não";2;0;0;2;0;0;2;2;-16,66359617;-43,77730598;"SR-MG";"UOP01";"DEL12"
332663;2021-01-05;"terça";"18:40:00";"MA";316;"267.4";"SANTA INES";"Ultrapassagem Indevida";"Colisão frontal";"Com Vítimas Feridas";"Anoitecer";"Crescente";"Céu Claro";"Simples";"Desvio Temporário";"Não";3;0;2;0;1;0;2;2;-3,686531;-45,339451;"SR-MA";"UOP01";"DEL02"
332664;2021-01-05;"terça";"20:40:00";"PR";277;"82";"CURITIBA";"Trafegar com motocicleta (ou similar) entre as faixas";"Colisão traseira";"Com Vítimas Feridas";"Plena Noite";"Decrescente";"Nublado";"Dupla";"Reta";"Sim";2;0;1;0;1;0;1;2;-25,45886201;-49,22148585;"SR-PR";"UOP01";"DEL01"
332665;2021-01-05;"terça";"16:10:00";"MT";364;"560";"COMODORO";"Ultrapassagem Indevida";"Saída de leito carroçável";"Sem Vítimas";"Pleno dia";"Crescente";"Céu Claro";"Simples";"Reta";"Não";1;0;0;0;1;0;0;1;-13,016;-59,930642;"SR-MT";"UOP01";"DEL01"
332666;2021-01-05;"terça";"19:00:00";"RJ";40;"82.5";"PETROPOLIS";"Condutor deixou de manter distância do veículo da frente";"Colisão traseira";"Com Vítimas Feridas";"Plena Noite";"Decrescente";"Vento";"Simples";"Reta";"Sim";3;0;1;0;0;2;1;2;-22,51183137;-43,23076171;"SR-RJ";"UOP03";"DEL06"
332668;2021-01-05;"terça";"21:40:00";"PR";376;"162";"MARINGA";"Condutor deixou de manter distância do veículo da frente";"Colisão traseira";"Com Vítimas Feridas";"Plena Noite";"Decrescente";"Céu Claro";"Dupla";"Reta";"Sim";3;0;2;0;1;0;2;2;-23,37710685;-52,04510993;"SR-PR";"UOP01";"DEL09"
332670;2021-01-05;"terça";"21:30:00";"RS";158;"406.5";"SAO GABRIEL";"Mal súbito do condutor";"Tombamento";"Com Vítimas Fatais";"Plena Noite";"Decrescente";"Céu Claro";"Simples";"Reta";"Não";2;1;0;0;0;1;0;1;-29,97560595;-54,46592331;"SR-RS";"UOP02";"DEL11"
332671;2021-01-05;"terça";"18:50:00";"AM";174;"959";"MANAUS";"Ausência de reação do condutor";"Tombamento";"Com Vítimas Feridas";"Plena Noite";"Decrescente";"Garoa/Chuvisco";"Simples";"Reta";"Não";2;0;2;0;0;0;2;1;-2,31941605;-60,04638457;"SR-AM";"UOP01";"DEL01"
332672;2021-01-05;"terça";"20:50:00";"RS";116;"248";"SAO LEOPOLDO";"Chuva";"Colisão lateral mesmo sentido";"Sem Vítimas";"Plena Noite";"Decrescente";"Chuva";"Múltipla";"Curva";"Sim";3;0;0;0;3;0;0;2;-29,77605895;-51,15508618;"SR-RS";"UOP02";"DEL01"
332673;2021-01-05;"terça";"20:00:00";"GO";60;"252";"INDIARA";"Ingestão de álcool e/ou substâncias psicoativas pelo pedestre";"Atropelamento de Pedestre";"Com Vítimas Feridas";"Plena Noite";"Crescente";"Céu Claro";"Dupla";"Reta";"Sim";4;0;0;1;3;0;1;1;-17,1299;-49,9774;"SR-GO";"UOP02";"DEL01"
332674;2021-01-05;"terça";"20:45:00";"PR";376;"283.9";"MARILANDIA DO SUL";"Ausência de reação do condutor";"Colisão com objeto";"Com Vítimas Feridas";"Plena Noite";"Crescente";"Chuva";"Dupla";"Curva";"Não";3;0;1;0;2;0;1;1;-23,8748749;-51,25339287;"SR-PR";"UAP01";"DEL07"
332676;2021-01-05;"terça";"16:50:00";"SC";470;"155.5";"TROMBUDO CENTRAL";"Ingestão de álcool pelo condutor";"Colisão com objeto";"Com Vítimas Feridas";"Pleno dia";"Decrescente";"Nublado";"Simples";"Curva";"Não";2;0;1;0;1;0;1;2;-27,277105;-49,751972;"SR-SC";"UOP02";"DEL04"
332677;2021-01-05;"terça";"23:00:00";"PE";232;"54.5";"POMBOS";"Ingestão de álcool pelo condutor";"Colisão traseira";"Sem Vítimas";"Plena Noite";"Decrescente";"Céu Claro";"Dupla";"Reta";"Não";2;0;0;0;1;1;0;2;-8,12919504;-35,35716398;"SR-PE";"UOP04";"DEL01"
332678;2021-01-05;"terça";"20:30:00";"MG";146;"488.1";"BOTELHOS";"Velocidade Incompatível";"Colisão com objeto";"Sem Vítimas";"Plena Noite";"Decrescente";"Céu Claro";"Simples";"Não Informado";"Não";1;0;0;0;0;1;0;1;-21,60903;-46,410924;"SR-MG";"UOP01";"DEL09"
332679;2021-01-05;"terça";"14:20:00";"RS";392;"1.5";"RIO GRANDE";"Acessar a via sem observar a presença dos outros veículos";"Colisão traseira";"Com Vítimas Feridas";"Pleno dia";"Decrescente";"Nublado";"Simples";"Interseção de vias";"Sim";2;0;1;0;1;0;1;2;-32,03548;-52,09908;"SR-RS";"UOP02";"DEL07"
332680;2021-01-05;"terça";"21:30:00";"RJ";116;"173";"MESQUITA";"Demais falhas mecânicas ou elétricas";"Colisão com objeto";"Com Vítimas Feridas";"Plena Noite";"Decrescente";"Céu Claro";"Múltipla";"Reta";"Sim";3;0;2;0;0;1;2;1;-22,7728;-43,40443;"SR-RJ";"UOP02";"DEL01"
332682;2021-01-06;"quarta";"01:00:00";"CE";222;"3";"FORTALEZA";"Pedestre andava na pista";"Atropelamento de Pedestre";"Com Vítimas Feridas";"Plena Noite";"Crescente";"Céu Claro";"Dupla";"Reta";"Sim";3;0;1;1;1;0;2;1;-3,7403769;-38,59569202;"SR-CE";"UOP01";"DEL01"
332683;2021-01-06;"quarta";"00:10:00";"ES";262;"66";"MARECHAL FLORIANO";"Velocidade Incompatível";"Capotamento";"Com Vítimas Feridas";"Plena Noite";"Crescente";"Céu Claro";"Simples";"Curva";"Não";1;0;1;0;0;0;1;1;-20,41391338;-40,8504922;"SR-ES";"UOP02";"DEL01"
332684;2021-01-06;"quarta";"00:10:00";"PR";277;"35";"MORRETES";"Demais falhas mecânicas ou elétricas";"Incêndio";"Sem Vítimas";"Plena Noite";"Decrescente";"Nublado";"Dupla";"Não Informado";"Não";1;0;0;0;1;0;0;1;-25,55225338;-48,79892578;"SR-PR";"UOP05";"DEL01"
332685;2021-01-06;"quarta";"01:30:00";"RS";448;"9.5";"CANOAS";"Velocidade Incompatível";"Saída de leito carroçável";"Sem Vítimas";"Plena Noite";"Decrescente";"Garoa/Chuvisco";"Simples";"Não Informado";"Sim";1;0;0;0;1;0;0;1;-29,88134148;-51,23405457;"SR-RS";"UOP02";"DEL01"
332686;2021-01-06;"quarta";"01:30:00";"PR";376;"621";"SAO JOSE DOS PINHAIS";"Condutor Dormindo";"Capotamento";"Com Vítimas Feridas";"Plena Noite";"Crescente";"Garoa/Chuvisco";"Dupla";"Reta";"Sim";1;0;1;0;0;0;1;1;-25,61783292;-49,1690968;"SR-PR";"UOP04";"DEL01"
332687;2021-01-06;"quarta";"03:00:00";"SC";101;"139";"BALNEARIO CAMBORIU";"Pista Escorregadia";"Capotamento";"Com Vítimas Feridas";"Plena Noite";"Crescente";"Nublado";"Dupla";"Curva";"Não";5;0;2;0;3;0;2;1;-27,02982303;-48,60115006;"SR-SC";"UOP03";"DEL04"
332688;2021-01-06;"quarta";"02:20:00";"RS";101;"67";"MAQUINE";"Avarias e/ou desgaste excessivo no pneu";"Incêndio";"Sem Vítimas";"Plena Noite";"Decrescente";"Chuva";"Dupla";"Reta";"Não";1;0;0;0;1;0;0;1;-29,723881;-50,197732;"SR-RS";"UOP02";"DEL03"
332689;2021-01-06;"quarta";"02:30:00";"PR";487;"130";"TUNEIRAS DO OESTE";"Chuva";"Saída de leito carroçável";"Com Vítimas Feridas";"Plena Noite";"Crescente";"Chuva";"Simples";"Desvio Temporário";"Não";4;0;1;0;3;0;1;1;-23,8830792;-52,83207605;"SR-PR";"UOP03";"DEL09"
332690;2021-01-06;"quarta";"04:40:00";"RS";116;"264";"CANOAS";"Velocidade Incompatível";"Saída de leito carroçável";"Sem Vítimas";"Plena Noite";"Decrescente";"Ignorado";"Simples";"Curva";"Sim";4;0;0;0;4;0;0;1;-29,914435;-51,17754495;"SR-RS";"UOP01";"DEL01"
332691;2021-01-06;"quarta";"03:30:00";"PR";116;"16.8";"CAMPINA GRANDE DO SUL";"Velocidade Incompatível";"Tombamento";"Com Vítimas Feridas";"Plena Noite";"Decrescente";"Garoa/Chuvisco";"Dupla";"Curva";"Não";1;0;0;1;0;0;1;1;-25,09969807;-48,692225;"SR-PR";"UOP02";"DEL01"
332692;2021-01-06;"quarta";"05:20:00";"MG";381;"485";"BETIM";"Velocidade Incompatível";"Colisão com objeto";"Com Vítimas Feridas";"Amanhecer";"Decrescente";"Céu Claro";"Dupla";"Não Informado";"Sim";2;0;2;0;0;0;2;1;-19,95659361;-44,12622893;"SR-MG";"UOP03";"DEL01"
332693;2021-01-05;"terça";"16:40:00";"SC";282;"618.5";"IRACEMINHA";"Ultrapassagem Indevida";"Colisão frontal";"Com Vítimas Fatais";"Pleno dia";"Crescente";"Chuva";"Simples";"Não Informado";"Não";4;2;0;1;1;0;1;3;-26,7926859;-53,2960524;"SR-SC";"UOP02";"DEL07"
332694;2021-01-06;"quarta";"06:15:00";"RS";116;"141.7";"CAXIAS DO SUL";"Ultrapassagem Indevida";"Saída de leito carroçável";"Com Vítimas Feridas";"Amanhecer";"Decrescente";"Céu Claro";"Simples";"Reta";"Sim";3;0;2;0;0;1;2;1;-29,11161425;-51,11040472;"SR-RS";"UOP01";"DEL05"
332695;2021-01-06;"quarta";"06:40:00";"SP";116;"362.2";"MIRACATU";"Problema com o freio";"Incêndio";"Sem Vítimas";"Pleno dia";"Crescente";"Sol";"Dupla";"Curva";"Não";1;0;0;0;1;0;0;1;-24,12335319;-47,27135897;"SR-SP";"UOP02";"DEL04"
332696;2021-01-06;"quarta";"06:25:00";"PR";277;"78";"SAO JOSE DOS PINHAIS";"Desvio temporário";"Colisão lateral";"Com Vítimas Feridas";"Pleno dia";"Decrescente";"Nublado";"Dupla";"Reta";"Sim";2;0;1;0;0;1;1;2;-25,48225385;-49,19403076;"SR-PR";"UOP01";"DEL01"
332697;2021-01-06;"quarta";"02:30:00";"MG";262;"392";"FLORESTAL";"Velocidade Incompatível";"Saída de leito carroçável";"Com Vítimas Feridas";"Plena Noite";"Decrescente";"Nublado";"Dupla";"Reta";"Não";2;0;2;0;0;0;2;1;-19,92150767;-44,47289804;"SR-MG";"UOP03";"DEL01"
332699;2021-01-06;"quarta";"07:00:00";"CE";20;"427";"FORTALEZA";"Manobra de mudança de faixa";"Saída de leito carroçável";"Com Vítimas Feridas";"Pleno dia";"Crescente";"Céu Claro";"Múltipla";"Reta";"Não";2;0;0;1;0;1;1;2;-3,76999035;-38,67006282;"SR-CE";"UOP02";"DEL01"
332700;2021-01-06;"quarta";"06:00:00";"SP";459;"29";"LORENA";"Reação tardia ou ineficiente do condutor";"Saída de leito carroçável";"Sem Vítimas";"Amanhecer";"Decrescente";"Céu Claro";"Simples";"Reta";"Sim";1;0;0;0;0;1;0;1;-22,717228;-45,108387;"SR-SP";"UOP01";"DEL08"
332701;2021-01-06;"quarta";"06:50:00";"RS";287;"250";"SANTA MARIA";"Ingestão de álcool pelo condutor";"Colisão lateral mesmo sentido";"Sem Vítimas";"Pleno dia";"Decrescente";"Céu Claro";"Simples";"Interseção de vias";"Sim";2;0;0;0;2;0;0;2;-29,69110561;-53,87039965;"SR-RS";"UOP01";"DEL09"
332703;2021-01-06;"quarta";"07:15:00";"SC";101;"113.8";"ITAJAI";"Acessar a via sem observar a presença dos outros veículos";"Saída de leito carroçável";"Com Vítimas Feridas";"Pleno dia";"Decrescente";"Céu Claro";"Dupla";"Reta";"Sim";1;0;0;1;0;0;1;1;-26,85311393;-48,72689927;"SR-SC";"UOP04";"DEL04"
332704;2021-01-06;"quarta";"07:20:00";"ES";101;"147.5";"LINHARES";"Condutor deixou de manter distância do veículo da frente";"Colisão traseira";"Com Vítimas Feridas";"Pleno dia";"Crescente";"Sol";"Simples";"Reta";"Sim";2;0;0;1;1;0;1;2;-19,37887202;-40,06657892;"SR-ES";"UOP01";"DEL04"
332705;2021-01-06;"quarta";"05:40:00";"MG";251;"521";"MONTES CLAROS";"Reação tardia ou ineficiente do condutor";"Saída de leito carroçável";"Com Vítimas Feridas";"Amanhecer";"Crescente";"Céu Claro";"Simples";"Curva";"Não";1;0;1;0;0;0;1;1;-16,67039297;-43,79223002;"SR-MG";"UOP01";"DEL12"
332706;2021-01-06;"quarta";"01:10:00";"PR";277;"288";"PRUDENTOPOLIS";"Velocidade Incompatível";"Saída de leito carroçável";"Com Vítimas Feridas";"Plena Noite";"Crescente";"Garoa/Chuvisco";"Simples";"Curva";"Não";1;0;1;0;0;0;1;1;-25,32270428;-50,9854861;"SR-PR";"UOP03";"DEL03"
332707;2021-01-06;"quarta";"07:45:00";"RS";290;"316.8";"CACAPAVA DO SUL";"Desrespeitar a preferência no cruzamento";"Colisão transversal";"Sem Vítimas";"Pleno dia";"Decrescente";"Céu Claro";"Simples";"Interseção de vias";"Não";2;0;0;0;2;0;0;2;-30,36695095;-53,36265564;"SR-RS";"UOP02";"DEL09"
332708;2021-01-06;"quarta";"08:00:00";"PE";101;"68.2";"RECIFE";"Manobra de mudança de faixa";"Colisão lateral";"Sem Vítimas";"Pleno dia";"Crescente";"Chuva";"Dupla";"Rotatória";"Sim";2;0;0;0;2;0;0;2;-8,052311;-34,946766;"SR-PE";"UOP01";"DEL01"
332710;2021-01-06;"quarta";"07:10:00";"MT";174;"488";"COMODORO";"Manobra de mudança de faixa";"Colisão lateral";"Com Vítimas Feridas";"Pleno dia";"Crescente";"Chuva";"Simples";"Reta";"Não";2;0;0;1;1;0;1;2;-13,63885245;-59,79859708;"SR-MT";"UOP01";"DEL04"
332711;2021-01-06;"quarta";"08:00:00";"BA";20;"109";"SAO DESIDERIO";"Manobra de mudança de faixa";"Colisão frontal";"Com Vítimas Feridas";"Pleno dia";"Decrescente";"Céu Claro";"Simples";"Reta";"Não";4;0;4;0;0;0;4;2;-13,0121;-45,9985;"SR-BA";"UOP01";"DEL10"
332713;2021-01-06;"quarta";"05:40:00";"PR";116;"61";"CAMPINA GRANDE DO SUL";"Problema com o freio";"Colisão lateral";"Sem Vítimas";"Pleno dia";"Crescente";"Nublado";"Dupla";"Não Informado";"Não";2;0;0;0;2;0;0;2;-25,30264645;-48,96353197;"SR-PR";"UOP02";"DEL01"