"id";"data_inversa";"dia_semana";"horario";"uf";"br";"km";"municipio";"causa_acidente";"tipo_acidente";"classificacao_acidente";"fase_dia";"sentido_via";"condicao_metereologica";"tipo_pista";"tracado_via";"uso_solo";"pessoas";"mortos";"feridos_leves";"feridos_graves";"ilesos";"ignorados";"feridos";"veiculos";"latitude";"longitude";"regional";"delegacia";"uop"
332716;2021-01-06;"quarta";"08:45:00";"SC";282;"16.8";"PALHOCA";"Condutor deixou de manter distância do veículo da frente";"Colisão traseira";"Com Vítimas Feridas";"Pleno dia";"Crescente";"Céu Claro";"Simples";"Reta";"Não";3;0;1;0;2;0;1;3;-27,658611;-48,681847;"SR-SC";"UOP02";"DEL01"
332717;2021-01-06;"quarta";"08:00:00";"GO";20;"185.4";"POSSE";"Acessar a via sem observar a presença dos outros veículos";"Saída de leito carroçável";"Com Vítimas Feridas";"Pleno dia";"Crescente";"Céu Claro";"Dupla";"Interseção de vias";"Não";4;0;3;0;0;1;3;2;-14,443042;-46,462242;"SR-DF";"UOP02";"DEL02"
332718;2021-01-06;"quarta";"09:15:00";"PE";104;"65.4";"CARUARU";"Condutor deixou de manter distância do veículo da frente";"Queda de ocupante de veículo";"Com Vítimas Feridas";"Pleno dia";"Decrescente";"Céu Claro";"Dupla";"Reta";"Sim";1;0;1;0;0;0;1;1;-8,2867;-35,9838;"SR-PE";"UOP01";"DEL02"
332719;2021-01-06;"quarta";"09:35:00";"MG";146;"435.2";"GUAXUPE";"Velocidade Incompatível";"Saída de leito carroçável";"Com Vítimas Feridas";"Pleno dia";"Crescente";"Céu Claro";"Dupla";"Não Informado";"Não";1;0;1;0;0;0;1;1;-21,305765;-46,629408;"SR-MG";"UOP01";"DEL09"
332720;2021-01-06;"quarta";"07:50:00";"SC";101;"235.6";"PALHOCA";"Chuva";"Colisão com objeto";"Com Vítimas Feridas";"Pleno dia";"Decrescente";"Chuva";"Dupla";"Reta";"Sim";2;0;1;0;1;0;1;1;-27,8177775;-48,6315025;"SR-SC";"UOP02";"DEL01"
332721;2021-01-06;"quarta";"08:40:00";"SC";101;"133";"BALNEARIO CAMBORIU";"Acessar a via sem observar a presença dos outros veículos";"Colisão transversal";"Com Vítimas Feridas";"Pleno dia";"Decrescente";"Céu Claro";"Múltipla";"Reta";"Sim";2;0;2;0;0;0;2;2;-26,99936;-48,64609;"SR-SC";"UOP03";"DEL04"
332722;2021-01-06;"quarta";"08:15:00";"ES";101;"236";"FUNDAO";"Condutor deixou de manter distância do veículo da frente";"Tombamento";"Com Vítimas Feridas";"Pleno dia";"Crescente";"Céu Claro";"Simples";"Reta";"Não";2;0;0;1;0;1;1;2;-19,98434998;-40,41371315;"SR-ES";"UOP01";"DEL02"
332723;2021-01-06;"quarta";"09:50:00";"RJ";101;"42.7";"CAMPOS DOS GOYTACAZES";"Condutor deixou de manter distância do veículo da frente";"Colisão traseira";"Com Vítimas Feridas";"Pleno dia";"Crescente";"Céu Claro";"Simples";"Não Informado";"Não";2;0;1;0;1;0;1;2;-21,55565098;-41,32869598;"SR-RJ";"UOP01";"DEL08"
332724;2021-01-06;"quarta";"09:45:00";"MG";459;"73.9";"SENADOR JOSE BENTO";"Mal súbito do condutor";"Saída de leito carroçável";"Com Vítimas Feridas";"Pleno dia";"Decrescente";"Céu Claro";"Simples";"Reta";"Não";1;0;1;0;0;0;1;1;-22,130999;-46,1488;"SR-MG";"UOP01";"DEL09"
332725;2021-01-06;"quarta";"10:10:00";"MG";40;"425";"CURVELO";"Demais falhas mecânicas ou elétricas";"Queda de ocupante de veículo";"Com Vítimas Feridas";"Pleno dia";"Decrescente";"Sol";"Dupla";"Reta";"Não";2;0;2;0;0;0;2;1;-19,16224489;-44,52254591;"SR-MG";"UOP01";"DEL02"
332726;2021-01-06;"quarta";"09:35:00";"PI";343;"91.1";"CARAUBAS DO PIAUI";"Condutor Dormindo";"Capotamento";"Com Vítimas Feridas";"Pleno dia";"Decrescente";"Céu Claro";"Simples";"Reta";"Não";4;0;4;0;0;0;4;1;-3,498422;-41,728745;"SR-PI";"UOP01";"DEL05"
332727;2021-01-06;"quarta";"08:00:00";"RJ";101;"415.5";"MANGARATIBA";"Desrespeitar a preferência no cruzamento";"Colisão lateral sentido oposto";"Com Vítimas Feridas";"Pleno dia";"Decrescente";"Céu Claro";"Dupla";"Interseção de vias";"Sim";6;0;4;1;1;0;5;2;-22,90433243;-43,88181398;"SR-RJ";"UOP01";"DEL03"
332728;2021-01-06;"quarta";"07:00:00";"MT";70;"695";"CACERES";"Acumulo de água sobre o pavimento";"Saída de leito carroçável";"Sem Vítimas";"Pleno dia";"Decrescente";"Garoa/Chuvisco";"Simples";"Curva";"Não";2;0;0;0;2;0;0;1;-16,249053333;-57,474043333;"SR-MT";"UOP01";"DEL03"
332729;2021-01-06;"quarta";"09:50:00";"PR";376;"184";"SARANDI";"Condutor deixou de manter distância do veículo da frente";"Colisão traseira";"Com Vítimas Feridas";"Pleno dia";"Decrescente";"Nublado";"Dupla";"Reta";"Sim";4;0;2;0;2;0;2;2;-23,4465611;-51,86216706;"SR-PR";"UOP01";"DEL09"
332730;2021-01-06;"quarta";"08:30:00";"RJ";393;"122";"SAPUCAIA";"Velocidade Incompatível";"Tombamento";"Com Vítimas Feridas";"Pleno dia";"Decrescente";"Céu Claro";"Simples";"Reta";"Não";1;0;0;1;0;0;1;1;-21,93739287;-42,80519704;"SR-RJ";"UOP02";"DEL04"
332732;2021-01-06;"quarta";"10:10:00";"PR";476;"144";"CURITIBA";"Condutor deixou de manter distância do veículo da frente";"Colisão traseira";"Com Vítimas Feridas";"Pleno dia";"Decrescente";"Céu Claro";"Dupla";"Reta";"Sim";2;0;1;0;1;0;1;2;-25,542501;-49,313011;"SR-PR";"UOP03";"DEL01"
332734;2021-01-06;"quarta";"09:45:00";"BA";101;"260";"SANTO ANTONIO DE JESUS";"Desrespeitar a preferência no cruzamento";"Colisão lateral";"Com Vítimas Fatais";"Pleno dia";"Crescente";"Sol";"Simples";"Interseção de vias";"Não";7;1;5;0;1;0;5;2;-13,06514836;-39,27837343;"SR-BA";"UOP02";"DEL01"
332735;2021-01-06;"quarta";"10:50:00";"ES";262;"5.2";"CARIACICA";"Mal súbito do condutor";"Colisão com objeto";"Com Vítimas Feridas";"Pleno dia";"Crescente";"Sol";"Múltipla";"Reta";"Sim";2;0;0;1;1;0;1;1;-20,33707281;-40,38649924;"SR-ES";"UOP01";"DEL01"
332737;2021-01-06;"quarta";"10:15:00";"GO";364;"63.8";"CACHOEIRA ALTA";"Reação tardia ou ineficiente do condutor";"Saída de leito carroçável";"Com Vítimas Feridas";"Pleno dia";"Decrescente";"Céu Claro";"Simples";"Reta";"Não";2;0;2;0;0;0;2;1;-18,70801;-50,96352;"SR-GO";"UOP02";"DEL05"
332738;2021-01-06;"quarta";"08:40:00";"ES";101;"388.5";"RIO NOVO DO SUL";"Velocidade Incompatível";"Tombamento";"Com Vítimas Feridas";"Pleno dia";"Crescente";"Céu Claro";"Simples";"Curva";"Não";1;0;0;1;0;0;1;1;-20,85689511;-40,8767812;"SR-ES";"UOP02";"DEL03"
332739;2021-01-06;"quarta";"11:16:00";"PR";277;"726.4";"FOZ DO IGUACU";"Ausência de reação do condutor";"Saída de leito carroçável";"Com Vítimas Feridas";"Pleno dia";"Decrescente";"Nublado";"Dupla";"Rotatória";"Sim";1;0;1;0;0;0;1;1;-25,5106015;-54,55481999;"SR-PR";"UOP03";"DEL05"
332740;2021-01-06;"quarta";"07:30:00";"GO";153;"34";"PORANGATU";"Reação tardia ou ineficiente do condutor";"Saída de leito carroçável";"Com Vítimas Feridas";"Pleno dia";"Decrescente";"Sol";"Simples";"Reta";"Não";1;0;1;0;0;0;1;1;-13,120278;-49,199387;"SR-GO";"UOP01";"DEL07"
332741;2021-01-06;"quarta";"09:10:00";"MG";40;"729.8";"OLIVEIRA FORTES";"Demais falhas mecânicas ou elétricas";"Colisão com objeto";"Sem Vítimas";"Pleno dia";"Crescente";"Céu Claro";"Dupla";"Reta";"Não";1;0;0;0;1;0;0;1;-21,32603098;-43,58445806;"SR-MG";"UOP01";"DEL05"
332742;2021-01-06;"quarta";"11:10:00";"MG";262;"547.5";"LUZ";"Ausência de reação do condutor";"Capotamento";"Com Vítimas Feridas";"Pleno dia";"Decrescente";"Nublado";"Simples";"Não Informado";"Não";2;0;1;0;1;0;1;1;-19,74018668;-45,86034892;"SR-MG";"UOP02";"DEL08"
332744;2021-01-06;"quarta";"10:40:00";"RJ";40;"91";"PETROPOLIS";"Ausência de reação do condutor";"Colisão com objeto";"Com Vítimas Feridas";"Pleno dia";"Decrescente";"Céu Claro";"Simples";"Não Informado";"Não";1;0;1;0;0;0;1;1;-22,56328334;-43,23572874;"SR-RJ";"UOP03";"DEL06"
332746;2021-01-06;"quarta";"12:17:00";"GO";153;"500";"GOIANIA";"Ultrapassagem Indevida";"Colisão lateral";"Com Vítimas Feridas";"Pleno dia";"Crescente";"Céu Claro";"Múltipla";"Não Informado";"Sim";2;0;0;1;1;0;1;2;-16,7118;-49,2324;"SR-GO";"UOP01";"DEL01"
332747;2021-01-06;"quarta";"11:30:00";"RJ";465;"17";"NOVA IGUACU";"Desrespeitar a preferência no cruzamento";"Colisão transversal";"Com Vítimas Feridas";"Pleno dia";"Crescente";"Céu Claro";"Simples";"Interseção de vias";"Sim";2;0;1;0;1;0;1;2;-22,823448;-43,619843;"SR-RJ";"UOP04";"DEL01"
332748;2021-01-06;"quarta";"12:05:00";"PR";369;"163.5";"CAMBE";"Condutor deixou de manter distância do veículo da frente";"Engavetamento";"Com Vítimas Feridas";"Pleno dia";"Decrescente";"Sol";"Dupla";"Não Informado";"Sim";8;0;1;0;5;2;1;4;-23,296694;-51,281139;"SR-PR";"UOP01";"DEL07"
332749;2021-01-06;"quarta";"11:35:00";"PR";376;"168";"MARINGA";"Mal súbito do condutor";"Saída de leito carroçável";"Com Vítimas Feridas";"Pleno dia";"Crescente";"Céu Claro";"Dupla";"Reta";"Não";1;0;1;0;0;0;1;1;-23,409788;-51,987453;"SR-PR";"UOP01";"DEL09"
332750;2021-01-06;"quarta";"12:05:00";"PE";101;"139.3";"RIBEIRAO";"Condutor deixou de manter distância do veículo da frente";"Colisão traseira";"Com Vítimas Feridas";"Pleno dia";"Decrescente";"Céu Claro";"Dupla";"Reta";"Não";4;0;2;0;2;0;2;2;-8,42830525;-35,32242771;"SR-PE";"UOP03";"DEL01"
332751;2021-01-06;"quarta";"12:29:00";"SP";116;"146.4";"SAO JOSE DOS CAMPOS";"Reação tardia ou ineficiente do condutor";"Colisão lateral mesmo sentido";"Com Vítimas Feridas";"Pleno dia";"Crescente";"Céu Claro";"Dupla";"Reta";"Sim";2;0;0;1;1;0;1;2;-23,19122919;-45,86327591;"SR-SP";"UOP01";"DEL02"
332752;2021-01-06;"quarta";"11:45:00";"BA";116;"415.2";"FEIRA DE SANTANA";"Acessar a via sem observar a presença dos outros veículos";"Colisão lateral";"Sem Vítimas";"Pleno dia";"Crescente";"Céu Claro";"Simples";"Reta";"Não";2;0;0;0;2;0;0;2;-12,159639;-38,9648641;"SR-BA";"UOP01";"DEL02"
332754;2021-01-06;"quarta";"13:00:00";"GO";70;"470";"ARAGARCAS";"Acessar a via sem observar a presença dos outros veículos";"Colisão lateral";"Com Vítimas Feridas";"Pleno dia";"Decrescente";"Nublado";"Dupla";"Reta";"Sim";2;0;1;0;1;0;1;2;-15,896664;-52,241677;"SR-GO";"UOP01";"DEL04"
332755;2021-01-06;"quarta";"12:15:00";"PB";230;"1";"CABEDELO";"Transitar no acostamento";"Colisão transversal";"Sem Vítimas";"Pleno dia";"Decrescente";"Céu Claro";"Simples";"Reta";"Sim";2;0;0;0;1;1;0;2;-6,9753;-34,8318;"SR-PB";"UOP01";"DEL01"
332756;2021-01-06;"quarta";"12:15:00";"PR";277;"528";"GUARANIACU";"Condutor deixou de manter distância do veículo da frente";"Colisão traseira";"Com Vítimas Feridas";"Pleno dia";"Decrescente";"Chuva";"Simples";"Curva";"Não";4;0;1;0;3;0;1;3;-25,091649;-52,949265;"SR-PR";"UOP01";"DEL04"
332758;2021-01-06;"quarta";"13:15:00";"MG";381;"717.4";"CARMO DA CACHOEIRA";"Pista Escorregadia";"Saída de leito carroçável";"Com Vítimas Feridas";"Pleno dia";"Decrescente";"Chuva";"Dupla";"Curva";"Não";3;0;1;0;2;0;1;1;-21,40279227;-45,21044116;"SR-MG";"UOP02";"DEL04"
332759;2021-01-01;"sexta";"07:15:00";"GO";50;"176.9";"CAMPO ALEGRE DE GOIAS";"Transitar na contramão";"Colisão frontal";"Com Vítimas Feridas";"Pleno dia";"Crescente";"Céu Claro";"Dupla";"Reta";"Não";2;0;1;0;1;0;1;2;-17,3808;-47,7853;"SR-GO";"UOP01";"DEL06"
332760;2021-01-06;"quarta";"13:30:00";"PE";423;"38";"CACHOEIRINHA";"Avarias e/ou desgaste excessivo no pneu";"Saída de leito carroçável";"Com Vítimas Feridas";"Pleno dia";"Crescente";"Céu Claro";"Simples";"Reta";"Sim";1;0;0;1;0;0;1;1;-8,48361315;-36,22574878;"SR-PE";"UOP02";"DEL02"
332762;2021-01-06;"quarta";"13:30:00";"TO";153;"466";"BARROLANDIA";"Ultrapassagem Indevida";"Colisão lateral sentido oposto";"Com Vítimas Feridas";"Pleno dia";"Decrescente";"Chuva";"Múltipla";"Curva";"Não";8;0;6;0;2;0;6;3;-9,96701401;-48,74357888;"SR-TO";"UOP01";"DEL01"
332763;2021-01-06;"quarta";"12:20:00";"TO";153;"623.7";"ALIANCA DO TOCANTINS";"Acessar a via sem observar a presença dos outros veículos";"Colisão traseira";"Com Vítimas Feridas";"Pleno dia";"Decrescente";"Céu Claro";"Simples";"Reta";"Não";6;0;1;0;5;0;1;2;-11,330333;-48,94875;"SR-TO";"UOP02";"DEL01"
332765;2021-01-06;"quarta";"14:10:00";"RS";386;"296.2";"POUSO NOVO";"Condutor deixou de manter distância do veículo da frente";"Colisão lateral mesmo sentido";"Com Vítimas Feridas";"Pleno dia";"Crescente";"Céu Claro";"Simples";"Curva";"Não";2;0;1;0;1;0;1;2;-29,136362;-52,24575;"SR-RS";"UOP01";"DEL04"
332766;2021-01-06;"quarta";"14:00:00";"SP";116;"356";"MIRACATU";"Reação tardia ou ineficiente do condutor";"Colisão com objeto";"Com Vítimas Feridas";"Pleno dia";"Crescente";"Céu Claro";"Dupla";"Curva";"Não";2;0;1;0;1;0;1;1;-24,09010299;-47,25681582;"SR-SP";"UOP02";"DEL04"
332768;2021-01-06;"quarta";"13:50:00";"GO";70;"6";"AGUAS LINDAS DE GOIAS";"Manobra de mudança de faixa";"Colisão lateral";"Com Vítimas Feridas";"Pleno dia";"Crescente";"Céu Claro";"Dupla";"Não Informado";"Não";3;0;1;0;2;0;1;2;-15,75049381;-48,2612381;"SR-DF";"UOP03";"DEL01"
332769;2021-01-06;"quarta";"14:15:00";"SC";470;"93.7";"APIUNA";"Velocidade Incompatível";"Saída de leito carroçável";"Com Vítimas Feridas";"Pleno dia";"Decrescente";"Chuva";"Simples";"Reta";"Sim";3;0;0;1;2;0;1;2;-26,994484;-49,375908;"SR-SC";"UOP01";"DEL04"
332770;2021-01-06;"quarta";"06:30:00";"SC";282;"51.9";"AGUAS MORNAS";"Chuva";"Saída de leito carroçável";"Com Vítimas Feridas";"Pleno dia";"Decrescente";"Chuva";"Simples";"Curva";"Não";1;0;1;0;0;0;1;1;-27,69660973;-48,9641118;"SR-SC";"UOP03";"DEL01"
332771;2021-01-06;"quarta";"14:00:00";"PR";369;"87.6";"CORNELIO PROCOPIO";"Velocidade Incompatível";"Saída de leito carroçável";"Com Vítimas Feridas";"Pleno dia";"Decrescente";"Chuva";"Dupla";"Curva";"Sim";1;0;1;0;0;0;1;1;-23,1741357;-50,62294006;"SR-PR";"UOP01";"DEL07"
332772;2021-01-06;"quarta";"11:25:00";"AL";423;"57.7";"AGUA BRANCA";"Animais na Pista";"Atropelamento de Animal";"Com Vítimas Feridas";"Pleno dia";"Crescente";"Céu Claro";"Simples";"Reta";"Não";1;0;0;1;0;0;1;1;-9,2818233;-37,7826269;"SR-AL";"UOP02";"DEL03"
332773;2021-01-06;"quarta";"13:30:00";"MG";116;"551.9";"SANTA BARBARA DO LESTE";"Velocidade Incompatível";"Saída de leito carroçável";"Com Vítimas Feridas";"Pleno dia";"Crescente";"Céu Claro";"Simples";"Reta";"Sim";1;0;1;0;0;0;1;1;-19,97728983;-42,13901923;"SR-MG";"UOP02";"DEL06"
332774;2021-01-06;"quarta";"14:10:00";"MG";40;"528.5";"CONTAGEM";"Mal súbito do condutor";"Colisão com objeto";"Com Vítimas Feridas";"Pleno dia";"Decrescente";"Chuva";"Múltipla";"Não Informado";"Sim";1;0;0;1;0;0;1;1;-19,90883179;-44,04436577;"SR-MG";"UOP02";"DEL01"
332775;2021-01-06;"quarta";"14:10:00";"SP";116;"144";"SAO JOSE DOS CAMPOS";"Ausência de reação do condutor";"Engavetamento";"Com Vítimas Feridas";"Pleno dia";"Decrescente";"Céu Claro";"Múltipla";"Reta";"Sim";5;0;2;0;3;0;2;4;-23,18274416;-45,84633592;"SR-SP";"UOP01";"DEL02"
332776;2021-01-06;"quarta";"15:20:00";"MG";116;"583.1";"MANHUACU";"Reação tardia ou ineficiente do condutor";"Saída de leito carroçável";"Com Vítimas Feridas";"Pleno dia";"Crescente";"Céu Claro";"Simples";"Reta";"Não";2;0;2;0;0;0;2;1;-20,21424995;-42,18135561;"SR-MG";"UOP04";"DEL06"
332777;2021-01-02;"sábado";"13:23:00";"PA";316;"51";"CASTANHAL";"Manobra de mudança de faixa";"Saída de leito carroçável";"Com Vítimas Feridas";"Pleno dia";"Decrescente";"Chuva";"Dupla";"Reta";"Sim";13;0;3;0;10;0;3;6;-1,30696138;-48,03478;"SR-PA";"UOP01";"DEL01"
332778;2021-01-06;"quarta";"15:30:00";"GO";40;"2";"VALPARAISO DE GOIAS";"Condutor deixou de manter distância do veículo da frente";"Colisão traseira";"Sem Vítimas";"Pleno dia";"Crescente";"Céu Claro";"Dupla";"Reta";"Sim";3;0;0;0;2;1;0;3;-16,067129;-47,984235;"SR-DF";"UOP01";"DEL01"
332779;2021-01-06;"quarta";"15:20:00";"PR";376;"218";"JANDAIA DO SUL";"Conversão proibida";"Colisão frontal";"Com Vítimas Feridas";"Pleno dia";"Crescente";"Céu Claro";"Simples";"Reta";"Sim";2;0;0;1;1;0;1;2;-23,5979215;-51,63219094;"SR-PR";"UOP01";"DEL09"
332780;2021-01-06;"quarta";"15:20:00";"SC";280;"50";"GUARAMIRIM";"Acessar a via sem observar a presença dos outros veículos";"Colisão lateral mesmo sentido";"Com Vítimas Feridas";"Pleno dia";"Decrescente";"Garoa/Chuvisco";"Simples";"Não Informado";"Não";3;0;2;0;1;0;2;2;-26,4619489;-48,94618404;"SR-SC";"UOP03";"DEL03"
332782;2021-01-06;"quarta";"11:40:00";"PE";407;"129.9";"PETROLINA";"Manobra de mudança de faixa";"Colisão com objeto";"Com Vítimas Fatais";"Pleno dia";"Crescente";"Céu Claro";"Dupla";"Não Informado";"Sim";2;1;0;0;1;0;0;2;-9,4078306;-40,50459298;"SR-PE";"UOP01";"DEL06"
332783;2021-01-06;"quarta";"15:30:00";"MG";381;"937.5";"EXTREMA";"Avarias e/ou desgaste excessivo no pneu";"Saída de leito carroçável";"Com Vítimas Feridas";"Pleno dia";"Crescente";"Chuva";"Dupla";"Curva";"Não";2;0;2;0;0;0;2;1;-22,83554657;-46,32086698;"SR-MG";"UOP03";"DEL16"
332784;2021-01-06;"quarta";"14:30:00";"RR";174;"506";"BOA VISTA";"Reação tardia ou ineficiente do condutor";"Colisão traseira";"Sem Vítimas";"Pleno dia";"Crescente";"Céu Claro";"Dupla";"Reta";"Sim";2;0;0;0;2;0;0;2;2,81970229;-60,69447583;"SR-RR";"UOP01";"DEL01"
332785;2021-01-06;"quarta";"16:15:00";"MG";381;"883.3";"ESTIVA";"Condutor Dormindo";"Colisão com objeto";"Com Vítimas Feridas";"Pleno dia";"Crescente";"Nublado";"Dupla";"Reta";"Não";5;0;2;1;2;0;3;2;-22,48621118;-46,01097363;"SR-MG";"UOP03";"DEL16"
332786;2021-01-06;"quarta";"15:30:00";"SP";116;"140";"SAO JOSE DOS CAMPOS";"Condutor deixou de manter distância do veículo da frente";"Colisão traseira";"Sem Vítimas";"Pleno dia";"Crescente";"Nublado";"Dupla";"Reta";"Não";1;0;0;0;1;0;0;1;-23,16577714;-45,81246193;"SR-SP";"UOP01";"DEL06"
332787;2021-01-06;"quarta";"16:40:00";"BA";242;"812";"BARREIRAS";"Condutor Dormindo";"Colisão lateral sentido oposto";"Com Vítimas Feridas";"Pleno dia";"Crescente";"Céu Claro";"Simples";"Reta";"Não";8;0;0;1;7;0;1;3;-12,11824577;-45,05875797;"SR-BA";"UOP01";"DEL10"
332788;2021-01-06;"quarta";"15:50:00";"SC";470;"63";"INDAIAL";"Reação tardia ou ineficiente do condutor";"Saída de leito carroçável";"Com Vítimas Feridas";"Pleno dia";"Decrescente";"Nublado";"Simples";"Curva";"Não";1;0;1;0;0;0;1;1;-26,872396;-49,19228;"SR-SC";"UOP01";"DEL04"
332789;2021-01-06;"quarta";"15:25:00";"MT";163;"754";"SORRISO";"Acumulo de água sobre o pavimento";"Colisão frontal";"Com Vítimas Fatais";"Pleno dia";"Crescente";"Chuva";"Simples";"Reta";"Sim";5;1;3;1;0;0;4;2;-12,63892516;-55,78118581;"SR-MT";"UOP01";"DEL06"
332790;2021-01-06;"quarta";"10:00:00";"CE";222;"176.8";"SOBRAL";"Avarias e/ou desgaste excessivo no pneu";"Tombamento";"Sem Vítimas";"Pleno dia";"Crescente";"Céu Claro";"Simples";"Reta";"Não";2;0;0;0;2;0;0;1;-3,7543413;-40,01281104;"SR-CE";"UOP03";"DEL04"
332791;2021-01-06;"quarta";"15:45:00";"GO";251;"26.6";"CRISTALINA";"Acessar a via sem observar a presença dos outros veículos";"Colisão transversal";"Com Vítimas Feridas";"Pleno dia";"Decrescente";"Céu Claro";"Simples";"Reta";"Sim";2;0;0;1;1;0;1;2;-16,10610344;-47,49477642;"SR-DF";"UOP01";"DEL01"
332792;2021-01-06;"quarta";"16:30:00";"RN";101;"124.3";"SAO JOSE DE MIPIBU";"Acessar a via sem observar a presença dos outros veículos";"Colisão transversal";"Com Vítimas Feridas";"Pleno dia";"Decrescente";"Sol";"Dupla";"Reta";"Sim";2;0;1;0;1;0;1;2;-6,06979404;-35,23813248;"SR-RN";"UOP01";"DEL01"
332793;2021-01-06;"quarta";"15:30:00";"MG";381;"565";"ITAGUARA";"Demais falhas mecânicas ou elétricas";"Incêndio";"Sem Vítimas";"Pleno dia";"Crescente";"Céu Claro";"Dupla";"Reta";"Não";1;0;0;0;1;0;0;1;-20,40868701;-44,52561498;"SR-MG";"UOP03";"DEL04"
332796;2021-01-06;"quarta";"16:45:00";"RN";304;"42.9";"MOSSORO";"Ausência de reação do condutor";"Colisão com objeto";"Com Vítimas Feridas";"Pleno dia";"Decrescente";"Céu Claro";"Dupla";"Reta";"Não";2;0;2;0;0;0;2;1;-5,21764156;-37,36570358;"SR-RN";"UOP01";"DEL04"
332797;2021-01-06;"quarta";"13:40:00";"ES";101;"435.6";"MIMOSO DO SUL";"Velocidade Incompatível";"Tombamento";"Com Vítimas Feridas";"Pleno dia";"Crescente";"Céu Claro";"Simples";"Curva";"Não";5;0;2;0;3;0;2;3;-21,05500952;-41,19609059;"SR-ES";"UOP02";"DEL03"
332798;2021-01-06;"quarta";"17:00:00";"PB";230;"175.9";"CAMPINA GRANDE";"Reação tardia ou ineficiente do condutor";"Saída de leito carroçável";"Com Vítimas Feridas";"Pleno dia";"Crescente";"Céu Claro";"Simples";"Desvio Temporário";"Não";1;0;0;1;0;0;1;1;-7,1775;-36,0247;"SR-PB";"UOP02";"DEL02"
332800;2021-01-06;"quarta";"16:55:00";"RS";386;"294.2";"POUSO NOVO";"Avarias e/ou desgaste excessivo no pneu";"Colisão frontal";"Com Vítimas Fatais";"Pleno dia";"Decrescente";"Chuva";"Simples";"Reta";"Não";2;1;0;0;1;0;0;2;-29,121178;-52,248886;"SR-RS";"UOP01";"DEL04"
332801;2021-01-06;"quarta";"13:05:00";"RS";392;"208.2";"SANTANA DA BOA VISTA";"Chuva";"Capotamento";"Com Vítimas Feridas";"Pleno dia";"Decrescente";"Nublado";"Simples";"Não Informado";"Não";1;0;1;0;0;0;1;1;-30,82114907;-53,17496831;"SR-RS";"UOP02";"DEL09"
332802;2021-01-06;"quarta";"17:40:00";"SP";116;"214";"GUARULHOS";"Condutor deixou de manter distância do veículo da frente";"Colisão traseira";"Com Vítimas Feridas";"Anoitecer";"Decrescente";"Céu Claro";"Múltipla";"Reta";"Não";2;0;1;0;1;0;1;2;-23,44333014;-46,44531294;"SR-SP";"UOP01";"DEL01"
332803;2021-01-06;"quarta";"17:00:00";"GO";158;"259";"JATAI";"Chuva";"Queda de ocupante de veículo";"Com Vítimas Feridas";"Pleno dia";"Decrescente";"Chuva";"Simples";"Reta";"Não";1;0;0;1;0;0;1;1;-17,79845982;-51,79357965;"SR-GO";"UOP01";"DEL05"
332804;2021-01-06;"quarta";"16:40:00";"SP";116;"297.5";"ITAPECERICA DA SERRA";"Reação tardia ou ineficiente do condutor";"Colisão com objeto";"Com Vítimas Feridas";"Pleno dia";"Decrescente";"Nublado";"Dupla";"Curva";"Não";1;0;1;0;0;0;1;1;-23,777746;-46,915581;"SR-SP";"UOP01";"DEL04"
332805;2021-01-06;"quarta";"17:35:00";"PE";104;"47.2";"CARUARU";"Demais falhas mecânicas ou elétricas";"Incêndio";"Sem Vítimas";"Anoitecer";"Crescente";"Céu Claro";"Dupla";"Desvio Temporário";"Não";1;0;0;0;0;1;0;1;-8,1354;-35,9906;"SR-PE";"UOP01";"DEL02"
332806;2021-01-06;"quarta";"16:50:00";"RJ";40;"78";"PETROPOLIS";"Acumulo de óleo sobre o pavimento";"Colisão com objeto";"Com Vítimas Feridas";"Pleno dia";"Crescente";"Chuva";"Simples";"Não Informado";"Não";5;0;4;0;1;0;4;1;-22,485229;-43,2275;"SR-RJ";"UOP03";"DEL06"
332807;2021-01-06;"quarta";"17:20:00";"SC";101;"214";"PALHOCA";"Condutor deixou de manter distância do veículo da frente";"Colisão traseira";"Com Vítimas Feridas";"Pleno dia";"Decrescente";"Céu Claro";"Múltipla";"Reta";"Sim";3;0;1;0;2;0;1;2;-27,64443;-48,67057;"SR-SC";"UOP02";"DEL01"
332808;2021-01-06;"quarta";"12:00:00";"GO";452;"180.5";"ITUMBIARA";"Reação tardia ou ineficiente do condutor";"Saída de leito carroçável";"Com Vítimas Feridas";"Pleno dia";"Decrescente";"Garoa/Chuvisco";"Simples";"Reta";"Não";1;0;1;0;0;0;1;1;-18,3749007;-49,35444174;"SR-GO";"UOP02";"DEL03"
332810;2021-01-06;"quarta";"18:05:00";"SC";101;"208.9";"SAO JOSE";"Velocidade Incompatível";"Colisão com objeto";"Com Vítimas Feridas";"Anoitecer";"Crescente";"Nublado";"Múltipla";"Interseção de vias";"Sim";1;0;1;0;0;0;1;1;-27,60327979;-48,63201818;"SR-SC";"UOP01";"DEL01"
332811;2021-01-06;"quarta";"09:00:00";"BA";116;"580";"BREJOES";"Mal súbito do condutor";"Colisão lateral sentido oposto";"Com Vítimas Fatais";"Pleno dia";"Crescente";"Céu Claro";"Simples";"Curva";"Não";3;1;2;0;0;0;2;3;-13,08915503;-39,9629037;"SR-BA";"UOP02";"DEL03"