"id";"data_inversa";"dia_semana";"horario";"uf";"br";"km";"municipio";"causa_acidente";"tipo_acidente";"classificacao_acidente";"fase_dia";"sentido_via";"condicao_metereologica";"tipo_pista";"tracado_via";"uso_solo";"pessoas";"mortos";"feridos_leves";"feridos_graves";"ilesos";"ignorados";"feridos";"veiculos";"latitude";"longitude";"regional";"delegacia";"uop"
332911;2021-01-07;"quinta";"12:00:00";"ES";101;"298.7";"VIANA";"Acessar a via sem observar a presença dos outros veículos";"Colisão transversal";"Com Vítimas Feridas";"Pleno dia";"Decrescente";"Céu Claro";"Múltipla";"Retorno Regulamentado";"Sim";2;0;0;2;0;0;2;2;-20,35374444;-40,4156433;"SR-ES";"UOP01";"DEL01"
332914;2021-01-07;"quinta";"11:15:00";"RO";364;"706";"PORTO VELHO";"Manobra de mudança de faixa";"Colisão traseira";"Com Vítimas Feridas";"Pleno dia";"Decrescente";"Nublado";"Dupla";"Reta";"Não";3;0;2;0;1;0;2;2;-8,80030539;-63,823428;"SR-RO";"UOP01";"DEL01"
332916;2021-01-07;"quinta";"11:20:00";"GO";60;"102.8";"ANAPOLIS";"Chuva";"Colisão traseira";"Com Vítimas Fatais";"Pleno dia";"Decrescente";"Chuva";"Dupla";"Curva";"Não";3;1;1;1;0;0;2;2;-16,408892;-48,988484;"SR-GO";"UOP01";"DEL02"
332917;2021-01-07;"quinta";"11:20:00";"RJ";493;"79";"JAPERI";"Fumaça";"Engavetamento";"Com Vítimas Feridas";"Pleno dia";"Crescente";"Céu Claro";"Dupla";"Reta";"Não";6;0;6;0;0;0;6;3;-22,664;-43,561;"SR-RJ";"UOP03";"DEL01"
332918;2021-01-07;"quinta";"12:20:00";"MG";40;"738.6";"SANTOS DUMONT";"Velocidade Incompatível";"Saída de leito carroçável";"Com Vítimas Feridas";"Pleno dia";"Decrescente";"Nublado";"Dupla";"Curva";"Sim";4;0;0;2;2;0;2;1;-21,38880304;-43,56910622;"SR-MG";"UOP01";"DEL05"
332919;2021-01-07;"quinta";"11:35:00";"RS";116;"486";"TURUCU";"Acesso irregular";"Tombamento";"Com Vítimas Feridas";"Pleno dia";"Crescente";"Céu Claro";"Simples";"Reta";"Não";1;0;1;0;0;0;1;1;-31,43719298;-52,19160503;"SR-RS";"UOP01";"DEL07"
332920;2021-01-07;"quinta";"12:45:00";"RS";290;"724";"URUGUAIANA";"Desrespeitar a preferência no cruzamento";"Colisão transversal";"Com Vítimas Feridas";"Pleno dia";"Decrescente";"Sol";"Simples";"Interseção de vias";"Sim";3;0;1;0;2;0;1;2;-29,74815207;-57,07843781;"SR-RS";"UOP01";"DEL13"
332921;2021-01-07;"quinta";"12:40:00";"SP";381;"69";"MAIRIPORA";"Velocidade Incompatível";"Colisão com objeto";"Com Vítimas Feridas";"Pleno dia";"Decrescente";"Céu Claro";"Dupla";"Desvio Temporário";"Não";3;0;3;0;0;0;3;1;-23,34553108;-46,56787903;"SR-SP";"UOP01";"DEL03"
332922;2021-01-07;"quinta";"13:00:00";"MG";381;"922";"CAMANDUCAIA";"Chuva";"Saída de leito carroçável";"Com Vítimas Feridas";"Pleno dia";"Decrescente";"Chuva";"Dupla";"Curva";"Não";1;0;1;0;0;0;1;1;-22,76707833;-46,21789606;"SR-MG";"UOP03";"DEL16"
332923;2021-01-07;"quinta";"12:30:00";"BA";116;"7";"FEIRA DE SANTANA";"Acessar a via sem observar a presença dos outros veículos";"Colisão lateral";"Com Vítimas Feridas";"Pleno dia";"Crescente";"Céu Claro";"Dupla";"Rotatória";"Sim";2;0;0;1;0;1;1;2;-12,26935937;-38,98822725;"SR-PE";"UAP01";"DEL05"
332924;2021-01-07;"quinta";"09:30:00";"MT";364;"270";"JACIARA";"Condutor deixou de manter distância do veículo da frente";"Colisão traseira";"Com Vítimas Feridas";"Pleno dia";"Crescente";"Sol";"Dupla";"Reta";"Sim";3;0;1;0;2;0;1;3;-15,9689785;-54,94463002;"SR-MT";"UOP01";"DEL02"
332925;2021-01-07;"quinta";"13:00:00";"MG";40;"505";"RIBEIRAO DAS NEVES";"Avarias e/ou desgaste excessivo no pneu";"Queda de ocupante de veículo";"Com Vítimas Feridas";"Pleno dia";"Decrescente";"Céu Claro";"Dupla";"Reta";"Não";1;0;0;1;0;0;1;1;-19,73838088;-44,14935661;"SR-MG";"UOP01";"DEL02"
332927;2021-01-07;"quinta";"13:05:00";"BA";116;"371.1";"SERRINHA";"Acessar a via sem observar a presença dos outros veículos";"Colisão transversal";"Com Vítimas Feridas";"Pleno dia";"Decrescente";"Sol";"Simples";"Reta";"Não";2;0;0;1;1;0;1;2;-11,770267;-38,985825;"SR-BA";"UOP01";"DEL02"
332928;2021-01-07;"quinta";"00:20:00";"BA";242;"597";"MUQUEM DE SAO FRANCISCO";"Velocidade Incompatível";"Capotamento";"Com Vítimas Fatais";"Plena Noite";"Crescente";"Céu Claro";"Simples";"Interseção de vias";"Não";2;2;0;0;0;0;0;1;-12,1317886;-43,33830714;"SR-BA";"UOP02";"DEL10"
332929;2021-01-07;"quinta";"12:30:00";"RJ";465;"3";"SEROPEDICA";"Reação tardia ou ineficiente do condutor";"Tombamento";"Sem Vítimas";"Pleno dia";"Crescente";"Céu Claro";"Simples";"Reta";"Não";2;0;0;0;2;0;0;2;-22,731;-43,715;"SR-RJ";"UOP03";"DEL01"
332930;2021-01-07;"quinta";"12:45:00";"PR";376;"108.8";"PARANAVAI";"Acumulo de água sobre o pavimento";"Colisão com objeto";"Com Vítimas Feridas";"Pleno dia";"Crescente";"Chuva";"Dupla";"Reta";"Sim";3;0;1;0;2;0;1;1;-23,07492893;-52,41720594;"SR-PR";"UOP02";"DEL09"
332931;2021-01-07;"quinta";"13:20:00";"PR";376;"660";"TIJUCAS DO SUL";"Manobra de mudança de faixa";"Colisão lateral";"Sem Vítimas";"Pleno dia";"Crescente";"Céu Claro";"Dupla";"Curva";"Não";6;0;0;0;6;0;0;2;-25,8516758;-49,00332398;"SR-PR";"UOP04";"DEL01"
332932;2021-01-07;"quinta";"13:15:00";"MG";40;"355";"FELIXLANDIA";"Demais falhas mecânicas ou elétricas";"Saída de leito carroçável";"Sem Vítimas";"Pleno dia";"Crescente";"Chuva";"Simples";"Desvio Temporário";"Não";1;0;0;0;1;0;0;1;-18,72999125;-44,89215101;"SR-MG";"UOP01";"DEL02"
332933;2021-01-07;"quinta";"11:45:00";"MG";116;"411";"GOVERNADOR VALADARES";"Acessar a via sem observar a presença dos outros veículos";"Colisão lateral mesmo sentido";"Com Vítimas Feridas";"Pleno dia";"Crescente";"Sol";"Dupla";"Retorno Regulamentado";"Sim";2;0;1;0;1;0;1;2;-18,8607778;-41,97451115;"SR-MG";"UOP01";"DEL06"
332934;2021-01-07;"quinta";"14:00:00";"RS";472;"156.4";"SANTA ROSA";"Desrespeitar a preferência no cruzamento";"Colisão transversal";"Com Vítimas Fatais";"Pleno dia";"Crescente";"Céu Claro";"Simples";"Interseção de vias";"Sim";6;3;1;1;1;0;2;2;-27,84167731;-54,43490289;"SR-RS";"UOP01";"DEL10"
332935;2021-01-07;"quinta";"06:30:00";"PI";135;"135.7";"BERTOLINIA";"Ausência de reação do condutor";"Saída de leito carroçável";"Com Vítimas Feridas";"Pleno dia";"Crescente";"Céu Claro";"Simples";"Reta";"Não";2;0;0;2;0;0;2;1;-7,70342594;-43,89210296;"SR-PI";"UOP01";"DEL03"
332936;2021-01-07;"quinta";"13:30:00";"ES";101;"376.4";"ICONHA";"Conversão proibida";"Colisão transversal";"Com Vítimas Feridas";"Pleno dia";"Decrescente";"Céu Claro";"Simples";"Curva";"Sim";4;0;0;2;2;0;2;2;-20,79013351;-40,80343867;"SR-ES";"UOP01";"DEL03"
332937;2021-01-07;"quinta";"14:25:00";"CE";116;"304.4";"JAGUARIBE";"Manobra de mudança de faixa";"Colisão frontal";"Com Vítimas Fatais";"Pleno dia";"Crescente";"Céu Claro";"Simples";"Reta";"Não";3;1;0;0;1;1;0;2;-5,8641871;-38,59058993;"SR-CE";"UOP02";"DEL05"
332938;2021-01-07;"quinta";"15:10:00";"MG";381;"365";"SAO GONCALO DO RIO ABAIXO";"Acumulo de óleo sobre o pavimento";"Colisão frontal";"Com Vítimas Feridas";"Pleno dia";"Decrescente";"Chuva";"Simples";"Não Informado";"Não";6;0;3;1;2;0;4;3;-19,86099867;-43,22678089;"SR-MG";"UOP01";"DEL03"
332939;2021-01-07;"quinta";"15:35:00";"SC";101;"62";"ARAQUARI";"Velocidade Incompatível";"Saída de leito carroçável";"Com Vítimas Feridas";"Pleno dia";"Crescente";"Nublado";"Dupla";"Curva";"Não";1;0;1;0;0;0;1;1;-26,45504246;-48,76711901;"SR-SC";"UOP02";"DEL03"
332940;2021-01-07;"quinta";"14:50:00";"GO";40;"112.3";"CRISTALINA";"Avarias e/ou desgaste excessivo no pneu";"Saída de leito carroçável";"Sem Vítimas";"Pleno dia";"Crescente";"Chuva";"Dupla";"Curva";"Não";1;0;0;0;1;0;0;1;-16,849699;-47,492645;"SR-DF";"UOP04";"DEL01"
332941;2021-01-07;"quinta";"15:10:00";"GO";60;"195.5";"GUAPO";"Demais falhas mecânicas ou elétricas";"Incêndio";"Sem Vítimas";"Pleno dia";"Crescente";"Sol";"Dupla";"Reta";"Não";1;0;0;0;1;0;0;1;-16,8523;-49,5775;"SR-GO";"UOP02";"DEL01"
332942;2021-01-07;"quinta";"15:30:00";"PR";158;"537.9";"PATO BRANCO";"Falta de elemento de contenção que evite a saída do leito carroçável";"Saída de leito carroçável";"Com Vítimas Feridas";"Pleno dia";"Decrescente";"Garoa/Chuvisco";"Simples";"Curva";"Sim";2;0;2;0;0;0;2;1;-26,24774787;-52,70513312;"SR-PR";"UOP01";"DEL02"
332943;2021-01-07;"quinta";"15:45:00";"SC";101;"218.2";"PALHOCA";"Transitar na contramão";"Colisão lateral";"Com Vítimas Feridas";"Pleno dia";"Decrescente";"Chuva";"Múltipla";"Reta";"Sim";2;0;0;1;1;0;1;2;-27,6758601;-48,67052525;"SR-SC";"UOP02";"DEL01"
332946;2021-01-07;"quinta";"15:50:00";"SP";381;"84";"SAO PAULO";"Acessar a via sem observar a presença dos outros veículos";"Atropelamento de Pedestre";"Com Vítimas Fatais";"Pleno dia";"Crescente";"Nublado";"Dupla";"Reta";"Sim";2;1;0;0;1;0;0;1;-23,43937;-46,56807;"SR-SP";"UOP01";"DEL03"
332949;2021-01-07;"quinta";"14:00:00";"MA";316;"555.7";"CAXIAS";"Transitar na contramão";"Colisão frontal";"Com Vítimas Fatais";"Pleno dia";"Crescente";"Céu Claro";"Simples";"Curva";"Não";2;1;0;0;1;0;0;2;-4,871665;-43,322151;"SR-MA";"UOP02";"DEL03"
332953;2021-01-07;"quinta";"14:50:00";"PR";277;"660";"MATELANDIA";"Velocidade Incompatível";"Tombamento";"Com Vítimas Feridas";"Pleno dia";"Decrescente";"Nublado";"Dupla";"Curva";"Não";1;0;0;1;0;0;1;1;-25,25136237;-53,99027796;"SR-PR";"UOP02";"DEL05"
332954;2021-01-07;"quinta";"16:00:00";"SP";116;"124.6";"CACAPAVA";"Reação tardia ou ineficiente do condutor";"Colisão com objeto";"Com Vítimas Feridas";"Pleno dia";"Decrescente";"Céu Claro";"Simples";"Reta";"Não";1;0;1;0;0;0;1;1;-23,093116;-45,677904;"SR-SP";"UOP01";"DEL06"
332955;2021-01-07;"quinta";"16:10:00";"SP";116;"166.7";"JACAREI";"Manobra de mudança de faixa";"Colisão traseira";"Sem Vítimas";"Pleno dia";"Crescente";"Céu Claro";"Simples";"Reta";"Sim";3;0;0;0;3;0;0;3;-23,30055667;-46,01686506;"SR-SP";"UOP01";"DEL02"
332956;2021-01-07;"quinta";"16:15:00";"SC";101;"45.2";"JOINVILLE";"Ausência de reação do condutor";"Colisão traseira";"Com Vítimas Feridas";"Pleno dia";"Crescente";"Nublado";"Dupla";"Reta";"Sim";2;0;0;1;1;0;1;2;-26,32214492;-48,8689509;"SR-SC";"UOP01";"DEL03"
332957;2021-01-07;"quinta";"16:00:00";"RJ";116;"304";"RESENDE";"Pista Escorregadia";"Queda de ocupante de veículo";"Com Vítimas Feridas";"Pleno dia";"Crescente";"Chuva";"Múltipla";"Não Informado";"Sim";1;0;0;1;0;0;1;1;-22,4550412;-44,38649998;"SR-RJ";"UOP02";"DEL07"
332958;2021-01-07;"quinta";"16:50:00";"PR";369;"187.4";"ARAPONGAS";"Ultrapassagem Indevida";"Colisão transversal";"Com Vítimas Feridas";"Pleno dia";"Decrescente";"Céu Claro";"Simples";"Reta";"Sim";2;0;1;0;1;0;1;2;-23,427159;-51,423205;"SR-PR";"UAP01";"DEL07"
332959;2021-01-05;"terça";"11:45:00";"MS";163;"78.5";"ITAQUIRAI";"Retorno proibido";"Colisão lateral mesmo sentido";"Com Vítimas Feridas";"Pleno dia";"Crescente";"Garoa/Chuvisco";"Simples";"Reta";"Sim";2;0;1;0;1;0;1;2;-23,47441924;-54,18829399;"SR-MS";"UOP01";"DEL09"
332960;2021-01-07;"quinta";"16:50:00";"PA";316;"52";"CASTANHAL";"Avarias e/ou desgaste excessivo no pneu";"Tombamento";"Com Vítimas Feridas";"Pleno dia";"Crescente";"Céu Claro";"Dupla";"Reta";"Não";1;0;0;1;0;0;1;1;-1,30732485;-48,02586802;"SR-PA";"UOP01";"DEL01"
332963;2021-01-07;"quinta";"17:25:00";"PR";277;"107";"CAMPO LARGO";"Retorno proibido";"Colisão traseira";"Com Vítimas Fatais";"Pleno dia";"Crescente";"Nublado";"Dupla";"Reta";"Não";2;1;0;0;1;0;0;2;-25,47157895;-49,35341791;"SR-PR";"UOP01";"DEL01"
332964;2021-01-07;"quinta";"17:00:00";"RS";386;"357";"ESTRELA";"Velocidade Incompatível";"Saída de leito carroçável";"Com Vítimas Feridas";"Pleno dia";"Decrescente";"Chuva";"Dupla";"Reta";"Não";1;0;1;0;0;0;1;1;-29,5284243;-51,9366892;"SR-RS";"UOP02";"DEL04"
332965;2021-01-07;"quinta";"17:25:00";"PR";476;"125";"CURITIBA";"Ausência de reação do condutor";"Colisão lateral mesmo sentido";"Com Vítimas Feridas";"Pleno dia";"Decrescente";"Céu Claro";"Dupla";"Reta";"Não";3;0;2;0;1;0;2;2;-25,4083;-49,219658;"SR-PR";"UOP03";"DEL01"
332966;2021-01-07;"quinta";"16:00:00";"MG";40;"567";"NOVA LIMA";"Condutor deixou de manter distância do veículo da frente";"Colisão traseira";"Sem Vítimas";"Pleno dia";"Decrescente";"Nublado";"Simples";"Não Informado";"Não";2;0;0;0;1;1;0;2;-20,18749199;-43,96845002;"SR-MG";"UOP02";"DEL01"
332967;2021-01-07;"quinta";"14:20:00";"PI";343;"80";"BURITI DOS LOPES";"Acumulo de água sobre o pavimento";"Saída de leito carroçável";"Sem Vítimas";"Pleno dia";"Crescente";"Chuva";"Simples";"Reta";"Não";1;0;0;0;1;0;0;1;-3,407241;-41,737747;"SR-PI";"UOP01";"DEL05"
332968;2021-01-07;"quinta";"17:15:00";"SP";116;"142.5";"SAO JOSE DOS CAMPOS";"Condutor deixou de manter distância do veículo da frente";"Colisão traseira";"Com Vítimas Feridas";"Pleno dia";"Decrescente";"Sol";"Dupla";"Reta";"Não";5;0;1;0;4;0;1;5;-23,17426078;-45,82940111;"SR-SP";"UOP01";"DEL06"
332969;2021-01-07;"quinta";"12:20:00";"SP";116;"545";"BARRA DO TURVO";"Velocidade Incompatível";"Saída de leito carroçável";"Sem Vítimas";"Pleno dia";"Crescente";"Garoa/Chuvisco";"Múltipla";"Curva";"Não";1;0;0;0;1;0;0;1;-24,95016699;-48,42400302;"SR-SP";"UOP02";"DEL05"
332971;2021-01-07;"quinta";"17:30:00";"PI";343;"248";"CAMPO MAIOR";"Velocidade Incompatível";"Saída de leito carroçável";"Com Vítimas Feridas";"Anoitecer";"Decrescente";"Chuva";"Simples";"Curva";"Não";1;0;1;0;0;0;1;1;-4,712381;-42,090855;"SR-PI";"UOP03";"DEL01"
332972;2021-01-07;"quinta";"17:40:00";"SC";280;"129.1";"RIO NEGRINHO";"Pedestre cruzava a pista fora da faixa";"Atropelamento de Pedestre";"Com Vítimas Feridas";"Pleno dia";"Crescente";"Céu Claro";"Simples";"Não Informado";"Sim";2;0;2;0;0;0;2;1;-26,24586437;-49,52284615;"SR-SC";"UOP03";"DEL06"
332973;2021-01-07;"quinta";"16:00:00";"MG";153;"104";"PRATA";"Acumulo de água sobre o pavimento";"Colisão traseira";"Com Vítimas Fatais";"Pleno dia";"Crescente";"Chuva";"Múltipla";"Reta";"Não";2;1;1;0;0;0;1;2;-19,26347485;-48,92260343;"SR-MG";"UOP03";"DEL15"
332974;2021-01-07;"quinta";"17:45:00";"SC";101;"336.8";"TUBARAO";"Condutor Dormindo";"Saída de leito carroçável";"Com Vítimas Feridas";"Pleno dia";"Crescente";"Chuva";"Dupla";"Não Informado";"Sim";1;0;1;0;0;0;1;1;-28,48636795;-49,03769888;"SR-SC";"UOP01";"DEL02"
332976;2021-01-07;"quinta";"18:00:00";"RJ";101;"484";"ANGRA DOS REIS";"Conversão proibida";"Colisão transversal";"Com Vítimas Feridas";"Anoitecer";"Crescente";"Céu Claro";"Dupla";"Curva";"Sim";2;0;1;0;1;0;1;2;-22,99096308;-44,30429882;"SR-RJ";"UOP01";"DEL03"
332977;2021-01-07;"quinta";"17:45:00";"PR";369;"165.4";"CAMBE";"Condutor deixou de manter distância do veículo da frente";"Engavetamento";"Com Vítimas Feridas";"Anoitecer";"Crescente";"Céu Claro";"Dupla";"Reta";"Sim";5;0;1;0;3;1;1;4;-23,295122;-51,299023;"SR-PR";"UOP01";"DEL07"
332978;2021-01-07;"quinta";"13:15:00";"MA";316;"580.3";"CAXIAS";"Acessar a via sem observar a presença dos outros veículos";"Colisão transversal";"Com Vítimas Feridas";"Pleno dia";"Decrescente";"Céu Claro";"Simples";"Reta";"Sim";4;0;2;1;1;0;3;2;-4,963041;-43,121315;"SR-MA";"UOP02";"DEL03"
332980;2021-01-07;"quinta";"18:20:00";"RS";386;"42.5";"SEBERI";"Acessar a via sem observar a presença dos outros veículos";"Colisão transversal";"Com Vítimas Feridas";"Pleno dia";"Crescente";"Nublado";"Simples";"Reta";"Sim";2;0;0;1;1;0;1;2;-27,430225;-53,420662;"SR-RS";"UOP02";"DEL08"
332981;2021-01-07;"quinta";"17:00:00";"MT";364;"435";"VARZEA GRANDE";"Reação tardia ou ineficiente do condutor";"Atropelamento de Pedestre";"Com Vítimas Feridas";"Anoitecer";"Crescente";"Céu Claro";"Simples";"Reta";"Sim";2;0;1;0;1;0;1;1;-15,64127781;-56,13085281;"SR-MT";"UOP02";"DEL01"
332984;2021-01-07;"quinta";"15:30:00";"PR";369;"180";"ARAPONGAS";"Reação tardia ou ineficiente do condutor";"Atropelamento de Pedestre";"Com Vítimas Feridas";"Pleno dia";"Decrescente";"Céu Claro";"Dupla";"Reta";"Sim";2;0;0;1;1;0;1;1;-23,3702;-51,4089;"SR-PR";"UAP01";"DEL07"
332985;2021-01-07;"quinta";"17:55:00";"SC";163;"70.9";"SAO MIGUEL DO OESTE";"Acessar a via sem observar a presença dos outros veículos";"Colisão transversal";"Com Vítimas Feridas";"Pleno dia";"Crescente";"Nublado";"Simples";"Não Informado";"Sim";2;0;1;0;1;0;1;2;-26,72872742;-53,51215124;"SR-SC";"UOP03";"DEL07"
332986;2021-01-07;"quinta";"15:40:00";"MT";364;"548";"ROSARIO OESTE";"Avarias e/ou desgaste excessivo no pneu";"Saída de leito carroçável";"Com Vítimas Feridas";"Pleno dia";"Decrescente";"Céu Claro";"Dupla";"Reta";"Não";2;0;1;0;1;0;1;1;-14,86197218;-56,45603069;"SR-MT";"UOP01";"DEL01"
332987;2021-01-07;"quinta";"18:15:00";"CE";116;"6";"FORTALEZA";"Condutor deixou de manter distância do veículo da frente";"Colisão traseira";"Com Vítimas Feridas";"Plena Noite";"Crescente";"Céu Claro";"Dupla";"Reta";"Sim";2;0;1;0;1;0;1;2;-3,802624;-38,50400499;"SR-CE";"UOP02";"DEL01"
332988;2021-01-07;"quinta";"16:05:00";"AC";364;"138";"RIO BRANCO";"Desrespeitar a preferência no cruzamento";"Colisão lateral";"Com Vítimas Feridas";"Pleno dia";"Crescente";"Nublado";"Dupla";"Rotatória";"Sim";2;0;1;0;1;0;1;2;-9,96112502;-67,85646604;"SR-AC";"UOP01";"DEL01"
332989;2021-01-07;"quinta";"19:25:00";"ES";101;"266.4";"SERRA";"Condutor desrespeitou a iluminação vermelha do semáforo";"Colisão transversal";"Com Vítimas Feridas";"Plena Noite";"Decrescente";"Céu Claro";"Múltipla";"Interseção de vias";"Sim";3;0;2;0;1;0;2;2;-20,190199;-40,26828891;"SR-ES";"UOP01";"DEL02"
332990;2021-01-07;"quinta";"17:40:00";"GO";60;"48";"ALEXANIA";"Velocidade Incompatível";"Capotamento";"Com Vítimas Feridas";"Anoitecer";"Crescente";"Céu Claro";"Múltipla";"Não Informado";"Não";2;0;1;1;0;0;2;1;-16,1529;-48,6109;"SR-GO";"UOP01";"DEL02"
332991;2021-01-07;"quinta";"19:40:00";"ES";101;"293.9";"CARIACICA";"Velocidade Incompatível";"Capotamento";"Com Vítimas Feridas";"Plena Noite";"Crescente";"Céu Claro";"Múltipla";"Não Informado";"Sim";4;0;3;1;0;0;4;1;-20,31890252;-40,39633155;"SR-ES";"UOP01";"DEL01"
332992;2021-01-07;"quinta";"19:10:00";"ES";101;"270";"SERRA";"Velocidade Incompatível";"Colisão com objeto";"Com Vítimas Feridas";"Plena Noite";"Crescente";"Céu Claro";"Múltipla";"Reta";"Sim";1;0;1;0;0;0;1;1;-20,22662056;-40,27075088;"SR-ES";"UOP01";"DEL02"
332993;2021-01-07;"quinta";"16:35:00";"MG";381;"158.9";"GOVERNADOR VALADARES";"Acesso irregular";"Colisão transversal";"Com Vítimas Feridas";"Pleno dia";"Crescente";"Nublado";"Simples";"Curva";"Não";3;0;1;0;2;0;1;2;-18,91795246;-42,01337465;"SR-MG";"UOP01";"DEL06"
332994;2021-01-07;"quinta";"19:20:00";"BA";324;"572";"SAO SEBASTIAO DO PASSE";"Avarias e/ou desgaste excessivo no pneu";"Tombamento";"Com Vítimas Feridas";"Plena Noite";"Crescente";"Céu Claro";"Dupla";"Reta";"Não";2;0;1;0;1;0;1;1;-12,55680911;-38,56690209;"SR-BA";"UOP01";"DEL01"
332995;2021-01-07;"quinta";"16:30:00";"SC";101;"455.4";"SAO JOAO DO SUL";"Demais falhas mecânicas ou elétricas";"Capotamento";"Com Vítimas Feridas";"Pleno dia";"Crescente";"Nublado";"Dupla";"Não Informado";"Não";1;0;1;0;0;0;1;1;-29,21440894;-49,75853816;"SR-SC";"UOP02";"DEL02"
332996;2021-01-07;"quinta";"20:00:00";"PR";272;"436";"GOIOERE";"Deficiência do Sistema de Iluminação/Sinalização";"Colisão traseira";"Com Vítimas Fatais";"Plena Noite";"Crescente";"Céu Claro";"Simples";"Reta";"Não";3;1;0;1;1;0;1;3;-24,19337809;-53,02812686;"SR-PR";"UOP03";"DEL09"
332997;2021-01-07;"quinta";"19:50:00";"GO";40;"2.7";"VALPARAISO DE GOIAS";"Condutor deixou de manter distância do veículo da frente";"Engavetamento";"Sem Vítimas";"Plena Noite";"Crescente";"Céu Claro";"Dupla";"Retorno Regulamentado";"Sim";3;0;0;0;3;0;0;3;-16,067129;-47,984235;"SR-DF";"UOP01";"DEL01"
332998;2021-01-07;"quinta";"17:10:00";"PR";277;"488.2";"NOVA LARANJEIRAS";"Avarias e/ou desgaste excessivo no pneu";"Saída de leito carroçável";"Com Vítimas Feridas";"Pleno dia";"Crescente";"Chuva";"Simples";"Curva";"Não";2;0;1;0;1;0;1;1;-25,24942715;-52,6289131;"SR-PR";"UOP02";"DEL04"
332999;2021-01-07;"quinta";"20:00:00";"RJ";393;"106";"SAPUCAIA";"Pedestre andava na pista";"Atropelamento de Pedestre";"Sem Vítimas";"Plena Noite";"Decrescente";"Céu Claro";"Simples";"Reta";"Sim";1;0;0;0;1;0;0;1;-21,87764485;-42,67025797;"SR-RJ";"UOP02";"DEL04"
333000;2021-01-07;"quinta";"17:55:00";"RS";470;"11.5";"BARRACAO";"Ausência de reação do condutor";"Saída de leito carroçável";"Com Vítimas Feridas";"Pleno dia";"Crescente";"Sol";"Simples";"Reta";"Sim";1;0;1;0;0;0;1;1;-27,67513708;-51,45475924;"SR-RS";"UOP05";"DEL08"
333001;2021-01-07;"quinta";"20:00:00";"MG";40;"522";"CONTAGEM";"Ausência de reação do condutor";"Engavetamento";"Sem Vítimas";"Plena Noite";"Decrescente";"Chuva";"Dupla";"Reta";"Não";3;0;0;0;3;0;0;3;-19,8638731;-44,06749809;"SR-MG";"UOP02";"DEL01"
333002;2021-01-07;"quinta";"20:40:00";"BA";116;"10";"VITORIA DA CONQUISTA";"Ultrapassagem Indevida";"Colisão lateral";"Com Vítimas Feridas";"Plena Noite";"Crescente";"Céu Claro";"Simples";"Reta";"Sim";2;0;1;0;1;0;1;2;-14,860267;-40,875888;"SR-BA";"UOP01";"DEL08"
333003;2021-01-07;"quinta";"20:15:00";"PR";116;"54";"CAMPINA GRANDE DO SUL";"Ingestão de álcool pelo condutor";"Colisão lateral sentido oposto";"Sem Vítimas";"Plena Noite";"Crescente";"Nublado";"Dupla";"Retorno Regulamentado";"Não";2;0;0;0;2;0;0;2;-25,26972044;-48,91896486;"SR-PR";"UOP02";"DEL01"
333004;2021-01-07;"quinta";"20:00:00";"MT";163;"831";"SINOP";"Acessar a via sem observar a presença dos outros veículos";"Colisão transversal";"Com Vítimas Feridas";"Plena Noite";"Crescente";"Céu Claro";"Dupla";"Retorno Regulamentado";"Sim";2;0;1;0;0;1;1;2;-12,022768;-55,51723;"SR-MT";"UOP01";"DEL06"
333005;2021-01-07;"quinta";"21:20:00";"SC";101;"197.8";"BIGUACU";"Acessar a via sem observar a presença dos outros veículos";"Colisão lateral";"Com Vítimas Fatais";"Plena Noite";"Crescente";"Céu Claro";"Múltipla";"Interseção de vias";"Sim";3;1;0;0;1;1;0;2;-27,5247378;-48,6363316;"SR-SC";"UOP01";"DEL01"
333006;2021-01-07;"quinta";"17:20:00";"BA";116;"376.5";"SANTA BARBARA";"Reação tardia ou ineficiente do condutor";"Capotamento";"Com Vítimas Feridas";"Anoitecer";"Crescente";"Céu Claro";"Simples";"Reta";"Não";4;0;3;1;0;0;4;1;-11,81436489;-38,97845964;"SR-BA";"UOP01";"DEL02"
333007;2021-01-07;"quinta";"18:50:00";"RO";364;"342";"JI-PARANA";"Ingestão de álcool pelo condutor";"Colisão lateral";"Com Vítimas Feridas";"Plena Noite";"Crescente";"Céu Claro";"Dupla";"Ponte";"Sim";3;0;1;0;2;0;1;2;-10,88381227;-61,93741416;"SR-RO";"UOP01";"DEL02"
333008;2021-01-07;"quinta";"21:10:00";"PB";230;"335.3";"PATOS";"Área urbana sem a presença de local apropriado para a travessia de pedestres";"Atropelamento de Pedestre";"Com Vítimas Fatais";"Plena Noite";"Crescente";"Céu Claro";"Simples";"Reta";"Não";3;1;0;0;0;2;0;1;-7,0128;-37,2644;"SR-PB";"UOP01";"DEL03"
333009;2021-01-07;"quinta";"18:00:00";"MG";50;"189.9";"UBERABA";"Velocidade Incompatível";"Saída de leito carroçável";"Sem Vítimas";"Anoitecer";"Crescente";"Chuva";"Dupla";"Viaduto";"Não";1;0;0;0;1;0;0;1;-19,85349943;-47,87170708;"SR-MG";"UOP01";"DEL13"
333010;2021-01-07;"quinta";"21:35:00";"SC";101;"273";"IMBITUBA";"Transitar na contramão";"Colisão frontal";"Com Vítimas Feridas";"Plena Noite";"Decrescente";"Céu Claro";"Dupla";"Reta";"Não";5;0;1;4;0;0;5;2;-28,12382408;-48,69625015;"SR-SC";"UOP03";"DEL02"