"id";"data_inversa";"dia_semana";"horario";"uf";"br";"km";"municipio";"causa_acidente";"tipo_acidente";"classificacao_acidente";"fase_dia";"sentido_via";"condicao_metereologica";"tipo_pista";"tracado_via";"uso_solo";"pessoas";"mortos";"feridos_leves";"feridos_graves";"ilesos";"ignorados";"feridos";"veiculos";"latitude";"longitude";"regional";"delegacia";"uop"
333011;2021-01-07;"quinta";"21:20:00";"BA";324;"547";"AMELIA RODRIGUES";"Condutor Dormindo";"Colisão com objeto";"Com Vítimas Feridas";"Plena Noite";"Crescente";"Céu Claro";"Dupla";"Reta";"Não";1;0;1;0;0;0;1;1;-12,43494;-38,728782;"SR-BA";"UOP03";"DEL01"
333012;2021-01-07;"quinta";"19:20:00";"PB";230;"163.2";"CAMPINA GRANDE";"Acessar a via sem observar a presença dos outros veículos";"Colisão transversal";"Com Vítimas Feridas";"Plena Noite";"Decrescente";"Céu Claro";"Simples";"Reta";"Sim";2;0;1;0;1;0;1;2;-7,2198;-35,9443;"SR-PB";"UOP01";"DEL02"
333013;2021-01-07;"quinta";"21:40:00";"SC";282;"5.5";"SAO JOSE";"Frear bruscamente";"Colisão lateral";"Com Vítimas Feridas";"Plena Noite";"Decrescente";"Nublado";"Dupla";"Reta";"Sim";2;0;1;0;1;0;1;2;-27,588425;-48,612919;"SR-SC";"UOP01";"DEL01"
333014;2021-01-07;"quinta";"21:00:00";"SC";101;"113.7";"ITAJAI";"Manobra de mudança de faixa";"Colisão lateral mesmo sentido";"Com Vítimas Feridas";"Plena Noite";"Decrescente";"Chuva";"Múltipla";"Curva";"Não";2;0;1;0;1;0;1;2;-26,85311393;-48,72689927;"SR-SC";"UOP04";"DEL04"
333015;2021-01-07;"quinta";"22:00:00";"MG";40;"521";"CONTAGEM";"Chuva";"Atropelamento de Pedestre";"Com Vítimas Feridas";"Plena Noite";"Crescente";"Chuva";"Dupla";"Reta";"Não";3;0;2;1;0;0;3;2;-19,85651501;-44,07213222;"SR-MG";"UOP02";"DEL01"
333016;2021-01-07;"quinta";"21:50:00";"SP";116;"312";"SAO LOURENCO DA SERRA";"Manobra de mudança de faixa";"Colisão traseira";"Sem Vítimas";"Plena Noite";"Crescente";"Céu Claro";"Múltipla";"Reta";"Não";2;0;0;0;2;0;0;2;-23,88342825;-46,97368879;"SR-SP";"UOP01";"DEL04"
333017;2021-01-07;"quinta";"21:38:00";"PB";230;"24.2";"JOAO PESSOA";"Entrada inopinada do pedestre";"Atropelamento de Pedestre";"Com Vítimas Fatais";"Plena Noite";"Crescente";"Céu Claro";"Dupla";"Curva";"Sim";3;1;0;0;1;1;0;2;-7,1637;-34,8618;"SR-PB";"UOP01";"DEL01"
333018;2021-01-07;"quinta";"17:33:00";"MG";381;"548.4";"RIO MANSO";"Velocidade Incompatível";"Saída de leito carroçável";"Com Vítimas Feridas";"Anoitecer";"Crescente";"Chuva";"Dupla";"Não Informado";"Não";2;0;2;0;0;0;2;1;-20,286459;-44,435294;"SR-MG";"UOP03";"DEL04"
333019;2021-01-07;"quinta";"22:15:00";"SC";101;"386.2";"ICARA";"Reação tardia ou ineficiente do condutor";"Colisão traseira";"Com Vítimas Feridas";"Plena Noite";"Decrescente";"Nublado";"Dupla";"Reta";"Não";3;0;1;0;2;0;1;2;-28,78750283;-49,34099436;"SR-SC";"UOP02";"DEL02"
333020;2021-01-07;"quinta";"22:25:00";"MG";381;"479";"CONTAGEM";"Velocidade Incompatível";"Tombamento";"Com Vítimas Feridas";"Plena Noite";"Decrescente";"Chuva";"Múltipla";"Não Informado";"Sim";1;0;0;1;0;0;1;1;-19,96423303;-44,04642105;"SR-MG";"UOP03";"DEL01"
333021;2021-01-07;"quinta";"19:30:00";"PR";376;"428.3";"TIBAGI";"Ultrapassagem Indevida";"Colisão frontal";"Com Vítimas Feridas";"Plena Noite";"Crescente";"Nublado";"Simples";"Curva";"Não";3;0;1;0;2;0;1;3;-24,78113491;-50,51347965;"SR-PR";"UOP02";"DEL03"
333022;2021-01-07;"quinta";"21:45:00";"MG";381;"479.3";"CONTAGEM";"Avarias e/ou desgaste excessivo no pneu";"Colisão com objeto";"Com Vítimas Feridas";"Plena Noite";"Decrescente";"Chuva";"Múltipla";"Não Informado";"Sim";2;0;2;0;0;0;2;1;-19,95889605;-44,069202;"SR-MG";"UOP03";"DEL01"
333023;2021-01-07;"quinta";"23:10:00";"RS";116;"263.5";"CANOAS";"Ingestão de álcool e/ou substâncias psicoativas pelo pedestre";"Colisão transversal";"Com Vítimas Feridas";"Plena Noite";"Decrescente";"Céu Claro";"Múltipla";"Reta";"Sim";3;0;1;0;1;1;1;2;-29,90545398;-51,17674031;"SR-RS";"UOP01";"DEL01"
333024;2021-01-07;"quinta";"22:35:00";"SC";101;"131.1";"BALNEARIO CAMBORIU";"Manobra de mudança de faixa";"Colisão traseira";"Com Vítimas Feridas";"Plena Noite";"Decrescente";"Céu Claro";"Dupla";"Reta";"Sim";2;0;1;0;1;0;1;2;-26,99064209;-48,66310912;"SR-SC";"UOP03";"DEL04"
333025;2021-01-07;"quinta";"20:30:00";"RJ";40;"120";"DUQUE DE CAXIAS";"Condutor usando celular";"Colisão traseira";"Com Vítimas Feridas";"Plena Noite";"Crescente";"Céu Claro";"Múltipla";"Não Informado";"Sim";2;0;1;0;1;0;1;2;-22,77280597;-43,28626763;"SR-RJ";"UOP01";"DEL01"
333026;2021-01-07;"quinta";"19:15:00";"MG";116;"127";"ITAOBIM";"Curva acentuada";"Tombamento";"Com Vítimas Feridas";"Plena Noite";"Crescente";"Céu Claro";"Simples";"Curva";"Não";4;0;1;2;1;0;3;2;-16,653504;-41,50203205;"SR-MG";"UOP02";"DEL11"
333027;2021-01-07;"quinta";"23:15:00";"ES";101;"445";"MIMOSO DO SUL";"Problema com o freio";"Incêndio";"Sem Vítimas";"Plena Noite";"Crescente";"Nublado";"Simples";"Reta";"Não";1;0;0;0;1;0;0;1;-21,11046291;-41,26351124;"SR-ES";"UOP02";"DEL03"
333028;2021-01-07;"quinta";"22:00:00";"SC";280;"75";"JARAGUA DO SUL";"Reação tardia ou ineficiente do condutor";"Colisão lateral sentido oposto";"Sem Vítimas";"Plena Noite";"Crescente";"Nublado";"Simples";"Reta";"Sim";3;0;0;0;3;0;0;2;-26,458391;-49,170483;"SR-SC";"UOP03";"DEL03"
333029;2021-01-07;"quinta";"22:15:00";"BA";324;"614";"SALVADOR";"Velocidade Incompatível";"Saída de leito carroçável";"Sem Vítimas";"Plena Noite";"Crescente";"Céu Claro";"Múltipla";"Não Informado";"Sim";1;0;0;0;0;1;0;1;-12,87381079;-38,42892051;"SR-BA";"UOP01";"DEL01"
333031;2021-01-07;"quinta";"19:30:00";"PB";104;"86";"REMIGIO";"Ingestão de álcool pelo condutor";"Colisão frontal";"Com Vítimas Feridas";"Plena Noite";"Decrescente";"Céu Claro";"Simples";"Não Informado";"Não";3;0;1;0;1;1;1;2;-6,95944503;-35,80474009;"SR-PB";"UOP04";"DEL02"
333032;2021-01-07;"quinta";"19:20:00";"PI";135;"327";"CRISTINO CASTRO";"Transitar na contramão";"Colisão transversal";"Com Vítimas Fatais";"Plena Noite";"Crescente";"Céu Claro";"Simples";"Reta";"Sim";2;1;0;0;0;1;0;2;-8,90317205;-44,24680765;"SR-PI";"UOP02";"DEL03"
333033;2021-01-08;"sexta";"00:20:00";"MG";381;"484";"BETIM";"Ingestão de álcool e/ou substâncias psicoativas pelo pedestre";"Colisão traseira";"Com Vítimas Feridas";"Plena Noite";"Decrescente";"Chuva";"Dupla";"Reta";"Sim";1;0;1;0;0;0;1;1;-19,95531717;-44,11722196;"SR-MG";"UOP03";"DEL01"
333034;2021-01-07;"quinta";"23:10:00";"MG";116;"517.7";"UBAPORANGA";"Ausência de reação do condutor";"Colisão frontal";"Com Vítimas Feridas";"Plena Noite";"Decrescente";"Chuva";"Simples";"Reta";"Não";2;0;0;1;1;0;1;2;-19,70492713;-42,11720373;"SR-MG";"UOP02";"DEL06"
333035;2021-01-08;"sexta";"00:45:00";"MG";40;"469";"SETE LAGOAS";"Acumulo de água sobre o pavimento";"Saída de leito carroçável";"Com Vítimas Feridas";"Plena Noite";"Decrescente";"Chuva";"Dupla";"Reta";"Sim";2;0;1;0;1;0;1;1;-19,46099279;-44,30121988;"SR-MG";"UOP01";"DEL02"
333037;2021-01-07;"quinta";"23:30:00";"MG";50;"113.9";"UBERABA";"Ausência de reação do condutor";"Saída de leito carroçável";"Com Vítimas Feridas";"Plena Noite";"Decrescente";"Chuva";"Dupla";"Reta";"Não";1;0;1;0;0;0;1;1;-19,24933392;-48,13570581;"SR-MG";"UOP01";"DEL13"
333038;2021-01-08;"sexta";"01:30:00";"GO";153;"657";"GOIATUBA";"Ausência de reação do condutor";"Saída de leito carroçável";"Sem Vítimas";"Plena Noite";"Decrescente";"Nublado";"Dupla";"Não Informado";"Não";1;0;0;0;1;0;0;1;-18,0277;-49,265;"SR-GO";"UOP01";"DEL03"
333039;2021-01-07;"quinta";"23:45:00";"RO";319;"58";"PORTO VELHO";"Velocidade Incompatível";"Colisão lateral mesmo sentido";"Com Vítimas Feridas";"Plena Noite";"Decrescente";"Nublado";"Simples";"Não Informado";"Sim";5;0;1;0;4;0;1;2;-8,741822;-63,913196;"SR-RO";"UOP01";"DEL01"
333041;2021-01-08;"sexta";"03:00:00";"PE";232;"330";"CUSTODIA";"Ingestão de álcool pelo condutor";"Colisão traseira";"Com Vítimas Fatais";"Plena Noite";"Decrescente";"Céu Claro";"Simples";"Reta";"Não";2;1;0;0;0;1;0;2;-8,09001886;-37,61071801;"SR-PE";"UOP02";"DEL03"
333042;2021-01-08;"sexta";"03:55:00";"SP";116;"212.4";"GUARULHOS";"Manobra de mudança de faixa";"Colisão com objeto";"Com Vítimas Feridas";"Plena Noite";"Decrescente";"Nublado";"Múltipla";"Reta";"Sim";2;0;2;0;0;0;2;1;-23,43608315;-46,42805094;"SR-SP";"UOP01";"DEL01"
333043;2021-01-08;"sexta";"04:00:00";"PE";232;"11";"JABOATAO DOS GUARARAPES";"Animais na Pista";"Atropelamento de Animal";"Com Vítimas Feridas";"Amanhecer";"Decrescente";"Céu Claro";"Dupla";"Reta";"Sim";1;0;1;0;0;0;1;1;-8,08195464;-34,99545022;"SR-PE";"UOP01";"DEL01"
333044;2021-01-08;"sexta";"02:50:00";"PR";376;"248.7";"APUCARANA";"Velocidade Incompatível";"Tombamento";"Com Vítimas Feridas";"Plena Noite";"Crescente";"Céu Claro";"Simples";"Interseção de vias";"Não";1;0;1;0;0;0;1;1;-23,62178992;-51,38837894;"SR-PR";"UAP01";"DEL07"
333045;2021-01-07;"quinta";"16:55:00";"RS";290;"174.5";"BUTIA";"Condutor deixou de manter distância do veículo da frente";"Tombamento";"Com Vítimas Feridas";"Pleno dia";"Crescente";"Céu Claro";"Simples";"Reta";"Sim";2;0;1;0;0;1;1;1;-30,128044;-51,951588;"SR-RS";"UOP03";"DEL02"
333046;2021-01-08;"sexta";"05:30:00";"PR";376;"177";"MARINGA";"Manobra de mudança de faixa";"Colisão traseira";"Sem Vítimas";"Amanhecer";"Crescente";"Céu Claro";"Múltipla";"Reta";"Não";2;0;0;0;2;0;0;2;-23,41595855;-51,92226484;"SR-PR";"UOP01";"DEL09"
333048;2021-01-08;"sexta";"05:10:00";"PR";467;"100";"CASCAVEL";"Velocidade Incompatível";"Saída de leito carroçável";"Com Vítimas Feridas";"Amanhecer";"Decrescente";"Nevoeiro/Neblina";"Dupla";"Curva";"Não";1;0;1;0;0;0;1;1;-24,8947;-53,5355;"SR-PR";"UOP01";"DEL04"
333049;2021-01-08;"sexta";"06:30:00";"SP";116;"219";"GUARULHOS";"Trafegar com motocicleta (ou similar) entre as faixas";"Colisão lateral";"Com Vítimas Feridas";"Amanhecer";"Crescente";"Nublado";"Múltipla";"Reta";"Sim";2;0;1;0;1;0;1;2;-23,46143954;-46,48885316;"SR-SP";"UOP01";"DEL01"
333053;2021-01-07;"quinta";"16:20:00";"RS";392;"150";"CANGUCU";"Demais falhas mecânicas ou elétricas";"Tombamento";"Com Vítimas Feridas";"Pleno dia";"Decrescente";"Céu Claro";"Simples";"Curva";"Não";2;0;1;0;0;1;1;1;-31,15018599;-52,87968996;"SR-RS";"UOP01";"DEL07"
333054;2021-01-08;"sexta";"07:20:00";"PR";277;"73";"SAO JOSE DOS PINHAIS";"Condutor deixou de manter distância do veículo da frente";"Saída de leito carroçável";"Sem Vítimas";"Pleno dia";"Decrescente";"Céu Claro";"Dupla";"Reta";"Não";1;0;0;0;1;0;0;1;-25,52124342;-49,10648119;"SR-PR";"UOP01";"DEL01"
333055;2021-01-08;"sexta";"05:00:00";"SE";235;"15.2";"NOSSA SENHORA DO SOCORRO";"Ingestão de álcool pelo condutor";"Saída de leito carroçável";"Com Vítimas Feridas";"Amanhecer";"Decrescente";"Céu Claro";"Simples";"Reta";"Não";2;0;2;0;0;0;2;1;-10,857119;-37,185043;"SR-SE";"UOP01";"DEL01"
333056;2021-01-08;"sexta";"06:30:00";"SE";235;"10.9";"NOSSA SENHORA DO SOCORRO";"Acostamento em desnível";"Tombamento";"Com Vítimas Feridas";"Pleno dia";"Decrescente";"Céu Claro";"Simples";"Reta";"Não";1;0;0;1;0;0;1;1;-10,87806648;-37,1555686;"SR-SE";"UOP01";"DEL01"
333057;2021-01-08;"sexta";"08:00:00";"PR";369;"154";"LONDRINA";"Velocidade Incompatível";"Colisão traseira";"Com Vítimas Feridas";"Pleno dia";"Decrescente";"Céu Claro";"Dupla";"Reta";"Sim";3;0;1;0;2;0;1;3;-23,29695223;-51,20438665;"SR-PR";"UOP01";"DEL07"
333058;2021-01-08;"sexta";"08:10:00";"SE";101;"91.7";"NOSSA SENHORA DO SOCORRO";"Manobra de mudança de faixa";"Tombamento";"Com Vítimas Feridas";"Pleno dia";"Decrescente";"Céu Claro";"Simples";"Reta";"Sim";1;0;1;0;0;0;1;1;-10,90343621;-37,13378906;"SR-SE";"UOP01";"DEL01"
333059;2021-01-08;"sexta";"07:00:00";"MT";163;"854";"SINOP";"Acessar a via sem observar a presença dos outros veículos";"Colisão transversal";"Com Vítimas Feridas";"Pleno dia";"Crescente";"Chuva";"Simples";"Reta";"Não";3;0;0;1;2;0;1;2;-11,820672;-55,48465698;"SR-MT";"UOP02";"DEL06"
333060;2021-01-08;"sexta";"07:10:00";"MG";40;"716";"BARBACENA";"Velocidade Incompatível";"Tombamento";"Com Vítimas Feridas";"Pleno dia";"Decrescente";"Nevoeiro/Neblina";"Dupla";"Curva";"Sim";1;0;0;1;0;0;1;1;-21,25153502;-43,66402206;"SR-MG";"UOP01";"DEL05"
333062;2021-01-08;"sexta";"04:30:00";"RS";290;"662.3";"URUGUAIANA";"Ingestão de álcool pelo condutor";"Saída de leito carroçável";"Sem Vítimas";"Amanhecer";"Crescente";"Céu Claro";"Simples";"Reta";"Não";1;0;0;0;1;0;0;1;-29,988597;-56,531761;"SR-RS";"UOP01";"DEL13"
333063;2021-01-08;"sexta";"08:20:00";"PR";277;"5";"FOZ DO IGUACU";"Manobra de mudança de faixa";"Colisão lateral";"Com Vítimas Feridas";"Pleno dia";"Decrescente";"Céu Claro";"Dupla";"Reta";"Sim";1;0;1;0;0;0;1;1;-25,5469;-54,5882;"SR-PR";"UOP03";"DEL05"
333064;2021-01-08;"sexta";"05:15:00";"BA";101;"402";"IBIRAPITANGA";"Curva acentuada";"Tombamento";"Com Vítimas Feridas";"Pleno dia";"Crescente";"Céu Claro";"Simples";"Curva";"Não";1;0;1;0;0;0;1;1;-14,10785002;-39,36505811;"SR-BA";"UOP03";"DEL05"
333065;2021-01-08;"sexta";"07:45:00";"PR";277;"593";"CASCAVEL";"Acessar a via sem observar a presença dos outros veículos";"Colisão transversal";"Com Vítimas Feridas";"Pleno dia";"Decrescente";"Nublado";"Simples";"Reta";"Não";2;0;1;0;1;0;1;2;-24,98082053;-53,48254989;"SR-PR";"UOP01";"DEL04"
333066;2021-01-08;"sexta";"08:20:00";"MG";116;"704.5";"MURIAE";"Desrespeitar a preferência no cruzamento";"Colisão transversal";"Com Vítimas Feridas";"Pleno dia";"Decrescente";"Sol";"Simples";"Interseção de vias";"Sim";2;0;1;0;1;0;1;2;-21,12476;-42,38135;"SR-MG";"UOP02";"DEL07"
333067;2021-01-08;"sexta";"09:00:00";"MG";381;"349";"JOAO MONLEVADE";"Velocidade Incompatível";"Tombamento";"Com Vítimas Feridas";"Pleno dia";"Crescente";"Nublado";"Simples";"Curva";"Não";4;0;3;0;1;0;3;2;-19,8499239;-43,14868105;"SR-MG";"UOP01";"DEL03"
333069;2021-01-08;"sexta";"09:00:00";"RN";101;"106";"PARNAMIRIM";"Desrespeitar a preferência no cruzamento";"Colisão transversal";"Com Vítimas Feridas";"Pleno dia";"Decrescente";"Céu Claro";"Simples";"Reta";"Sim";2;0;1;0;1;0;1;2;-5,91056401;-35,26130795;"SR-RN";"UOP01";"DEL01"
333073;2021-01-08;"sexta";"07:25:00";"PR";116;"102";"SAO JOSE DOS PINHAIS";"Condutor deixou de manter distância do veículo da frente";"Colisão traseira";"Sem Vítimas";"Pleno dia";"Crescente";"Céu Claro";"Dupla";"Reta";"Não";3;0;0;0;3;0;0;3;-25,550639;-49,15025;"SR-PR";"UOP01";"DEL01"
333074;2021-01-08;"sexta";"07:20:00";"GO";153;"499.8";"GOIANIA";"Acessar a via sem observar a presença dos outros veículos";"Colisão lateral";"Sem Vítimas";"Pleno dia";"Crescente";"Sol";"Dupla";"Reta";"Sim";3;0;0;0;3;0;0;3;-16,7033;-49,2311;"SR-GO";"UOP01";"DEL01"
333075;2021-01-08;"sexta";"07:00:00";"MG";381;"426.8";"CAETE";"Velocidade Incompatível";"Colisão com objeto";"Com Vítimas Feridas";"Pleno dia";"Crescente";"Nublado";"Dupla";"Reta";"Não";1;0;1;0;0;0;1;1;-19,78686195;-43,68924804;"SR-MG";"UOP01";"DEL01"
333076;2021-01-08;"sexta";"10:12:00";"PR";116;"98";"SAO JOSE DOS PINHAIS";"Condutor deixou de manter distância do veículo da frente";"Colisão lateral";"Com Vítimas Feridas";"Pleno dia";"Crescente";"Céu Claro";"Dupla";"Reta";"Não";3;0;2;0;1;0;2;2;-25,51973222;-49,13431573;"SR-PR";"UOP01";"DEL01"
333077;2021-01-08;"sexta";"10:12:00";"RS";116;"337.8";"BARRA DO RIBEIRO";"Acessar a via sem observar a presença dos outros veículos";"Colisão transversal";"Com Vítimas Feridas";"Pleno dia";"Decrescente";"Céu Claro";"Simples";"Reta";"Sim";7;0;3;2;2;0;5;2;-30,43086668;-51,47405924;"SR-RS";"UOP02";"DEL02"
333079;2021-01-08;"sexta";"10:00:00";"SC";101;"205";"SAO JOSE";"Acessar a via sem observar a presença dos outros veículos";"Colisão transversal";"Com Vítimas Feridas";"Pleno dia";"Decrescente";"Céu Claro";"Múltipla";"Interseção de vias";"Não";2;0;1;0;1;0;1;2;-27,58313237;-48,61532885;"SR-SC";"UOP01";"DEL01"
333080;2021-01-08;"sexta";"09:50:00";"SC";101;"312.1";"LAGUNA";"Obras na pista";"Colisão traseira";"Com Vítimas Feridas";"Pleno dia";"Crescente";"Sol";"Simples";"Não Informado";"Não";2;0;0;1;1;0;1;2;-28,433701;-48,806344;"SR-SC";"UOP01";"DEL02"
333081;2021-01-08;"sexta";"10:30:00";"RS";290;"80";"GRAVATAI";"Acessar a via sem observar a presença dos outros veículos";"Tombamento";"Com Vítimas Feridas";"Pleno dia";"Decrescente";"Céu Claro";"Simples";"Curva";"Sim";1;0;1;0;0;0;1;1;-29,95642184;-51,03046417;"SR-RS";"UOP01";"DEL01"
333082;2021-01-08;"sexta";"10:03:00";"RJ";101;"486";"ANGRA DOS REIS";"Condutor deixou de manter distância do veículo da frente";"Colisão traseira";"Com Vítimas Feridas";"Pleno dia";"Decrescente";"Céu Claro";"Simples";"Reta";"Sim";3;0;1;0;2;0;1;3;-22,9770878619;-44,2963465282;"SR-RJ";"UOP01";"DEL03"
333083;2021-01-08;"sexta";"10:40:00";"SC";101;"115";"ITAJAI";"Velocidade Incompatível";"Tombamento";"Com Vítimas Feridas";"Pleno dia";"Decrescente";"Céu Claro";"Múltipla";"Reta";"Sim";1;0;1;0;0;0;1;1;-26,87064015;-48,72954134;"SR-SC";"UOP04";"DEL04"
333085;2021-01-08;"sexta";"09:35:00";"MS";163;"264.8";"DOURADOS";"Velocidade Incompatível";"Colisão com objeto";"Com Vítimas Feridas";"Pleno dia";"Decrescente";"Sol";"Dupla";"Rotatória";"Sim";1;0;1;0;0;0;1;1;-22,22407658;-54,73247531;"SR-MS";"UOP01";"DEL04"
333086;2021-01-08;"sexta";"09:30:00";"RS";290;"422.9";"SAO GABRIEL";"Reação tardia ou ineficiente do condutor";"Saída de leito carroçável";"Com Vítimas Feridas";"Pleno dia";"Decrescente";"Céu Claro";"Simples";"Interseção de vias";"Sim";1;0;1;0;0;0;1;1;-30,32956026;-54,3640334;"SR-RS";"UOP02";"DEL11"
333088;2021-01-08;"sexta";"09:10:00";"SP";116;"357.8";"MIRACATU";"Demais falhas mecânicas ou elétricas";"Incêndio";"Sem Vítimas";"Pleno dia";"Decrescente";"Nublado";"Simples";"Reta";"Não";1;0;0;0;1;0;0;1;-24,09799899;-47,2538542;"SR-SP";"UOP02";"DEL04"
333089;2021-01-08;"sexta";"10:20:00";"BA";101;"357";"WENCESLAU GUIMARAES";"Condutor deixou de manter distância do veículo da frente";"Colisão traseira";"Sem Vítimas";"Pleno dia";"Decrescente";"Céu Claro";"Simples";"Reta";"Sim";2;0;0;0;2;0;0;2;-13,67978738;-39,47731756;"SR-BA";"UOP03";"DEL05"
333090;2021-01-08;"sexta";"11:50:00";"SC";470;"126.4";"LONTRAS";"Desrespeitar a preferência no cruzamento";"Colisão transversal";"Com Vítimas Feridas";"Pleno dia";"Decrescente";"Céu Claro";"Simples";"Não Informado";"Não";3;0;2;0;1;0;2;2;-27,129;-49,538277;"SR-SC";"UOP02";"DEL04"
333091;2021-01-08;"sexta";"11:45:00";"SP";116;"289";"ITAPECERICA DA SERRA";"Trafegar com motocicleta (ou similar) entre as faixas";"Colisão traseira";"Com Vítimas Fatais";"Pleno dia";"Crescente";"Céu Claro";"Dupla";"Desvio Temporário";"Não";2;1;0;0;1;0;0;2;-23,72290969;-46,89096614;"SR-SP";"UOP01";"DEL04"
333094;2021-01-08;"sexta";"12:25:00";"SP";381;"75";"SAO PAULO";"Reação tardia ou ineficiente do condutor";"Saída de leito carroçável";"Com Vítimas Feridas";"Pleno dia";"Decrescente";"Nublado";"Múltipla";"Curva";"Não";4;0;1;0;0;3;1;1;-23,37660089;-46,56409613;"SR-SP";"UOP01";"DEL03"
333095;2021-01-08;"sexta";"11:10:00";"MS";463;"85";"PONTA PORA";"Reação tardia ou ineficiente do condutor";"Capotamento";"Com Vítimas Feridas";"Pleno dia";"Decrescente";"Céu Claro";"Simples";"Reta";"Não";4;0;2;2;0;0;4;1;-22,56428726;-55,4948987;"SR-MS";"UOP03";"DEL04"
333096;2021-01-08;"sexta";"11:40:00";"BA";242;"627";"MUQUEM DE SAO FRANCISCO";"Condutor Dormindo";"Saída de leito carroçável";"Com Vítimas Fatais";"Pleno dia";"Decrescente";"Céu Claro";"Simples";"Reta";"Não";6;1;2;2;0;1;4;1;-12,214783;-43,548843;"SR-BA";"UOP02";"DEL10"
333097;2021-01-08;"sexta";"09:00:00";"CE";222;"178";"SAO LUIS DO CURU";"Reação tardia ou ineficiente do condutor";"Capotamento";"Com Vítimas Feridas";"Pleno dia";"Decrescente";"Céu Claro";"Simples";"Reta";"Sim";1;0;1;0;0;0;1;1;-3,673;-39,24;"SR-CE";"UOP03";"DEL04"
333099;2021-01-08;"sexta";"12:20:00";"GO";40;"107";"CRISTALINA";"Ausência de reação do condutor";"Capotamento";"Com Vítimas Feridas";"Pleno dia";"Decrescente";"Céu Claro";"Dupla";"Reta";"Não";4;0;3;1;0;0;4;1;-16,831588;-47,535099;"SR-DF";"UOP04";"DEL01"
333100;2021-01-08;"sexta";"12:30:00";"RS";116;"523.9";"PELOTAS";"Velocidade Incompatível";"Tombamento";"Com Vítimas Fatais";"Pleno dia";"Decrescente";"Céu Claro";"Simples";"Rotatória";"Não";1;1;0;0;0;0;0;1;-31,72552073;-52,38313437;"SR-RS";"UOP01";"DEL07"
333101;2021-01-08;"sexta";"10:37:00";"MG";262;"823.5";"UBERABA";"Reação tardia ou ineficiente do condutor";"Colisão lateral mesmo sentido";"Com Vítimas Feridas";"Pleno dia";"Decrescente";"Céu Claro";"Dupla";"Reta";"Não";2;0;1;0;1;0;1;2;-19,75760422;-48,1522031;"SR-MG";"UOP01";"DEL13"
333102;2021-01-08;"sexta";"12:50:00";"RJ";116;"306";"RESENDE";"Problema com o freio";"Engavetamento";"Sem Vítimas";"Pleno dia";"Crescente";"Céu Claro";"Dupla";"Reta";"Não";4;0;0;0;4;0;0;3;-22,45645538;-44,40259093;"SR-RJ";"UOP02";"DEL07"
333104;2021-01-08;"sexta";"13:10:00";"RJ";40;"111";"DUQUE DE CAXIAS";"Manobra de mudança de faixa";"Colisão lateral";"Com Vítimas Feridas";"Pleno dia";"Decrescente";"Céu Claro";"Múltipla";"Reta";"Não";1;0;1;0;0;0;1;1;-22,691868;-43,287453;"SR-RJ";"UOP01";"DEL01"
333106;2021-01-08;"sexta";"13:50:00";"PR";369;"239.1";"JANDAIA DO SUL";"Desrespeitar a preferência no cruzamento";"Colisão transversal";"Com Vítimas Feridas";"Pleno dia";"Crescente";"Céu Claro";"Simples";"Não Informado";"Não";3;0;2;0;1;0;2;2;-23,66203682;-51,69197202;"SR-PR";"UOP01";"DEL09"
333107;2021-01-08;"sexta";"12:20:00";"SP";116;"103.2";"TAUBATE";"Manobra de mudança de faixa";"Colisão com objeto";"Com Vítimas Feridas";"Pleno dia";"Decrescente";"Nublado";"Dupla";"Reta";"Não";2;0;2;0;0;0;2;1;-22,99919465;-45,49788917;"SR-SP";"UOP02";"DEL02"
333108;2021-01-08;"sexta";"14:05:00";"SC";101;"147";"ITAPEMA";"Manobra de mudança de faixa";"Colisão lateral";"Com Vítimas Feridas";"Pleno dia";"Decrescente";"Nublado";"Dupla";"Reta";"Sim";2;0;1;0;1;0;1;2;-27,09237407;-48,61730888;"SR-SC";"UOP03";"DEL04"
333109;2021-01-08;"sexta";"13:40:00";"ES";101;"300.3";"VIANA";"Acessar a via sem observar a presença dos outros veículos";"Atropelamento de Pedestre";"Sem Vítimas";"Pleno dia";"Crescente";"Sol";"Múltipla";"Não Informado";"Sim";5;0;0;0;5;0;0;2;-20,358635;-40,432167;"SR-ES";"UOP01";"DEL01"
333110;2021-01-08;"sexta";"12:00:00";"PB";104;"179.1";"ALCANTIL";"Condutor Dormindo";"Capotamento";"Com Vítimas Feridas";"Pleno dia";"Crescente";"Céu Claro";"Simples";"Curva";"Não";1;0;1;0;0;0;1;1;-7,631788;-36,079616;"SR-PB";"UOP03";"DEL02"
333111;2021-01-08;"sexta";"14:10:00";"ES";262;"64";"MARECHAL FLORIANO";"Chuva";"Capotamento";"Com Vítimas Feridas";"Pleno dia";"Decrescente";"Chuva";"Simples";"Reta";"Não";1;0;1;0;0;0;1;1;-20,41797008;-40,81618087;"SR-ES";"UOP02";"DEL01"
333112;2021-01-08;"sexta";"13:56:00";"CE";116;"63.5";"CHOROZINHO";"Transitar na contramão";"Colisão frontal";"Com Vítimas Fatais";"Pleno dia";"Crescente";"Céu Claro";"Simples";"Reta";"Não";9;1;1;1;5;1;2;2;-4,2726331773;-38,491591437;"SR-CE";"UOP02";"DEL03"
333113;2021-01-08;"sexta";"08:15:00";"MG";153;"113.4";"PRATA";"Ausência de reação do condutor";"Colisão lateral sentido oposto";"Com Vítimas Feridas";"Pleno dia";"Crescente";"Céu Claro";"Simples";"Reta";"Não";3;0;1;0;2;0;1;2;-19,34053794;-48,90019179;"SR-MG";"UOP03";"DEL15"