"id";"data_inversa";"dia_semana";"horario";"uf";"br";"km";"municipio";"causa_acidente";"tipo_acidente";"classificacao_acidente";"fase_dia";"sentido_via";"condicao_metereologica";"tipo_pista";"tracado_via";"uso_solo";"pessoas";"mortos";"feridos_leves";"feridos_graves";"ilesos";"ignorados";"feridos";"veiculos";"latitude";"longitude";"regional";"delegacia";"uop"
333114;2021-01-08;"sexta";"14:40:00";"PR";376;"525";"PONTA GROSSA";"Velocidade Incompatível";"Colisão lateral mesmo sentido";"Com Vítimas Fatais";"Pleno dia";"Decrescente";"Nublado";"Dupla";"Não Informado";"Não";2;1;0;0;1;0;0;2;-25,2695646;-49,9375481;"SR-PR";"UAP01";"DEL03"
333115;2021-01-08;"sexta";"12:27:00";"SP";116;"387";"MIRACATU";"Reação tardia ou ineficiente do condutor";"Colisão traseira";"Sem Vítimas";"Pleno dia";"Crescente";"Céu Claro";"Dupla";"Reta";"Não";2;0;0;0;2;0;0;2;-24,26558971;-47,38858809;"SR-SP";"UOP02";"DEL04"
333116;2021-01-08;"sexta";"14:55:00";"ES";101;"269.5";"SERRA";"Reação tardia ou ineficiente do condutor";"Colisão com objeto";"Com Vítimas Feridas";"Pleno dia";"Crescente";"Céu Claro";"Dupla";"Reta";"Sim";2;0;2;0;0;0;2;1;-20,21740496;-40,26990578;"SR-ES";"UOP01";"DEL02"
333118;2021-01-08;"sexta";"15:20:00";"RS";116;"251";"SAO LEOPOLDO";"Demais falhas mecânicas ou elétricas";"Incêndio";"Sem Vítimas";"Pleno dia";"Decrescente";"Sol";"Dupla";"Reta";"Sim";1;0;0;0;1;0;0;1;-29,796909;-51,16492;"SR-RS";"UOP02";"DEL01"
333120;2021-01-08;"sexta";"15:05:00";"SC";101;"125.8";"ITAJAI";"Reação tardia ou ineficiente do condutor";"Colisão lateral mesmo sentido";"Com Vítimas Feridas";"Pleno dia";"Decrescente";"Nublado";"Dupla";"Reta";"Não";2;0;1;0;1;0;1;2;-26,94802427;-48,68338515;"SR-SC";"UOP04";"DEL04"
333121;2021-01-08;"sexta";"14:45:00";"MG";381;"481.8";"CONTAGEM";"Reação tardia ou ineficiente do condutor";"Colisão traseira";"Com Vítimas Feridas";"Pleno dia";"Crescente";"Sol";"Múltipla";"Reta";"Sim";3;0;1;0;2;0;1;3;-19,95931561;-44,08825597;"SR-MG";"UOP03";"DEL01"
333122;2021-01-08;"sexta";"15:15:00";"SP";116;"224.9";"GUARULHOS";"Trafegar com motocicleta (ou similar) entre as faixas";"Colisão lateral mesmo sentido";"Com Vítimas Feridas";"Pleno dia";"Decrescente";"Céu Claro";"Múltipla";"Reta";"Sim";3;0;0;1;2;0;1;3;-23,48071896;-46,53271603;"SR-SP";"UOP01";"DEL01"
333123;2021-01-08;"sexta";"13:30:00";"SC";280;"71.6";"JARAGUA DO SUL";"Reação tardia ou ineficiente do condutor";"Colisão traseira";"Com Vítimas Feridas";"Pleno dia";"Crescente";"Nublado";"Simples";"Não Informado";"Não";2;0;1;0;1;0;1;2;-26,46151693;-49,13480597;"SR-SC";"UOP03";"DEL03"
333124;2021-01-07;"quinta";"15:00:00";"MG";365;"567";"INDIANOPOLIS";"Condutor Dormindo";"Saída de leito carroçável";"Com Vítimas Feridas";"Plena Noite";"Crescente";"Céu Claro";"Dupla";"Reta";"Não";1;0;1;0;0;0;1;1;-18,91639564;-47,84482105;"SR-MG";"UOP02";"DEL15"
333125;2021-01-08;"sexta";"13:30:00";"GO";40;"72";"CRISTALINA";"Reação tardia ou ineficiente do condutor";"Capotamento";"Sem Vítimas";"Pleno dia";"Decrescente";"Céu Claro";"Simples";"Reta";"Não";3;0;0;0;3;0;0;1;-16,615897;-47,756002;"SR-DF";"UOP04";"DEL01"
333126;2021-01-08;"sexta";"11:10:00";"MG";40;"142.4";"JOAO PINHEIRO";"Acessar a via sem observar a presença dos outros veículos";"Colisão transversal";"Com Vítimas Feridas";"Pleno dia";"Crescente";"Céu Claro";"Simples";"Reta";"Não";2;0;1;0;0;1;1;1;-17,740382;-46,185728;"SR-MG";"UOP01";"DEL14"
333129;2021-01-08;"sexta";"14:40:00";"MT";163;"869";"SINOP";"Avarias e/ou desgaste excessivo no pneu";"Colisão com objeto";"Sem Vítimas";"Pleno dia";"Crescente";"Nublado";"Simples";"Reta";"Não";3;0;0;0;2;1;0;2;-11,569933;-55,410768;"SR-MT";"UOP02";"DEL06"
333130;2021-01-08;"sexta";"16:05:00";"RN";405;"73.7";"APODI";"Demais falhas mecânicas ou elétricas";"Colisão com objeto";"Com Vítimas Feridas";"Pleno dia";"Decrescente";"Céu Claro";"Simples";"Reta";"Não";2;0;0;1;1;0;1;2;-5,6262269;-37,79782904;"SR-RN";"UOP02";"DEL04"
333131;2021-01-08;"sexta";"14:00:00";"RS";290;"296";"CACHOEIRA DO SUL";"Reação tardia ou ineficiente do condutor";"Colisão lateral";"Sem Vítimas";"Pleno dia";"Decrescente";"Céu Claro";"Simples";"Não Informado";"Não";2;0;0;0;2;0;0;2;-30,31208933;-53,18181407;"SR-RS";"UOP03";"DEL02"
333132;2021-01-08;"sexta";"15:20:00";"RJ";101;"434";"MANGARATIBA";"Manobra de mudança de faixa";"Colisão lateral";"Com Vítimas Feridas";"Pleno dia";"Crescente";"Nublado";"Simples";"Reta";"Sim";3;0;2;0;1;0;2;2;-22,93724723;-44,04629489;"SR-RJ";"UOP01";"DEL03"
333133;2021-01-08;"sexta";"16:20:00";"PR";476;"155.8";"ARAUCARIA";"Manobra de mudança de faixa";"Colisão lateral mesmo sentido";"Com Vítimas Feridas";"Pleno dia";"Crescente";"Garoa/Chuvisco";"Múltipla";"Reta";"Sim";2;0;1;0;1;0;1;2;-25,590897;-49,410622;"SR-PR";"UOP03";"DEL01"
333134;2021-01-08;"sexta";"14:30:00";"MT";163;"630";"NOVA MUTUM";"Condutor deixou de manter distância do veículo da frente";"Colisão traseira";"Com Vítimas Feridas";"Pleno dia";"Crescente";"Céu Claro";"Simples";"Reta";"Não";2;0;1;0;1;0;1;2;-13,64698704;-56,03553852;"SR-MT";"UOP01";"DEL01"
333136;2021-01-08;"sexta";"15:30:00";"BA";101;"109";"ALAGOINHAS";"Condutor deixou de manter distância do veículo da frente";"Engavetamento";"Com Vítimas Feridas";"Pleno dia";"Decrescente";"Céu Claro";"Simples";"Reta";"Sim";4;0;1;0;3;0;1;3;-12,16492;-38,477026;"SR-BA";"UOP04";"DEL01"
333138;2021-01-08;"sexta";"16:45:00";"PI";343;"85";"CAXINGO";"Acumulo de água sobre o pavimento";"Colisão com objeto";"Com Vítimas Feridas";"Anoitecer";"Crescente";"Chuva";"Simples";"Reta";"Não";3;0;1;0;2;0;1;1;-3,451051;-41,745277;"SR-PI";"UOP01";"DEL05"
333139;2021-01-08;"sexta";"15:15:00";"SP";116;"315.1";"SAO LOURENCO DA SERRA";"Reação tardia ou ineficiente do condutor";"Capotamento";"Com Vítimas Feridas";"Pleno dia";"Decrescente";"Céu Claro";"Dupla";"Curva";"Não";1;0;1;0;0;0;1;1;-23,90251888;-46,99049317;"SR-SP";"UOP01";"DEL04"
333140;2021-01-08;"sexta";"16:10:00";"MG";381;"487.9";"BETIM";"Velocidade Incompatível";"Colisão traseira";"Com Vítimas Feridas";"Pleno dia";"Decrescente";"Sol";"Múltipla";"Não Informado";"Sim";5;0;2;0;3;0;2;5;-19,95586853;-44,14609501;"SR-MG";"UOP03";"DEL01"
333144;2021-01-08;"sexta";"16:15:00";"PE";101;"67";"RECIFE";"Acessar a via sem observar a presença dos outros veículos";"Colisão lateral mesmo sentido";"Sem Vítimas";"Pleno dia";"Crescente";"Céu Claro";"Dupla";"Interseção de vias";"Sim";2;0;0;0;2;0;0;2;-8,042334;-34,943096;"SR-PE";"UOP01";"DEL01"
333145;2021-01-08;"sexta";"16:00:00";"ES";101;"1";"SERRA";"Condutor deixou de manter distância do veículo da frente";"Colisão traseira";"Com Vítimas Feridas";"Pleno dia";"Decrescente";"Céu Claro";"Dupla";"Reta";"Sim";2;0;1;0;1;0;1;2;-20,129093;-40,308125;"SR-ES";"UOP01";"DEL02"
333146;2021-01-08;"sexta";"17:10:00";"SE";101;"116";"ITAPORANGA DAJUDA";"Manobra de mudança de faixa";"Colisão transversal";"Com Vítimas Feridas";"Anoitecer";"Crescente";"Céu Claro";"Dupla";"Não Informado";"Não";5;0;3;0;2;0;3;2;-11,01146389;-37,31286103;"SR-SE";"UOP01";"DEL02"
333147;2021-01-08;"sexta";"17:20:00";"PR";369;"207";"APUCARANA";"Desrespeitar a preferência no cruzamento";"Colisão transversal";"Com Vítimas Feridas";"Pleno dia";"Crescente";"Nublado";"Simples";"Interseção de vias";"Sim";2;0;1;0;0;1;1;2;-23,5636;-51,4934;"SR-PR";"UAP01";"DEL07"
333148;2021-01-08;"sexta";"16:00:00";"PR";373;"423.3";"CANDOI";"Ausência de reação do condutor";"Colisão traseira";"Com Vítimas Feridas";"Pleno dia";"Decrescente";"Nublado";"Simples";"Reta";"Não";2;0;1;0;1;0;1;2;-25,71232557;-52,18855619;"SR-PR";"UOP01";"DEL08"
333150;2021-01-08;"sexta";"16:45:00";"SP";116;"565";"BARRA DO TURVO";"Pista Escorregadia";"Eventos atípicos";"Sem Vítimas";"Anoitecer";"Crescente";"Chuva";"Dupla";"Curva";"Não";1;0;0;0;1;0;0;1;-25,0358686;-48,54404396;"SR-SP";"UOP02";"DEL05"
333151;2021-01-08;"sexta";"16:50:00";"SP";116;"565";"BARRA DO TURVO";"Reação tardia ou ineficiente do condutor";"Colisão traseira";"Com Vítimas Feridas";"Anoitecer";"Crescente";"Chuva";"Dupla";"Curva";"Não";2;0;0;1;1;0;1;2;-25,0358686;-48,54404396;"SR-SP";"UOP02";"DEL05"
333152;2021-01-08;"sexta";"16:50:00";"SC";101;"133.8";"BALNEARIO CAMBORIU";"Desrespeitar a preferência no cruzamento";"Colisão transversal";"Com Vítimas Feridas";"Pleno dia";"Crescente";"Nublado";"Simples";"Não Informado";"Sim";2;0;1;0;1;0;1;2;-26,99936;-48,64609;"SR-SC";"UOP03";"DEL04"
333153;2021-01-08;"sexta";"15:50:00";"MS";163;"41";"ELDORADO";"Ausência de reação do condutor";"Tombamento";"Com Vítimas Feridas";"Pleno dia";"Decrescente";"Nublado";"Simples";"Não Informado";"Sim";2;0;1;0;1;0;1;1;-23,78038392;-54,2770967;"SR-MS";"UOP02";"DEL09"
333154;2021-01-07;"quinta";"22:15:00";"AL";104;"10";"SAO JOSE DA LAJE";"Acesso irregular";"Colisão lateral";"Sem Vítimas";"Plena Noite";"Decrescente";"Céu Claro";"Simples";"Reta";"Não";2;0;0;0;2;0;0;2;-8,97535208;-36,02073669;"SR-AL";"UOP02";"DEL01"
333155;2021-01-08;"sexta";"17:37:00";"PR";277;"63";"SAO JOSE DOS PINHAIS";"Pedestre andava na pista";"Atropelamento de Pedestre";"Com Vítimas Feridas";"Anoitecer";"Decrescente";"Chuva";"Dupla";"Reta";"Sim";3;0;1;0;1;1;1;1;-25,56100984;-49,01719293;"SR-PR";"UOP01";"DEL01"
333156;2021-01-08;"sexta";"12:00:00";"GO";50;"200";"CAMPO ALEGRE DE GOIAS";"Condutor usando celular";"Saída de leito carroçável";"Com Vítimas Feridas";"Pleno dia";"Crescente";"Céu Claro";"Dupla";"Reta";"Não";1;0;1;0;0;0;1;1;-17,5796;-47,8193;"SR-GO";"UOP01";"DEL06"
333157;2021-01-08;"sexta";"16:20:00";"MG";116;"275.8";"TEOFILO OTONI";"Condutor deixou de manter distância do veículo da frente";"Colisão lateral mesmo sentido";"Com Vítimas Feridas";"Pleno dia";"Crescente";"Céu Claro";"Simples";"Reta";"Sim";2;0;1;0;1;0;1;2;-17,84235093;-41,51410418;"SR-MG";"UOP01";"DEL11"
333158;2021-01-08;"sexta";"16:15:00";"PI";343;"306";"ALTOS";"Acessar a via sem observar a presença dos outros veículos";"Colisão transversal";"Sem Vítimas";"Pleno dia";"Crescente";"Nublado";"Simples";"Reta";"Sim";2;0;0;0;2;0;0;2;-5,038756;-42,450893;"SR-PI";"UOP01";"DEL01"
333159;2021-01-08;"sexta";"14:50:00";"RS";116;"233";"ESTANCIA VELHA";"Demais falhas mecânicas ou elétricas";"Tombamento";"Com Vítimas Feridas";"Pleno dia";"Crescente";"Céu Claro";"Simples";"Reta";"Não";1;0;1;0;0;0;1;1;-29,64206007;-51,14268362;"SR-RS";"UOP02";"DEL01"
333160;2021-01-08;"sexta";"17:00:00";"RJ";116;"41";"TERESOPOLIS";"Acessar a via sem observar a presença dos outros veículos";"Colisão transversal";"Com Vítimas Feridas";"Pleno dia";"Decrescente";"Céu Claro";"Simples";"Reta";"Sim";2;0;1;0;1;0;1;2;-22,13943547;-42,78660142;"SR-RJ";"UOP01";"DEL04"
333161;2021-01-08;"sexta";"17:40:00";"RS";290;"115.9";"ELDORADO DO SUL";"Acessar a via sem observar a presença dos outros veículos";"Colisão transversal";"Com Vítimas Feridas";"Pleno dia";"Crescente";"Sol";"Simples";"Não Informado";"Não";4;0;1;1;1;1;2;2;-30,045572;-51,357651;"SR-RS";"UOP01";"DEL02"
333162;2021-01-08;"sexta";"15:25:00";"MT";163;"10.4";"ITIQUIRA";"Manobra de mudança de faixa";"Saída de leito carroçável";"Com Vítimas Feridas";"Pleno dia";"Crescente";"Céu Claro";"Dupla";"Reta";"Não";4;0;3;1;0;0;4;1;-17,43100194;-54,74803183;"SR-MT";"UOP01";"DEL02"
333163;2021-01-08;"sexta";"18:17:00";"SP";116;"284";"ITAPECERICA DA SERRA";"Entrada inopinada do pedestre";"Atropelamento de Pedestre";"Com Vítimas Feridas";"Anoitecer";"Crescente";"Chuva";"Dupla";"Reta";"Não";2;0;0;1;1;0;1;1;-23,69998;-46,867767;"SR-SP";"UOP01";"DEL04"
333165;2021-01-08;"sexta";"14:30:00";"RO";364;"327";"PRESIDENTE MEDICI";"Ingestão de álcool pelo condutor";"Tombamento";"Com Vítimas Feridas";"Pleno dia";"Crescente";"Céu Claro";"Simples";"Reta";"Não";1;0;0;1;0;0;1;1;-11,01013414;-61,92228481;"SR-RO";"UOP01";"DEL02"
333166;2021-01-08;"sexta";"08:00:00";"RS";290;"322.1";"CACAPAVA DO SUL";"Ausência de reação do condutor";"Saída de leito carroçável";"Sem Vítimas";"Pleno dia";"Decrescente";"Céu Claro";"Simples";"Não Informado";"Não";1;0;0;0;0;1;0;1;-30,376793;-53,409718;"SR-RS";"UOP02";"DEL09"
333167;2021-01-08;"sexta";"17:30:00";"BA";110;"140";"CICERO DANTAS";"Acessar a via sem observar a presença dos outros veículos";"Colisão transversal";"Com Vítimas Fatais";"Plena Noite";"Crescente";"Céu Claro";"Simples";"Interseção de vias";"Sim";2;1;0;0;1;0;0;2;-10,59447096;-38,38142395;"SR-BA";"UOP02";"DEL07"
333168;2021-01-08;"sexta";"17:25:00";"SC";101;"40.5";"JOINVILLE";"Reação tardia ou ineficiente do condutor";"Colisão lateral";"Com Vítimas Feridas";"Pleno dia";"Crescente";"Chuva";"Dupla";"Não Informado";"Sim";3;0;1;0;2;0;1;3;-26,27176094;-48,89468382;"SR-SC";"UOP01";"DEL03"
333169;2021-01-08;"sexta";"17:30:00";"MS";262;"328";"CAMPO GRANDE";"Conversão proibida";"Colisão frontal";"Com Vítimas Feridas";"Anoitecer";"Decrescente";"Garoa/Chuvisco";"Dupla";"Reta";"Sim";3;0;0;1;2;0;1;2;-20,46461901;-54,552296;"SR-MS";"UOP01";"DEL01"
333170;2021-01-04;"segunda";"13:00:00";"MS";463;"100";"PONTA PORA";"Reação tardia ou ineficiente do condutor";"Queda de ocupante de veículo";"Com Vítimas Feridas";"Pleno dia";"Crescente";"Garoa/Chuvisco";"Simples";"Reta";"Sim";1;0;1;0;0;0;1;1;-22,62086128;-55,61520288;"SR-MS";"UOP03";"DEL04"
333171;2021-01-08;"sexta";"18:00:00";"SC";280;"114";"SAO BENTO DO SUL";"Acessar a via sem observar a presença dos outros veículos";"Colisão transversal";"Com Vítimas Feridas";"Pleno dia";"Crescente";"Céu Claro";"Simples";"Interseção de vias";"Sim";3;0;2;0;1;0;2;2;-26,29151133;-49,40301807;"SR-SC";"UOP03";"DEL06"
333172;2021-01-08;"sexta";"18:00:00";"SP";116;"564.5";"BARRA DO TURVO";"Acumulo de água sobre o pavimento";"Colisão com objeto";"Sem Vítimas";"Anoitecer";"Crescente";"Chuva";"Dupla";"Curva";"Não";2;0;0;0;2;0;0;1;-25,03458919;-48,53543877;"SR-SP";"UOP02";"DEL05"
333173;2021-01-03;"domingo";"14:10:00";"BA";135;"164";"BARREIRAS";"Demais falhas mecânicas ou elétricas";"Saída de leito carroçável";"Com Vítimas Feridas";"Pleno dia";"Crescente";"Nublado";"Simples";"Reta";"Não";2;0;2;0;0;0;2;1;-12,03989186;-44,95984234;"SR-BA";"UOP01";"DEL10"
333174;2021-01-08;"sexta";"17:20:00";"PI";343;"341.2";"TERESINA";"Conversão proibida";"Colisão transversal";"Com Vítimas Feridas";"Anoitecer";"Crescente";"Céu Claro";"Dupla";"Não Informado";"Sim";2;0;1;0;1;0;1;2;-5,077812;-42,744255;"SR-PI";"UOP01";"DEL01"
333175;2021-01-08;"sexta";"17:30:00";"MT";163;"752";"SORRISO";"Desrespeitar a preferência no cruzamento";"Colisão transversal";"Com Vítimas Feridas";"Plena Noite";"Crescente";"Céu Claro";"Dupla";"Reta";"Sim";1;0;1;0;0;0;1;1;-12,555463;-55,7166221;"SR-MT";"UOP01";"DEL06"
333176;2021-01-08;"sexta";"19:00:00";"RJ";116;"166";"RIO DE JANEIRO";"Reação tardia ou ineficiente do condutor";"Queda de ocupante de veículo";"Com Vítimas Feridas";"Plena Noite";"Decrescente";"Céu Claro";"Múltipla";"Reta";"Sim";1;0;1;0;0;0;1;1;-22,81560263;-43,30051808;"SR-RJ";"UOP01";"DEL01"
333177;2021-01-08;"sexta";"17:30:00";"RJ";40;"92";"PETROPOLIS";"Ausência de reação do condutor";"Queda de ocupante de veículo";"Com Vítimas Feridas";"Anoitecer";"Crescente";"Chuva";"Simples";"Curva";"Não";1;0;1;0;0;0;1;1;-22,55191954;-43,25068815;"SR-RJ";"UOP03";"DEL06"
333178;2021-01-08;"sexta";"17:50:00";"ES";262;"49.5";"MARECHAL FLORIANO";"Acessar a via sem observar a presença dos outros veículos";"Colisão transversal";"Com Vítimas Feridas";"Anoitecer";"Decrescente";"Nublado";"Simples";"Reta";"Não";2;0;1;0;1;0;1;2;-20,41251052;-40,69798571;"SR-ES";"UOP01";"DEL01"
333179;2021-01-08;"sexta";"17:38:00";"PR";277;"591";"CASCAVEL";"Acessar a via sem observar a presença dos outros veículos";"Colisão transversal";"Com Vítimas Feridas";"Pleno dia";"Crescente";"Céu Claro";"Simples";"Reta";"Sim";1;0;1;0;0;0;1;1;-24,98473242;-53,46501885;"SR-PR";"UOP01";"DEL04"
333180;2021-01-08;"sexta";"19:00:00";"RS";290;"99";"PORTO ALEGRE";"Demais falhas mecânicas ou elétricas";"Engavetamento";"Sem Vítimas";"Pleno dia";"Crescente";"Céu Claro";"Dupla";"Reta";"Não";3;0;0;0;3;0;0;3;-29,991756;-51,22699;"SR-RS";"UOP01";"DEL01"
333181;2021-01-08;"sexta";"18:27:00";"MG";146;"516.6";"POCOS DE CALDAS";"Manobra de mudança de faixa";"Saída de leito carroçável";"Com Vítimas Feridas";"Pleno dia";"Crescente";"Céu Claro";"Simples";"Não Informado";"Não";1;0;1;0;0;0;1;1;-21,805562;-46,457223;"SR-MG";"UOP01";"DEL09"
333182;2021-01-08;"sexta";"17:20:00";"GO";60;"195.5";"GUAPO";"Ingestão de álcool pelo condutor";"Colisão com objeto";"Sem Vítimas";"Pleno dia";"Crescente";"Céu Claro";"Dupla";"Reta";"Não";1;0;0;0;0;1;0;1;-16,8523;-49,5775;"SR-GO";"UOP02";"DEL01"
333183;2021-01-08;"sexta";"18:45:00";"SC";101;"136.8";"BALNEARIO CAMBORIU";"Condutor deixou de manter distância do veículo da frente";"Colisão traseira";"Com Vítimas Feridas";"Anoitecer";"Decrescente";"Céu Claro";"Dupla";"Reta";"Sim";2;0;1;0;1;0;1;2;-27,008113;-48,617245;"SR-SC";"UOP03";"DEL04"
333184;2021-01-08;"sexta";"16:35:00";"SC";101;"151";"ITAPEMA";"Acessar a via sem observar a presença dos outros veículos";"Colisão lateral";"Com Vítimas Feridas";"Pleno dia";"Crescente";"Céu Claro";"Dupla";"Reta";"Não";3;0;1;0;2;0;1;2;-27,126536;-48,609642;"SR-SC";"UOP03";"DEL04"
333185;2021-01-08;"sexta";"19:40:00";"SC";101;"123";"ITAJAI";"Velocidade Incompatível";"Colisão lateral";"Com Vítimas Feridas";"Plena Noite";"Decrescente";"Céu Claro";"Múltipla";"Reta";"Sim";2;0;1;0;1;0;1;2;-26,93668609;-48,69876905;"SR-SC";"UOP04";"DEL04"
333186;2021-01-08;"sexta";"20:00:00";"RN";226;"2";"NATAL";"Ausência de sinalização";"Colisão lateral";"Com Vítimas Feridas";"Plena Noite";"Crescente";"Céu Claro";"Dupla";"Curva";"Sim";2;0;1;0;1;0;1;2;-5,81538847;-35,24848765;"SR-RN";"UOP02";"DEL01"
333189;2021-01-08;"sexta";"19:15:00";"PE";232;"76.6";"GRAVATA";"Reação tardia ou ineficiente do condutor";"Colisão com objeto";"Com Vítimas Feridas";"Plena Noite";"Crescente";"Céu Claro";"Dupla";"Reta";"Sim";3;0;1;1;1;0;2;1;-8,19475468;-35,53860426;"SR-PE";"UOP04";"DEL01"
333190;2021-01-08;"sexta";"15:45:00";"CE";222;"202.2";"FORQUILHA";"Transitar na contramão";"Colisão frontal";"Com Vítimas Fatais";"Pleno dia";"Decrescente";"Sol";"Simples";"Não Informado";"Não";3;1;0;1;0;1;1;2;-3,79695907;-40,21547705;"SR-CE";"UOP01";"DEL04"
333191;2021-01-08;"sexta";"19:50:00";"DF";70;"7";"BRASILIA";"Desrespeitar a preferência no cruzamento";"Colisão transversal";"Com Vítimas Feridas";"Plena Noite";"Crescente";"Nublado";"Dupla";"Reta";"Não";2;0;1;0;1;0;1;2;-15,78768004;-48,11410904;"SR-DF";"UOP03";"DEL01"
333193;2021-01-08;"sexta";"19:45:00";"SP";381;"39";"ATIBAIA";"Ausência de reação do condutor";"Colisão com objeto";"Com Vítimas Feridas";"Plena Noite";"Crescente";"Céu Claro";"Dupla";"Reta";"Sim";1;0;1;0;0;0;1;1;-23,1215761;-46,57471572;"SR-SP";"UOP01";"DEL03"
333194;2021-01-08;"sexta";"20:30:00";"RS";290;"720.6";"URUGUAIANA";"Velocidade Incompatível";"Tombamento";"Com Vítimas Feridas";"Plena Noite";"Decrescente";"Céu Claro";"Simples";"Viaduto";"Sim";2;0;2;0;0;0;2;1;-29,766502;-57,058228;"SR-RS";"UOP01";"DEL13"
333195;2021-01-08;"sexta";"20:30:00";"SE";101;"5.3";"PROPRIA";"Animais na Pista";"Atropelamento de Animal";"Com Vítimas Feridas";"Plena Noite";"Crescente";"Céu Claro";"Dupla";"Reta";"Não";1;0;1;0;0;0;1;1;-10,229956;-36,839184;"SR-SE";"UOP02";"DEL02"
333197;2021-01-08;"sexta";"18:05:00";"SP";116;"489";"CAJATI";"Reação tardia ou ineficiente do condutor";"Colisão lateral mesmo sentido";"Com Vítimas Feridas";"Pleno dia";"Crescente";"Chuva";"Dupla";"Reta";"Não";3;0;3;0;0;0;3;1;-24,73034183;-48,10760707;"SR-SP";"UOP01";"DEL05"
333198;2021-01-08;"sexta";"18:30:00";"BA";116;"720.7";"MANOEL VITORINO";"Iluminação deficiente";"Atropelamento de Pedestre";"Com Vítimas Feridas";"Plena Noite";"Crescente";"Céu Claro";"Simples";"Não Informado";"Não";2;0;1;0;0;1;1;1;-14,19660191;-40,26941214;"SR-BA";"UOP02";"DEL08"
333199;2021-01-08;"sexta";"20:30:00";"SC";101;"120.5";"ITAJAI";"Trafegar com motocicleta (ou similar) entre as faixas";"Colisão traseira";"Com Vítimas Feridas";"Plena Noite";"Crescente";"Nublado";"Múltipla";"Reta";"Sim";2;0;1;0;1;0;1;2;-26,912758;-48,711998;"SR-SC";"UOP04";"DEL04"
333200;2021-01-08;"sexta";"20:40:00";"CE";222;"314.7";"TIANGUA";"Ingestão de álcool pelo condutor";"Colisão frontal";"Com Vítimas Feridas";"Plena Noite";"Decrescente";"Céu Claro";"Simples";"Reta";"Não";2;0;1;0;0;1;1;2;-3,73110045;-41,00095099;"SR-CE";"UOP02";"DEL04"
333201;2021-01-08;"sexta";"19:50:00";"BA";116;"15.6";"VITORIA DA CONQUISTA";"Transitar no acostamento";"Atropelamento de Pedestre";"Com Vítimas Feridas";"Plena Noite";"Crescente";"Céu Claro";"Simples";"Reta";"Sim";2;0;1;0;1;0;1;1;-14,851;-40,8485;"SR-BA";"UOP01";"DEL08"
333203;2021-01-08;"sexta";"20:30:00";"RO";364;"709";"PORTO VELHO";"Avarias e/ou desgaste excessivo no pneu";"Queda de ocupante de veículo";"Com Vítimas Feridas";"Plena Noite";"Crescente";"Céu Claro";"Dupla";"Reta";"Sim";2;0;2;0;0;0;2;1;-8,7909383;-63,84895617;"SR-RO";"UOP01";"DEL01"
333204;2021-01-08;"sexta";"21:40:00";"RS";116;"248";"SAO LEOPOLDO";"Velocidade Incompatível";"Colisão traseira";"Com Vítimas Feridas";"Plena Noite";"Decrescente";"Céu Claro";"Dupla";"Não Informado";"Sim";4;0;1;0;3;0;1;2;-29,77605895;-51,15508618;"SR-RS";"UOP02";"DEL01"
333205;2021-01-08;"sexta";"20:40:00";"MT";364;"402";"CUIABA";"Acumulo de areia ou detritos sobre o pavimento";"Eventos atípicos";"Com Vítimas Feridas";"Plena Noite";"Crescente";"Céu Claro";"Dupla";"Reta";"Sim";1;0;0;1;0;0;1;1;-15,65006474;-55,99894524;"SR-MT";"UOP02";"DEL01"
333206;2021-01-08;"sexta";"21:30:00";"SC";280;"52.6";"GUARAMIRIM";"Ingestão de álcool pelo condutor";"Colisão transversal";"Com Vítimas Feridas";"Plena Noite";"Crescente";"Nublado";"Simples";"Reta";"Sim";2;0;1;0;1;0;1;2;-26,47169669;-48,97245884;"SR-SC";"UOP03";"DEL03"
333207;2021-01-08;"sexta";"20:20:00";"RJ";101;"258";"RIO BONITO";"Chuva";"Queda de ocupante de veículo";"Com Vítimas Feridas";"Plena Noite";"Crescente";"Chuva";"Dupla";"Reta";"Não";1;0;1;0;0;0;1;1;-22,7015937;-42,58693809;"SR-RJ";"UOP03";"DEL02"
333208;2021-01-08;"sexta";"20:20:00";"CE";122;"21";"OCARA";"Ingestão de álcool e/ou substâncias psicoativas pelo pedestre";"Atropelamento de Pedestre";"Com Vítimas Fatais";"Plena Noite";"Crescente";"Céu Claro";"Simples";"Reta";"Não";2;1;0;0;1;0;0;1;-4,46597592;-38,52912911;"SR-CE";"UOP02";"DEL03"
333209;2021-01-08;"sexta";"15:50:00";"CE";116;"54";"PACAJUS";"Demais falhas na via";"Capotamento";"Com Vítimas Feridas";"Pleno dia";"Decrescente";"Céu Claro";"Dupla";"Curva";"Sim";1;0;1;0;0;0;1;1;-4,19566554;-38,47123658;"SR-CE";"UOP02";"DEL03"
333210;2021-01-08;"sexta";"18:45:00";"RJ";393;"229";"VASSOURAS";"Mal súbito do condutor";"Saída de leito carroçável";"Com Vítimas Feridas";"Plena Noite";"Crescente";"Céu Claro";"Simples";"Reta";"Não";1;0;0;1;0;0;1;1;-22,35662374;-43,59317007;"SR-RJ";"UOP01";"DEL05"