"id";"data_inversa";"dia_semana";"horario";"uf";"br";"km";"municipio";"causa_acidente";"tipo_acidente";"classificacao_acidente";"fase_dia";"sentido_via";"condicao_metereologica";"tipo_pista";"tracado_via";"uso_solo";"pessoas";"mortos";"feridos_leves";"feridos_graves";"ilesos";"ignorados";"feridos";"veiculos";"latitude";"longitude";"regional";"delegacia";"uop"
333211;2021-01-08;"sexta";"18:00:00";"MA";222;"597";"ACAILANDIA";"Reação tardia ou ineficiente do condutor";"Saída de leito carroçável";"Sem Vítimas";"Pleno dia";"Crescente";"Chuva";"Simples";"Reta";"Não";1;0;0;0;1;0;0;1;-4,58661194;-46,91864404;"SR-MA";"UOP03";"DEL04"
333213;2021-01-08;"sexta";"15:00:00";"BA";242;"604.4";"MUQUEM DE SAO FRANCISCO";"Ausência de reação do condutor";"Tombamento";"Sem Vítimas";"Pleno dia";"Decrescente";"Céu Claro";"Simples";"Curva";"Não";1;0;0;0;1;0;0;1;-12,153104;-43,380238;"SR-BA";"UOP02";"DEL10"
333214;2021-01-08;"sexta";"19:10:00";"PR";116;"7";"CAMPINA GRANDE DO SUL";"Velocidade Incompatível";"Colisão lateral";"Sem Vítimas";"Anoitecer";"Crescente";"Chuva";"Dupla";"Curva";"Não";2;0;0;0;2;0;0;2;-25,08235366;-48,61499799;"SR-PR";"UOP02";"DEL01"
333215;2021-01-08;"sexta";"21:55:00";"RS";290;"86";"PORTO ALEGRE";"Velocidade Incompatível";"Saída de leito carroçável";"Sem Vítimas";"Plena Noite";"Crescente";"Céu Claro";"Dupla";"Curva";"Não";1;0;0;0;1;0;0;1;-29,968412;-51,117138;"SR-RS";"UOP01";"DEL01"
333216;2021-01-08;"sexta";"19:30:00";"PI";343;"469.6";"ANGICAL DO PIAUI";"Acumulo de areia ou detritos sobre o pavimento";"Colisão transversal";"Com Vítimas Feridas";"Plena Noite";"Decrescente";"Nublado";"Simples";"Reta";"Não";2;0;0;1;1;0;1;2;-6,08096;-42,730766;"SR-PI";"UOP02";"DEL01"
333217;2021-01-08;"sexta";"14:20:00";"MG";381;"594.2";"CARMOPOLIS DE MINAS";"Transitar no acostamento";"Colisão com objeto";"Sem Vítimas";"Pleno dia";"Crescente";"Nublado";"Dupla";"Reta";"Não";2;0;0;0;2;0;0;1;-20,59143674;-44,70067816;"SR-MG";"UOP01";"DEL04"
333218;2021-01-08;"sexta";"23:15:00";"MG";116;"409.8";"GOVERNADOR VALADARES";"Manobra de mudança de faixa";"Colisão lateral";"Com Vítimas Feridas";"Plena Noite";"Crescente";"Céu Claro";"Dupla";"Reta";"Sim";2;0;1;0;1;0;1;2;-18,84936788;-41,97891368;"SR-MG";"UOP01";"DEL06"
333220;2021-01-08;"sexta";"23:00:00";"PR";277;"418.2";"CANTAGALO";"Ingestão de álcool pelo condutor";"Saída de leito carroçável";"Com Vítimas Feridas";"Plena Noite";"Decrescente";"Céu Claro";"Simples";"Reta";"Não";3;0;3;0;0;0;3;1;-25,41734033;-52,0708163;"SR-PR";"UOP02";"DEL04"
333221;2021-01-09;"sábado";"00:20:00";"SP";101;"50.5";"UBATUBA";"Conversão proibida";"Tombamento";"Com Vítimas Feridas";"Plena Noite";"Decrescente";"Nublado";"Simples";"Reta";"Sim";2;0;1;0;1;0;1;2;-23,45697254;-45,07046163;"SR-SP";"UOP02";"DEL06"
333222;2021-01-08;"sexta";"21:55:00";"RS";285;"357.3";"CARAZINHO";"Demais falhas mecânicas ou elétricas";"Incêndio";"Sem Vítimas";"Plena Noite";"Crescente";"Céu Claro";"Simples";"Reta";"Não";1;0;0;0;1;0;0;1;-28,3530359;-52,94929504;"SR-RS";"UOP03";"DEL08"
333223;2021-01-08;"sexta";"19:30:00";"MG";116;"227.1";"TEOFILO OTONI";"Demais falhas mecânicas ou elétricas";"Incêndio";"Sem Vítimas";"Plena Noite";"Decrescente";"Céu Claro";"Simples";"Reta";"Não";2;0;0;0;1;1;0;1;-17,46149;-41,496773;"SR-MG";"UOP01";"DEL11"
333224;2021-01-08;"sexta";"23:50:00";"PR";476;"280";"SAO MATEUS DO SUL";"Reação tardia ou ineficiente do condutor";"Queda de ocupante de veículo";"Com Vítimas Feridas";"Plena Noite";"Crescente";"Céu Claro";"Simples";"Reta";"Sim";1;0;1;0;0;0;1;1;-25,87352;-50,415565;"SR-PR";"UOP04";"DEL02"
333225;2021-01-09;"sábado";"00:00:00";"MG";365;"347";"VARJAO DE MINAS";"Chuva";"Saída de leito carroçável";"Com Vítimas Feridas";"Plena Noite";"Decrescente";"Chuva";"Simples";"Curva";"Não";1;0;0;1;0;0;1;1;-18,4022;-46,05656;"SR-MG";"UOP01";"DEL10"
333226;2021-01-08;"sexta";"23:44:00";"SP";116;"269";"TABOAO DA SERRA";"Pedestre andava na pista";"Atropelamento de Pedestre";"Com Vítimas Feridas";"Plena Noite";"Decrescente";"Garoa/Chuvisco";"Dupla";"Reta";"Sim";2;0;2;0;0;0;2;1;-23,60878444;-46,75836146;"SR-SP";"UOP01";"DEL04"
333227;2021-01-08;"sexta";"23:20:00";"MG";365;"437";"GUIMARANIA";"Condutor Dormindo";"Colisão lateral";"Sem Vítimas";"Plena Noite";"Crescente";"Céu Claro";"Simples";"Reta";"Não";2;0;0;0;2;0;0;2;-18,78379588;-46,72231423;"SR-MG";"UOP01";"DEL10"
333228;2021-01-08;"sexta";"18:30:00";"SC";101;"137";"BALNEARIO CAMBORIU";"Condutor deixou de manter distância do veículo da frente";"Colisão traseira";"Com Vítimas Feridas";"Anoitecer";"Crescente";"Céu Claro";"Múltipla";"Reta";"Sim";2;0;1;0;1;0;1;2;-27,0157238;-48,61192763;"SR-SC";"UOP03";"DEL04"
333229;2021-01-08;"sexta";"21:50:00";"SC";282;"522";"XAXIM";"Acessar a via sem observar a presença dos outros veículos";"Colisão lateral";"Com Vítimas Feridas";"Plena Noite";"Decrescente";"Céu Claro";"Simples";"Rotatória";"Sim";3;0;2;0;0;1;2;2;-26,9495786;-52,52943277;"SR-SC";"UOP01";"DEL07"
333230;2021-01-08;"sexta";"21:30:00";"RS";285;"553.4";"SAO LUIZ GONZAGA";"Ultrapassagem Indevida";"Colisão lateral mesmo sentido";"Com Vítimas Feridas";"Plena Noite";"Crescente";"Céu Claro";"Simples";"Não Informado";"Não";2;0;2;0;0;0;2;2;-28,417257;-54,824177;"SR-RS";"UOP01";"DEL10"
333231;2021-01-09;"sábado";"01:00:00";"SC";101;"331.4";"TUBARAO";"Ingestão de álcool pelo condutor";"Saída de leito carroçável";"Sem Vítimas";"Plena Noite";"Crescente";"Céu Claro";"Simples";"Reta";"Sim";1;0;0;0;1;0;0;1;-28,464688;-48,99437249;"SR-SC";"UOP01";"DEL02"
333232;2021-01-09;"sábado";"01:05:00";"RS";386;"414";"MONTENEGRO";"Velocidade Incompatível";"Saída de leito carroçável";"Com Vítimas Fatais";"Plena Noite";"Decrescente";"Céu Claro";"Simples";"Não Informado";"Sim";1;1;0;0;0;0;0;1;-29,816236;-51,483341;"SR-RS";"UOP02";"DEL04"
333233;2021-01-09;"sábado";"02:00:00";"MG";381;"339.5";"BELA VISTA DE MINAS";"Ingestão de álcool pelo condutor";"Colisão traseira";"Com Vítimas Feridas";"Plena Noite";"Crescente";"Céu Claro";"Simples";"Não Informado";"Não";2;0;1;0;1;0;1;2;-19,833665;-43,09613103;"SR-MG";"UOP01";"DEL03"
333235;2021-01-09;"sábado";"00:01:00";"RJ";116;"76";"TERESOPOLIS";"Acessar a via sem observar a presença dos outros veículos";"Colisão frontal";"Sem Vítimas";"Plena Noite";"Decrescente";"Nublado";"Simples";"Curva";"Não";4;0;0;0;4;0;0;2;-22,38294637;-42,95486927;"SR-RJ";"UOP01";"DEL04"
333236;2021-01-09;"sábado";"01:45:00";"RS";285;"373.6";"SALDANHA MARINHO";"Manobra de mudança de faixa";"Colisão frontal";"Com Vítimas Feridas";"Plena Noite";"Decrescente";"Céu Claro";"Simples";"Reta";"Não";4;0;2;0;2;0;2;2;-28,409752;-53,091801;"SR-RS";"UOP02";"DEL10"
333237;2021-01-09;"sábado";"02:10:00";"GO";60;"33";"ALEXANIA";"Condutor Dormindo";"Colisão traseira";"Com Vítimas Feridas";"Plena Noite";"Decrescente";"Nublado";"Dupla";"Reta";"Não";6;0;3;1;1;1;4;2;-16,094161;-48,517186;"SR-DF";"UOP02";"DEL01"
333238;2021-01-09;"sábado";"03:00:00";"SC";101;"197";"BIGUACU";"Velocidade Incompatível";"Colisão traseira";"Sem Vítimas";"Plena Noite";"Decrescente";"Nublado";"Dupla";"Reta";"Sim";2;0;0;0;2;0;0;2;-27,51844497;-48,63848496;"SR-SC";"UOP01";"DEL01"
333239;2021-01-09;"sábado";"03:00:00";"PR";369;"154.7";"LONDRINA";"Velocidade Incompatível";"Saída de leito carroçável";"Com Vítimas Feridas";"Plena Noite";"Crescente";"Céu Claro";"Dupla";"Curva";"Sim";1;0;0;1;0;0;1;1;-23,29605866;-51,20696425;"SR-PR";"UOP01";"DEL07"
333240;2021-01-08;"sexta";"22:40:00";"MS";158;"176.6";"APARECIDA DO TABOADO";"Iluminação deficiente";"Colisão com objeto";"Sem Vítimas";"Plena Noite";"Crescente";"Céu Claro";"Simples";"Não Informado";"Não";4;0;0;0;2;2;0;2;-20,23576038;-51,33193583;"SR-MS";"UOP01";"DEL08"
333241;2021-01-09;"sábado";"02:20:00";"GO";153;"682";"ITUMBIARA";"Ingestão de álcool pelo condutor";"Saída de leito carroçável";"Com Vítimas Feridas";"Plena Noite";"Decrescente";"Céu Claro";"Dupla";"Reta";"Não";1;0;1;0;0;0;1;1;-18,2401;-49,2569;"SR-GO";"UOP02";"DEL03"
333242;2021-01-09;"sábado";"03:05:00";"PR";277;"690";"SAO MIGUEL DO IGUACU";"Velocidade Incompatível";"Capotamento";"Com Vítimas Feridas";"Plena Noite";"Decrescente";"Céu Claro";"Dupla";"Reta";"Sim";1;0;1;0;0;0;1;1;-25,3582673;-54,24527283;"SR-PR";"UOP01";"DEL05"
333243;2021-01-09;"sábado";"03:30:00";"PR";277;"726.4";"FOZ DO IGUACU";"Ausência de reação do condutor";"Saída de leito carroçável";"Com Vítimas Feridas";"Plena Noite";"Decrescente";"Ignorado";"Dupla";"Curva";"Sim";1;0;1;0;0;0;1;1;-25,5106015;-54,55481999;"SR-PR";"UOP03";"DEL05"
333244;2021-01-08;"sexta";"15:10:00";"MS";158;"176.8";"APARECIDA DO TABOADO";"Demais falhas mecânicas ou elétricas";"Incêndio";"Sem Vítimas";"Pleno dia";"Decrescente";"Céu Claro";"Simples";"Não Informado";"Não";1;0;0;0;1;0;0;1;-20,23576038;-51,33193583;"SR-MS";"UOP01";"DEL08"
333245;2021-01-09;"sábado";"04:10:00";"RS";386;"36.4";"FREDERICO WESTPHALEN";"Condutor Dormindo";"Colisão frontal";"Com Vítimas Feridas";"Plena Noite";"Crescente";"Céu Claro";"Simples";"Reta";"Sim";3;0;0;1;2;0;1;2;-27,38142792;-53,39947701;"SR-RS";"UOP02";"DEL08"
333246;2021-01-09;"sábado";"03:00:00";"PR";376;"676.7";"GUARATUBA";"Ingestão de álcool pelo condutor";"Colisão lateral";"Sem Vítimas";"Plena Noite";"Crescente";"Nublado";"Dupla";"Reta";"Não";2;0;0;0;2;0;0;2;-25,9253011;-48,91465313;"SR-PR";"UOP04";"DEL01"
333247;2021-01-09;"sábado";"04:10:00";"MG";381;"484";"BETIM";"Velocidade Incompatível";"Colisão com objeto";"Com Vítimas Feridas";"Amanhecer";"Crescente";"Nublado";"Dupla";"Curva";"Sim";1;0;1;0;0;0;1;1;-19,959576;-44,082291;"SR-MG";"UOP03";"DEL01"
333248;2021-01-09;"sábado";"04:30:00";"SP";116;"173.6";"JACAREI";"Condutor Dormindo";"Colisão traseira";"Com Vítimas Feridas";"Plena Noite";"Crescente";"Nublado";"Dupla";"Reta";"Não";3;0;0;1;2;0;1;2;-23,31710055;-46,08178719;"SR-SP";"UOP01";"DEL02"
333249;2021-01-09;"sábado";"04:40:00";"PE";101;"4";"GOIANA";"Velocidade Incompatível";"Capotamento";"Com Vítimas Feridas";"Amanhecer";"Decrescente";"Céu Claro";"Dupla";"Reta";"Não";1;0;1;0;0;0;1;1;-7,53264499;-34,99145786;"SR-PE";"UOP02";"DEL01"
333250;2021-01-09;"sábado";"04:15:00";"MG";459;"87";"CONGONHAL";"Transitar na contramão";"Colisão frontal";"Com Vítimas Feridas";"Amanhecer";"Crescente";"Céu Claro";"Simples";"Reta";"Não";3;0;2;0;1;0;2;2;-22,150208;-46,033627;"SR-MG";"UOP01";"DEL09"
333251;2021-01-09;"sábado";"04:30:00";"RJ";116;"174";"MESQUITA";"Demais falhas mecânicas ou elétricas";"Incêndio";"Sem Vítimas";"Amanhecer";"Decrescente";"Céu Claro";"Múltipla";"Reta";"Sim";1;0;0;0;1;0;0;1;-22,79423806;-43,36403759;"SR-RJ";"UOP02";"DEL01"
333252;2021-01-09;"sábado";"04:55:00";"MG";40;"438.7";"PARAOPEBA";"Condutor Dormindo";"Colisão traseira";"Com Vítimas Feridas";"Amanhecer";"Decrescente";"Nublado";"Dupla";"Reta";"Não";4;0;1;1;1;1;2;2;-19,24685599;-44,425385;"SR-MG";"UOP01";"DEL02"
333253;2021-01-09;"sábado";"01:40:00";"MT";364;"264.1";"JACIARA";"Velocidade Incompatível";"Tombamento";"Com Vítimas Feridas";"Plena Noite";"Decrescente";"Nublado";"Dupla";"Curva";"Não";1;0;1;0;0;0;1;1;-16,01057325;-54,91344724;"SR-MT";"UOP01";"DEL02"
333254;2021-01-09;"sábado";"05:10:00";"RJ";116;"165";"RIO DE JANEIRO";"Acessar a via sem observar a presença dos outros veículos";"Colisão lateral mesmo sentido";"Com Vítimas Feridas";"Amanhecer";"Decrescente";"Céu Claro";"Dupla";"Reta";"Sim";4;0;1;0;3;0;1;3;-22,81000879;-43,33605409;"SR-RJ";"UOP01";"DEL01"
333255;2021-01-09;"sábado";"05:15:00";"SC";101;"203.4";"SAO JOSE";"Velocidade Incompatível";"Saída de leito carroçável";"Com Vítimas Feridas";"Amanhecer";"Decrescente";"Céu Claro";"Múltipla";"Curva";"Não";2;0;0;1;1;0;1;1;-27,5650044;-48,61460082;"SR-SC";"UOP01";"DEL01"
333256;2021-01-09;"sábado";"04:00:00";"MG";381;"933.8";"EXTREMA";"Acesso irregular";"Colisão transversal";"Sem Vítimas";"Amanhecer";"Decrescente";"Nublado";"Dupla";"Retorno Regulamentado";"Não";6;0;0;0;6;0;0;2;-22,81492017;-46,2920647;"SR-MG";"UOP03";"DEL16"
333257;2021-01-09;"sábado";"04:30:00";"SP";116;"220.8";"GUARULHOS";"Pedestre andava na pista";"Atropelamento de Pedestre";"Com Vítimas Feridas";"Amanhecer";"Decrescente";"Céu Claro";"Múltipla";"Reta";"Não";2;0;0;1;1;0;1;1;-23,46472809;-46,49793962;"SR-SP";"UOP01";"DEL01"
333258;2021-01-09;"sábado";"04:20:00";"RS";472;"140.2";"TRES DE MAIO";"Ausência de reação do condutor";"Colisão frontal";"Com Vítimas Feridas";"Plena Noite";"Crescente";"Céu Claro";"Simples";"Reta";"Não";2;0;2;0;0;0;2;2;-27,77439254;-54,31149304;"SR-RS";"UOP01";"DEL10"
333259;2021-01-09;"sábado";"04:30:00";"RJ";101;"313";"SAO GONCALO";"Condutor Dormindo";"Saída de leito carroçável";"Sem Vítimas";"Amanhecer";"Decrescente";"Céu Claro";"Dupla";"Reta";"Sim";1;0;0;0;1;0;0;1;-22,81590855;-43,07646932;"SR-RJ";"UOP02";"DEL02"
333260;2021-01-09;"sábado";"01:45:00";"SC";116;"105.7";"MONTE CASTELO";"Problema com o freio";"Tombamento";"Sem Vítimas";"Plena Noite";"Decrescente";"Garoa/Chuvisco";"Simples";"Curva";"Não";1;0;0;0;1;0;0;1;-26,75450918;-50,32007217;"SR-SC";"UOP02";"DEL06"
333261;2021-01-08;"sexta";"22:49:00";"MG";153;"126.5";"PRATA";"Condutor usando celular";"Saída de leito carroçável";"Com Vítimas Feridas";"Plena Noite";"Decrescente";"Céu Claro";"Dupla";"Reta";"Não";2;0;1;0;0;1;1;1;-19,47682883;-48,86744499;"SR-MG";"UOP03";"DEL15"
333262;2021-01-09;"sábado";"04:50:00";"RJ";116;"238.5";"PIRAI";"Transitar na contramão";"Colisão transversal";"Sem Vítimas";"Amanhecer";"Crescente";"Nublado";"Dupla";"Não Informado";"Não";3;0;0;0;2;1;0;3;-22,66466911;-43,88337304;"SR-RJ";"UOP01";"DEL07"
333263;2021-01-09;"sábado";"05:45:00";"SC";116;"79";"MONTE CASTELO";"Condutor Dormindo";"Tombamento";"Com Vítimas Feridas";"Amanhecer";"Decrescente";"Garoa/Chuvisco";"Simples";"Não Informado";"Não";2;0;0;1;1;0;1;1;-26,54745004;-50,22398538;"SR-SC";"UOP02";"DEL06"
333264;2021-01-09;"sábado";"06:00:00";"PE";101;"189";"PALMARES";"Acessar a via sem observar a presença dos outros veículos";"Colisão traseira";"Com Vítimas Feridas";"Pleno dia";"Crescente";"Céu Claro";"Dupla";"Reta";"Não";2;0;1;0;1;0;1;2;-8,69036647;-35,60430503;"SR-PE";"UOP03";"DEL01"
333265;2021-01-09;"sábado";"06:10:00";"SP";101;"50.4";"UBATUBA";"Condutor Dormindo";"Colisão traseira";"Com Vítimas Feridas";"Pleno dia";"Decrescente";"Nublado";"Simples";"Reta";"Sim";2;0;1;0;1;0;1;2;-23,45018939;-45,07743735;"SR-SP";"UOP02";"DEL06"
333266;2021-01-09;"sábado";"06:25:00";"RS";470;"223.8";"GARIBALDI";"Velocidade Incompatível";"Colisão traseira";"Com Vítimas Feridas";"Amanhecer";"Crescente";"Céu Claro";"Simples";"Não Informado";"Sim";5;0;2;1;1;1;3;4;-29,22351564;-51,5162015;"SR-RS";"UOP01";"DEL06"
333268;2021-01-09;"sábado";"05:30:00";"MA";135;"6.4";"SAO LUIS";"Reação tardia ou ineficiente do condutor";"Saída de leito carroçável";"Com Vítimas Feridas";"Amanhecer";"Crescente";"Ignorado";"Dupla";"Reta";"Sim";1;0;1;0;0;0;1;1;-2,62877986;-44,26321818;"SR-MA";"UOP01";"DEL01"
333269;2021-01-09;"sábado";"05:00:00";"RO";364;"342";"JI-PARANA";"Falta de elemento de contenção que evite a saída do leito carroçável";"Saída de leito carroçável";"Sem Vítimas";"Amanhecer";"Decrescente";"Céu Claro";"Dupla";"Reta";"Sim";3;0;0;0;0;3;0;1;-10,88381227;-61,93741416;"SR-RO";"UOP01";"DEL02"
333270;2021-01-09;"sábado";"06:10:00";"RJ";40;"111";"DUQUE DE CAXIAS";"Acumulo de areia ou detritos sobre o pavimento";"Queda de ocupante de veículo";"Sem Vítimas";"Pleno dia";"Crescente";"Nublado";"Múltipla";"Não Informado";"Sim";1;0;0;0;1;0;0;1;-22,691868;-43,287453;"SR-RJ";"UOP01";"DEL01"
333271;2021-01-09;"sábado";"07:20:00";"RS";448;"13.5";"CANOAS";"Avarias e/ou desgaste excessivo no pneu";"Capotamento";"Com Vítimas Feridas";"Pleno dia";"Crescente";"Sol";"Múltipla";"Reta";"Sim";3;0;2;0;1;0;2;1;-29,920603;-51,231792;"SR-RS";"UOP01";"DEL01"
333272;2021-01-09;"sábado";"06:20:00";"RN";406;"161";"CEARA-MIRIM";"Condutor deixou de manter distância do veículo da frente";"Colisão traseira";"Com Vítimas Feridas";"Pleno dia";"Decrescente";"Céu Claro";"Dupla";"Reta";"Sim";2;0;0;1;1;0;1;2;-5,72093004;-35,36655305;"SR-RN";"UOP01";"DEL02"
333275;2021-01-05;"terça";"19:30:00";"PR";277;"603";"SANTA TEREZA DO OESTE";"Chuva";"Saída de leito carroçável";"Sem Vítimas";"Plena Noite";"Decrescente";"Garoa/Chuvisco";"Simples";"Reta";"Não";1;0;0;0;0;1;0;1;-25,02817;-53,55983;"SR-PR";"UOP02";"DEL05"
333276;2021-01-09;"sábado";"07:55:00";"MG";251;"403";"GRAO MOGOL";"Velocidade Incompatível";"Colisão frontal";"Com Vítimas Feridas";"Pleno dia";"Crescente";"Sol";"Simples";"Reta";"Não";2;0;1;0;1;0;1;2;-16,25112;-42,941188;"SR-MG";"UOP01";"DEL12"
333277;2021-01-09;"sábado";"06:40:00";"MG";50;"71";"UBERLANDIA";"Condutor deixou de manter distância do veículo da frente";"Colisão lateral mesmo sentido";"Sem Vítimas";"Pleno dia";"Decrescente";"Céu Claro";"Dupla";"Reta";"Sim";2;0;0;0;2;0;0;2;-18,85140204;-48,25345932;"SR-MG";"UOP01";"DEL15"
333278;2021-01-09;"sábado";"04:30:00";"MA";230;"0";"BARAO DE GRAJAU";"Ingestão de álcool pelo condutor";"Colisão com objeto";"Com Vítimas Fatais";"Amanhecer";"Decrescente";"Céu Claro";"Simples";"Reta";"Sim";1;1;0;0;0;0;0;1;-6,760894;-43,01105;"SR-PI";"UOP01";"DEL03"
333280;2021-01-09;"sábado";"06:30:00";"MG";381;"389";"BOM JESUS DO AMPARO";"Velocidade Incompatível";"Colisão traseira";"Com Vítimas Feridas";"Pleno dia";"Decrescente";"Nublado";"Dupla";"Reta";"Não";3;0;1;0;2;0;1;2;-19,781548;-43,436355;"SR-MG";"UOP01";"DEL01"
333281;2021-01-09;"sábado";"07:00:00";"RN";406;"160.9";"CEARA-MIRIM";"Condutor deixou de manter distância do veículo da frente";"Colisão traseira";"Com Vítimas Feridas";"Pleno dia";"Crescente";"Sol";"Simples";"Reta";"Não";3;0;1;1;1;0;2;2;-5,71375666;-35,37210457;"SR-RN";"UOP01";"DEL02"
333282;2021-01-09;"sábado";"08:35:00";"MG";40;"465.5";"SETE LAGOAS";"Velocidade Incompatível";"Saída de leito carroçável";"Com Vítimas Feridas";"Pleno dia";"Decrescente";"Chuva";"Dupla";"Não Informado";"Não";2;0;2;0;0;0;2;2;-19,43835777;-44,33103681;"SR-MG";"UOP01";"DEL02"
333283;2021-01-09;"sábado";"06:35:00";"PR";476;"240.8";"LAPA";"Velocidade Incompatível";"Tombamento";"Com Vítimas Feridas";"Pleno dia";"Crescente";"Céu Claro";"Simples";"Curva";"Não";1;0;1;0;0;0;1;1;-25,864338;-50,069801;"SR-PR";"UOP04";"DEL02"
333284;2021-01-09;"sábado";"09:10:00";"MG";50;"119.2";"UBERABA";"Demais falhas mecânicas ou elétricas";"Queda de ocupante de veículo";"Com Vítimas Feridas";"Pleno dia";"Crescente";"Céu Claro";"Dupla";"Reta";"Não";1;0;1;0;0;0;1;1;-19,29969201;-48,11376802;"SR-MG";"UOP01";"DEL13"
333285;2021-01-09;"sábado";"08:55:00";"MG";40;"473.8";"SETE LAGOAS";"Velocidade Incompatível";"Saída de leito carroçável";"Com Vítimas Feridas";"Pleno dia";"Crescente";"Chuva";"Múltipla";"Não Informado";"Não";1;0;1;0;0;0;1;1;-19,493752;-44,280903;"SR-MG";"UOP01";"DEL02"
333286;2021-01-09;"sábado";"08:20:00";"MS";158;"139";"APARECIDA DO TABOADO";"Afundamento ou ondulação no pavimento";"Queda de ocupante de veículo";"Com Vítimas Feridas";"Pleno dia";"Decrescente";"Céu Claro";"Simples";"Reta";"Não";1;0;1;0;0;0;1;1;-20,02596098;-51,11578938;"SR-MS";"UOP01";"DEL08"
333287;2021-01-09;"sábado";"09:40:00";"RS";116;"125.1";"SAO MARCOS";"Condutor Dormindo";"Colisão transversal";"Com Vítimas Feridas";"Pleno dia";"Crescente";"Céu Claro";"Simples";"Reta";"Sim";6;0;2;1;2;1;3;3;-29,02315;-51,092357;"SR-RS";"UOP01";"DEL05"
333288;2021-01-09;"sábado";"10:00:00";"PB";101;"19.9";"MAMANGUAPE";"Manobra de mudança de faixa";"Colisão lateral mesmo sentido";"Com Vítimas Feridas";"Pleno dia";"Decrescente";"Céu Claro";"Dupla";"Não Informado";"Não";4;0;1;1;1;1;2;2;-6,65604609;-35,11912427;"SR-PB";"UOP04";"DEL01"
333289;2021-01-09;"sábado";"09:20:00";"RS";101;"78.9";"OSORIO";"Velocidade Incompatível";"Colisão com objeto";"Com Vítimas Feridas";"Pleno dia";"Decrescente";"Céu Claro";"Dupla";"Reta";"Não";4;0;3;0;1;0;3;1;-29,819419;-50,245871;"SR-RS";"UOP01";"DEL03"
333290;2021-01-09;"sábado";"08:55:00";"MG";381;"619.1";"OLIVEIRA";"Transitar no acostamento";"Colisão traseira";"Com Vítimas Feridas";"Pleno dia";"Decrescente";"Nublado";"Dupla";"Não Informado";"Não";3;0;1;1;0;1;2;3;-20,74757597;-44,77324605;"SR-MG";"UOP01";"DEL04"
333291;2021-01-09;"sábado";"09:00:00";"RS";290;"97";"PORTO ALEGRE";"Velocidade Incompatível";"Saída de leito carroçável";"Sem Vítimas";"Pleno dia";"Decrescente";"Céu Claro";"Simples";"Curva";"Sim";1;0;0;0;1;0;0;1;-29,997789;-51,20779;"SR-RS";"UOP01";"DEL01"
333292;2021-01-09;"sábado";"10:56:00";"PE";101;"74";"RECIFE";"Acessar a via sem observar a presença dos outros veículos";"Colisão lateral";"Com Vítimas Feridas";"Pleno dia";"Crescente";"Céu Claro";"Dupla";"Curva";"Não";2;0;1;0;1;0;1;2;-8,10146485;-34,94901577;"SR-PE";"UOP01";"DEL01"
333295;2021-01-09;"sábado";"09:50:00";"RJ";40;"122";"DUQUE DE CAXIAS";"Acessar a via sem observar a presença dos outros veículos";"Colisão lateral";"Com Vítimas Feridas";"Pleno dia";"Crescente";"Céu Claro";"Múltipla";"Reta";"Não";3;0;1;1;1;0;2;2;-22,79083113;-43,28611569;"SR-RJ";"UOP01";"DEL01"
333296;2021-01-09;"sábado";"10:15:00";"SP";116;"229.7";"SAO PAULO";"Velocidade Incompatível";"Colisão com objeto";"Sem Vítimas";"Pleno dia";"Crescente";"Céu Claro";"Múltipla";"Reta";"Sim";3;0;0;0;1;2;0;1;-23,51291902;-46,57604698;"SR-SP";"UOP01";"DEL01"
333298;2021-01-09;"sábado";"11:22:00";"RS";116;"244";"SAO LEOPOLDO";"Acessar a via sem observar a presença dos outros veículos";"Colisão lateral";"Com Vítimas Feridas";"Pleno dia";"Crescente";"Céu Claro";"Simples";"Reta";"Sim";2;0;1;0;1;0;1;2;-29,74088003;-51,15039566;"SR-RS";"UOP02";"DEL01"
333299;2021-01-09;"sábado";"11:00:00";"CE";222;"306";"TIANGUA";"Demais falhas mecânicas ou elétricas";"Incêndio";"Sem Vítimas";"Pleno dia";"Crescente";"Céu Claro";"Simples";"Curva";"Sim";1;0;0;0;1;0;0;1;-3,67476286;-40,96798113;"SR-CE";"UOP02";"DEL04"
333300;2021-01-09;"sábado";"09:45:00";"SC";153;"100.1";"CONCORDIA";"Condutor deixou de manter distância do veículo da frente";"Colisão traseira";"Com Vítimas Feridas";"Pleno dia";"Crescente";"Céu Claro";"Simples";"Reta";"Sim";3;0;2;0;1;0;2;2;-27,24623607;-51,95254326;"SR-SC";"UOP04";"DEL07"
333301;2021-01-09;"sábado";"11:00:00";"RN";101;"105";"PARNAMIRIM";"Demais falhas mecânicas ou elétricas";"Colisão frontal";"Sem Vítimas";"Pleno dia";"Crescente";"Céu Claro";"Múltipla";"Reta";"Sim";2;0;0;0;2;0;0;2;-5,90165196;-35,25928517;"SR-RN";"UOP01";"DEL01"
333302;2021-01-09;"sábado";"10:15:00";"MG";40;"588";"ITABIRITO";"Avarias e/ou desgaste excessivo no pneu";"Colisão frontal";"Com Vítimas Feridas";"Pleno dia";"Decrescente";"Nublado";"Simples";"Curva";"Não";3;0;2;0;1;0;2;2;-20,35149094;-43,91313094;"SR-MG";"UOP02";"DEL01"
333303;2021-01-09;"sábado";"10:20:00";"MG";40;"587";"ITABIRITO";"Acumulo de água sobre o pavimento";"Colisão com objeto";"Com Vítimas Feridas";"Pleno dia";"Decrescente";"Chuva";"Simples";"Curva";"Não";1;0;1;0;0;0;1;1;-20,34858326;-43,92200604;"SR-MG";"UOP02";"DEL01"
333304;2021-01-09;"sábado";"11:30:00";"ES";101;"179";"ARACRUZ";"Ultrapassagem Indevida";"Colisão lateral";"Com Vítimas Feridas";"Pleno dia";"Crescente";"Sol";"Simples";"Reta";"Não";3;0;2;0;1;0;2;2;-19,61640717;-40,21532077;"SR-ES";"UOP01";"DEL04"