"id";"data_inversa";"dia_semana";"horario";"uf";"br";"km";"municipio";"causa_acidente";"tipo_acidente";"classificacao_acidente";"fase_dia";"sentido_via";"condicao_metereologica";"tipo_pista";"tracado_via";"uso_solo";"pessoas";"mortos";"feridos_leves";"feridos_graves";"ilesos";"ignorados";"feridos";"veiculos";"latitude";"longitude";"regional";"delegacia";"uop"
333397;2021-01-09;"sábado";"19:35:00";"SP";116;"38.5";"CACHOEIRA PAULISTA";"Ingestão de álcool pelo condutor";"Colisão com objeto";"Sem Vítimas";"Plena Noite";"Decrescente";"Nublado";"Dupla";"Não Informado";"Não";2;0;0;0;2;0;0;2;-22,67005395;-44,99101632;"SR-SP";"UOP02";"DEL08"
333398;2021-01-09;"sábado";"19:55:00";"PR";376;"163";"MARINGA";"Demais falhas mecânicas ou elétricas";"Queda de ocupante de veículo";"Com Vítimas Feridas";"Plena Noite";"Crescente";"Céu Claro";"Dupla";"Desvio Temporário";"Não";2;0;2;0;0;0;2;1;-23,38150629;-52,03480212;"SR-PR";"UOP01";"DEL09"
333399;2021-01-09;"sábado";"19:00:00";"BA";324;"623.8";"SALVADOR";"Pedestre andava na pista";"Atropelamento de Pedestre";"Com Vítimas Fatais";"Plena Noite";"Crescente";"Céu Claro";"Dupla";"Reta";"Sim";4;2;0;2;0;0;2;1;-12,92628699;-38,46838679;"SR-BA";"UOP01";"DEL01"
333400;2021-01-09;"sábado";"20:15:00";"SE";101;"113.1";"SAO CRISTOVAO";"Pedestre cruzava a pista fora da faixa";"Atropelamento de Pedestre";"Com Vítimas Fatais";"Plena Noite";"Crescente";"Céu Claro";"Dupla";"Reta";"Não";6;1;1;0;1;3;1;2;-10,991615;-37,295998;"SR-SE";"UOP01";"DEL02"
333402;2021-01-09;"sábado";"19:25:00";"RJ";116;"183";"NOVA IGUACU";"Transitar no acostamento";"Atropelamento de Pedestre";"Com Vítimas Feridas";"Plena Noite";"Crescente";"Chuva";"Dupla";"Reta";"Sim";2;0;0;1;0;1;1;1;-22,73913991;-43,49487305;"SR-RJ";"UOP02";"DEL01"
333403;2021-01-09;"sábado";"16:35:00";"SC";282;"637.6";"DESCANSO";"Avarias e/ou desgaste excessivo no pneu";"Saída de leito carroçável";"Com Vítimas Feridas";"Pleno dia";"Decrescente";"Nublado";"Simples";"Curva";"Não";1;0;1;0;0;0;1;1;-26,80243063;-53,44676971;"SR-SC";"UOP03";"DEL07"
333404;2021-01-09;"sábado";"20:30:00";"RJ";493;"18.9";"MAGE";"Reação tardia ou ineficiente do condutor";"Queda de ocupante de veículo";"Com Vítimas Feridas";"Plena Noite";"Decrescente";"Chuva";"Simples";"Reta";"Sim";1;0;1;0;0;0;1;1;-22,6687122;-43,01862696;"SR-RJ";"UOP04";"DEL02"
333406;2021-01-09;"sábado";"19:16:00";"MS";60;"594";"JARDIM";"Área urbana sem a presença de local apropriado para a travessia de pedestres";"Atropelamento de Pedestre";"Com Vítimas Feridas";"Plena Noite";"Decrescente";"Céu Claro";"Simples";"Curva";"Sim";2;0;1;0;1;0;1;1;-21,48812356;-56,15732431;"SR-MS";"UOP01";"DEL05"
333407;2021-01-09;"sábado";"20:13:00";"MG";381;"451.9";"SABARA";"Condutor deixou de manter distância do veículo da frente";"Colisão lateral mesmo sentido";"Com Vítimas Feridas";"Plena Noite";"Decrescente";"Chuva";"Simples";"Não Informado";"Sim";2;0;1;0;1;0;1;2;-19,832372;-43,845578;"SR-MG";"UOP01";"DEL01"
333408;2021-01-09;"sábado";"21:05:00";"PR";116;"100";"SAO JOSE DOS PINHAIS";"Transitar no acostamento";"Colisão traseira";"Com Vítimas Feridas";"Pleno dia";"Crescente";"Nublado";"Dupla";"Reta";"Sim";2;0;0;1;1;0;1;2;-25,5653576;-49,1620022;"SR-PR";"UOP01";"DEL01"
333409;2021-01-09;"sábado";"20:50:00";"MG";40;"515";"RIBEIRAO DAS NEVES";"Velocidade Incompatível";"Colisão traseira";"Com Vítimas Feridas";"Plena Noite";"Decrescente";"Chuva";"Dupla";"Reta";"Sim";5;0;3;1;1;0;4;2;-19,8090079;-44,09493479;"SR-MG";"UOP02";"DEL01"
333411;2021-01-09;"sábado";"19:30:00";"RJ";356;"155";"CAMPOS DOS GOYTACAZES";"Manobra de mudança de faixa";"Colisão frontal";"Com Vítimas Feridas";"Plena Noite";"Decrescente";"Céu Claro";"Simples";"Reta";"Não";4;0;1;1;1;1;2;2;-21,74815;-41,22062;"SR-RJ";"UOP02";"DEL08"
333413;2021-01-09;"sábado";"21:00:00";"MG";50;"180";"UBERABA";"Condutor deixou de manter distância do veículo da frente";"Colisão traseira";"Com Vítimas Feridas";"Plena Noite";"Crescente";"Nublado";"Simples";"Interseção de vias";"Sim";2;0;1;0;1;0;1;2;-19,77848216;-47,92194709;"SR-MG";"UOP01";"DEL13"
333415;2021-01-09;"sábado";"14:00:00";"SC";116;"123.4";"SANTA CECILIA";"Ultrapassagem Indevida";"Saída de leito carroçável";"Com Vítimas Feridas";"Pleno dia";"Crescente";"Céu Claro";"Simples";"Curva";"Não";2;0;1;0;1;0;1;1;-26,8430109;-50,39949918;"SR-SC";"UOP02";"DEL06"
333416;2021-01-09;"sábado";"21:00:00";"RJ";493;"19";"GUAPIMIRIM";"Afundamento ou ondulação no pavimento";"Capotamento";"Sem Vítimas";"Plena Noite";"Crescente";"Céu Claro";"Simples";"Reta";"Não";1;0;0;0;1;0;0;1;-22,6663848;-43,02770248;"SR-RJ";"UOP04";"DEL02"
333417;2021-01-09;"sábado";"20:40:00";"SC";282;"444.1";"PONTE SERRADA";"Acumulo de água sobre o pavimento";"Saída de leito carroçável";"Com Vítimas Feridas";"Plena Noite";"Decrescente";"Chuva";"Simples";"Não Informado";"Não";2;0;2;0;0;0;2;1;-26,91786076;-51,88988686;"SR-SC";"UOP04";"DEL07"
333418;2021-01-09;"sábado";"21:40:00";"SC";470;"147";"RIO DO SUL";"Conversão proibida";"Colisão transversal";"Com Vítimas Feridas";"Plena Noite";"Crescente";"Céu Claro";"Simples";"Reta";"Não";3;0;0;2;1;0;2;2;-27,243439;-49,690025;"SR-SC";"UOP02";"DEL04"
333419;2021-01-09;"sábado";"20:00:00";"GO";70;"12.8";"AGUAS LINDAS DE GOIAS";"Ingestão de álcool pelo condutor";"Colisão traseira";"Sem Vítimas";"Plena Noite";"Decrescente";"Céu Claro";"Dupla";"Reta";"Sim";2;0;0;0;2;0;0;2;-15,74037077;-48,3103523;"SR-DF";"UOP03";"DEL01"
333420;2021-01-08;"sexta";"20:30:00";"RJ";393;"136";"SAPUCAIA";"Reação tardia ou ineficiente do condutor";"Colisão frontal";"Sem Vítimas";"Plena Noite";"Crescente";"Chuva";"Simples";"Curva";"Sim";2;0;0;0;2;0;0;2;-21,99441468;-42,91350614;"SR-RJ";"UOP02";"DEL04"
333422;2021-01-09;"sábado";"21:10:00";"BA";407;"226";"CAPIM GROSSO";"Demais falhas mecânicas ou elétricas";"Incêndio";"Sem Vítimas";"Plena Noite";"Crescente";"Céu Claro";"Simples";"Reta";"Não";1;0;0;0;1;0;0;1;-11,32211594;-40,01750747;"SR-BA";"UOP02";"DEL04"
333424;2021-01-09;"sábado";"16:15:00";"RS";470;"160";"NOVA PRATA";"Ingestão de álcool pelo condutor";"Colisão transversal";"Com Vítimas Feridas";"Pleno dia";"Crescente";"Céu Claro";"Simples";"Retorno Regulamentado";"Sim";6;0;1;0;5;0;1;2;-28,81066741;-51,60061401;"SR-RS";"UOP02";"DEL06"
333425;2021-01-09;"sábado";"20:30:00";"RS";470;"230";"CARLOS BARBOSA";"Conversão proibida";"Colisão transversal";"Com Vítimas Feridas";"Plena Noite";"Decrescente";"Ignorado";"Simples";"Reta";"Não";4;0;1;0;3;0;1;2;-29,27679937;-51,49322771;"SR-RS";"UOP01";"DEL06"
333426;2021-01-09;"sábado";"21:43:00";"RJ";40;"114";"DUQUE DE CAXIAS";"Chuva";"Colisão com objeto";"Sem Vítimas";"Plena Noite";"Decrescente";"Garoa/Chuvisco";"Múltipla";"Reta";"Não";1;0;0;0;0;1;0;1;-22,71853604;-43,28993324;"SR-RJ";"UOP01";"DEL01"
333427;2021-01-09;"sábado";"21:50:00";"CE";20;"403.7";"CAUCAIA";"Ingestão de álcool ou de substâncias psicoativas pelo pedestre";"Atropelamento de Pedestre";"Com Vítimas Feridas";"Plena Noite";"Decrescente";"Céu Claro";"Simples";"Reta";"Não";2;0;2;0;0;0;2;1;-3,78330069;-38,69351522;"SR-CE";"UOP01";"DEL01"
333428;2021-01-09;"sábado";"20:20:00";"SC";101;"359";"SANGAO";"Ingestão de álcool pelo condutor";"Tombamento";"Com Vítimas Feridas";"Plena Noite";"Decrescente";"Céu Claro";"Simples";"Reta";"Não";1;0;1;0;0;0;1;1;-28,65057609;-49,10516385;"SR-SC";"UOP01";"DEL02"
333429;2021-01-09;"sábado";"21:45:00";"PR";373;"177";"PONTA GROSSA";"Velocidade Incompatível";"Colisão traseira";"Sem Vítimas";"Plena Noite";"Decrescente";"Céu Claro";"Dupla";"Reta";"Sim";3;0;0;0;3;0;0;3;-25,05596766;-50,22677884;"SR-PR";"UAP01";"DEL03"
333431;2021-01-09;"sábado";"21:15:00";"MS";262;"253";"RIBAS DO RIO PARDO";"Ausência de reação do condutor";"Colisão frontal";"Com Vítimas Feridas";"Plena Noite";"Crescente";"Ignorado";"Simples";"Reta";"Não";5;0;0;5;0;0;5;2;-20,40781178;-53,87353188;"SR-MS";"UOP01";"DEL01"
333432;2021-01-09;"sábado";"18:35:00";"BA";116;"644";"JAGUAQUARA";"Ingestão de álcool pelo condutor";"Saída de leito carroçável";"Sem Vítimas";"Plena Noite";"Decrescente";"Céu Claro";"Múltipla";"Não Informado";"Não";1;0;0;0;1;0;0;1;-13,56327202;-40,0799949;"SR-BA";"UOP01";"DEL03"
333433;2021-01-09;"sábado";"19:50:00";"SC";280;"235.5";"CANOINHAS";"Condutor deixou de manter distância do veículo da frente";"Colisão traseira";"Com Vítimas Feridas";"Plena Noite";"Crescente";"Chuva";"Simples";"Não Informado";"Sim";3;0;1;0;2;0;1;2;-26,19252767;-50,41598082;"SR-SC";"UOP04";"DEL06"
333434;2021-01-09;"sábado";"22:00:00";"SE";235;"3";"ARACAJU";"Conversão proibida";"Colisão traseira";"Com Vítimas Feridas";"Plena Noite";"Crescente";"Céu Claro";"Dupla";"Reta";"Sim";2;0;1;0;1;0;1;2;-10,9059;-37,111;"SR-SE";"UOP01";"DEL01"
333435;2021-01-09;"sábado";"21:15:00";"PR";369;"115";"URAI";"Velocidade Incompatível";"Saída de leito carroçável";"Com Vítimas Feridas";"Plena Noite";"Crescente";"Céu Claro";"Simples";"Curva";"Não";1;0;1;0;0;0;1;1;-23,278103;-50,859448;"SR-PR";"UOP01";"DEL07"
333437;2021-01-09;"sábado";"21:35:00";"MG";354;"704.8";"CAXAMBU";"Ingestão de álcool pelo condutor";"Colisão frontal";"Com Vítimas Feridas";"Plena Noite";"Crescente";"Chuva";"Simples";"Não Informado";"Sim";2;0;1;1;0;0;2;2;-21,98404081;-44,92444142;"SR-MG";"UOP01";"DEL17"
333438;2021-01-09;"sábado";"21:40:00";"PB";104;"130";"CAMPINA GRANDE";"Ingestão de álcool pelo condutor";"Saída de leito carroçável";"Com Vítimas Feridas";"Plena Noite";"Crescente";"Nublado";"Simples";"Curva";"Sim";1;0;1;0;0;0;1;1;-7,29013399;-35,89029705;"SR-PB";"UOP03";"DEL02"
333440;2021-01-09;"sábado";"20:30:00";"RJ";116;"258.4";"VOLTA REDONDA";"Frear bruscamente";"Tombamento";"Com Vítimas Feridas";"Plena Noite";"Crescente";"Nublado";"Simples";"Retorno Regulamentado";"Não";2;0;1;1;0;0;2;1;-22,58138777;-44,02160689;"SR-RJ";"UOP02";"DEL07"
333441;2021-01-09;"sábado";"22:20:00";"RR";174;"508";"BOA VISTA";"Transitar na contramão";"Colisão frontal";"Com Vítimas Feridas";"Plena Noite";"Crescente";"Nublado";"Simples";"Reta";"Não";3;0;3;0;0;0;3;2;2,830893;-60,708496;"SR-RR";"UOP01";"DEL01"
333442;2021-01-09;"sábado";"23:10:00";"SP";153;"50";"SAO JOSE DO RIO PRETO";"Ingestão de álcool pelo condutor";"Colisão lateral sentido oposto";"Sem Vítimas";"Plena Noite";"Decrescente";"Céu Claro";"Simples";"Reta";"Sim";2;0;0;0;2;0;0;2;-20,70901101;-49,33909429;"SR-SP";"UOP01";"DEL09"
333443;2021-01-09;"sábado";"23:30:00";"RS";392;"67";"PELOTAS";"Acessar a via sem observar a presença dos outros veículos";"Colisão transversal";"Sem Vítimas";"Plena Noite";"Decrescente";"Céu Claro";"Simples";"Reta";"Sim";2;0;0;0;2;0;0;2;-31,75709532;-52,39980728;"SR-RS";"UOP01";"DEL07"
333444;2021-01-09;"sábado";"14:30:00";"SC";153;"112";"CONCORDIA";"Velocidade Incompatível";"Colisão traseira";"Com Vítimas Feridas";"Pleno dia";"Crescente";"Céu Claro";"Simples";"Reta";"Não";3;0;1;0;1;1;1;2;-27,327526;-51,979298;"SR-SC";"UOP04";"DEL07"
333446;2021-01-09;"sábado";"23:00:00";"MG";459;"15.3";"CALDAS";"Velocidade Incompatível";"Colisão frontal";"Sem Vítimas";"Plena Noite";"Crescente";"Nublado";"Simples";"Curva";"Não";2;0;0;0;1;1;0;2;-21,8568206;-46,43425226;"SR-MG";"UOP01";"DEL09"
333447;2021-01-09;"sábado";"23:40:00";"SC";470;"91.7";"ASCURRA";"Velocidade Incompatível";"Saída de leito carroçável";"Com Vítimas Feridas";"Plena Noite";"Decrescente";"Nublado";"Simples";"Reta";"Não";2;0;0;2;0;0;2;1;-26,97769;-49,369198;"SR-SC";"UOP01";"DEL04"
333448;2021-01-09;"sábado";"18:00:00";"AL";101;"23.1";"JOAQUIM GOMES";"Animais na Pista";"Atropelamento de Animal";"Com Vítimas Feridas";"Plena Noite";"Decrescente";"Céu Claro";"Simples";"Reta";"Não";2;0;1;0;1;0;1;1;-9,04460978;-35,70355615;"SR-AL";"UOP02";"DEL01"
333450;2021-01-10;"domingo";"00:30:00";"BA";116;"10.3";"VITORIA DA CONQUISTA";"Animais na Pista";"Atropelamento de Animal";"Com Vítimas Feridas";"Plena Noite";"Crescente";"Nublado";"Simples";"Reta";"Não";2;0;2;0;0;0;2;1;-14,863418;-40,873526;"SR-BA";"UOP01";"DEL08"
333451;2021-01-09;"sábado";"23:15:00";"TO";153;"557";"OLIVEIRA DE FATIMA";"Desrespeitar a preferência no cruzamento";"Colisão transversal";"Com Vítimas Fatais";"Plena Noite";"Decrescente";"Céu Claro";"Simples";"Não Informado";"Não";2;1;0;0;1;0;0;2;-10,71354899;-48,90512189;"SR-TO";"UOP01";"DEL01"
333452;2021-01-09;"sábado";"20:20:00";"GO";153;"403";"PIRENOPOLIS";"Demais falhas mecânicas ou elétricas";"Incêndio";"Sem Vítimas";"Plena Noite";"Decrescente";"Nublado";"Simples";"Reta";"Não";1;0;0;0;1;0;0;1;-16,048012;-49,074417;"SR-GO";"UOP01";"DEL02"
333453;2021-01-09;"sábado";"23:30:00";"PB";230;"505";"CAJAZEIRAS";"Animais na Pista";"Atropelamento de Animal";"Com Vítimas Fatais";"Plena Noite";"Crescente";"Céu Claro";"Simples";"Reta";"Sim";2;1;1;0;0;0;1;1;-6,8995;-38,5494;"SR-PB";"UOP03";"DEL03"
333454;2021-01-09;"sábado";"23:40:00";"PR";277;"726.5";"FOZ DO IGUACU";"Reação tardia ou ineficiente do condutor";"Saída de leito carroçável";"Com Vítimas Feridas";"Plena Noite";"Decrescente";"Nublado";"Dupla";"Curva";"Sim";1;0;1;0;0;0;1;1;-25,510546;-54,55994;"SR-PR";"UOP03";"DEL05"
333455;2021-01-09;"sábado";"23:40:00";"PR";373;"474";"CORONEL VIVIDA";"Ingestão de álcool pelo condutor";"Colisão frontal";"Sem Vítimas";"Plena Noite";"Crescente";"Nublado";"Simples";"Reta";"Não";4;0;0;0;3;1;0;2;-25,96633159;-52,5224768;"SR-PR";"UOP01";"DEL02"
333456;2021-01-09;"sábado";"22:30:00";"MG";116;"9.9";"DIVISA ALEGRE";"Condutor Dormindo";"Tombamento";"Com Vítimas Feridas";"Plena Noite";"Crescente";"Céu Claro";"Simples";"Reta";"Não";1;0;1;0;0;0;1;1;-15,78393094;-41,34012643;"SR-BA";"UOP03";"DEL08"
333457;2021-01-09;"sábado";"22:00:00";"PR";376;"169.7";"MARINGA";"Desrespeitar a preferência no cruzamento";"Colisão transversal";"Com Vítimas Feridas";"Plena Noite";"Crescente";"Céu Claro";"Dupla";"Reta";"Não";3;0;0;1;1;1;1;2;-23,40330152;-51,99652612;"SR-PR";"UOP01";"DEL09"
333458;2021-01-10;"domingo";"00:05:00";"SP";116;"155";"SAO JOSE DOS CAMPOS";"Condutor deixou de manter distância do veículo da frente";"Colisão traseira";"Com Vítimas Feridas";"Plena Noite";"Crescente";"Nublado";"Dupla";"Reta";"Sim";6;0;1;0;5;0;1;2;-23,247238;-45,931168;"SR-SP";"UOP01";"DEL02"
333459;2021-01-09;"sábado";"23:08:00";"GO";70;"23";"COCALZINHO DE GOIAS";"Ingestão de álcool pelo condutor";"Colisão traseira";"Sem Vítimas";"Plena Noite";"Crescente";"Chuva";"Dupla";"Não Informado";"Sim";4;0;0;0;4;0;0;2;-15,7366224;-48,40222058;"SR-DF";"UOP03";"DEL01"
333460;2021-01-09;"sábado";"23:10:00";"MA";316;"550.6";"CAXIAS";"Ingestão de álcool pelo condutor";"Colisão frontal";"Com Vítimas Feridas";"Plena Noite";"Decrescente";"Céu Claro";"Simples";"Reta";"Não";2;0;0;1;1;0;1;2;-4,886773;-43,362507;"SR-MA";"UOP02";"DEL03"
333461;2021-01-10;"domingo";"00:30:00";"DF";20;"17.2";"BRASILIA";"Velocidade Incompatível";"Saída de leito carroçável";"Com Vítimas Fatais";"Plena Noite";"Crescente";"Céu Claro";"Dupla";"Não Informado";"Sim";2;1;0;1;0;0;1;1;-15,621374;-47,71698;"SR-DF";"UOP01";"DEL02"
333462;2021-01-10;"domingo";"00:00:00";"SC";470;"223";"SAO CRISTOVAO DO SUL";"Acumulo de água sobre o pavimento";"Saída de leito carroçável";"Sem Vítimas";"Plena Noite";"Decrescente";"Chuva";"Simples";"Desvio Temporário";"Não";1;0;0;0;1;0;0;1;-27,319908;-50,336388;"SR-SC";"UOP03";"DEL05"
333463;2021-01-10;"domingo";"00:45:00";"GO";60;"29";"ALEXANIA";"Condutor Dormindo";"Saída de leito carroçável";"Com Vítimas Feridas";"Plena Noite";"Decrescente";"Nublado";"Dupla";"Reta";"Não";1;0;0;1;0;0;1;1;-16,0963;-48,5202;"SR-DF";"UOP02";"DEL01"
333464;2021-01-10;"domingo";"01:30:00";"SC";470;"124.8";"LONTRAS";"Ingestão de álcool pelo condutor";"Saída de leito carroçável";"Sem Vítimas";"Plena Noite";"Decrescente";"Nublado";"Simples";"Reta";"Não";1;0;0;0;1;0;0;1;-27,113192;-49,529163;"SR-SC";"UOP02";"DEL04"
333465;2021-01-10;"domingo";"01:40:00";"MG";251;"473";"FRANCISCO SA";"Velocidade Incompatível";"Tombamento";"Sem Vítimas";"Plena Noite";"Crescente";"Chuva";"Simples";"Reta";"Não";1;0;0;0;1;0;0;1;-16,47012768;-43,44753404;"SR-MG";"UOP01";"DEL12"
333467;2021-01-10;"domingo";"01:25:00";"RS";290;"69.2";"GRAVATAI";"Condutor Dormindo";"Saída de leito carroçável";"Com Vítimas Feridas";"Plena Noite";"Decrescente";"Nublado";"Dupla";"Reta";"Não";1;0;1;0;0;0;1;1;-29,945609;-50,949179;"SR-RS";"UOP01";"DEL03"
333469;2021-01-10;"domingo";"02:00:00";"MT";163;"834";"SINOP";"Ingestão de álcool pelo condutor";"Tombamento";"Com Vítimas Feridas";"Plena Noite";"Crescente";"Céu Claro";"Dupla";"Reta";"Sim";1;0;0;1;0;0;1;1;-11,995863;-55,51709;"SR-MT";"UOP01";"DEL06"
333470;2021-01-10;"domingo";"02:50:00";"SC";101;"330";"TUBARAO";"Condutor Dormindo";"Colisão com objeto";"Sem Vítimas";"Plena Noite";"Crescente";"Céu Claro";"Dupla";"Reta";"Não";1;0;0;0;0;1;0;1;-28,45115639;-48,97286879;"SR-SC";"UOP01";"DEL02"
333471;2021-01-09;"sábado";"18:30:00";"PI";135;"434";"MONTE ALEGRE DO PIAUI";"Reação tardia ou ineficiente do condutor";"Tombamento";"Com Vítimas Feridas";"Plena Noite";"Decrescente";"Céu Claro";"Simples";"Reta";"Não";1;0;1;0;0;0;1;1;-9,56382604;-44,77636798;"SR-PI";"UOP02";"DEL03"
333472;2021-01-10;"domingo";"01:30:00";"SC";163;"87.4";"GUARACIABA";"Ingestão de álcool pelo condutor";"Saída de leito carroçável";"Com Vítimas Feridas";"Plena Noite";"Crescente";"Nublado";"Simples";"Não Informado";"Não";1;0;1;0;0;0;1;1;-26,58507318;-53,51843834;"SR-SC";"UOP03";"DEL07"
333473;2021-01-10;"domingo";"02:00:00";"MG";153;"11";"CENTRALINA";"Reação tardia ou ineficiente do condutor";"Saída de leito carroçável";"Sem Vítimas";"Plena Noite";"Decrescente";"Vento";"Dupla";"Reta";"Não";1;0;0;0;1;0;0;1;-18,51513597;-49,18936222;"SR-MG";"UOP03";"DEL15"
333474;2021-01-09;"sábado";"20:15:00";"SC";101;"375.4";"ICARA";"Ingestão de álcool pelo condutor";"Saída de leito carroçável";"Sem Vítimas";"Plena Noite";"Decrescente";"Céu Claro";"Dupla";"Reta";"Não";1;0;0;0;1;0;0;1;-28,73214104;-49,24415588;"SR-SC";"UOP01";"DEL02"
333475;2021-01-10;"domingo";"03:30:00";"PE";407;"120.5";"PETROLINA";"Manobra de mudança de faixa";"Colisão frontal";"Com Vítimas Fatais";"Amanhecer";"Crescente";"Céu Claro";"Simples";"Reta";"Não";4;1;0;1;2;0;1;2;-9,33807091;-40,55965785;"SR-PE";"UOP01";"DEL06"
333476;2021-01-10;"domingo";"04:15:00";"MG";50;"70";"UBERLANDIA";"Ausência de reação do condutor";"Queda de ocupante de veículo";"Com Vítimas Feridas";"Plena Noite";"Crescente";"Nublado";"Dupla";"Reta";"Sim";1;0;1;0;0;0;1;1;-18,85140204;-48,25345932;"SR-MG";"UOP01";"DEL15"
333477;2021-01-10;"domingo";"04:10:00";"SC";101;"200.3";"SAO JOSE";"Problema com o freio";"Queda de ocupante de veículo";"Com Vítimas Feridas";"Plena Noite";"Crescente";"Ignorado";"Múltipla";"Reta";"Sim";2;0;2;0;0;0;2;1;-27,54018513;-48,62287714;"SR-SC";"UOP01";"DEL01"
333478;2021-01-10;"domingo";"03:50:00";"SC";470;"14.6";"ILHOTA";"Condutor Dormindo";"Colisão frontal";"Com Vítimas Feridas";"Amanhecer";"Crescente";"Céu Claro";"Simples";"Reta";"Não";3;0;2;1;0;0;3;2;-26,837988;-48,775795;"SR-SC";"UOP04";"DEL04"
333479;2021-01-10;"domingo";"03:30:00";"RJ";116;"79";"TERESOPOLIS";"Reação tardia ou ineficiente do condutor";"Colisão lateral sentido oposto";"Com Vítimas Feridas";"Plena Noite";"Crescente";"Chuva";"Simples";"Reta";"Sim";4;0;2;0;2;0;2;2;-22,381704;-42,954777;"SR-RJ";"UOP01";"DEL04"
333480;2021-01-10;"domingo";"04:00:00";"BA";324;"524";"FEIRA DE SANTANA";"Reação tardia ou ineficiente do condutor";"Queda de ocupante de veículo";"Com Vítimas Feridas";"Plena Noite";"Decrescente";"Céu Claro";"Dupla";"Reta";"Sim";1;0;1;0;0;0;1;1;-12,2955119;-38,90487093;"SR-BA";"UOP03";"DEL01"
333481;2021-01-10;"domingo";"05:00:00";"PI";222;"6.8";"SAO JOAO DA FRONTEIRA";"Reação tardia ou ineficiente do condutor";"Saída de leito carroçável";"Com Vítimas Feridas";"Amanhecer";"Decrescente";"Céu Claro";"Simples";"Reta";"Não";5;0;1;0;3;1;1;2;-3,94903878;-41,2728012;"SR-PI";"UOP01";"DEL02"
333483;2021-01-10;"domingo";"04:35:00";"PR";369;"435.2";"UBIRATA";"Acessar a via sem observar a presença dos outros veículos";"Colisão transversal";"Com Vítimas Feridas";"Plena Noite";"Crescente";"Céu Claro";"Simples";"Interseção de vias";"Não";2;0;1;0;1;0;1;2;-24,48859482;-52,89389075;"SR-PR";"UOP03";"DEL09"
333484;2021-01-10;"domingo";"05:30:00";"MG";50;"54";"ARAGUARI";"Reação tardia ou ineficiente do condutor";"Tombamento";"Com Vítimas Feridas";"Amanhecer";"Crescente";"Nublado";"Dupla";"Curva";"Não";3;0;3;0;0;0;3;1;-18,76664393;-48,24409132;"SR-MG";"UOP02";"DEL15"
333486;2021-01-10;"domingo";"04:00:00";"PR";373;"197.1";"PONTA GROSSA";"Acessar a via sem observar a presença dos outros veículos";"Atropelamento de Pedestre";"Com Vítimas Fatais";"Plena Noite";"Crescente";"Nublado";"Simples";"Ponte";"Não";2;1;0;0;1;0;0;1;-25,07625276;-50,39034627;"SR-PR";"UAP01";"DEL03"
333487;2021-01-10;"domingo";"05:30:00";"RJ";116;"284";"BARRA MANSA";"Condutor Dormindo";"Capotamento";"Com Vítimas Feridas";"Amanhecer";"Decrescente";"Céu Claro";"Dupla";"Curva";"Não";1;0;1;0;0;0;1;1;-22,51174295;-44,21705393;"SR-RJ";"UOP02";"DEL07"
333488;2021-01-10;"domingo";"05:20:00";"RJ";40;"82";"PETROPOLIS";"Chuva";"Queda de ocupante de veículo";"Com Vítimas Feridas";"Amanhecer";"Decrescente";"Chuva";"Simples";"Curva";"Não";2;0;1;0;1;0;1;1;-22,51183137;-43,23076171;"SR-RJ";"UOP03";"DEL06"
333489;2021-01-10;"domingo";"05:30:00";"DF";80;"9.9";"BRASILIA";"Velocidade Incompatível";"Capotamento";"Sem Vítimas";"Pleno dia";"Crescente";"Céu Claro";"Dupla";"Reta";"Não";1;0;0;0;1;0;0;1;-15,731064;-48,159393;"SR-DF";"UOP03";"DEL01"
333490;2021-01-09;"sábado";"10:50:00";"MG";262;"447.6";"NOVA SERRANA";"Manobra de mudança de faixa";"Colisão lateral";"Com Vítimas Feridas";"Pleno dia";"Crescente";"Céu Claro";"Simples";"Reta";"Não";3;0;2;0;1;0;2;2;-19,87341662;-44,96007194;"SR-MG";"UOP03";"DEL08"
333491;2021-01-10;"domingo";"06:00:00";"MG";251;"445";"GRAO MOGOL";"Velocidade Incompatível";"Saída de leito carroçável";"Com Vítimas Feridas";"Pleno dia";"Crescente";"Chuva";"Simples";"Curva";"Não";4;0;4;0;0;0;4;1;-16,42541501;-43,26662199;"SR-MG";"UOP01";"DEL12"
333492;2021-01-10;"domingo";"06:30:00";"RJ";101;"183";"CASIMIRO DE ABREU";"Condutor Dormindo";"Saída de leito carroçável";"Com Vítimas Feridas";"Pleno dia";"Decrescente";"Céu Claro";"Simples";"Reta";"Não";1;0;1;0;0;0;1;1;-22,42673584;-42,01668406;"SR-RJ";"UOP04";"DEL08"
333493;2021-01-10;"domingo";"01:00:00";"MG";381;"745";"TRES CORACOES";"Condutor Dormindo";"Saída de leito carroçável";"Com Vítimas Feridas";"Plena Noite";"Decrescente";"Chuva";"Dupla";"Reta";"Não";1;0;1;0;0;0;1;1;-21,637253;-45,28388;"SR-MG";"UOP02";"DEL16"
333494;2021-01-10;"domingo";"05:00:00";"BA";110;"168.5";"RIBEIRA DO POMBAL";"Ingestão de álcool pelo condutor";"Saída de leito carroçável";"Com Vítimas Feridas";"Amanhecer";"Decrescente";"Céu Claro";"Simples";"Reta";"Não";1;0;1;0;0;0;1;1;-10,791;-38,521;"SR-BA";"UOP02";"DEL07"
333495;2021-01-10;"domingo";"05:10:00";"PR";476;"129";"CURITIBA";"Chuva";"Queda de ocupante de veículo";"Sem Vítimas";"Pleno dia";"Decrescente";"Garoa/Chuvisco";"Dupla";"Reta";"Sim";1;0;0;0;0;1;0;1;-25,440983;-49,233715;"SR-PR";"UOP03";"DEL01"