"id";"data_inversa";"dia_semana";"horario";"uf";"br";"km";"municipio";"causa_acidente";"tipo_acidente";"classificacao_acidente";"fase_dia";"sentido_via";"condicao_metereologica";"tipo_pista";"tracado_via";"uso_solo";"pessoas";"mortos";"feridos_leves";"feridos_graves";"ilesos";"ignorados";"feridos";"veiculos";"latitude";"longitude";"regional";"delegacia";"uop"
333496;2021-01-10;"domingo";"05:30:00";"RS";471;"175.5";"RIO PARDO";"Ingestão de álcool pelo condutor";"Colisão com objeto";"Com Vítimas Feridas";"Plena Noite";"Crescente";"Nublado";"Simples";"Interseção de vias";"Não";1;0;1;0;0;0;1;1;-29,99307662;-52,36839294;"SR-RS";"UOP03";"DEL02"
333497;2021-01-10;"domingo";"05:30:00";"PB";230;"8";"CABEDELO";"Velocidade Incompatível";"Saída de leito carroçável";"Sem Vítimas";"Amanhecer";"Crescente";"Nublado";"Dupla";"Não Informado";"Não";1;0;0;0;0;1;0;1;-7,0339588;-34,84219735;"SR-PB";"UOP01";"DEL01"
333498;2021-01-09;"sábado";"22:00:00";"RJ";101;"481";"ANGRA DOS REIS";"Redutor de velocidade em desacordo";"Saída de leito carroçável";"Com Vítimas Feridas";"Plena Noite";"Crescente";"Céu Claro";"Simples";"Curva";"Sim";2;0;1;1;0;0;2;1;-23,00976021;-44,29153237;"SR-RJ";"UOP01";"DEL03"
333499;2021-01-10;"domingo";"05:15:00";"RS";153;"517.9";"CACAPAVA DO SUL";"Demais falhas mecânicas ou elétricas";"Incêndio";"Sem Vítimas";"Amanhecer";"Decrescente";"Céu Claro";"Simples";"Curva";"Não";1;0;0;0;1;0;0;1;-30,64322902;-53,39818954;"SR-RS";"UOP02";"DEL09"
333501;2021-01-10;"domingo";"03:45:00";"SP";381;"89";"GUARULHOS";"Condutor Dormindo";"Colisão com objeto";"Com Vítimas Feridas";"Plena Noite";"Crescente";"Nublado";"Múltipla";"Reta";"Não";1;0;1;0;0;0;1;1;-23,48469299;-46,55983288;"SR-SP";"UOP01";"DEL03"
333502;2021-01-10;"domingo";"07:00:00";"AL";101;"72.5";"MESSIAS";"Animais na Pista";"Atropelamento de Animal";"Com Vítimas Feridas";"Pleno dia";"Crescente";"Céu Claro";"Dupla";"Reta";"Não";4;0;4;0;0;0;4;1;-9,385195;-35,831949;"SR-AL";"UOP01";"DEL01"
333503;2021-01-10;"domingo";"02:41:00";"GO";364;"131";"APARECIDA DO RIO DOCE";"Ausência de reação do condutor";"Saída de leito carroçável";"Com Vítimas Feridas";"Plena Noite";"Decrescente";"Céu Claro";"Simples";"Reta";"Não";2;0;2;0;0;0;2;1;-18,233049;-51,281437;"SR-GO";"UOP01";"DEL05"
333505;2021-01-10;"domingo";"06:50:00";"RO";364;"713";"PORTO VELHO";"Velocidade Incompatível";"Colisão com objeto";"Com Vítimas Feridas";"Pleno dia";"Decrescente";"Nublado";"Dupla";"Curva";"Sim";2;0;0;1;0;1;1;1;-8,77180866;-63,88178771;"SR-RO";"UOP01";"DEL01"
333506;2021-01-10;"domingo";"07:00:00";"RO";364;"16";"VILHENA";"Conversão proibida";"Colisão transversal";"Com Vítimas Feridas";"Pleno dia";"Decrescente";"Céu Claro";"Simples";"Reta";"Sim";2;0;0;1;1;0;1;2;-12,735046;-60,155153;"SR-RO";"UOP01";"DEL04"
333507;2021-01-10;"domingo";"03:25:00";"SC";101;"203";"SAO JOSE";"Pedestre cruzava a pista fora da faixa";"Atropelamento de Pedestre";"Com Vítimas Fatais";"Plena Noite";"Crescente";"Nublado";"Múltipla";"Reta";"Sim";2;1;0;0;1;0;0;1;-27,5650044;-48,61460082;"SR-SC";"UOP01";"DEL01"
333508;2021-01-10;"domingo";"06:00:00";"MT";174;"412";"NOVA LACERDA";"Condutor deixou de manter distância do veículo da frente";"Colisão traseira";"Sem Vítimas";"Pleno dia";"Crescente";"Céu Claro";"Simples";"Reta";"Não";2;0;0;0;1;1;0;2;-14,29596029;-59,6763075;"SR-MT";"UOP01";"DEL04"
333509;2021-01-10;"domingo";"08:00:00";"PE";316;"355";"PETROLANDIA";"Ultrapassagem Indevida";"Colisão frontal";"Com Vítimas Feridas";"Pleno dia";"Crescente";"Céu Claro";"Simples";"Reta";"Não";6;0;0;4;1;1;4;3;-8,89140761;-38,25779483;"SR-PE";"UOP02";"DEL04"
333510;2021-01-10;"domingo";"05:15:00";"RO";364;"316.9";"PRESIDENTE MEDICI";"Condutor deixou de manter distância do veículo da frente";"Colisão traseira";"Com Vítimas Feridas";"Amanhecer";"Decrescente";"Céu Claro";"Simples";"Reta";"Não";2;0;1;0;0;1;1;2;-11,10135113;-61,90633126;"SR-RO";"UOP01";"DEL02"
333511;2021-01-10;"domingo";"07:00:00";"SP";116;"122.9";"CACAPAVA";"Demais falhas mecânicas ou elétricas";"Tombamento";"Com Vítimas Feridas";"Pleno dia";"Decrescente";"Nublado";"Dupla";"Reta";"Não";2;0;2;0;0;0;2;1;-23,085428;-45,666784;"SR-SP";"UOP01";"DEL06"
333512;2021-01-06;"quarta";"22:30:00";"MG";381;"451";"SABARA";"Pista em desnível";"Queda de ocupante de veículo";"Com Vítimas Feridas";"Plena Noite";"Crescente";"Chuva";"Simples";"Reta";"Sim";1;0;1;0;0;0;1;1;-19,83832024;-43,8806931;"SR-MG";"UOP01";"DEL01"
333513;2021-01-10;"domingo";"08:14:00";"PR";277;"70";"SAO JOSE DOS PINHAIS";"Acessar a via sem observar a presença dos outros veículos";"Colisão lateral mesmo sentido";"Com Vítimas Feridas";"Pleno dia";"Crescente";"Nublado";"Dupla";"Interseção de vias";"Não";2;0;2;0;0;0;2;2;-25,51122823;-49,12888527;"SR-PR";"UOP01";"DEL01"
333514;2021-01-10;"domingo";"06:20:00";"MS";262;"677.4";"CORUMBA";"Pista esburacada";"Saída de leito carroçável";"Com Vítimas Feridas";"Pleno dia";"Crescente";"Céu Claro";"Simples";"Reta";"Não";5;0;2;0;2;1;2;1;-19,575083;-57,17177;"SR-MS";"UOP03";"DEL03"
333515;2021-01-10;"domingo";"05:20:00";"MS";163;"256";"DOURADOS";"Demais falhas mecânicas ou elétricas";"Incêndio";"Sem Vítimas";"Amanhecer";"Crescente";"Céu Claro";"Dupla";"Não Informado";"Sim";1;0;0;0;0;1;0;1;-22,258688;-54,804028;"SR-MS";"UOP01";"DEL04"
333516;2021-01-10;"domingo";"05:30:00";"MG";40;"132";"JOAO PINHEIRO";"Ingestão de álcool pelo condutor";"Saída de leito carroçável";"Sem Vítimas";"Pleno dia";"Decrescente";"Céu Claro";"Simples";"Reta";"Não";1;0;0;0;0;1;0;1;-17,71046924;-46,26721306;"SR-MG";"UOP01";"DEL14"
333517;2021-01-10;"domingo";"09:00:00";"MG";381;"285";"JAGUARACU";"Demais falhas mecânicas ou elétricas";"Tombamento";"Com Vítimas Feridas";"Amanhecer";"Crescente";"Céu Claro";"Simples";"Reta";"Não";1;0;0;1;0;0;1;1;-19,6007948;-42,7537026;"SR-MG";"UOP02";"DEL03"
333518;2021-01-09;"sábado";"23:00:00";"MG";267;"183.4";"OLARIA";"Velocidade Incompatível";"Saída de leito carroçável";"Com Vítimas Feridas";"Plena Noite";"Crescente";"Ignorado";"Simples";"Não Informado";"Não";1;0;1;0;0;0;1;1;-21,9104332;-43,96366399;"SR-MG";"UOP01";"DEL05"
333520;2021-01-10;"domingo";"07:40:00";"PE";316;"25.4";"ARARIPINA";"Transitar na contramão";"Colisão frontal";"Com Vítimas Fatais";"Pleno dia";"Decrescente";"Céu Claro";"Simples";"Curva";"Sim";2;1;0;0;0;1;0;2;-7,59313223;-40,49459696;"SR-PE";"UOP02";"DEL05"
333521;2021-01-10;"domingo";"09:20:00";"SP";116;"98.5";"PINDAMONHANGABA";"Reação tardia ou ineficiente do condutor";"Tombamento";"Com Vítimas Feridas";"Pleno dia";"Decrescente";"Nublado";"Dupla";"Não Informado";"Sim";1;0;1;0;0;0;1;1;-22,97805164;-45,45583318;"SR-SP";"UOP01";"DEL08"
333522;2021-01-10;"domingo";"06:30:00";"SC";101;"232";"PALHOCA";"Velocidade Incompatível";"Tombamento";"Com Vítimas Feridas";"Pleno dia";"Crescente";"Chuva";"Dupla";"Curva";"Não";2;0;2;0;0;0;2;1;-27,795666;-48,638153;"SR-SC";"UOP02";"DEL01"
333523;2021-01-10;"domingo";"09:20:00";"MG";262;"389.9";"FLORESTAL";"Reação tardia ou ineficiente do condutor";"Queda de ocupante de veículo";"Com Vítimas Feridas";"Pleno dia";"Crescente";"Céu Claro";"Dupla";"Desvio Temporário";"Não";1;0;1;0;0;0;1;1;-19,93731108;-44,45266502;"SR-MG";"UOP03";"DEL01"
333524;2021-01-10;"domingo";"10:00:00";"RJ";101;"262";"RIO BONITO";"Ausência de reação do condutor";"Colisão lateral";"Com Vítimas Fatais";"Pleno dia";"Crescente";"Céu Claro";"Dupla";"Reta";"Não";2;1;0;0;1;0;0;2;-22,71367506;-42,62052996;"SR-RJ";"UOP03";"DEL02"
333525;2021-01-10;"domingo";"10:15:00";"RN";110;"58.8";"MOSSORO";"Demais falhas na via";"Colisão lateral sentido oposto";"Com Vítimas Feridas";"Pleno dia";"Crescente";"Céu Claro";"Simples";"Não Informado";"Não";2;0;0;1;1;0;1;2;-5,290025;-37,330856;"SR-RN";"UOP01";"DEL04"
333526;2021-01-10;"domingo";"10:25:00";"PR";116;"90";"PIRAQUARA";"Avarias e/ou desgaste excessivo no pneu";"Queda de ocupante de veículo";"Com Vítimas Feridas";"Pleno dia";"Decrescente";"Céu Claro";"Dupla";"Reta";"Não";2;0;2;0;0;0;2;1;-25,48240397;-49,10575712;"SR-PR";"UOP01";"DEL01"
333527;2021-01-10;"domingo";"10:00:00";"MA";222;"672";"ACAILANDIA";"Ingestão de álcool pelo condutor";"Colisão traseira";"Sem Vítimas";"Pleno dia";"Decrescente";"Céu Claro";"Simples";"Reta";"Sim";2;0;0;0;2;0;0;2;-4,948327;-47,478293;"SR-MA";"UOP03";"DEL04"
333528;2021-01-10;"domingo";"10:27:00";"MG";381;"907.5";"CAMBUI";"Velocidade Incompatível";"Tombamento";"Com Vítimas Feridas";"Pleno dia";"Crescente";"Céu Claro";"Dupla";"Não Informado";"Não";1;0;0;1;0;0;1;1;-22,6743393;-46,09751587;"SR-MG";"UOP03";"DEL16"
333529;2021-01-10;"domingo";"09:00:00";"ES";482;"77";"ALEGRE";"Mal súbito do condutor";"Saída de leito carroçável";"Com Vítimas Feridas";"Pleno dia";"Crescente";"Céu Claro";"Simples";"Reta";"Não";1;0;1;0;0;0;1;1;-20,75375018;-41,48909374;"SR-ES";"UOP02";"DEL03"
333530;2021-01-10;"domingo";"10:20:00";"SC";101;"18";"JOINVILLE";"Velocidade Incompatível";"Colisão traseira";"Com Vítimas Feridas";"Pleno dia";"Decrescente";"Céu Claro";"Dupla";"Reta";"Não";4;0;1;0;3;0;1;2;-26,128553;-48,888776;"SR-SC";"UOP01";"DEL03"
333531;2021-01-10;"domingo";"10:40:00";"PE";101;"72.7";"RECIFE";"Animais na Pista";"Colisão lateral";"Com Vítimas Feridas";"Pleno dia";"Crescente";"Sol";"Dupla";"Reta";"Sim";3;0;2;0;1;0;2;2;-8,08493106;-34,9450639;"SR-PE";"UOP01";"DEL01"
333532;2021-01-10;"domingo";"10:30:00";"SP";116;"207";"GUARULHOS";"Estacionar ou parar em local proibido";"Colisão traseira";"Com Vítimas Feridas";"Pleno dia";"Decrescente";"Céu Claro";"Múltipla";"Reta";"Sim";2;0;1;0;1;0;1;2;-23,41972188;-46,38419203;"SR-SP";"UOP01";"DEL01"
333533;2021-01-10;"domingo";"11:25:00";"PR";277;"359";"GUARAPUAVA";"Ultrapassagem Indevida";"Colisão frontal";"Com Vítimas Fatais";"Pleno dia";"Decrescente";"Céu Claro";"Simples";"Reta";"Não";12;1;3;2;6;0;5;3;-25,43297313;-51,60864919;"SR-PR";"UOP01";"DEL08"
333534;2021-01-10;"domingo";"10:00:00";"MG";354;"743";"POUSO ALTO";"Velocidade Incompatível";"Saída de leito carroçável";"Com Vítimas Feridas";"Pleno dia";"Crescente";"Nublado";"Simples";"Curva";"Sim";1;0;1;0;0;0;1;1;-22,24779318;-44,93545532;"SR-MG";"UOP01";"DEL17"
333535;2021-01-10;"domingo";"08:15:00";"SP";381;"89.5";"GUARULHOS";"Velocidade Incompatível";"Saída de leito carroçável";"Com Vítimas Feridas";"Pleno dia";"Decrescente";"Céu Claro";"Dupla";"Reta";"Sim";1;0;0;1;0;0;1;1;-23,48469299;-46,55983288;"SR-SP";"UOP01";"DEL03"
333536;2021-01-10;"domingo";"10:30:00";"MG";381;"907.5";"CAMBUI";"Velocidade Incompatível";"Tombamento";"Com Vítimas Fatais";"Pleno dia";"Crescente";"Sol";"Dupla";"Não Informado";"Não";4;1;0;0;3;0;0;2;-22,67441177;-46,09767795;"SR-MG";"UOP03";"DEL16"
333537;2021-01-10;"domingo";"10:20:00";"SC";470;"57";"BLUMENAU";"Conversão proibida";"Colisão lateral";"Com Vítimas Feridas";"Pleno dia";"Decrescente";"Céu Claro";"Simples";"Reta";"Sim";3;0;2;0;1;0;2;2;-26,880428;-49,136532;"SR-SC";"UOP01";"DEL04"
333538;2021-01-10;"domingo";"07:00:00";"AP";156;"502";"TARTARUGALZINHO";"Transitar na contramão";"Colisão lateral sentido oposto";"Com Vítimas Feridas";"Amanhecer";"Crescente";"Nublado";"Simples";"Curva";"Não";4;0;1;1;2;0;2;2;1,65149704;-50,91407776;"SR-AP";"UOP01";"DEL01"
333539;2021-01-10;"domingo";"10:45:00";"AP";156;"391";"FERREIRA GOMES";"Transitar na contramão";"Colisão lateral sentido oposto";"Com Vítimas Feridas";"Pleno dia";"Decrescente";"Nublado";"Simples";"Curva";"Não";4;0;2;1;1;0;3;2;0,94431209;-51,18372421;"SR-AP";"UOP01";"DEL01"
333540;2021-01-10;"domingo";"10:50:00";"MT";163;"829";"SINOP";"Manobra de mudança de faixa";"Colisão traseira";"Com Vítimas Feridas";"Pleno dia";"Decrescente";"Céu Claro";"Simples";"Retorno Regulamentado";"Sim";2;0;0;1;1;0;1;2;-12,040704;-55,51732275;"SR-MT";"UOP01";"DEL06"
333541;2021-01-10;"domingo";"12:00:00";"DF";20;"8";"BRASILIA";"Demais falhas mecânicas ou elétricas";"Tombamento";"Com Vítimas Feridas";"Pleno dia";"Decrescente";"Nublado";"Dupla";"Reta";"Sim";1;0;1;0;0;0;1;1;-15,658386;-47,791534;"SR-DF";"UOP01";"DEL02"
333542;2021-01-10;"domingo";"12:00:00";"PR";277;"446";"LARANJEIRAS DO SUL";"Desrespeitar a preferência no cruzamento";"Colisão transversal";"Com Vítimas Feridas";"Pleno dia";"Crescente";"Céu Claro";"Simples";"Reta";"Não";4;0;3;0;1;0;3;2;-25,37128515;-52,31179997;"SR-PR";"UOP02";"DEL04"
333543;2021-01-10;"domingo";"12:00:00";"SP";381;"51";"ATIBAIA";"Frear bruscamente";"Queda de ocupante de veículo";"Com Vítimas Feridas";"Pleno dia";"Crescente";"Garoa/Chuvisco";"Dupla";"Reta";"Sim";2;0;2;0;0;0;2;1;-23,221911;-46,59644;"SR-SP";"UOP01";"DEL03"
333544;2021-01-10;"domingo";"12:05:00";"SP";116;"408";"JUQUIA";"Manobra de mudança de faixa";"Saída de leito carroçável";"Sem Vítimas";"Pleno dia";"Decrescente";"Garoa/Chuvisco";"Dupla";"Reta";"Não";1;0;0;0;1;0;0;1;-24,32873462;-47,57541707;"SR-SP";"UOP01";"DEL05"
333545;2021-01-10;"domingo";"12:00:00";"BA";324;"623";"SALVADOR";"Manobra de mudança de faixa";"Colisão lateral";"Com Vítimas Feridas";"Pleno dia";"Decrescente";"Céu Claro";"Dupla";"Reta";"Não";2;0;1;0;1;0;1;2;-12,92453448;-38,46816324;"SR-BA";"UOP01";"DEL01"
333546;2021-01-10;"domingo";"10:00:00";"SC";280;"281.2";"IRINEOPOLIS";"Demais falhas mecânicas ou elétricas";"Incêndio";"Sem Vítimas";"Pleno dia";"Crescente";"Céu Claro";"Simples";"Curva";"Não";1;0;0;0;1;0;0;1;-26,29742523;-50,83861502;"SR-SC";"UOP04";"DEL06"
333547;2021-01-10;"domingo";"11:00:00";"PR";376;"387";"IMBAU";"Manobra de mudança de faixa";"Queda de ocupante de veículo";"Com Vítimas Feridas";"Pleno dia";"Crescente";"Céu Claro";"Dupla";"Reta";"Não";1;0;1;0;0;0;1;1;-24,50165014;-50,71899331;"SR-PR";"UOP02";"DEL03"
333548;2021-01-10;"domingo";"11:39:00";"MG";381;"532.1";"ITATIAIUCU";"Velocidade Incompatível";"Saída de leito carroçável";"Com Vítimas Feridas";"Pleno dia";"Crescente";"Nublado";"Dupla";"Não Informado";"Não";1;0;1;0;0;0;1;1;-20,1904316;-44,38268793;"SR-MG";"UOP03";"DEL04"
333550;2021-01-10;"domingo";"13:10:00";"PR";376;"177";"MARINGA";"Manobra de mudança de faixa";"Colisão lateral";"Com Vítimas Feridas";"Pleno dia";"Decrescente";"Céu Claro";"Dupla";"Interseção de vias";"Sim";2;0;0;1;1;0;1;2;-23,41595855;-51,92226484;"SR-PR";"UOP01";"DEL09"
333551;2021-01-10;"domingo";"13:10:00";"MG";381;"777.7";"CAMPANHA";"Condutor Dormindo";"Saída de leito carroçável";"Com Vítimas Feridas";"Pleno dia";"Decrescente";"Sol";"Dupla";"Não Informado";"Não";3;0;2;0;1;0;2;1;-21,80026;-45,46731;"SR-MG";"UOP02";"DEL16"
333552;2021-01-10;"domingo";"12:15:00";"MT";364;"442";"VARZEA GRANDE";"Ingestão de álcool pelo condutor";"Saída de leito carroçável";"Sem Vítimas";"Pleno dia";"Decrescente";"Chuva";"Simples";"Curva";"Não";1;0;0;0;1;0;0;1;-15,64778792;-56,19701256;"SR-MT";"UOP02";"DEL01"
333553;2021-01-10;"domingo";"10:30:00";"RJ";354;"26";"RESENDE";"Desrespeitar a preferência no cruzamento";"Colisão transversal";"Com Vítimas Feridas";"Pleno dia";"Crescente";"Céu Claro";"Múltipla";"Curva";"Sim";3;0;0;1;2;0;1;2;-22,57491768;-44,621315;"SR-RJ";"UOP02";"DEL07"
333555;2021-01-10;"domingo";"13:50:00";"PR";376;"223";"CAMBIRA";"Acessar a via sem observar a presença dos outros veículos";"Colisão transversal";"Com Vítimas Feridas";"Pleno dia";"Crescente";"Céu Claro";"Dupla";"Interseção de vias";"Não";3;0;0;1;1;1;1;2;-23,59012534;-51,57481471;"SR-PR";"UAP01";"DEL07"
333556;2021-01-10;"domingo";"13:10:00";"SP";153;"112.2";"JOSE BONIFACIO";"Ingestão de álcool pelo condutor";"Colisão traseira";"Com Vítimas Feridas";"Pleno dia";"Decrescente";"Nublado";"Simples";"Não Informado";"Não";4;0;1;0;3;0;1;2;-21,10480404;-49,68274492;"SR-SP";"UOP01";"DEL09"
333557;2021-01-10;"domingo";"12:00:00";"SC";470;"21";"ILHOTA";"Ausência de reação do condutor";"Saída de leito carroçável";"Sem Vítimas";"Pleno dia";"Crescente";"Céu Claro";"Simples";"Reta";"Não";1;0;0;0;0;1;0;1;-26,876698;-48,827362;"SR-SC";"UOP04";"DEL04"
333558;2021-01-10;"domingo";"14:00:00";"ES";101;"260";"SERRA";"Condutor deixou de manter distância do veículo da frente";"Colisão traseira";"Com Vítimas Feridas";"Pleno dia";"Crescente";"Céu Claro";"Simples";"Reta";"Não";2;0;0;1;1;0;1;2;-20,14616415;-40,28836206;"SR-ES";"UOP01";"DEL02"
333559;2021-01-10;"domingo";"12:50:00";"PR";277;"307.2";"GUARAPUAVA";"Velocidade Incompatível";"Colisão com objeto";"Com Vítimas Feridas";"Pleno dia";"Decrescente";"Nublado";"Simples";"Reta";"Não";2;0;1;0;1;0;1;1;-25,31927873;-51,19543076;"SR-PR";"UOP01";"DEL08"
333560;2021-01-10;"domingo";"11:30:00";"MT";364;"243.5";"JUSCIMEIRA";"Ingestão de álcool pelo condutor";"Derramamento de carga";"Sem Vítimas";"Pleno dia";"Decrescente";"Céu Claro";"Dupla";"Reta";"Não";1;0;0;0;1;0;0;1;-16,15552902;-54,80054001;"SR-MT";"UOP01";"DEL02"
333561;2021-01-10;"domingo";"14:50:00";"PR";277;"693";"SAO MIGUEL DO IGUACU";"Desrespeitar a preferência no cruzamento";"Colisão transversal";"Com Vítimas Feridas";"Pleno dia";"Decrescente";"Céu Claro";"Dupla";"Reta";"Não";2;0;1;0;1;0;1;2;-25,37239725;-54,27033988;"SR-PR";"UOP01";"DEL05"
333562;2021-01-10;"domingo";"14:05:00";"SP";153;"282.5";"OCAUCU";"Ultrapassagem Indevida";"Colisão lateral sentido oposto";"Sem Vítimas";"Pleno dia";"Crescente";"Céu Claro";"Simples";"Reta";"Não";2;0;0;0;2;0;0;1;-22,43100995;-49,85907852;"SR-SP";"UOP02";"DEL07"
333565;2021-01-10;"domingo";"14:45:00";"MG";381;"654";"SANTO ANTONIO DO AMPARO";"Avarias e/ou desgaste excessivo no pneu";"Capotamento";"Com Vítimas Feridas";"Pleno dia";"Decrescente";"Chuva";"Dupla";"Não Informado";"Não";3;0;1;0;2;0;1;1;-20,99437964;-44,96041633;"SR-MG";"UOP02";"DEL04"
333566;2021-01-10;"domingo";"14:25:00";"MG";116;"272.3";"TEOFILO OTONI";"Ingestão de álcool pelo condutor";"Colisão lateral mesmo sentido";"Com Vítimas Feridas";"Pleno dia";"Crescente";"Sol";"Simples";"Reta";"Não";2;0;1;0;1;0;1;2;-17,81943899;-41,49990501;"SR-MG";"UOP01";"DEL11"
333569;2021-01-10;"domingo";"14:10:00";"RN";304;"210";"CAICARA DO RIO DO VENTO";"Manobra de mudança de faixa";"Colisão frontal";"Com Vítimas Feridas";"Pleno dia";"Decrescente";"Céu Claro";"Simples";"Reta";"Não";3;0;1;0;2;0;1;3;-5,74488655;-36,0775249;"SR-RN";"UOP03";"DEL01"
333572;2021-01-10;"domingo";"14:50:00";"PR";376;"592";"CURITIBA";"Reação tardia ou ineficiente do condutor";"Colisão traseira";"Com Vítimas Feridas";"Pleno dia";"Decrescente";"Nublado";"Dupla";"Reta";"Sim";3;0;1;0;2;0;1;2;-25,46833525;-49,35524543;"SR-PR";"UOP01";"DEL01"
333573;2021-01-10;"domingo";"08:40:00";"GO";364;"192";"JATAI";"Acessar a via sem observar a presença dos outros veículos";"Colisão transversal";"Com Vítimas Feridas";"Pleno dia";"Decrescente";"Céu Claro";"Simples";"Interseção de vias";"Não";2;0;1;0;1;0;1;2;-17,922094;-51,69062;"SR-GO";"UOP01";"DEL05"
333574;2021-01-10;"domingo";"15:15:00";"ES";101;"296.2";"CARIACICA";"Carga excessiva e/ou mal acondicionada";"Derramamento de carga";"Sem Vítimas";"Pleno dia";"Crescente";"Sol";"Dupla";"Curva";"Sim";1;0;0;0;1;0;0;1;-20,34029997;-40,40405712;"SR-ES";"UOP01";"DEL01"
333575;2021-01-10;"domingo";"16:15:00";"SC";101;"199.3";"SAO JOSE";"Reação tardia ou ineficiente do condutor";"Colisão lateral";"Sem Vítimas";"Pleno dia";"Crescente";"Sol";"Simples";"Reta";"Sim";2;0;0;0;2;0;0;2;-27,53413705;-48,63003205;"SR-SC";"UOP01";"DEL01"
333576;2021-01-10;"domingo";"16:20:00";"GO";60;"44.7";"ALEXANIA";"Acessar a via sem observar a presença dos outros veículos";"Colisão lateral mesmo sentido";"Com Vítimas Feridas";"Pleno dia";"Crescente";"Chuva";"Dupla";"Não Informado";"Sim";9;0;4;0;5;0;4;2;-16,1245;-48,5929;"SR-GO";"UOP01";"DEL02"
333577;2021-01-10;"domingo";"16:26:00";"SP";116;"123";"CACAPAVA";"Condutor deixou de manter distância do veículo da frente";"Colisão traseira";"Com Vítimas Feridas";"Pleno dia";"Decrescente";"Chuva";"Dupla";"Reta";"Não";4;0;1;0;3;0;1;2;-23,08754228;-45,66969781;"SR-SP";"UOP02";"DEL02"
333578;2021-01-10;"domingo";"15:55:00";"SP";381;"73";"SAO PAULO";"Velocidade Incompatível";"Saída de leito carroçável";"Com Vítimas Feridas";"Pleno dia";"Decrescente";"Chuva";"Dupla";"Não Informado";"Não";3;0;1;1;1;0;2;1;-23,36553404;-46,55253934;"SR-SP";"UOP01";"DEL03"
333579;2021-01-10;"domingo";"16:45:00";"GO";153;"174.7";"CAMPINORTE";"Acessar a via sem observar a presença dos outros veículos";"Colisão transversal";"Com Vítimas Feridas";"Pleno dia";"Decrescente";"Céu Claro";"Simples";"Reta";"Sim";2;0;1;0;1;0;1;2;-14,292733;-49,150192;"SR-GO";"UOP02";"DEL07"
333580;2021-01-10;"domingo";"03:30:00";"RO";364;"403";"OURO PRETO DO OESTE";"Manobra de mudança de faixa";"Saída de leito carroçável";"Com Vítimas Feridas";"Plena Noite";"Decrescente";"Céu Claro";"Simples";"Reta";"Não";1;0;1;0;0;0;1;1;-10,58293907;-62,36028809;"SR-RO";"UOP02";"DEL03"
333581;2021-01-10;"domingo";"15:30:00";"BA";324;"528.3";"FEIRA DE SANTANA";"Demais falhas mecânicas ou elétricas";"Queda de ocupante de veículo";"Com Vítimas Feridas";"Pleno dia";"Decrescente";"Sol";"Dupla";"Não Informado";"Não";2;0;2;0;0;0;2;1;-12,31728191;-38,87612093;"SR-BA";"UOP03";"DEL01"
333582;2021-01-10;"domingo";"12:00:00";"SP";381;"20";"BRAGANCA PAULISTA";"Pista Escorregadia";"Colisão com objeto";"Com Vítimas Feridas";"Pleno dia";"Decrescente";"Nublado";"Dupla";"Reta";"Não";1;0;1;0;0;0;1;1;-22,98443766;-46,50352511;"SR-SP";"UOP01";"DEL03"
333583;2021-01-10;"domingo";"16:30:00";"MG";381;"908.3";"CAMBUI";"Velocidade Incompatível";"Colisão com objeto";"Com Vítimas Feridas";"Pleno dia";"Decrescente";"Chuva";"Dupla";"Não Informado";"Não";2;0;0;1;1;0;1;1;-22,68035803;-46,10089431;"SR-MG";"UOP03";"DEL16"
333584;2021-01-10;"domingo";"08:45:00";"MG";50;"3";"ARAGUARI";"Chuva";"Saída de leito carroçável";"Com Vítimas Feridas";"Pleno dia";"Crescente";"Chuva";"Dupla";"Reta";"Não";1;0;1;0;0;0;1;1;-18,44503579;-48,0519047;"SR-MG";"UOP02";"DEL15"
333585;2021-01-10;"domingo";"16:35:00";"SC";101;"149";"ITAPEMA";"Ingestão de álcool pelo condutor";"Colisão traseira";"Sem Vítimas";"Pleno dia";"Decrescente";"Nublado";"Dupla";"Reta";"Sim";2;0;0;0;2;0;0;2;-27,1089649;-48,61277586;"SR-SC";"UOP03";"DEL04"
333586;2021-01-10;"domingo";"17:10:00";"ES";101;"62.9";"SAO MATEUS";"Manobra de mudança de faixa";"Saída de leito carroçável";"Com Vítimas Feridas";"Pleno dia";"Crescente";"Céu Claro";"Simples";"Reta";"Não";1;0;1;0;0;0;1;1;-18,69020499;-39,86154403;"SR-ES";"UOP02";"DEL04"
333587;2021-01-09;"sábado";"21:00:00";"GO";70;"295";"ITAPIRAPUA";"Objeto estático sobre o leito carroçável";"Colisão com objeto";"Com Vítimas Feridas";"Plena Noite";"Crescente";"Chuva";"Simples";"Não Informado";"Não";1;0;0;1;0;0;1;1;-15,89534882;-50,44062194;"SR-GO";"UOP01";"DEL04"
333588;2021-01-10;"domingo";"17:30:00";"SE";101;"77";"LARANJEIRAS";"Condutor deixou de manter distância do veículo da frente";"Colisão traseira";"Sem Vítimas";"Pleno dia";"Crescente";"Sol";"Simples";"Ponte";"Sim";3;0;0;0;3;0;0;3;-10,776609;-37,13439;"SR-SE";"UOP01";"DEL01"
333589;2021-01-10;"domingo";"16:45:00";"PR";116;"7";"CAMPINA GRANDE DO SUL";"Condutor deixou de manter distância do veículo da frente";"Colisão traseira";"Sem Vítimas";"Pleno dia";"Crescente";"Nublado";"Dupla";"Reta";"Sim";2;0;0;0;2;0;0;2;-25,08235366;-48,61499799;"SR-PR";"UOP02";"DEL01"