"id";"data_inversa";"dia_semana";"horario";"uf";"br";"km";"municipio";"causa_acidente";"tipo_acidente";"classificacao_acidente";"fase_dia";"sentido_via";"condicao_metereologica";"tipo_pista";"tracado_via";"uso_solo";"pessoas";"mortos";"feridos_leves";"feridos_graves";"ilesos";"ignorados";"feridos";"veiculos";"latitude";"longitude";"regional";"delegacia";"uop"
333678;2021-01-10;"domingo";"21:35:00";"PR";153;"34.2";"SANTO ANTONIO DA PLATINA";"Ingestão de álcool pelo condutor";"Tombamento";"Sem Vítimas";"Plena Noite";"Crescente";"Céu Claro";"Simples";"Curva";"Não";1;0;0;0;1;0;0;1;-23,24053595;-50,03827052;"SR-PR";"UOP03";"DEL07"
333679;2021-01-10;"domingo";"22:20:00";"AL";104;"8.5";"SAO JOSE DA LAJE";"Demais falhas mecânicas ou elétricas";"Tombamento";"Com Vítimas Feridas";"Plena Noite";"Crescente";"Céu Claro";"Simples";"Curva";"Não";1;0;0;1;0;0;1;1;-8,96801326;-36,01644516;"SR-AL";"UOP02";"DEL01"
333680;2021-01-10;"domingo";"22:25:00";"SP";116;"288.1";"ITAPECERICA DA SERRA";"Avarias e/ou desgaste excessivo no pneu";"Colisão com objeto";"Com Vítimas Feridas";"Plena Noite";"Crescente";"Chuva";"Simples";"Curva";"Não";2;0;1;0;1;0;1;1;-23,71987467;-46,88526034;"SR-SP";"UOP01";"DEL04"
333681;2021-01-10;"domingo";"19:10:00";"RJ";393;"285";"VOLTA REDONDA";"Ingestão de álcool pelo condutor";"Engavetamento";"Sem Vítimas";"Plena Noite";"Decrescente";"Chuva";"Dupla";"Reta";"Sim";3;0;0;0;3;0;0;3;-22,481726;-44,06308602;"SR-RJ";"UOP02";"DEL05"
333682;2021-01-10;"domingo";"22:15:00";"RS";392;"351";"SANTA MARIA";"Pedestre cruzava a pista fora da faixa";"Atropelamento de Pedestre";"Com Vítimas Feridas";"Plena Noite";"Crescente";"Céu Claro";"Simples";"Reta";"Sim";6;0;0;1;2;3;1;1;-29,7284269;-53,80323691;"SR-RS";"UOP01";"DEL09"
333683;2021-01-10;"domingo";"21:35:00";"BA";101;"183";"CONCEICAO DA FEIRA";"Animais na Pista";"Atropelamento de Animal";"Com Vítimas Fatais";"Plena Noite";"Decrescente";"Céu Claro";"Simples";"Desvio Temporário";"Não";1;1;0;0;0;0;0;1;-12,53594197;-38,97745507;"SR-BA";"UOP03";"DEL01"
333685;2021-01-10;"domingo";"21:37:00";"AL";101;"8.8";"NOVO LINO";"Condutor deixou de manter distância do veículo da frente";"Colisão traseira";"Com Vítimas Feridas";"Plena Noite";"Decrescente";"Céu Claro";"Dupla";"Reta";"Não";2;0;0;1;1;0;1;2;-8,93716299;-35,65428449;"SR-AL";"UOP02";"DEL01"
333686;2021-01-10;"domingo";"23:00:00";"PB";230;"6";"CABEDELO";"Animais na Pista";"Atropelamento de Animal";"Sem Vítimas";"Plena Noite";"Crescente";"Céu Claro";"Dupla";"Reta";"Sim";1;0;0;0;1;0;0;1;-7,02;-34,8359;"SR-PB";"UOP01";"DEL01"
333687;2021-01-10;"domingo";"22:30:00";"CE";222;"132";"ITAPAJE";"Ingestão de álcool pelo condutor";"Colisão frontal";"Com Vítimas Fatais";"Plena Noite";"Crescente";"Céu Claro";"Simples";"Reta";"Sim";3;2;0;0;1;0;0;2;-3,72379272;-39,64384954;"SR-CE";"UOP03";"DEL04"
333689;2021-01-10;"domingo";"17:15:00";"RJ";101;"463";"ANGRA DOS REIS";"Reação tardia ou ineficiente do condutor";"Saída de leito carroçável";"Com Vítimas Feridas";"Pleno dia";"Crescente";"Nublado";"Simples";"Curva";"Não";1;0;1;0;0;0;1;1;-23,02635686;-44,21296905;"SR-RJ";"UOP01";"DEL03"
333690;2021-01-10;"domingo";"05:00:00";"MA";10;"295";"SAO FRANCISCO DO BREJAO";"Ingestão de álcool pelo condutor";"Saída de leito carroçável";"Sem Vítimas";"Pleno dia";"Decrescente";"Céu Claro";"Simples";"Desvio Temporário";"Não";1;0;0;0;1;0;0;1;-5,151622;-47,54005;"SR-MA";"UOP01";"DEL04"
333691;2021-01-10;"domingo";"23:30:00";"SP";116;"210.7";"GUARULHOS";"Velocidade Incompatível";"Colisão com objeto";"Sem Vítimas";"Plena Noite";"Crescente";"Céu Claro";"Múltipla";"Reta";"Não";1;0;0;0;0;1;0;1;-23,42870023;-46,41085991;"SR-SP";"UOP01";"DEL01"
333692;2021-01-10;"domingo";"22:00:00";"MG";381;"636";"SANTO ANTONIO DO AMPARO";"Velocidade Incompatível";"Tombamento";"Com Vítimas Feridas";"Plena Noite";"Crescente";"Nublado";"Dupla";"Curva";"Não";1;0;0;1;0;0;1;1;-20,86697786;-44,84156232;"SR-MG";"UOP01";"DEL04"
333693;2021-01-10;"domingo";"18:20:00";"RJ";393;"286";"VOLTA REDONDA";"Ingestão de álcool pelo condutor";"Colisão traseira";"Sem Vítimas";"Plena Noite";"Crescente";"Chuva";"Simples";"Reta";"Sim";3;0;0;0;3;0;0;3;-22,49133996;-44,06505619;"SR-RJ";"UOP02";"DEL05"
333694;2021-01-10;"domingo";"22:15:00";"GO";414;"392.4";"CORUMBA DE GOIAS";"Ingestão de álcool pelo condutor";"Saída de leito carroçável";"Com Vítimas Feridas";"Plena Noite";"Decrescente";"Garoa/Chuvisco";"Simples";"Rotatória";"Sim";1;0;1;0;0;0;1;1;-15,91393969;-48,80410441;"SR-GO";"UOP01";"DEL02"
333695;2021-01-10;"domingo";"21:50:00";"RJ";101;"334";"RIO DE JANEIRO";"Manobra de mudança de faixa";"Tombamento";"Com Vítimas Feridas";"Plena Noite";"Crescente";"Nublado";"Dupla";"Reta";"Sim";2;0;2;0;0;0;2;1;-22,88517902;-43,21704364;"SR-RJ";"UOP02";"DEL02"
333696;2021-01-10;"domingo";"21:30:00";"MS";267;"480.8";"JARDIM";"Ultrapassagem Indevida";"Colisão lateral mesmo sentido";"Com Vítimas Feridas";"Plena Noite";"Decrescente";"Céu Claro";"Simples";"Reta";"Sim";2;0;1;0;1;0;1;2;-21,47178327;-56,13379061;"SR-MS";"UOP01";"DEL05"
333697;2021-01-10;"domingo";"23:30:00";"PR";116;"152";"MANDIRITUBA";"Acessar a via sem observar a presença dos outros veículos";"Colisão traseira";"Sem Vítimas";"Plena Noite";"Crescente";"Nublado";"Múltipla";"Reta";"Sim";3;0;0;0;3;0;0;3;-25,83236296;-49,33609707;"SR-PR";"UOP03";"DEL01"
333698;2021-01-10;"domingo";"23:40:00";"PR";277;"692.8";"SAO MIGUEL DO IGUACU";"Ingestão de álcool pelo condutor";"Saída de leito carroçável";"Sem Vítimas";"Plena Noite";"Crescente";"Céu Claro";"Dupla";"Reta";"Não";1;0;0;0;1;0;0;1;-25,36774473;-54,26181715;"SR-PR";"UOP01";"DEL05"
333699;2021-01-10;"domingo";"23:00:00";"RJ";101;"328";"RIO DE JANEIRO";"Avarias e/ou desgaste excessivo no pneu";"Tombamento";"Com Vítimas Feridas";"Plena Noite";"Decrescente";"Céu Claro";"Múltipla";"Reta";"Não";2;0;2;0;0;0;2;1;-22,87028692;-43,16579699;"SR-RJ";"UOP02";"DEL02"
333700;2021-01-10;"domingo";"19:45:00";"RS";158;"324";"SANTA MARIA";"Deficiência do Sistema de Iluminação/Sinalização";"Colisão com objeto";"Com Vítimas Feridas";"Plena Noite";"Crescente";"Céu Claro";"Dupla";"Viaduto";"Sim";2;0;1;0;1;0;1;2;-29,69762558;-53,78846438;"SR-RS";"UOP01";"DEL09"
333701;2021-01-10;"domingo";"23:10:00";"RO";364;"237.8";"CACOAL";"Acessar a via sem observar a presença dos outros veículos";"Colisão lateral mesmo sentido";"Com Vítimas Feridas";"Plena Noite";"Crescente";"Céu Claro";"Simples";"Reta";"Sim";2;0;1;0;1;0;1;2;-11,44341056;-61,44672787;"SR-RO";"UOP02";"DEL02"
333702;2021-01-11;"segunda";"00:15:00";"RS";470;"199";"BENTO GONCALVES";"Condutor Dormindo";"Colisão com objeto";"Com Vítimas Feridas";"Plena Noite";"Decrescente";"Céu Claro";"Simples";"Curva";"Não";1;0;1;0;0;0;1;1;-29,0629582;-51,58054016;"SR-RS";"UOP02";"DEL06"
333703;2021-01-11;"segunda";"00:40:00";"SP";116;"276";"EMBU DAS ARTES";"Ingestão de álcool pelo condutor";"Eventos atípicos";"Com Vítimas Feridas";"Plena Noite";"Decrescente";"Céu Claro";"Dupla";"Curva";"Sim";1;0;1;0;0;0;1;1;-23,64262417;-46,83811382;"SR-SP";"UOP01";"DEL04"
333704;2021-01-11;"segunda";"00:40:00";"TO";153;"333";"GUARAI";"Acessar a via sem observar a presença dos outros veículos";"Colisão transversal";"Com Vítimas Feridas";"Plena Noite";"Crescente";"Nublado";"Dupla";"Interseção de vias";"Sim";2;0;1;0;1;0;1;2;-8,826486;-48,51216;"SR-TO";"UOP02";"DEL02"
333705;2021-01-11;"segunda";"00:30:00";"PI";316;"312.5";"PICOS";"Reação tardia ou ineficiente do condutor";"Colisão com objeto";"Com Vítimas Fatais";"Plena Noite";"Crescente";"Céu Claro";"Simples";"Reta";"Sim";1;1;0;0;0;0;0;1;-7,08092534;-41,4582602;"SR-PI";"UOP01";"DEL04"
333706;2021-01-11;"segunda";"00:01:00";"PR";476;"262.9";"SAO MATEUS DO SUL";"Animais na Pista";"Atropelamento de Animal";"Sem Vítimas";"Plena Noite";"Crescente";"Céu Claro";"Múltipla";"Reta";"Não";3;0;0;0;3;0;0;1;-25,895758;-50,263321;"SR-PR";"UOP04";"DEL02"
333707;2021-01-11;"segunda";"00:50:00";"MG";365;"473";"PATROCINIO";"Ingestão de álcool pelo condutor";"Saída de leito carroçável";"Com Vítimas Feridas";"Plena Noite";"Decrescente";"Céu Claro";"Simples";"Reta";"Sim";1;0;1;0;0;0;1;1;-18,9256516;-47,00410366;"SR-MG";"UOP01";"DEL10"
333708;2021-01-11;"segunda";"01:00:00";"PI";343;"3";"TERESINA";"Ausência de reação do condutor";"Colisão com objeto";"Sem Vítimas";"Plena Noite";"Crescente";"Céu Claro";"Múltipla";"Reta";"Sim";1;0;0;0;1;0;0;1;-5,089569;-42,802288;"SR-PI";"UOP01";"DEL01"
333709;2021-01-10;"domingo";"23:15:00";"RJ";356;"73";"ITALVA";"Transitar na contramão";"Colisão frontal";"Com Vítimas Fatais";"Plena Noite";"Decrescente";"Céu Claro";"Simples";"Não Informado";"Não";3;1;1;0;0;1;1;3;-21,40493399;-41,68898216;"SR-RJ";"UOP03";"DEL08"
333710;2021-01-11;"segunda";"02:40:00";"SP";116;"212";"GUARULHOS";"Ingestão de álcool pelo condutor";"Colisão com objeto";"Com Vítimas Feridas";"Plena Noite";"Decrescente";"Nublado";"Múltipla";"Reta";"Sim";4;0;2;0;2;0;2;1;-23,43608315;-46,42805094;"SR-SP";"UOP01";"DEL01"
333711;2021-01-11;"segunda";"03:40:00";"SC";101;"195";"BIGUACU";"Ingestão de álcool pelo condutor";"Saída de leito carroçável";"Sem Vítimas";"Plena Noite";"Decrescente";"Chuva";"Simples";"Reta";"Sim";1;0;0;0;1;0;0;1;-27,5047092;-48,65010819;"SR-SC";"UOP01";"DEL01"
333712;2021-01-11;"segunda";"02:30:00";"MG";40;"511.2";"RIBEIRAO DAS NEVES";"Pedestre cruzava a pista fora da faixa";"Atropelamento de Pedestre";"Com Vítimas Feridas";"Plena Noite";"Crescente";"Nublado";"Dupla";"Retorno Regulamentado";"Sim";4;0;1;0;3;0;1;1;-19,78164295;-44,11733194;"SR-MG";"UOP02";"DEL01"
333713;2021-01-11;"segunda";"03:20:00";"PR";277;"157.4";"PORTO AMAZONAS";"Condutor Dormindo";"Capotamento";"Com Vítimas Feridas";"Plena Noite";"Crescente";"Nublado";"Simples";"Rotatória";"Não";2;0;1;0;1;0;1;1;-25,47292112;-49,89572346;"SR-PR";"UOP06";"DEL01"
333714;2021-01-10;"domingo";"20:30:00";"SC";280;"22.2";"ARAQUARI";"Reação tardia ou ineficiente do condutor";"Colisão traseira";"Sem Vítimas";"Plena Noite";"Crescente";"Nublado";"Simples";"Reta";"Não";2;0;0;0;2;0;0;2;-26,37114731;-48,70636225;"SR-SC";"UOP03";"DEL03"
333715;2021-01-11;"segunda";"04:15:00";"GO";40;"6.9";"VALPARAISO DE GOIAS";"Velocidade Incompatível";"Queda de ocupante de veículo";"Com Vítimas Feridas";"Plena Noite";"Decrescente";"Chuva";"Dupla";"Não Informado";"Sim";2;0;0;1;1;0;1;2;-16,100814;-47,977351;"SR-DF";"UOP01";"DEL01"
333716;2021-01-10;"domingo";"19:40:00";"MA";402;"142.6";"SANTO AMARO DO MARANHAO";"Condutor Dormindo";"Colisão frontal";"Sem Vítimas";"Plena Noite";"Crescente";"Ignorado";"Simples";"Reta";"Não";2;0;0;0;0;2;0;2;-2,813004;-43,225124;"SR-MA";"UOP01";"DEL01"
333717;2021-01-11;"segunda";"02:30:00";"BA";116;"351.9";"SERRINHA";"Reação tardia ou ineficiente do condutor";"Colisão transversal";"Com Vítimas Feridas";"Plena Noite";"Decrescente";"Céu Claro";"Simples";"Interseção de vias";"Não";4;0;2;0;2;0;2;3;-11,60011202;-38,98482819;"SR-BA";"UOP01";"DEL02"
333718;2021-01-10;"domingo";"19:15:00";"SC";470;"122.6";"IBIRAMA";"Demais falhas mecânicas ou elétricas";"Saída de leito carroçável";"Sem Vítimas";"Plena Noite";"Crescente";"Nevoeiro/Neblina";"Simples";"Curva";"Não";1;0;0;0;1;0;0;1;-27,099888;-49,527679;"SR-SC";"UOP02";"DEL04"
333719;2021-01-11;"segunda";"04:30:00";"GO";153;"569.4";"PROFESSOR JAMIL";"Condutor Dormindo";"Capotamento";"Com Vítimas Feridas";"Amanhecer";"Decrescente";"Nublado";"Dupla";"Reta";"Não";4;0;1;0;3;0;1;1;-17,2943;-49,2347;"SR-GO";"UOP01";"DEL03"
333720;2021-01-11;"segunda";"05:45:00";"DF";60;"4";"BRASILIA";"Acessar a via sem observar a presença dos outros veículos";"Colisão transversal";"Com Vítimas Feridas";"Pleno dia";"Crescente";"Céu Claro";"Dupla";"Reta";"Não";5;0;2;0;3;0;2;2;-15,892721;-48,095741;"SR-DF";"UOP02";"DEL01"
333721;2021-01-11;"segunda";"04:00:00";"PB";230;"215.8";"SOLEDADE";"Ingestão de álcool pelo condutor";"Colisão com objeto";"Com Vítimas Feridas";"Amanhecer";"Decrescente";"Céu Claro";"Dupla";"Não Informado";"Não";1;0;1;0;0;0;1;1;-7,0577;-36,3629;"SR-PB";"UOP02";"DEL02"
333722;2021-01-11;"segunda";"04:20:00";"SP";116;"44.3";"CANAS";"Ausência de reação do condutor";"Colisão traseira";"Com Vítimas Feridas";"Pleno dia";"Decrescente";"Garoa/Chuvisco";"Dupla";"Reta";"Não";3;0;1;0;2;0;1;2;-22,70287975;-45,03787617;"SR-SP";"UOP02";"DEL08"
333723;2021-01-11;"segunda";"06:30:00";"ES";262;"79.9";"DOMINGOS MARTINS";"Condutor Dormindo";"Colisão frontal";"Com Vítimas Fatais";"Amanhecer";"Decrescente";"Céu Claro";"Simples";"Reta";"Não";6;1;0;3;2;0;3;3;-20,40937987;-40,93210421;"SR-ES";"UOP02";"DEL01"
333724;2021-01-10;"domingo";"19:42:00";"SC";280;"20";"ARAQUARI";"Acessar a via sem observar a presença dos outros veículos";"Colisão transversal";"Com Vítimas Feridas";"Plena Noite";"Decrescente";"Céu Claro";"Simples";"Reta";"Não";3;0;1;1;1;0;2;2;-26,36990477;-48,68224301;"SR-SC";"UOP03";"DEL03"
333725;2021-01-11;"segunda";"04:40:00";"RO";319;"63";"PORTO VELHO";"Acessar a via sem observar a presença dos outros veículos";"Colisão transversal";"Com Vítimas Feridas";"Plena Noite";"Decrescente";"Nublado";"Dupla";"Interseção de vias";"Sim";2;0;0;1;1;0;1;2;-8,766685;-63,884052;"SR-RO";"UOP01";"DEL01"
333726;2021-01-10;"domingo";"12:10:00";"PI";135;"520";"GILBUES";"Pista Escorregadia";"Saída de leito carroçável";"Sem Vítimas";"Pleno dia";"Crescente";"Chuva";"Simples";"Ponte";"Não";1;0;0;0;1;0;0;1;-9,87522678;-45,34647447;"SR-PI";"UOP02";"DEL03"
333727;2021-01-11;"segunda";"06:40:00";"SC";101;"212.4";"PALHOCA";"Manobra de mudança de faixa";"Colisão lateral";"Com Vítimas Feridas";"Pleno dia";"Decrescente";"Garoa/Chuvisco";"Múltipla";"Reta";"Sim";3;0;1;0;2;0;1;3;-27,62996929;-48,65903871;"SR-SC";"UOP02";"DEL01"
333729;2021-01-10;"domingo";"20:15:00";"SC";470;"324.4";"CAMPOS NOVOS";"Velocidade Incompatível";"Saída de leito carroçável";"Com Vítimas Feridas";"Plena Noite";"Decrescente";"Céu Claro";"Simples";"Reta";"Não";1;0;0;1;0;0;1;1;-27,446829;-51,24725;"SR-SC";"UOP06";"DEL07"
333732;2021-01-11;"segunda";"06:00:00";"PB";101;"94.7";"CONDE";"Velocidade Incompatível";"Colisão com objeto";"Com Vítimas Feridas";"Pleno dia";"Decrescente";"Chuva";"Dupla";"Curva";"Não";1;0;1;0;0;0;1;1;-7,21483297;-34,9117521;"SR-PB";"UOP02";"DEL01"
333733;2021-01-11;"segunda";"06:50:00";"PR";277;"2.5";"PARANAGUA";"Acessar a via sem observar a presença dos outros veículos";"Colisão transversal";"Com Vítimas Feridas";"Pleno dia";"Decrescente";"Chuva";"Simples";"Curva";"Sim";3;0;1;1;1;0;2;2;-25,5370096;-48,5567567;"SR-PR";"UOP05";"DEL01"
333734;2021-01-11;"segunda";"06:30:00";"SC";101;"101";"BALNEARIO PICARRAS";"Acessar a via sem observar a presença dos outros veículos";"Colisão transversal";"Sem Vítimas";"Pleno dia";"Decrescente";"Chuva";"Dupla";"Interseção de vias";"Não";2;0;0;0;2;0;0;2;-26,76404198;-48,68657667;"SR-SC";"UOP02";"DEL03"
333735;2021-01-11;"segunda";"06:40:00";"ES";101;"300";"VIANA";"Avarias e/ou desgaste excessivo no pneu";"Queda de ocupante de veículo";"Com Vítimas Feridas";"Pleno dia";"Crescente";"Céu Claro";"Dupla";"Reta";"Sim";2;0;1;0;1;0;1;1;-20,358635;-40,432167;"SR-ES";"UOP01";"DEL01"
333736;2021-01-11;"segunda";"04:30:00";"RJ";116;"222";"PIRAI";"Reação tardia ou ineficiente do condutor";"Colisão lateral";"Sem Vítimas";"Amanhecer";"Decrescente";"Céu Claro";"Simples";"Curva";"Não";2;0;0;0;2;0;0;2;-22,68167294;-43,8245219;"SR-RJ";"UOP01";"DEL07"
333737;2021-01-11;"segunda";"07:00:00";"GO";70;"7.2";"AGUAS LINDAS DE GOIAS";"Manobra de mudança de faixa";"Colisão traseira";"Com Vítimas Fatais";"Pleno dia";"Decrescente";"Céu Claro";"Dupla";"Reta";"Sim";5;1;0;1;2;1;1;2;-15,74375533;-48,26779708;"SR-DF";"UOP03";"DEL01"
333738;2021-01-11;"segunda";"06:45:00";"RS";386;"377";"TABAI";"Ausência de reação do condutor";"Saída de leito carroçável";"Com Vítimas Feridas";"Pleno dia";"Crescente";"Céu Claro";"Dupla";"Reta";"Não";1;0;1;0;0;0;1;1;-29,6943174;-51,6893966;"SR-RS";"UOP02";"DEL04"
333739;2021-01-11;"segunda";"05:55:00";"RO";364;"722";"PORTO VELHO";"Velocidade Incompatível";"Colisão com objeto";"Sem Vítimas";"Amanhecer";"Crescente";"Céu Claro";"Dupla";"Reta";"Não";1;0;0;0;1;0;0;1;-8,82631046;-63,93327871;"SR-RO";"UOP01";"DEL01"
333740;2021-01-11;"segunda";"07:20:00";"CE";116;"18";"EUSEBIO";"Velocidade Incompatível";"Engavetamento";"Com Vítimas Feridas";"Pleno dia";"Decrescente";"Sol";"Dupla";"Reta";"Não";6;0;1;0;5;0;1;5;-3,90496605;-38,50518756;"SR-CE";"UOP02";"DEL01"
333742;2021-01-11;"segunda";"07:00:00";"SP";116;"272";"TABOAO DA SERRA";"Avarias e/ou desgaste excessivo no pneu";"Tombamento";"Com Vítimas Feridas";"Pleno dia";"Decrescente";"Céu Claro";"Dupla";"Reta";"Não";2;0;2;0;0;0;2;1;-23,621691;-46,813288;"SR-SP";"UOP01";"DEL04"
333743;2021-01-11;"segunda";"07:40:00";"RS";101;"80";"OSORIO";"Problema com o freio";"Incêndio";"Sem Vítimas";"Pleno dia";"Crescente";"Sol";"Dupla";"Reta";"Não";1;0;0;0;1;0;0;1;-29,8263459;-50,2482636;"SR-RS";"UOP01";"DEL03"
333744;2021-01-11;"segunda";"07:30:00";"RS";116;"148.7";"CAXIAS DO SUL";"Reação tardia ou ineficiente do condutor";"Atropelamento de Pedestre";"Com Vítimas Feridas";"Pleno dia";"Crescente";"Céu Claro";"Múltipla";"Curva";"Sim";3;0;1;0;1;1;1;1;-29,16033143;-51,15690351;"SR-RS";"UOP01";"DEL05"
333746;2021-01-11;"segunda";"07:55:00";"PR";277;"115";"CAMPO LARGO";"Velocidade Incompatível";"Queda de ocupante de veículo";"Com Vítimas Feridas";"Pleno dia";"Crescente";"Garoa/Chuvisco";"Dupla";"Reta";"Sim";2;0;1;0;1;0;1;1;-25,44592742;-49,49461892;"SR-PR";"UOP06";"DEL01"
333747;2021-01-11;"segunda";"07:50:00";"ES";101;"291";"CARIACICA";"Condutor deixou de manter distância do veículo da frente";"Colisão traseira";"Com Vítimas Feridas";"Pleno dia";"Decrescente";"Céu Claro";"Dupla";"Reta";"Sim";2;0;1;0;1;0;1;2;-20,29755744;-40,39445616;"SR-ES";"UOP01";"DEL01"
333748;2021-01-11;"segunda";"05:50:00";"ES";101;"69";"SAO MATEUS";"Desrespeitar a preferência no cruzamento";"Colisão transversal";"Com Vítimas Feridas";"Pleno dia";"Decrescente";"Céu Claro";"Dupla";"Interseção de vias";"Sim";4;0;1;0;3;0;1;2;-18,73556097;-39,86069526;"SR-ES";"UOP02";"DEL04"
333749;2021-01-11;"segunda";"06:40:00";"AL";423;"105";"DELMIRO GOUVEIA";"Demais falhas mecânicas ou elétricas";"Colisão com objeto";"Sem Vítimas";"Pleno dia";"Crescente";"Céu Claro";"Simples";"Ponte";"Sim";1;0;0;0;1;0;0;1;-9,41357611;-38,19565166;"SR-BA";"UOP01";"DEL07"
333750;2021-01-09;"sábado";"21:30:00";"MA";226;"439";"GRAJAU";"Condutor Dormindo";"Colisão frontal";"Com Vítimas Feridas";"Plena Noite";"Decrescente";"Nublado";"Simples";"Reta";"Não";6;0;4;0;2;0;4;2;-5,90488407;-46,30780897;"SR-MA";"UOP02";"DEL04"
333751;2021-01-11;"segunda";"06:50:00";"RJ";493;"99";"DUQUE DE CAXIAS";"Afundamento ou ondulação no pavimento";"Saída de leito carroçável";"Com Vítimas Feridas";"Amanhecer";"Decrescente";"Nublado";"Dupla";"Reta";"Não";3;0;1;1;1;0;2;1;-22,672089;-43,285053;"SR-RJ";"UOP04";"DEL01"
333753;2021-01-11;"segunda";"07:00:00";"ES";101;"63";"SAO MATEUS";"Ultrapassagem Indevida";"Queda de ocupante de veículo";"Com Vítimas Fatais";"Pleno dia";"Decrescente";"Céu Claro";"Simples";"Reta";"Não";3;1;0;1;1;0;1;2;-18,69830807;-39,86481056;"SR-ES";"UOP02";"DEL04"
333754;2021-01-11;"segunda";"07:30:00";"DF";70;"10";"BRASILIA";"Acessar a via sem observar a presença dos outros veículos";"Colisão lateral";"Com Vítimas Feridas";"Pleno dia";"Crescente";"Céu Claro";"Dupla";"Reta";"Sim";4;0;2;0;2;0;2;2;-15,787066;-48,140709;"SR-DF";"UOP03";"DEL01"
333755;2021-01-11;"segunda";"07:50:00";"PR";116;"50";"CAMPINA GRANDE DO SUL";"Velocidade Incompatível";"Capotamento";"Sem Vítimas";"Pleno dia";"Crescente";"Garoa/Chuvisco";"Dupla";"Curva";"Não";1;0;0;0;1;0;0;1;-25,22793461;-48,85751128;"SR-PR";"UOP02";"DEL01"
333756;2021-01-11;"segunda";"07:50:00";"RN";110;"47.3";"MOSSORO";"Condutor deixou de manter distância do veículo da frente";"Colisão traseira";"Com Vítimas Feridas";"Pleno dia";"Crescente";"Sol";"Simples";"Reta";"Sim";2;0;1;0;1;0;1;2;-5,20338376;-37,32563418;"SR-RN";"UOP01";"DEL04"
333757;2021-01-11;"segunda";"08:12:00";"SC";101;"203";"SAO JOSE";"Condutor deixou de manter distância do veículo da frente";"Colisão traseira";"Sem Vítimas";"Pleno dia";"Crescente";"Nublado";"Dupla";"Reta";"Sim";2;0;0;0;2;0;0;2;-27,5650044;-48,61460082;"SR-SC";"UOP01";"DEL01"
333758;2021-01-11;"segunda";"07:15:00";"MG";251;"472.9";"FRANCISCO SA";"Velocidade Incompatível";"Colisão frontal";"Com Vítimas Feridas";"Amanhecer";"Decrescente";"Chuva";"Simples";"Curva";"Não";5;0;4;0;1;0;4;2;-16,4669101;-43,43947986;"SR-MG";"UOP01";"DEL12"
333760;2021-01-11;"segunda";"07:50:00";"PI";407;"426";"PICOS";"Condutor deixou de manter distância do veículo da frente";"Engavetamento";"Sem Vítimas";"Pleno dia";"Decrescente";"Nublado";"Simples";"Reta";"Não";3;0;0;0;3;0;0;3;-7,10202791;-41,41802488;"SR-PI";"UOP01";"DEL04"
333761;2021-01-11;"segunda";"08:10:00";"ES";101;"1.7";"SERRA";"Condutor deixou de manter distância do veículo da frente";"Colisão traseira";"Com Vítimas Feridas";"Pleno dia";"Crescente";"Céu Claro";"Múltipla";"Reta";"Sim";5;0;0;1;4;0;1;3;-20,129093;-40,308125;"SR-ES";"UOP01";"DEL02"
333762;2021-01-11;"segunda";"08:00:00";"RS";290;"87";"PORTO ALEGRE";"Condutor deixou de manter distância do veículo da frente";"Colisão traseira";"Com Vítimas Feridas";"Pleno dia";"Crescente";"Céu Claro";"Dupla";"Reta";"Sim";2;0;1;0;1;0;1;2;-29,967838;-51,127197;"SR-RS";"UOP01";"DEL01"
333764;2021-01-11;"segunda";"07:45:00";"PR";369;"187";"ARAPONGAS";"Ultrapassagem Indevida";"Colisão transversal";"Com Vítimas Feridas";"Pleno dia";"Decrescente";"Céu Claro";"Simples";"Interseção de vias";"Sim";2;0;1;0;1;0;1;2;-23,424488;-51,423618;"SR-PR";"UAP01";"DEL07"
333765;2021-01-11;"segunda";"08:10:00";"PR";369;"152.7";"LONDRINA";"Condutor desrespeitou a iluminação vermelha do semáforo";"Colisão transversal";"Com Vítimas Feridas";"Pleno dia";"Crescente";"Céu Claro";"Dupla";"Interseção de vias";"Sim";2;0;1;1;0;0;2;2;-23,29358104;-51,18728757;"SR-PR";"UOP01";"DEL07"
333766;2021-01-11;"segunda";"07:40:00";"CE";20;"378";"CAUCAIA";"Ultrapassagem Indevida";"Colisão lateral";"Sem Vítimas";"Pleno dia";"Crescente";"Céu Claro";"Simples";"Ponte";"Não";3;0;0;0;3;0;0;3;-3,93125886;-38,86100221;"SR-CE";"UOP01";"DEL01"
333767;2021-01-11;"segunda";"08:35:00";"PR";369;"187";"ARAPONGAS";"Ultrapassagem Indevida";"Colisão transversal";"Com Vítimas Feridas";"Pleno dia";"Decrescente";"Céu Claro";"Simples";"Reta";"Sim";2;0;0;1;1;0;1;2;-23,4274;-51,4231;"SR-PR";"UAP01";"DEL07"
333770;2021-01-11;"segunda";"07:50:00";"MG";381;"525";"BRUMADINHO";"Velocidade Incompatível";"Colisão traseira";"Com Vítimas Feridas";"Pleno dia";"Crescente";"Nublado";"Dupla";"Curva";"Não";2;0;1;0;1;0;1;2;-20,16710798;-44,33422398;"SR-MG";"UOP03";"DEL04"
333771;2021-01-11;"segunda";"07:50:00";"GO";40;"12";"LUZIANIA";"Acessar a via sem observar a presença dos outros veículos";"Colisão transversal";"Com Vítimas Feridas";"Pleno dia";"Decrescente";"Céu Claro";"Dupla";"Reta";"Sim";2;0;1;1;0;0;2;2;-16,145123;-47,945382;"SR-DF";"UOP01";"DEL01"