"id";"data_inversa";"dia_semana";"horario";"uf";"br";"km";"municipio";"causa_acidente";"tipo_acidente";"classificacao_acidente";"fase_dia";"sentido_via";"condicao_metereologica";"tipo_pista";"tracado_via";"uso_solo";"pessoas";"mortos";"feridos_leves";"feridos_graves";"ilesos";"ignorados";"feridos";"veiculos";"latitude";"longitude";"regional";"delegacia";"uop"
333772;2021-01-11;"segunda";"07:21:00";"MT";364;"401.8";"CUIABA";"Condutor deixou de manter distância do veículo da frente";"Engavetamento";"Com Vítimas Feridas";"Pleno dia";"Decrescente";"Céu Claro";"Dupla";"Reta";"Sim";6;0;2;0;4;0;2;6;-15,65044699;-55,99897742;"SR-MT";"UOP02";"DEL01"
333773;2021-01-11;"segunda";"08:20:00";"MG";262;"405.1";"PARA DE MINAS";"Velocidade Incompatível";"Saída de leito carroçável";"Com Vítimas Fatais";"Pleno dia";"Decrescente";"Céu Claro";"Dupla";"Reta";"Não";2;1;1;0;0;0;1;1;-19,88921326;-44,58977508;"SR-MG";"UOP03";"DEL01"
333774;2021-01-11;"segunda";"09:30:00";"RJ";101;"58";"CAMPOS DOS GOYTACAZES";"Ausência de reação do condutor";"Engavetamento";"Sem Vítimas";"Pleno dia";"Crescente";"Sol";"Simples";"Reta";"Não";4;0;0;0;4;0;0;3;-21,70488703;-41,30979616;"SR-RJ";"UOP01";"DEL08"
333775;2021-01-11;"segunda";"08:20:00";"TO";153;"496";"PARAISO DO TOCANTINS";"Demais falhas mecânicas ou elétricas";"Colisão traseira";"Sem Vítimas";"Pleno dia";"Crescente";"Céu Claro";"Simples";"Desvio Temporário";"Sim";4;0;0;0;0;4;0;2;-10,16527794;-48,88094578;"SR-TO";"UOP01";"DEL01"
333776;2021-01-11;"segunda";"08:50:00";"RS";290;"98";"PORTO ALEGRE";"Condutor deixou de manter distância do veículo da frente";"Colisão traseira";"Com Vítimas Feridas";"Pleno dia";"Crescente";"Céu Claro";"Múltipla";"Reta";"Sim";2;0;1;0;0;1;1;1;-29,994816;-51,217403;"SR-RS";"UOP01";"DEL01"
333777;2021-01-11;"segunda";"09:50:00";"MG";40;"452.8";"CAETANOPOLIS";"Reação tardia ou ineficiente do condutor";"Saída de leito carroçável";"Com Vítimas Feridas";"Pleno dia";"Crescente";"Nublado";"Dupla";"Retorno Regulamentado";"Não";2;0;1;0;0;1;1;1;-19,33382121;-44,36107939;"SR-MG";"UOP01";"DEL02"
333778;2021-01-11;"segunda";"08:00:00";"PR";116;"12";"CAMPINA GRANDE DO SUL";"Velocidade Incompatível";"Colisão com objeto";"Com Vítimas Feridas";"Pleno dia";"Crescente";"Garoa/Chuvisco";"Dupla";"Reta";"Não";2;0;1;0;1;0;1;1;-25,09706813;-48,65517895;"SR-PR";"UOP02";"DEL01"
333779;2021-01-11;"segunda";"07:00:00";"MA";135;"67";"SANTA RITA";"Condutor Dormindo";"Colisão frontal";"Com Vítimas Feridas";"Pleno dia";"Crescente";"Céu Claro";"Simples";"Reta";"Sim";2;0;1;0;1;0;1;2;-3,11481199;-44,32344911;"SR-MA";"UOP02";"DEL01"
333781;2021-01-11;"segunda";"09:30:00";"SC";101;"121";"ITAJAI";"Velocidade Incompatível";"Tombamento";"Com Vítimas Feridas";"Pleno dia";"Decrescente";"Céu Claro";"Múltipla";"Reta";"Sim";1;0;1;0;0;0;1;1;-26,92103178;-48,70856446;"SR-SC";"UOP04";"DEL04"
333783;2021-01-11;"segunda";"10:00:00";"MG";459;"22.1";"CALDAS";"Animais na Pista";"Colisão traseira";"Sem Vítimas";"Pleno dia";"Crescente";"Nublado";"Simples";"Reta";"Não";4;0;0;0;4;0;0;4;-21,8793187;-46,3848761;"SR-MG";"UOP01";"DEL09"
333784;2021-01-11;"segunda";"09:40:00";"MG";381;"500";"BETIM";"Demais falhas mecânicas ou elétricas";"Tombamento";"Com Vítimas Feridas";"Pleno dia";"Crescente";"Céu Claro";"Dupla";"Não Informado";"Não";2;0;2;0;0;0;2;1;-20,02513493;-44,23112709;"SR-MG";"UOP03";"DEL01"
333785;2021-01-11;"segunda";"10:10:00";"ES";101;"40.3";"CONCEICAO DA BARRA";"Ultrapassagem Indevida";"Colisão lateral sentido oposto";"Com Vítimas Feridas";"Pleno dia";"Decrescente";"Céu Claro";"Simples";"Desvio Temporário";"Não";5;0;2;0;3;0;2;2;-18,49980697;-39,91851689;"SR-ES";"UOP02";"DEL04"
333786;2021-01-11;"segunda";"10:45:00";"SP";116;"229";"SAO PAULO";"Manobra de mudança de faixa";"Queda de ocupante de veículo";"Com Vítimas Feridas";"Pleno dia";"Crescente";"Nublado";"Múltipla";"Reta";"Sim";1;0;1;0;0;0;1;1;-23,51291902;-46,57604698;"SR-SP";"UOP01";"DEL01"
333788;2021-01-11;"segunda";"08:00:00";"RJ";101;"333";"RIO DE JANEIRO";"Reação tardia ou ineficiente do condutor";"Colisão traseira";"Com Vítimas Feridas";"Pleno dia";"Crescente";"Nublado";"Múltipla";"Reta";"Não";2;0;1;0;1;0;1;2;-22,87827816;-43,21053578;"SR-RJ";"UOP02";"DEL02"
333789;2021-01-11;"segunda";"10:20:00";"RS";290;"86";"PORTO ALEGRE";"Avarias e/ou desgaste excessivo no pneu";"Tombamento";"Com Vítimas Feridas";"Pleno dia";"Decrescente";"Céu Claro";"Dupla";"Curva";"Sim";1;0;1;0;0;0;1;1;-29,968412;-51,117138;"SR-RS";"UOP01";"DEL01"
333790;2021-01-11;"segunda";"07:15:00";"RO";435;"86";"COLORADO DO OESTE";"Acessar a via sem observar a presença dos outros veículos";"Colisão lateral";"Com Vítimas Feridas";"Pleno dia";"Crescente";"Céu Claro";"Simples";"Desvio Temporário";"Não";2;0;1;0;1;0;1;2;-13,12026846;-60,54055407;"SR-RO";"UOP02";"DEL04"
333793;2021-01-11;"segunda";"10:40:00";"RJ";40;"78";"PETROPOLIS";"Velocidade Incompatível";"Saída de leito carroçável";"Com Vítimas Feridas";"Pleno dia";"Decrescente";"Céu Claro";"Simples";"Reta";"Não";2;0;1;0;1;0;1;1;-22,5029139;-43,23116194;"SR-RJ";"UOP03";"DEL06"
333795;2021-01-11;"segunda";"11:10:00";"PE";101;"57.7";"RECIFE";"Demais falhas mecânicas ou elétricas";"Tombamento";"Com Vítimas Feridas";"Pleno dia";"Decrescente";"Nublado";"Dupla";"Não Informado";"Sim";2;0;2;0;0;0;2;1;-7,96346213;-34,91513486;"SR-PE";"UOP02";"DEL01"
333797;2021-01-11;"segunda";"08:15:00";"SC";101;"267.3";"PAULO LOPES";"Ausência de reação do condutor";"Colisão lateral";"Com Vítimas Feridas";"Pleno dia";"Crescente";"Céu Claro";"Simples";"Curva";"Sim";3;0;1;0;1;1;1;2;-28,07699803;-48,71234311;"SR-SC";"UOP03";"DEL02"
333798;2021-01-11;"segunda";"11:30:00";"PR";376;"98";"PARANAVAI";"Reação tardia ou ineficiente do condutor";"Colisão traseira";"Com Vítimas Feridas";"Pleno dia";"Decrescente";"Sol";"Simples";"Não Informado";"Não";3;0;2;0;1;0;2;3;-23,018194;-52,504509;"SR-PR";"UOP02";"DEL09"
333799;2021-01-11;"segunda";"11:25:00";"SC";101;"200";"SAO JOSE";"Demais falhas mecânicas ou elétricas";"Queda de ocupante de veículo";"Com Vítimas Feridas";"Pleno dia";"Decrescente";"Céu Claro";"Dupla";"Reta";"Sim";2;0;2;0;0;0;2;1;-27,54018513;-48,62287714;"SR-SC";"UOP01";"DEL01"
333802;2021-01-11;"segunda";"09:50:00";"RS";101;"5";"MAQUINE";"Desrespeitar a preferência no cruzamento";"Colisão frontal";"Com Vítimas Feridas";"Pleno dia";"Decrescente";"Céu Claro";"Simples";"Interseção de vias";"Não";8;0;1;0;7;0;1;2;-29,721962;-50,198347;"SR-RS";"UOP01";"DEL03"
333803;2021-01-11;"segunda";"10:20:00";"PE";428;"185.3";"PETROLINA";"Chuva";"Colisão lateral sentido oposto";"Com Vítimas Feridas";"Pleno dia";"Crescente";"Chuva";"Simples";"Reta";"Sim";2;0;1;0;1;0;1;2;-9,34009199;-40,47032001;"SR-PE";"UOP01";"DEL06"
333804;2021-01-11;"segunda";"08:50:00";"BA";110;"66.5";"JEREMOABO";"Condutor Dormindo";"Saída de leito carroçável";"Com Vítimas Feridas";"Pleno dia";"Decrescente";"Céu Claro";"Simples";"Curva";"Não";2;0;2;0;0;0;2;1;-10,02015426;-38,32185556;"SR-BA";"UOP01";"DEL07"
333805;2021-01-11;"segunda";"12:00:00";"SC";101;"176";"BIGUACU";"Velocidade Incompatível";"Tombamento";"Com Vítimas Feridas";"Pleno dia";"Decrescente";"Céu Claro";"Dupla";"Reta";"Não";2;0;2;0;0;0;2;1;-27,34661396;-48,63300917;"SR-SC";"UOP01";"DEL01"
333806;2021-01-11;"segunda";"10:45:00";"BA";324;"590";"CANDEIAS";"Avarias e/ou desgaste excessivo no pneu";"Colisão lateral";"Com Vítimas Feridas";"Pleno dia";"Crescente";"Sol";"Dupla";"Reta";"Não";4;0;1;0;3;0;1;2;-12,67291202;-38,46908411;"SR-BA";"UOP01";"DEL01"
333808;2021-01-11;"segunda";"11:00:00";"RJ";495;"31";"PETROPOLIS";"Acessar a via sem observar a presença dos outros veículos";"Colisão transversal";"Com Vítimas Feridas";"Pleno dia";"Decrescente";"Céu Claro";"Simples";"Reta";"Não";2;0;1;0;1;0;1;2;-22,381374;-43,132;"SR-RJ";"UOP03";"DEL06"
333809;2021-01-11;"segunda";"10:05:00";"BA";116;"497.7";"SANTA TERESINHA";"Manobra de mudança de faixa";"Colisão lateral";"Com Vítimas Feridas";"Pleno dia";"Crescente";"Céu Claro";"Simples";"Reta";"Não";2;0;0;1;1;0;1;2;-12,57710215;-39,50699693;"SR-BA";"UOP01";"DEL02"
333810;2021-01-11;"segunda";"10:05:00";"BA";116;"574";"BREJOES";"Chuva";"Colisão lateral sentido oposto";"Com Vítimas Fatais";"Pleno dia";"Decrescente";"Chuva";"Simples";"Reta";"Sim";2;1;0;0;1;0;0;2;-13,04175609;-39,9675933;"SR-BA";"UOP02";"DEL03"
333811;2021-01-11;"segunda";"12:20:00";"PR";158;"535.7";"PATO BRANCO";"Desrespeitar a preferência no cruzamento";"Colisão transversal";"Sem Vítimas";"Pleno dia";"Decrescente";"Céu Claro";"Simples";"Rotatória";"Sim";2;0;0;0;2;0;0;2;-26,23547098;-52,69066504;"SR-PR";"UOP01";"DEL02"
333812;2021-01-11;"segunda";"10:00:00";"SC";280;"75";"CORUPA";"Velocidade Incompatível";"Saída de leito carroçável";"Com Vítimas Feridas";"Pleno dia";"Decrescente";"Nublado";"Simples";"Curva";"Não";1;0;1;0;0;0;1;1;-26,458391;-49,170483;"SR-SC";"UOP03";"DEL03"
333814;2021-01-11;"segunda";"08:00:00";"PB";230;"14.5";"CABEDELO";"Entrada inopinada do pedestre";"Colisão transversal";"Com Vítimas Feridas";"Pleno dia";"Decrescente";"Chuva";"Dupla";"Reta";"Sim";1;0;0;1;0;0;1;1;-7,0844;-34,8488;"SR-PB";"UOP01";"DEL01"
333816;2021-01-11;"segunda";"13:00:00";"PE";232;"119";"CARUARU";"Condutor Dormindo";"Saída de leito carroçável";"Com Vítimas Feridas";"Pleno dia";"Crescente";"Céu Claro";"Dupla";"Reta";"Não";2;0;2;0;0;0;2;1;-8,2962792;-35,89314995;"SR-PE";"UOP02";"DEL02"
333817;2021-01-11;"segunda";"11:15:00";"RJ";493;"70";"DUQUE DE CAXIAS";"Condutor Dormindo";"Saída de leito carroçável";"Com Vítimas Feridas";"Pleno dia";"Decrescente";"Céu Claro";"Dupla";"Reta";"Não";1;0;1;0;0;0;1;1;-22,672089;-43,285053;"SR-RJ";"UOP03";"DEL01"
333818;2021-01-11;"segunda";"12:00:00";"TO";226;"32.6";"PALMEIRAS DO TOCANTINS";"Afundamento ou ondulação no pavimento";"Colisão com objeto";"Com Vítimas Feridas";"Pleno dia";"Decrescente";"Nublado";"Simples";"Reta";"Não";2;0;1;0;1;0;1;1;-6,654036;-47,718834;"SR-TO";"UOP03";"DEL02"
333819;2021-01-09;"sábado";"19:30:00";"PA";316;"102";"SANTA MARIA DO PARA";"Reação tardia ou ineficiente do condutor";"Colisão lateral";"Sem Vítimas";"Plena Noite";"Crescente";"Céu Claro";"Simples";"Curva";"Não";2;0;0;0;1;1;0;2;-1,33808348;-47,58656009;"SR-PA";"UOP02";"DEL01"
333820;2021-01-11;"segunda";"12:00:00";"SC";470;"86.9";"RODEIO";"Pista Escorregadia";"Tombamento";"Com Vítimas Feridas";"Pleno dia";"Crescente";"Chuva";"Simples";"Curva";"Não";1;0;1;0;0;0;1;1;-26,949951;-49,357296;"SR-SC";"UOP01";"DEL04"
333822;2021-01-11;"segunda";"08:20:00";"BA";101;"682";"ITAGIMIRIM";"Manobra de mudança de faixa";"Colisão lateral";"Com Vítimas Feridas";"Pleno dia";"Decrescente";"Sol";"Simples";"Reta";"Sim";2;0;1;0;1;0;1;2;-16,09789706;-39,61472511;"SR-BA";"UOP01";"DEL09"
333823;2021-01-11;"segunda";"03:45:00";"BA";110;"79";"JEREMOABO";"Ultrapassagem Indevida";"Colisão lateral";"Com Vítimas Feridas";"Amanhecer";"Decrescente";"Céu Claro";"Simples";"Reta";"Não";2;0;1;0;1;0;1;2;-10,09152493;-38,3201856;"SR-BA";"UOP01";"DEL07"
333825;2021-01-11;"segunda";"11:15:00";"SC";282;"571.7";"NOVA ERECHIM";"Conversão proibida";"Colisão lateral sentido oposto";"Sem Vítimas";"Pleno dia";"Crescente";"Céu Claro";"Simples";"Reta";"Não";4;0;0;0;4;0;0;3;-26,883053;-52,939816;"SR-SC";"UOP02";"DEL07"
333826;2021-01-11;"segunda";"13:30:00";"SC";116;"220.6";"CORREIA PINTO";"Desrespeitar a preferência no cruzamento";"Colisão transversal";"Com Vítimas Feridas";"Pleno dia";"Decrescente";"Céu Claro";"Simples";"Rotatória";"Não";3;0;1;1;1;0;2;2;-27,57771319;-50,36993036;"SR-SC";"UOP03";"DEL05"
333827;2021-01-11;"segunda";"13:10:00";"SC";280;"3";"SAO FRANCISCO DO SUL";"Acessar a via sem observar a presença dos outros veículos";"Colisão transversal";"Com Vítimas Feridas";"Pleno dia";"Crescente";"Céu Claro";"Simples";"Reta";"Sim";7;0;2;0;5;0;2;3;-26,24531966;-48,61556107;"SR-SC";"UOP03";"DEL03"
333828;2021-01-11;"segunda";"13:50:00";"MG";381;"483";"BETIM";"Condutor deixou de manter distância do veículo da frente";"Colisão traseira";"Com Vítimas Feridas";"Pleno dia";"Decrescente";"Nublado";"Dupla";"Curva";"Sim";2;0;1;0;1;0;1;2;-19,95915056;-44,08058167;"SR-MG";"UOP03";"DEL01"
333829;2021-01-11;"segunda";"13:40:00";"PB";230;"234.8";"JUAZEIRINHO";"Acessar a via sem observar a presença dos outros veículos";"Colisão transversal";"Com Vítimas Feridas";"Pleno dia";"Crescente";"Céu Claro";"Simples";"Reta";"Não";2;0;1;0;1;0;1;2;-7,0416;-36,5166;"SR-PB";"UOP02";"DEL02"
333830;2021-01-11;"segunda";"14:30:00";"PR";277;"16.9";"PARANAGUA";"Acumulo de água sobre o pavimento";"Saída de leito carroçável";"Com Vítimas Feridas";"Pleno dia";"Crescente";"Chuva";"Dupla";"Reta";"Não";2;0;0;1;1;0;1;1;-25,545641;-48,679191;"SR-PR";"UOP05";"DEL01"
333831;2021-01-11;"segunda";"14:20:00";"RS";116;"525";"PELOTAS";"Acessar a via sem observar a presença dos outros veículos";"Colisão lateral";"Com Vítimas Feridas";"Pleno dia";"Decrescente";"Céu Claro";"Dupla";"Reta";"Sim";2;0;1;0;1;0;1;2;-31,7359522;-52,39349776;"SR-RS";"UOP01";"DEL07"
333832;2021-01-10;"domingo";"20:00:00";"ES";262;"119";"CONCEICAO DO CASTELO";"Problema com o freio";"Saída de leito carroçável";"Com Vítimas Feridas";"Plena Noite";"Decrescente";"Nublado";"Simples";"Curva";"Não";1;0;1;0;0;0;1;1;-20,303981;-41,22971535;"SR-ES";"UOP02";"DEL01"
333833;2021-01-11;"segunda";"11:20:00";"RS";285;"331.2";"CARAZINHO";"Ultrapassagem Indevida";"Colisão frontal";"Com Vítimas Fatais";"Pleno dia";"Crescente";"Sol";"Simples";"Curva";"Não";4;1;2;1;0;0;3;2;-28,289944;-52,723309;"SR-RS";"UOP03";"DEL08"
333834;2021-01-11;"segunda";"13:15:00";"SC";101;"352";"JAGUARUNA";"Reação tardia ou ineficiente do condutor";"Colisão traseira";"Sem Vítimas";"Pleno dia";"Crescente";"Sol";"Dupla";"Não Informado";"Não";2;0;0;0;2;0;0;2;-28,60489869;-49,05593332;"SR-SC";"UOP01";"DEL02"
333835;2021-01-10;"domingo";"17:50:00";"SC";101;"318.6";"PESCARIA BRAVA";"Condutor deixou de manter distância do veículo da frente";"Engavetamento";"Com Vítimas Feridas";"Anoitecer";"Crescente";"Sol";"Dupla";"Reta";"Não";10;0;1;0;9;0;1;4;-28,4266481;-48,86160099;"SR-SC";"UOP01";"DEL02"
333836;2021-01-11;"segunda";"13:40:00";"PB";230;"1";"CABEDELO";"Ultrapassagem Indevida";"Colisão transversal";"Sem Vítimas";"Pleno dia";"Decrescente";"Nublado";"Simples";"Reta";"Sim";2;0;0;0;1;1;0;2;-6,9753;-34,8318;"SR-PB";"UOP01";"DEL01"
333837;2021-01-11;"segunda";"14:25:00";"PR";369;"187.4";"ARAPONGAS";"Ultrapassagem Indevida";"Colisão transversal";"Com Vítimas Feridas";"Pleno dia";"Crescente";"Céu Claro";"Simples";"Reta";"Sim";2;0;2;0;0;0;2;2;-23,427211;-51,423196;"SR-PR";"UAP01";"DEL07"
333838;2021-01-11;"segunda";"14:50:00";"SC";101;"216.8";"PALHOCA";"Ausência de reação do condutor";"Colisão lateral";"Com Vítimas Feridas";"Pleno dia";"Crescente";"Sol";"Múltipla";"Interseção de vias";"Sim";2;0;1;0;1;0;1;2;-27,65981409;-48,67747798;"SR-SC";"UOP02";"DEL01"
333841;2021-01-11;"segunda";"13:00:00";"RJ";116;"198";"QUEIMADOS";"Pedestre andava na pista";"Atropelamento de Pedestre";"Com Vítimas Feridas";"Pleno dia";"Crescente";"Sol";"Dupla";"Reta";"Não";2;0;1;0;1;0;1;1;-22,72952183;-43,57481597;"SR-RJ";"UOP02";"DEL01"
333842;2021-01-11;"segunda";"14:25:00";"MS";163;"427";"CAMPO GRANDE";"Carga excessiva e/ou mal acondicionada";"Colisão com objeto";"Com Vítimas Feridas";"Pleno dia";"Crescente";"Nublado";"Simples";"Reta";"Não";3;0;1;0;2;0;1;2;-20,920842;-54,497914;"SR-MS";"UOP01";"DEL01"
333844;2021-01-11;"segunda";"15:30:00";"PR";476;"137";"CURITIBA";"Manobra de mudança de faixa";"Colisão lateral mesmo sentido";"Com Vítimas Feridas";"Pleno dia";"Crescente";"Céu Claro";"Dupla";"Reta";"Sim";2;0;1;0;1;0;1;2;-25,498302;-49,277546;"SR-PR";"UOP03";"DEL01"
333845;2021-01-11;"segunda";"15:47:00";"SC";101;"218.4";"PALHOCA";"Ausência de reação do condutor";"Colisão traseira";"Com Vítimas Feridas";"Pleno dia";"Crescente";"Céu Claro";"Múltipla";"Reta";"Sim";2;0;0;1;1;0;1;2;-27,6758601;-48,67052525;"SR-SC";"UOP02";"DEL01"
333846;2021-01-11;"segunda";"15:00:00";"SC";101;"110.9";"NAVEGANTES";"Condutor deixou de manter distância do veículo da frente";"Colisão traseira";"Com Vítimas Feridas";"Pleno dia";"Crescente";"Céu Claro";"Dupla";"Reta";"Não";2;0;1;0;1;0;1;2;-26,83477;-48,706151;"SR-SC";"UOP04";"DEL04"
333847;2021-01-11;"segunda";"16:00:00";"RN";427;"27.4";"ACARI";"Frear bruscamente";"Tombamento";"Com Vítimas Feridas";"Pleno dia";"Crescente";"Nublado";"Simples";"Reta";"Sim";2;0;2;0;0;0;2;1;-6,42921388;-36,64005189;"SR-RN";"UOP02";"DEL03"
333850;2021-01-11;"segunda";"16:20:00";"MG";40;"622";"CONSELHEIRO LAFAIETE";"Manobra de mudança de faixa";"Colisão lateral";"Com Vítimas Feridas";"Pleno dia";"Crescente";"Nublado";"Simples";"Reta";"Não";2;0;1;0;0;1;1;2;-20,593914;-43,80411985;"SR-MG";"UOP02";"DEL05"
333852;2021-01-11;"segunda";"11:40:00";"MA";10;"249.7";"IMPERATRIZ";"Pista em desnível";"Tombamento";"Com Vítimas Fatais";"Pleno dia";"Decrescente";"Céu Claro";"Simples";"Rotatória";"Sim";3;1;0;0;1;1;0;2;-5,55161928;-47,4609375;"SR-MA";"UOP01";"DEL04"
333853;2021-01-11;"segunda";"14:50:00";"MA";316;"419";"PERITORO";"Manobra de mudança de faixa";"Colisão lateral mesmo sentido";"Com Vítimas Feridas";"Pleno dia";"Crescente";"Céu Claro";"Simples";"Reta";"Sim";3;0;2;0;0;1;2;2;-4,346691;-44,379074;"SR-MA";"UOP01";"DEL03"
333854;2021-01-11;"segunda";"16:20:00";"ES";101;"385.3";"RIO NOVO DO SUL";"Ingestão de álcool ou de substâncias psicoativas pelo pedestre";"Atropelamento de Pedestre";"Com Vítimas Fatais";"Pleno dia";"Crescente";"Céu Claro";"Simples";"Reta";"Não";2;1;0;0;1;0;0;1;-20,8373608;-40,86864894;"SR-ES";"UOP01";"DEL03"
333855;2021-01-11;"segunda";"15:40:00";"RJ";101;"313";"SAO GONCALO";"Demais falhas mecânicas ou elétricas";"Incêndio";"Sem Vítimas";"Pleno dia";"Crescente";"Céu Claro";"Dupla";"Reta";"Sim";1;0;0;0;1;0;0;1;-22,81049093;-43,06983304;"SR-RJ";"UOP02";"DEL02"
333857;2021-01-11;"segunda";"15:00:00";"RJ";101;"283";"ITABORAI";"Velocidade Incompatível";"Colisão traseira";"Com Vítimas Feridas";"Pleno dia";"Crescente";"Céu Claro";"Dupla";"Reta";"Não";2;0;1;0;1;0;1;2;-22,73591014;-42,80592689;"SR-RJ";"UOP03";"DEL02"
333858;2021-01-11;"segunda";"16:33:00";"GO";153;"508.3";"APARECIDA DE GOIANIA";"Pista Escorregadia";"Incêndio";"Sem Vítimas";"Pleno dia";"Crescente";"Nublado";"Múltipla";"Reta";"Sim";1;0;0;0;1;0;0;1;-16,7804;-49,2371;"SR-GO";"UOP03";"DEL01"
333859;2021-01-11;"segunda";"15:40:00";"ES";482;"18.7";"CACHOEIRO DE ITAPEMIRIM";"Reação tardia ou ineficiente do condutor";"Tombamento";"Com Vítimas Feridas";"Pleno dia";"Decrescente";"Céu Claro";"Simples";"Curva";"Não";1;0;0;1;0;0;1;1;-20,8323342;-41,08891628;"SR-ES";"UOP02";"DEL03"
333860;2021-01-11;"segunda";"16:45:00";"CE";222;"3.5";"CAUCAIA";"Condutor deixou de manter distância do veículo da frente";"Colisão traseira";"Com Vítimas Feridas";"Pleno dia";"Crescente";"Céu Claro";"Dupla";"Rotatória";"Sim";6;0;3;0;3;0;3;3;-3,736507;-38,65337;"SR-CE";"UOP01";"DEL01"
333861;2021-01-11;"segunda";"15:20:00";"BA";116;"850";"VITORIA DA CONQUISTA";"Velocidade Incompatível";"Colisão lateral";"Com Vítimas Feridas";"Pleno dia";"Decrescente";"Céu Claro";"Simples";"Reta";"Não";2;0;0;1;0;1;1;2;-14,99050229;-40,92828066;"SR-BA";"UOP01";"DEL08"
333863;2021-01-11;"segunda";"17:15:00";"MG";262;"477.9";"BOM DESPACHO";"Acessar a via sem observar a presença dos outros veículos";"Colisão transversal";"Com Vítimas Feridas";"Pleno dia";"Decrescente";"Sol";"Simples";"Interseção de vias";"Sim";3;0;3;0;0;0;3;2;-19,78306474;-45,25944324;"SR-MG";"UOP03";"DEL08"
333865;2021-01-11;"segunda";"17:50:00";"RS";116;"256.2";"ESTEIO";"Avarias e/ou desgaste excessivo no pneu";"Tombamento";"Com Vítimas Feridas";"Pleno dia";"Crescente";"Sol";"Múltipla";"Reta";"Sim";2;0;2;0;0;0;2;1;-29,84393699;-51,17728603;"SR-RS";"UOP02";"DEL01"
333866;2021-01-11;"segunda";"17:00:00";"AP";210;"17.6";"MACAPA";"Acumulo de água sobre o pavimento";"Colisão frontal";"Com Vítimas Fatais";"Pleno dia";"Decrescente";"Chuva";"Simples";"Curva";"Não";7;4;1;1;0;1;2;2;0,17108692;-51,1248476;"SR-AP";"UOP01";"DEL01"
333867;2021-01-11;"segunda";"16:25:00";"MS";163;"20";"MUNDO NOVO";"Condutor deixou de manter distância do veículo da frente";"Colisão traseira";"Com Vítimas Feridas";"Pleno dia";"Crescente";"Sol";"Simples";"Reta";"Sim";4;0;2;0;2;0;2;2;-23,92529776;-54,2835309;"SR-MS";"UOP02";"DEL09"
333869;2021-01-11;"segunda";"18:00:00";"RS";116;"265";"CANOAS";"Acessar a via sem observar a presença dos outros veículos";"Colisão traseira";"Com Vítimas Feridas";"Pleno dia";"Decrescente";"Céu Claro";"Múltipla";"Retorno Regulamentado";"Sim";2;0;1;0;1;0;1;2;-29,92342302;-51,17780944;"SR-RS";"UOP01";"DEL01"
333870;2021-01-11;"segunda";"06:40:00";"MG";262;"575.4";"CORREGO DANTA";"Velocidade Incompatível";"Tombamento";"Sem Vítimas";"Pleno dia";"Decrescente";"Nublado";"Simples";"Curva";"Não";1;0;0;0;1;0;0;1;-19,69297478;-46,03637682;"SR-MG";"UOP02";"DEL08"
333871;2021-01-11;"segunda";"18:30:00";"BA";116;"401";"FEIRA DE SANTANA";"Acessar a via sem observar a presença dos outros veículos";"Colisão frontal";"Com Vítimas Feridas";"Plena Noite";"Crescente";"Céu Claro";"Simples";"Reta";"Não";5;0;3;1;1;0;4;2;-12,03752701;-38,9705402;"SR-BA";"UOP01";"DEL02"
333872;2021-01-11;"segunda";"16:30:00";"PR";373;"450.5";"CHOPINZINHO";"Reação tardia ou ineficiente do condutor";"Saída de leito carroçável";"Com Vítimas Feridas";"Pleno dia";"Decrescente";"Sol";"Simples";"Reta";"Não";1;0;1;0;0;0;1;1;-25,87296687;-52,34819817;"SR-PR";"UOP01";"DEL02"
333873;2021-01-11;"segunda";"18:00:00";"RJ";116;"272";"BARRA MANSA";"Frear bruscamente";"Colisão com objeto";"Com Vítimas Feridas";"Anoitecer";"Crescente";"Chuva";"Dupla";"Curva";"Sim";1;0;1;0;0;0;1;1;-22,55346454;-44,17561769;"SR-RJ";"UOP02";"DEL07"
333874;2021-01-11;"segunda";"18:40:00";"PI";316;"10";"TERESINA";"Pista esburacada";"Queda de ocupante de veículo";"Com Vítimas Feridas";"Amanhecer";"Crescente";"Céu Claro";"Simples";"Reta";"Sim";1;0;0;1;0;0;1;1;-5,18280197;-42,76350291;"SR-PI";"UOP02";"DEL01"
333875;2021-01-11;"segunda";"18:50:00";"RN";304;"179";"ANGICOS";"Ultrapassagem Indevida";"Colisão traseira";"Sem Vítimas";"Plena Noite";"Decrescente";"Céu Claro";"Simples";"Reta";"Não";2;0;0;0;1;1;0;2;-5,68991677;-36,34715709;"SR-RN";"UOP03";"DEL01"
333876;2021-01-11;"segunda";"18:30:00";"GO";153;"513.5";"APARECIDA DE GOIANIA";"Avarias e/ou desgaste excessivo no pneu";"Queda de ocupante de veículo";"Com Vítimas Feridas";"Anoitecer";"Decrescente";"Nublado";"Dupla";"Interseção de vias";"Sim";1;0;1;0;0;0;1;1;-16,8244;-49,2421;"SR-GO";"UOP03";"DEL01"
333878;2021-01-11;"segunda";"16:51:00";"ES";259;"85";"BAIXO GUANDU";"Demais falhas mecânicas ou elétricas";"Incêndio";"Sem Vítimas";"Anoitecer";"Crescente";"Céu Claro";"Simples";"Reta";"Não";1;0;0;0;0;1;0;1;-19,50982246;-40,87770788;"SR-ES";"UOP01";"DEL02"
333879;2021-01-11;"segunda";"19:10:00";"PR";277;"2.1";"PARANAGUA";"Reação tardia ou ineficiente do condutor";"Colisão traseira";"Sem Vítimas";"Anoitecer";"Decrescente";"Chuva";"Dupla";"Reta";"Sim";2;0;0;0;2;0;0;2;-25,5205;-48,5095;"SR-PR";"UOP05";"DEL01"