"id";"data_inversa";"dia_semana";"horario";"uf";"br";"km";"municipio";"causa_acidente";"tipo_acidente";"classificacao_acidente";"fase_dia";"sentido_via";"condicao_metereologica";"tipo_pista";"tracado_via";"uso_solo";"pessoas";"mortos";"feridos_leves";"feridos_graves";"ilesos";"ignorados";"feridos";"veiculos";"latitude";"longitude";"regional";"delegacia";"uop"
333881;2021-01-11;"segunda";"19:00:00";"SE";101;"127.5";"ESTANCIA";"Pedestre andava na pista";"Atropelamento de Pedestre";"Com Vítimas Feridas";"Plena Noite";"Crescente";"Céu Claro";"Dupla";"Reta";"Não";2;0;0;1;1;0;1;1;-11,07307112;-37,36285266;"SR-SE";"UOP01";"DEL02"
333883;2021-01-11;"segunda";"18:30:00";"MS";163;"806";"SONORA";"Ultrapassagem Indevida";"Saída de leito carroçável";"Com Vítimas Feridas";"Anoitecer";"Crescente";"Céu Claro";"Simples";"Reta";"Não";4;0;3;1;0;0;4;1;-17,86474093;-54,69900382;"SR-MS";"UOP01";"DEL06"
333884;2021-01-11;"segunda";"13:15:00";"RJ";101;"140";"CARAPEBUS";"Ausência de reação do condutor";"Queda de ocupante de veículo";"Com Vítimas Feridas";"Pleno dia";"Crescente";"Céu Claro";"Dupla";"Reta";"Não";2;0;1;1;0;0;2;1;-22,178706;-41,74910424;"SR-RJ";"UOP04";"DEL08"
333885;2021-01-11;"segunda";"17:00:00";"BA";324;"520";"FEIRA DE SANTANA";"Condutor deixou de manter distância do veículo da frente";"Saída de leito carroçável";"Sem Vítimas";"Pleno dia";"Decrescente";"Céu Claro";"Dupla";"Reta";"Sim";1;0;0;0;1;0;0;1;-12,288959;-38,9134663;"SR-BA";"UOP03";"DEL01"
333886;2021-01-11;"segunda";"18:00:00";"RO";364;"714";"PORTO VELHO";"Transitar na contramão";"Colisão frontal";"Com Vítimas Feridas";"Anoitecer";"Decrescente";"Céu Claro";"Simples";"Rotatória";"Sim";2;0;1;0;1;0;1;2;-8,77470817;-63,88622761;"SR-RO";"UOP01";"DEL01"
333887;2021-01-11;"segunda";"19:00:00";"SP";116;"275.7";"EMBU DAS ARTES";"Entrada inopinada do pedestre";"Atropelamento de Pedestre";"Com Vítimas Fatais";"Plena Noite";"Crescente";"Nublado";"Dupla";"Curva";"Sim";2;1;0;0;1;0;0;1;-23,63638826;-46,83251584;"SR-SP";"UOP01";"DEL04"
333888;2021-01-11;"segunda";"19:50:00";"PE";101;"64.8";"RECIFE";"Acessar a via sem observar a presença dos outros veículos";"Colisão traseira";"Com Vítimas Feridas";"Plena Noite";"Crescente";"Céu Claro";"Dupla";"Não Informado";"Não";2;0;1;1;0;0;2;2;-8,0162921;-34,94045886;"SR-PE";"UOP01";"DEL01"
333889;2021-01-11;"segunda";"13:30:00";"MG";116;"638.5";"DIVINO";"Desrespeitar a preferência no cruzamento";"Colisão frontal";"Com Vítimas Feridas";"Pleno dia";"Decrescente";"Céu Claro";"Simples";"Interseção de vias";"Não";5;0;1;0;4;0;1;2;-20,63865095;-42,23648111;"SR-MG";"UOP03";"DEL07"
333890;2021-01-11;"segunda";"19:00:00";"MG";262;"812";"UBERABA";"Reação tardia ou ineficiente do condutor";"Tombamento";"Com Vítimas Feridas";"Plena Noite";"Decrescente";"Céu Claro";"Dupla";"Rotatória";"Sim";1;0;1;0;0;0;1;1;-19,766778;-47,991064;"SR-MG";"UOP01";"DEL13"
333891;2021-01-11;"segunda";"17:30:00";"MG";251;"492.3";"FRANCISCO SA";"Velocidade Incompatível";"Colisão frontal";"Com Vítimas Feridas";"Anoitecer";"Crescente";"Chuva";"Simples";"Não Informado";"Não";2;0;0;1;1;0;1;2;-16,54433804;-43,59543496;"SR-MG";"UOP01";"DEL12"
333893;2021-01-11;"segunda";"20:55:00";"PR";277;"74";"SAO JOSE DOS PINHAIS";"Avarias e/ou desgaste excessivo no pneu";"Queda de ocupante de veículo";"Com Vítimas Feridas";"Plena Noite";"Decrescente";"Céu Claro";"Dupla";"Reta";"Não";2;0;1;1;0;0;2;1;-25,51726115;-49,11540707;"SR-PR";"UOP01";"DEL01"
333894;2021-01-11;"segunda";"13:20:00";"ES";484;"97";"AFONSO CLAUDIO";"Acesso irregular";"Colisão lateral mesmo sentido";"Com Vítimas Feridas";"Pleno dia";"Crescente";"Céu Claro";"Simples";"Reta";"Sim";2;0;2;0;0;0;2;2;-20,00843853;-41,03189416;"SR-ES";"UOP02";"DEL01"
333895;2021-01-11;"segunda";"20:50:00";"MG";381;"525";"BRUMADINHO";"Velocidade Incompatível";"Saída de leito carroçável";"Com Vítimas Feridas";"Plena Noite";"Crescente";"Nublado";"Dupla";"Curva";"Não";1;0;0;1;0;0;1;1;-20,16710798;-44,33422398;"SR-MG";"UOP03";"DEL04"
333896;2021-01-11;"segunda";"20:00:00";"MT";364;"204";"RONDONOPOLIS";"Acessar a via sem observar a presença dos outros veículos";"Colisão transversal";"Com Vítimas Feridas";"Plena Noite";"Decrescente";"Céu Claro";"Simples";"Desvio Temporário";"Sim";2;0;2;0;0;0;2;2;-16,467325;-54,657196;"SR-MT";"UOP01";"DEL02"
333897;2021-01-11;"segunda";"17:55:00";"SC";101;"41";"JOINVILLE";"Velocidade Incompatível";"Tombamento";"Com Vítimas Feridas";"Pleno dia";"Crescente";"Chuva";"Dupla";"Curva";"Sim";2;0;1;0;1;0;1;1;-26,28215489;-48,88973081;"SR-SC";"UOP01";"DEL03"
333898;2021-01-11;"segunda";"16:30:00";"RJ";101;"315";"SAO GONCALO";"Manobra de mudança de faixa";"Colisão lateral";"Com Vítimas Feridas";"Pleno dia";"Decrescente";"Céu Claro";"Dupla";"Reta";"Não";2;0;1;0;0;1;1;2;-22,82262092;-43,08460805;"SR-RJ";"UOP02";"DEL02"
333900;2021-01-11;"segunda";"21:00:00";"SP";116;"477";"JACUPIRANGA";"Conversão proibida";"Colisão lateral sentido oposto";"Com Vítimas Feridas";"Plena Noite";"Decrescente";"Céu Claro";"Múltipla";"Reta";"Sim";3;0;0;1;1;1;1;2;-24,69842695;-48,00304804;"SR-SP";"UOP01";"DEL05"
333901;2021-01-11;"segunda";"19:10:00";"AC";364;"135";"RIO BRANCO";"Acessar a via sem observar a presença dos outros veículos";"Colisão lateral";"Com Vítimas Feridas";"Plena Noite";"Crescente";"Nublado";"Dupla";"Rotatória";"Sim";2;0;1;0;1;0;1;2;-9,98588117;-67,84523538;"SR-AC";"UOP01";"DEL01"
333902;2021-01-11;"segunda";"11:56:00";"SC";280;"304";"PORTO UNIAO";"Demais falhas mecânicas ou elétricas";"Eventos atípicos";"Com Vítimas Feridas";"Pleno dia";"Decrescente";"Céu Claro";"Simples";"Reta";"Não";3;0;1;0;2;0;1;2;-26,27999553;-51,05063229;"SR-SC";"UOP04";"DEL06"
333903;2021-01-11;"segunda";"11:00:00";"PI";135;"461";"MONTE ALEGRE DO PIAUI";"Acostamento em desnível";"Saída de leito carroçável";"Sem Vítimas";"Pleno dia";"Crescente";"Céu Claro";"Simples";"Desvio Temporário";"Não";2;0;0;0;2;0;0;1;-9,56673903;-45,00270598;"SR-PI";"UOP02";"DEL03"
333904;2021-01-11;"segunda";"21:20:00";"RN";405;"153.4";"PAU DOS FERROS";"Ingestão de álcool pelo condutor";"Colisão traseira";"Com Vítimas Feridas";"Plena Noite";"Decrescente";"Céu Claro";"Simples";"Reta";"Sim";2;0;1;0;1;0;1;2;-6,13258011;-38,20671315;"SR-RN";"UOP02";"DEL04"
333905;2021-01-11;"segunda";"16:00:00";"SC";280;"219.9";"TRES BARRAS";"Condutor Dormindo";"Capotamento";"Com Vítimas Fatais";"Pleno dia";"Crescente";"Céu Claro";"Simples";"Curva";"Não";5;1;2;0;2;0;2;3;-26,1705468;-50,25901794;"SR-SC";"UOP04";"DEL06"
333906;2021-01-11;"segunda";"20:00:00";"SC";282;"659.3";"SAO MIGUEL DO OESTE";"Ultrapassagem Indevida";"Colisão lateral sentido oposto";"Com Vítimas Feridas";"Plena Noite";"Crescente";"Céu Claro";"Simples";"Curva";"Não";4;0;1;1;1;1;2;3;-26,679853;-53,55769;"SR-SC";"UOP03";"DEL07"
333907;2021-01-11;"segunda";"20:00:00";"SC";282;"230";"LAGES";"Ingestão de álcool pelo condutor";"Colisão lateral";"Com Vítimas Feridas";"Plena Noite";"Decrescente";"Nublado";"Simples";"Curva";"Não";5;0;1;0;4;0;1;2;-27,78775768;-50,42741776;"SR-SC";"UOP02";"DEL05"
333908;2021-01-11;"segunda";"18:30:00";"RJ";354;"2";"RESENDE";"Reação tardia ou ineficiente do condutor";"Colisão frontal";"Com Vítimas Feridas";"Anoitecer";"Crescente";"Chuva";"Simples";"Curva";"Não";3;0;1;0;2;0;1;3;-22,3876;-44,750172;"SR-RJ";"UOP02";"DEL07"
333910;2021-01-11;"segunda";"21:50:00";"GO";40;"27";"LUZIANIA";"Chuva";"Colisão traseira";"Sem Vítimas";"Plena Noite";"Crescente";"Chuva";"Simples";"Interseção de vias";"Não";2;0;0;0;2;0;0;2;-16,266185;-47,888241;"SR-DF";"UOP01";"DEL01"
333911;2021-01-11;"segunda";"21:00:00";"BA";101;"222";"CRUZ DAS ALMAS";"Ultrapassagem Indevida";"Colisão frontal";"Com Vítimas Feridas";"Plena Noite";"Crescente";"Nublado";"Simples";"Reta";"Sim";3;0;3;0;0;0;3;2;-12,671862;-39,133823;"SR-BA";"UOP02";"DEL01"
333912;2021-01-11;"segunda";"22:40:00";"PR";116;"98";"SAO JOSE DOS PINHAIS";"Objeto estático sobre o leito carroçável";"Colisão traseira";"Com Vítimas Feridas";"Pleno dia";"Crescente";"Céu Claro";"Múltipla";"Reta";"Não";2;0;1;0;0;1;1;2;-25,51973222;-49,13431573;"SR-PR";"UOP01";"DEL01"
333913;2021-01-11;"segunda";"22:20:00";"BA";324;"589";"CANDEIAS";"Manobra de mudança de faixa";"Colisão traseira";"Com Vítimas Feridas";"Plena Noite";"Crescente";"Céu Claro";"Dupla";"Reta";"Não";4;0;1;0;3;0;1;2;-12,66425409;-38,4707655;"SR-BA";"UOP01";"DEL01"
333914;2021-01-11;"segunda";"22:50:00";"PE";232;"55.9";"POMBOS";"Pedestre andava na pista";"Atropelamento de Pedestre";"Com Vítimas Fatais";"Plena Noite";"Decrescente";"Céu Claro";"Múltipla";"Reta";"Não";3;1;0;0;2;0;0;1;-8,137481;-35,372919;"SR-PE";"UOP04";"DEL01"
333915;2021-01-11;"segunda";"22:14:00";"SC";101;"19";"JOINVILLE";"Acumulo de areia ou detritos sobre o pavimento";"Eventos atípicos";"Sem Vítimas";"Pleno dia";"Crescente";"Chuva";"Dupla";"Curva";"Não";1;0;0;0;1;0;0;1;-26,13376586;-48,89661416;"SR-SC";"UOP01";"DEL03"
333916;2021-01-11;"segunda";"21:40:00";"BA";242;"595";"MUQUEM DE SAO FRANCISCO";"Ausência de reação do condutor";"Colisão traseira";"Com Vítimas Feridas";"Plena Noite";"Crescente";"Chuva";"Simples";"Reta";"Não";3;0;2;0;1;0;2;2;-12,14804771;-43,31365722;"SR-BA";"UOP02";"DEL10"
333917;2021-01-11;"segunda";"05:25:00";"MG";153;"239";"FRONTEIRA";"Demais falhas na via";"Saída de leito carroçável";"Sem Vítimas";"Pleno dia";"Decrescente";"Céu Claro";"Simples";"Interseção de vias";"Não";1;0;0;0;1;0;0;1;-20,29847332;-49,20614844;"SR-MG";"UOP02";"DEL13"
333918;2021-01-11;"segunda";"22:45:00";"BA";101;"261";"SANTO ANTONIO DE JESUS";"Reação tardia ou ineficiente do condutor";"Colisão lateral";"Com Vítimas Feridas";"Plena Noite";"Crescente";"Nublado";"Simples";"Reta";"Sim";2;0;1;0;1;0;1;2;-13,07287105;-39,27406821;"SR-BA";"UOP02";"DEL01"
333919;2021-01-11;"segunda";"23:20:00";"SP";116;"220";"GUARULHOS";"Iluminação deficiente";"Atropelamento de Pedestre";"Com Vítimas Feridas";"Plena Noite";"Decrescente";"Nublado";"Múltipla";"Reta";"Sim";2;0;1;0;1;0;1;1;-23,46472809;-46,49793962;"SR-SP";"UOP01";"DEL01"
333921;2021-01-11;"segunda";"23:40:00";"GO";60;"208";"VARJAO";"Condutor deixou de manter distância do veículo da frente";"Colisão traseira";"Sem Vítimas";"Plena Noite";"Decrescente";"Céu Claro";"Dupla";"Reta";"Não";4;0;0;0;4;0;0;2;-16,9243;-49,6642;"SR-GO";"UOP02";"DEL01"
333922;2021-01-12;"terça";"00:50:00";"PR";476;"120";"COLOMBO";"Velocidade Incompatível";"Colisão transversal";"Com Vítimas Feridas";"Plena Noite";"Decrescente";"Céu Claro";"Dupla";"Interseção de vias";"Sim";2;0;0;1;1;0;1;2;-25,35634;-49,180828;"SR-PR";"UOP02";"DEL01"
333923;2021-01-11;"segunda";"22:30:00";"RS";290;"316.6";"CACAPAVA DO SUL";"Chuva";"Saída de leito carroçável";"Com Vítimas Feridas";"Plena Noite";"Crescente";"Chuva";"Simples";"Não Informado";"Não";3;0;1;0;2;0;1;1;-30,36606229;-53,36265564;"SR-RS";"UOP02";"DEL09"
333924;2021-01-11;"segunda";"22:15:00";"RJ";116;"280.9";"BARRA MANSA";"Manobra de mudança de faixa";"Colisão lateral";"Sem Vítimas";"Plena Noite";"Crescente";"Chuva";"Dupla";"Reta";"Não";2;0;0;0;2;0;0;2;-22,50692725;-44,22211647;"SR-RJ";"UOP02";"DEL07"
333925;2021-01-11;"segunda";"22:30:00";"RJ";116;"280.9";"BARRA MANSA";"Reação tardia ou ineficiente do condutor";"Colisão traseira";"Com Vítimas Feridas";"Plena Noite";"Crescente";"Chuva";"Dupla";"Reta";"Não";5;0;4;0;1;0;4;4;-22,54134895;-44,19176093;"SR-RJ";"UOP02";"DEL07"
333927;2021-01-10;"domingo";"09:40:00";"SC";280;"95";"CORUPA";"Velocidade Incompatível";"Saída de leito carroçável";"Com Vítimas Feridas";"Pleno dia";"Decrescente";"Céu Claro";"Simples";"Curva";"Não";1;0;0;1;0;0;1;1;-26,38583849;-49,30283476;"SR-SC";"UOP03";"DEL06"
333928;2021-01-12;"terça";"00:55:00";"SP";116;"220";"GUARULHOS";"Entrada inopinada do pedestre";"Atropelamento de Pedestre";"Com Vítimas Feridas";"Plena Noite";"Decrescente";"Céu Claro";"Múltipla";"Reta";"Sim";2;0;0;1;1;0;1;1;-23,46472809;-46,49793962;"SR-SP";"UOP01";"DEL01"
333929;2021-01-12;"terça";"00:50:00";"SC";101;"133";"BALNEARIO CAMBORIU";"Acessar a via sem observar a presença dos outros veículos";"Colisão lateral mesmo sentido";"Com Vítimas Feridas";"Plena Noite";"Decrescente";"Nublado";"Simples";"Reta";"Sim";2;0;1;0;1;0;1;2;-26,99936;-48,64609;"SR-SC";"UOP03";"DEL04"
333930;2021-01-11;"segunda";"23:50:00";"MG";262;"800.7";"UBERABA";"Ingestão de álcool pelo condutor";"Colisão traseira";"Com Vítimas Feridas";"Plena Noite";"Crescente";"Céu Claro";"Dupla";"Reta";"Sim";2;0;1;0;1;0;1;2;-19,769021;-47,895882;"SR-MG";"UOP01";"DEL13"
333932;2021-01-12;"terça";"02:45:00";"MG";381;"860.3";"POUSO ALEGRE";"Condutor Dormindo";"Saída de leito carroçável";"Com Vítimas Feridas";"Plena Noite";"Crescente";"Nublado";"Dupla";"Curva";"Não";2;0;1;0;0;1;1;1;-22,35975221;-45,92895066;"SR-MG";"UOP01";"DEL16"
333933;2021-01-11;"segunda";"22:00:00";"SC";101;"301";"LAGUNA";"Velocidade Incompatível";"Colisão traseira";"Com Vítimas Feridas";"Plena Noite";"Decrescente";"Céu Claro";"Dupla";"Reta";"Não";2;0;1;0;1;0;1;2;-28,34625432;-48,73549064;"SR-SC";"UOP03";"DEL02"
333934;2021-01-12;"terça";"03:15:00";"GO";153;"650";"MORRINHOS";"Condutor Dormindo";"Saída de leito carroçável";"Sem Vítimas";"Plena Noite";"Crescente";"Céu Claro";"Dupla";"Reta";"Não";2;0;0;0;2;0;0;1;-17,9665;-49,2533;"SR-GO";"UOP01";"DEL03"
333935;2021-01-11;"segunda";"22:30:00";"MG";116;"6.4";"DIVISA ALEGRE";"Reação tardia ou ineficiente do condutor";"Saída de leito carroçável";"Sem Vítimas";"Plena Noite";"Decrescente";"Nublado";"Dupla";"Desvio Temporário";"Não";1;0;0;0;1;0;0;1;-15,74952994;-41,33072084;"SR-BA";"UOP03";"DEL08"
333936;2021-01-11;"segunda";"21:30:00";"PI";135;"426";"REDENCAO DO GURGUEIA";"Demais falhas mecânicas ou elétricas";"Incêndio";"Sem Vítimas";"Plena Noite";"Decrescente";"Céu Claro";"Simples";"Reta";"Não";2;0;0;0;2;0;0;1;-9,51154295;-44,74040671;"SR-PI";"UOP02";"DEL03"
333937;2021-01-12;"terça";"04:30:00";"PR";277;"78";"CURITIBA";"Velocidade Incompatível";"Atropelamento de Animal";"Com Vítimas Feridas";"Plena Noite";"Decrescente";"Céu Claro";"Dupla";"Reta";"Sim";1;0;1;0;0;0;1;1;-25,4557498;-49,2511995;"SR-PR";"UOP01";"DEL01"
333938;2021-01-12;"terça";"04:10:00";"RN";405;"142.3";"SAO FRANCISCO DO OESTE";"Demais falhas mecânicas ou elétricas";"Colisão frontal";"Com Vítimas Feridas";"Amanhecer";"Crescente";"Céu Claro";"Simples";"Reta";"Não";2;0;1;0;1;0;1;2;-6,036169;-38,193971;"SR-RN";"UOP02";"DEL04"
333939;2021-01-12;"terça";"03:15:00";"SP";116;"547";"BARRA DO TURVO";"Condutor Dormindo";"Tombamento";"Sem Vítimas";"Plena Noite";"Crescente";"Céu Claro";"Dupla";"Reta";"Não";1;0;0;0;1;0;0;1;-24,9503414;-48,4394088;"SR-SP";"UOP02";"DEL05"
333940;2021-01-12;"terça";"03:30:00";"MG";50;"127.9";"UBERABA";"Condutor Dormindo";"Colisão traseira";"Com Vítimas Feridas";"Plena Noite";"Decrescente";"Nublado";"Dupla";"Reta";"Não";2;0;2;0;0;0;2;2;-19,362828;-48,07942696;"SR-MG";"UOP01";"DEL13"
333941;2021-01-12;"terça";"03:50:00";"RJ";116;"257.9";"PIRAI";"Velocidade Incompatível";"Colisão traseira";"Com Vítimas Fatais";"Plena Noite";"Decrescente";"Céu Claro";"Dupla";"Não Informado";"Não";2;1;0;0;1;0;0;2;-22,59340909;-44,07165527;"SR-RJ";"UOP02";"DEL07"
333942;2021-01-12;"terça";"04:30:00";"PR";277;"77";"SAO JOSE DOS PINHAIS";"Condutor deixou de manter distância do veículo da frente";"Colisão traseira";"Sem Vítimas";"Plena Noite";"Decrescente";"Céu Claro";"Dupla";"Reta";"Sim";3;0;0;0;2;1;0;3;-25,51327981;-49,12433291;"SR-PR";"UOP01";"DEL01"
333943;2021-01-12;"terça";"04:50:00";"MG";381;"389.9";"BARAO DE COCAIS";"Ausência de reação do condutor";"Colisão traseira";"Com Vítimas Feridas";"Plena Noite";"Decrescente";"Céu Claro";"Dupla";"Reta";"Não";2;0;1;0;1;0;1;2;-19,80450098;-43,40766907;"SR-MG";"UOP01";"DEL01"
333944;2021-01-12;"terça";"05:45:00";"PR";116;"33.4";"CAMPINA GRANDE DO SUL";"Velocidade Incompatível";"Colisão com objeto";"Com Vítimas Feridas";"Amanhecer";"Crescente";"Ignorado";"Dupla";"Curva";"Não";1;0;1;0;0;0;1;1;-25,1068163;-48,8493208;"SR-PR";"UOP02";"DEL01"
333945;2021-01-12;"terça";"05:00:00";"MG";381;"893";"CAMBUI";"Condutor Dormindo";"Saída de leito carroçável";"Com Vítimas Feridas";"Amanhecer";"Decrescente";"Nublado";"Dupla";"Não Informado";"Sim";1;0;1;0;0;0;1;1;-22,6103125;-46,0623465;"SR-MG";"UOP03";"DEL16"
333946;2021-01-12;"terça";"05:45:00";"ES";262;"16.6";"VIANA";"Desrespeitar a preferência no cruzamento";"Colisão transversal";"Com Vítimas Feridas";"Pleno dia";"Crescente";"Céu Claro";"Simples";"Reta";"Não";4;0;0;1;1;2;1;2;-20,38441093;-40,463078;"SR-ES";"UOP01";"DEL01"
333947;2021-01-12;"terça";"06:25:00";"SC";470;"54.4";"BLUMENAU";"Desrespeitar a preferência no cruzamento";"Colisão transversal";"Com Vítimas Feridas";"Pleno dia";"Crescente";"Céu Claro";"Simples";"Interseção de vias";"Sim";2;0;1;0;1;0;1;2;-26,873266;-49,11436;"SR-SC";"UOP01";"DEL04"
333948;2021-01-12;"terça";"05:50:00";"PR";376;"226.9";"CAMBIRA";"Fumaça";"Incêndio";"Sem Vítimas";"Amanhecer";"Decrescente";"Céu Claro";"Dupla";"Não Informado";"Não";1;0;0;0;0;1;0;1;-23,57667294;-51,55279908;"SR-PR";"UAP01";"DEL07"
333949;2021-01-12;"terça";"06:00:00";"ES";101;"149";"LINHARES";"Condutor desrespeitou a iluminação vermelha do semáforo";"Colisão transversal";"Com Vítimas Feridas";"Pleno dia";"Decrescente";"Céu Claro";"Dupla";"Interseção de vias";"Sim";3;0;0;1;2;0;1;2;-19,39619083;-40,06435871;"SR-ES";"UOP01";"DEL04"
333950;2021-01-12;"terça";"06:40:00";"BA";116;"596";"IRAJUBA";"Curva acentuada";"Saída de leito carroçável";"Com Vítimas Feridas";"Pleno dia";"Decrescente";"Nublado";"Simples";"Curva";"Não";5;0;2;0;3;0;2;1;-13,18013991;-40,0048822;"SR-BA";"UOP02";"DEL03"
333951;2021-01-12;"terça";"06:30:00";"DF";70;"7.8";"BRASILIA";"Reação tardia ou ineficiente do condutor";"Colisão traseira";"Com Vítimas Feridas";"Pleno dia";"Decrescente";"Nublado";"Dupla";"Reta";"Sim";2;0;1;0;1;0;1;2;-15,78540873;-48,12072873;"SR-DF";"UOP03";"DEL01"
333952;2021-01-12;"terça";"06:20:00";"PE";428;"185";"PETROLINA";"Condutor deixou de manter distância do veículo da frente";"Colisão traseira";"Com Vítimas Feridas";"Pleno dia";"Crescente";"Céu Claro";"Simples";"Reta";"Sim";2;0;1;0;1;0;1;2;-9,34009199;-40,47032001;"SR-PE";"UOP01";"DEL06"
333953;2021-01-12;"terça";"04:05:00";"PR";277;"60";"SAO JOSE DOS PINHAIS";"Condutor deixou de manter distância do veículo da frente";"Colisão traseira";"Com Vítimas Feridas";"Plena Noite";"Crescente";"Céu Claro";"Dupla";"Reta";"Não";3;0;1;0;2;0;1;3;-25,57289907;-48,99037703;"SR-PR";"UOP01";"DEL01"
333955;2021-01-12;"terça";"07:00:00";"RN";304;"264";"SAO PEDRO";"Manobra de mudança de faixa";"Colisão frontal";"Com Vítimas Feridas";"Pleno dia";"Decrescente";"Nublado";"Simples";"Reta";"Não";2;0;0;1;1;0;1;2;-5,8566823;-35,62992183;"SR-RN";"UOP02";"DEL01"
333956;2021-01-12;"terça";"07:30:00";"SP";116;"219.6";"GUARULHOS";"Condutor deixou de manter distância do veículo da frente";"Colisão traseira";"Com Vítimas Feridas";"Pleno dia";"Crescente";"Sol";"Múltipla";"Reta";"Não";4;0;1;0;3;0;1;4;-23,46143954;-46,48885316;"SR-SP";"UOP01";"DEL01"
333958;2021-01-03;"domingo";"15:30:00";"RS";287;"261";"SANTA MARIA";"Ultrapassagem Indevida";"Engavetamento";"Com Vítimas Feridas";"Pleno dia";"Decrescente";"Céu Claro";"Simples";"Reta";"Não";15;0;1;0;14;0;1;5;-29,67387033;-53,98129002;"SR-RS";"UOP01";"DEL09"
333959;2021-01-12;"terça";"07:20:00";"SC";470;"39";"GASPAR";"Condutor deixou de manter distância do veículo da frente";"Colisão traseira";"Com Vítimas Feridas";"Pleno dia";"Decrescente";"Céu Claro";"Simples";"Curva";"Não";2;0;2;0;0;0;2;2;-26,897341;-48,986881;"SR-SC";"UOP01";"DEL04"
333961;2021-01-12;"terça";"07:02:00";"SC";101;"207.1";"SAO JOSE";"Velocidade Incompatível";"Colisão lateral";"Com Vítimas Fatais";"Pleno dia";"Decrescente";"Sol";"Múltipla";"Reta";"Sim";3;1;0;0;2;0;0;3;-27,600629;-48,62322;"SR-SC";"UOP01";"DEL01"
333962;2021-01-12;"terça";"07:50:00";"SC";101;"207.1";"SAO JOSE";"Pista Escorregadia";"Tombamento";"Com Vítimas Feridas";"Pleno dia";"Decrescente";"Sol";"Múltipla";"Reta";"Não";1;0;0;1;0;0;1;1;-27,60001226;-48,6226467;"SR-SC";"UOP01";"DEL01"
333964;2021-01-12;"terça";"07:50:00";"ES";262;"6.5";"CARIACICA";"Acessar a via sem observar a presença dos outros veículos";"Colisão transversal";"Com Vítimas Feridas";"Pleno dia";"Crescente";"Céu Claro";"Múltipla";"Reta";"Sim";2;0;1;0;1;0;1;2;-20,34007493;-40,39451305;"SR-ES";"UOP01";"DEL01"
333965;2021-01-12;"terça";"08:24:00";"PR";376;"175.1";"MARINGA";"Condutor deixou de manter distância do veículo da frente";"Queda de ocupante de veículo";"Com Vítimas Feridas";"Pleno dia";"Decrescente";"Céu Claro";"Múltipla";"Reta";"Sim";1;0;1;0;0;0;1;1;-23,4113569;-51,9407767;"SR-PR";"UOP01";"DEL09"
333966;2021-01-12;"terça";"08:04:00";"MS";163;"602";"SAO GABRIEL DO OESTE";"Reação tardia ou ineficiente do condutor";"Saída de leito carroçável";"Com Vítimas Feridas";"Pleno dia";"Crescente";"Nublado";"Simples";"Reta";"Não";2;0;2;0;0;0;2;1;-19,48654486;-54,48498074;"SR-MS";"UOP02";"DEL06"
333969;2021-01-12;"terça";"06:50:00";"SC";282;"520.5";"XAXIM";"Demais falhas mecânicas ou elétricas";"Saída de leito carroçável";"Com Vítimas Feridas";"Pleno dia";"Crescente";"Céu Claro";"Dupla";"Curva";"Sim";1;0;0;1;0;0;1;1;-26,950415;-52,526096;"SR-SC";"UOP01";"DEL07"
333970;2021-01-12;"terça";"09:00:00";"GO";60;"172.5";"ABADIA DE GOIAS";"Manobra de mudança de faixa";"Colisão transversal";"Sem Vítimas";"Pleno dia";"Crescente";"Céu Claro";"Dupla";"Reta";"Não";2;0;0;0;2;0;0;2;-16,738;-49,4076;"SR-GO";"UOP02";"DEL01"
333971;2021-01-12;"terça";"09:10:00";"RN";101;"94";"NATAL";"Acessar a via sem observar a presença dos outros veículos";"Colisão transversal";"Com Vítimas Feridas";"Pleno dia";"Crescente";"Céu Claro";"Múltipla";"Reta";"Sim";2;0;1;0;1;0;1;2;-5,82997912;-35,21155899;"SR-RN";"UOP01";"DEL01"
333972;2021-01-12;"terça";"08:08:00";"RJ";101;"326";"NITEROI";"Condutor deixou de manter distância do veículo da frente";"Colisão traseira";"Com Vítimas Feridas";"Pleno dia";"Decrescente";"Sol";"Dupla";"Ponte";"Não";2;0;1;0;1;0;1;2;-22,87206203;-43,146105;"SR-RJ";"UOP02";"DEL02"
333973;2021-01-12;"terça";"08:25:00";"RJ";116;"267.8";"BARRA MANSA";"Obstrução na via";"Atropelamento de Pedestre";"Com Vítimas Feridas";"Pleno dia";"Decrescente";"Céu Claro";"Dupla";"Curva";"Não";2;0;1;0;1;0;1;1;-22,58964229;-44,10482516;"SR-RJ";"UOP02";"DEL07"
333974;2021-01-12;"terça";"07:00:00";"MG";40;"123";"JOAO PINHEIRO";"Demais falhas mecânicas ou elétricas";"Incêndio";"Sem Vítimas";"Amanhecer";"Crescente";"Nublado";"Simples";"Reta";"Não";1;0;0;0;1;0;0;1;-17,67108001;-46,33874601;"SR-MG";"UOP01";"DEL14"
333975;2021-01-12;"terça";"08:56:00";"RS";285;"122.9";"VACARIA";"Ausência de reação do condutor";"Engavetamento";"Sem Vítimas";"Pleno dia";"Decrescente";"Céu Claro";"Simples";"Reta";"Sim";3;0;0;0;1;2;0;3;-28,50041344;-50,95058303;"SR-RS";"UOP03";"DEL05"