"id";"data_inversa";"dia_semana";"horario";"uf";"br";"km";"municipio";"causa_acidente";"tipo_acidente";"classificacao_acidente";"fase_dia";"sentido_via";"condicao_metereologica";"tipo_pista";"tracado_via";"uso_solo";"pessoas";"mortos";"feridos_leves";"feridos_graves";"ilesos";"ignorados";"feridos";"veiculos";"latitude";"longitude";"regional";"delegacia";"uop"
333976;2021-01-12;"terça";"09:55:00";"SP";116;"217";"GUARULHOS";"Condutor deixou de manter distância do veículo da frente";"Colisão traseira";"Com Vítimas Feridas";"Pleno dia";"Crescente";"Céu Claro";"Dupla";"Reta";"Sim";3;0;2;0;1;0;2;2;-23,455228;-46,474983;"SR-SP";"UOP01";"DEL01"
333977;2021-01-12;"terça";"10:15:00";"PR";277;"720.7";"FOZ DO IGUACU";"Manobra de mudança de faixa";"Colisão lateral";"Com Vítimas Feridas";"Pleno dia";"Decrescente";"Céu Claro";"Dupla";"Reta";"Sim";3;0;2;0;1;0;2;2;-25,4872319;-54,50259447;"SR-PR";"UOP03";"DEL05"
333978;2021-01-12;"terça";"07:15:00";"RJ";356;"62";"ITALVA";"Reação tardia ou ineficiente do condutor";"Colisão lateral sentido oposto";"Com Vítimas Feridas";"Pleno dia";"Crescente";"Sol";"Simples";"Reta";"Não";7;0;1;1;5;0;2;2;-21,32476394;-41,70949227;"SR-RJ";"UOP03";"DEL08"
333980;2021-01-12;"terça";"09:00:00";"RJ";101;"266";"RIO BONITO";"Ausência de reação do condutor";"Engavetamento";"Com Vítimas Feridas";"Pleno dia";"Crescente";"Sol";"Dupla";"Reta";"Sim";3;0;1;0;2;0;1;3;-22,70861445;-42,65178735;"SR-RJ";"UOP03";"DEL02"
333982;2021-01-12;"terça";"10:15:00";"ES";101;"266";"SERRA";"Velocidade Incompatível";"Queda de ocupante de veículo";"Com Vítimas Feridas";"Pleno dia";"Crescente";"Sol";"Múltipla";"Reta";"Sim";2;0;0;1;0;1;1;1;-20,190199;-40,26828891;"SR-ES";"UOP01";"DEL02"
333983;2021-01-12;"terça";"10:30:00";"RN";101;"104.3";"PARNAMIRIM";"Avarias e/ou desgaste excessivo no pneu";"Colisão com objeto";"Com Vítimas Feridas";"Pleno dia";"Decrescente";"Chuva";"Múltipla";"Reta";"Sim";2;0;1;0;1;0;1;2;-5,892745;-35,257225;"SR-RN";"UOP01";"DEL01"
333984;2021-01-12;"terça";"07:30:00";"SC";282;"300.7";"VARGEM";"Chuva";"Saída de leito carroçável";"Com Vítimas Feridas";"Pleno dia";"Decrescente";"Chuva";"Simples";"Não Informado";"Não";3;0;3;0;0;0;3;1;-27,515957;-50,917877;"SR-SC";"UOP06";"DEL07"
333985;2021-01-12;"terça";"10:40:00";"SP";116;"209";"GUARULHOS";"Ausência de reação do condutor";"Colisão traseira";"Com Vítimas Feridas";"Pleno dia";"Crescente";"Céu Claro";"Múltipla";"Não Informado";"Não";4;0;1;0;2;1;1;4;-23,42511799;-46,40221101;"SR-SP";"UOP01";"DEL01"
333986;2021-01-12;"terça";"10:30:00";"MG";267;"203.8";"BOM JARDIM DE MINAS";"Velocidade Incompatível";"Saída de leito carroçável";"Com Vítimas Feridas";"Pleno dia";"Decrescente";"Nublado";"Simples";"Não Informado";"Não";1;0;1;0;0;0;1;1;-21,93193766;-44,11060298;"SR-MG";"UOP01";"DEL05"
333987;2021-01-12;"terça";"10:55:00";"BA";101;"693";"EUNAPOLIS";"Condutor deixou de manter distância do veículo da frente";"Colisão traseira";"Com Vítimas Feridas";"Pleno dia";"Crescente";"Céu Claro";"Simples";"Curva";"Não";5;0;1;0;4;0;1;2;-16,35950997;-39,57983311;"SR-BA";"UOP01";"DEL09"
333988;2021-01-12;"terça";"06:35:00";"MS";158;"51.6";"PARANAIBA";"Demais falhas mecânicas ou elétricas";"Incêndio";"Sem Vítimas";"Pleno dia";"Crescente";"Céu Claro";"Simples";"Reta";"Não";1;0;0;0;1;0;0;1;-19,38373911;-51,43499208;"SR-MS";"UOP01";"DEL08"
333990;2021-01-03;"domingo";"11:15:00";"GO";153;"516.3";"APARECIDA DE GOIANIA";"Acessar a via sem observar a presença dos outros veículos";"Colisão lateral";"Sem Vítimas";"Pleno dia";"Decrescente";"Chuva";"Dupla";"Retorno Regulamentado";"Não";3;0;0;0;3;0;0;3;-16,8504;-49,2473;"SR-GO";"UOP03";"DEL01"
333991;2021-01-12;"terça";"11:15:00";"TO";153;"350";"GUARAI";"Chuva";"Capotamento";"Com Vítimas Feridas";"Pleno dia";"Crescente";"Chuva";"Simples";"Desvio Temporário";"Não";1;0;1;0;0;0;1;1;-8,97819298;-48,49764907;"SR-TO";"UOP02";"DEL02"
333992;2021-01-12;"terça";"11:40:00";"SC";101;"223";"PALHOCA";"Condutor deixou de manter distância do veículo da frente";"Colisão traseira";"Com Vítimas Feridas";"Pleno dia";"Decrescente";"Céu Claro";"Dupla";"Reta";"Não";4;0;2;0;2;0;2;2;-27,71552634;-48,64881251;"SR-SC";"UOP02";"DEL01"
333993;2021-01-12;"terça";"11:20:00";"SC";101;"39.1";"JOINVILLE";"Pedestre andava na pista";"Atropelamento de Pedestre";"Com Vítimas Fatais";"Pleno dia";"Decrescente";"Nublado";"Dupla";"Não Informado";"Sim";3;1;0;0;1;1;0;1;-26,30239;-48,882683;"SR-SC";"UOP01";"DEL03"
333994;2021-01-12;"terça";"11:50:00";"MG";365;"669.9";"MONTE ALEGRE DE MINAS";"Avarias e/ou desgaste excessivo no pneu";"Saída de leito carroçável";"Com Vítimas Feridas";"Pleno dia";"Crescente";"Garoa/Chuvisco";"Dupla";"Reta";"Não";3;0;2;0;0;1;2;1;-18,88574107;-48,72615001;"SR-MG";"UOP01";"DEL15"
333995;2021-01-12;"terça";"11:00:00";"PI";316;"337";"GEMINIANO";"Condutor deixou de manter distância do veículo da frente";"Colisão traseira";"Com Vítimas Feridas";"Pleno dia";"Decrescente";"Nublado";"Simples";"Reta";"Não";6;0;4;0;2;0;4;2;-7,11059459;-41,23604807;"SR-PI";"UOP01";"DEL04"
333997;2021-01-12;"terça";"12:10:00";"BA";324;"605";"SIMOES FILHO";"Frear bruscamente";"Queda de ocupante de veículo";"Com Vítimas Feridas";"Pleno dia";"Decrescente";"Céu Claro";"Dupla";"Reta";"Sim";2;0;2;0;0;0;2;1;-12,78605114;-38,40972508;"SR-BA";"UOP01";"DEL01"
333998;2021-01-12;"terça";"12:00:00";"RS";386;"415.8";"MONTENEGRO";"Acessar a via sem observar a presença dos outros veículos";"Colisão transversal";"Com Vítimas Feridas";"Pleno dia";"Crescente";"Nublado";"Simples";"Reta";"Não";2;0;0;1;1;0;1;2;-29,81804558;-51,46528244;"SR-RS";"UOP02";"DEL04"
333999;2021-01-12;"terça";"11:00:00";"PI";343;"264";"CAMPO MAIOR";"Acessar a via sem observar a presença dos outros veículos";"Colisão transversal";"Com Vítimas Feridas";"Pleno dia";"Crescente";"Céu Claro";"Simples";"Interseção de vias";"Sim";3;0;1;0;2;0;1;2;-4,827662;-42,162594;"SR-PI";"UOP03";"DEL01"
334000;2021-01-12;"terça";"08:25:00";"BA";101;"428.2";"MARAU";"Velocidade Incompatível";"Saída de leito carroçável";"Com Vítimas Fatais";"Pleno dia";"Decrescente";"Sol";"Simples";"Curva";"Não";1;1;0;0;0;0;0;1;-14,17252878;-39,3242622;"SR-BA";"UOP01";"DEL05"
334001;2021-01-12;"terça";"12:40:00";"PE";232;"7.3";"RECIFE";"Condutor deixou de manter distância do veículo da frente";"Colisão traseira";"Com Vítimas Feridas";"Pleno dia";"Decrescente";"Sol";"Dupla";"Reta";"Sim";2;0;1;0;1;0;1;2;-8,07583727;-34,97015791;"SR-PE";"UOP01";"DEL01"
334002;2021-01-12;"terça";"11:40:00";"RO";319;"62.8";"PORTO VELHO";"Reação tardia ou ineficiente do condutor";"Colisão traseira";"Com Vítimas Feridas";"Pleno dia";"Crescente";"Céu Claro";"Dupla";"Reta";"Sim";2;0;1;0;1;0;1;2;-8,766685;-63,884052;"SR-RO";"UOP01";"DEL01"
334003;2021-01-12;"terça";"13:00:00";"GO";153;"496";"GOIANIA";"Condutor deixou de manter distância do veículo da frente";"Colisão traseira";"Com Vítimas Feridas";"Pleno dia";"Decrescente";"Céu Claro";"Múltipla";"Não Informado";"Não";2;0;0;1;1;0;1;2;-16,6776;-49,2314;"SR-GO";"UOP01";"DEL01"
334005;2021-01-12;"terça";"12:30:00";"PR";376;"597";"CURITIBA";"Velocidade Incompatível";"Colisão lateral";"Sem Vítimas";"Pleno dia";"Decrescente";"Céu Claro";"Dupla";"Reta";"Sim";2;0;0;0;2;0;0;2;-25,510571;-49,338848;"SR-PR";"UOP01";"DEL01"
334006;2021-01-12;"terça";"13:10:00";"PR";277;"664.4";"MATELANDIA";"Chuva";"Capotamento";"Com Vítimas Feridas";"Pleno dia";"Crescente";"Chuva";"Dupla";"Reta";"Não";1;0;0;1;0;0;1;1;-25,25301037;-54,02857196;"SR-PR";"UOP02";"DEL05"
334007;2021-01-12;"terça";"13:15:00";"SC";280;"24.8";"ARAQUARI";"Condutor deixou de manter distância do veículo da frente";"Colisão traseira";"Com Vítimas Feridas";"Pleno dia";"Decrescente";"Céu Claro";"Simples";"Reta";"Não";2;0;1;0;1;0;1;2;-26,37724921;-48,71953282;"SR-SC";"UOP03";"DEL03"
334008;2021-01-12;"terça";"12:00:00";"CE";116;"133.5";"PALHANO";"Condutor deixou de manter distância do veículo da frente";"Colisão traseira";"Com Vítimas Feridas";"Pleno dia";"Crescente";"Céu Claro";"Simples";"Reta";"Não";2;0;1;0;1;0;1;2;-4,70788294;-38,09229587;"SR-CE";"UOP01";"DEL03"
334009;2021-01-12;"terça";"13:30:00";"RS";285;"52.6";"BOM JESUS";"Manobra de mudança de faixa";"Colisão frontal";"Com Vítimas Fatais";"Pleno dia";"Crescente";"Céu Claro";"Simples";"Curva";"Não";2;1;0;0;1;0;0;2;-28,657648;-50,349503;"SR-RS";"UOP03";"DEL05"
334010;2021-01-12;"terça";"13:20:00";"MG";50;"148.1";"UBERABA";"Velocidade Incompatível";"Saída de leito carroçável";"Com Vítimas Feridas";"Pleno dia";"Crescente";"Chuva";"Dupla";"Reta";"Não";1;0;1;0;0;0;1;1;-19,54676795;-48,03584554;"SR-MG";"UOP01";"DEL13"
334011;2021-01-12;"terça";"12:15:00";"RS";472;"574";"URUGUAIANA";"Acessar a via sem observar a presença dos outros veículos";"Colisão transversal";"Com Vítimas Feridas";"Pleno dia";"Decrescente";"Céu Claro";"Simples";"Reta";"Sim";2;0;1;0;1;0;1;2;-29,76298966;-57,05563903;"SR-RS";"UOP01";"DEL13"
334012;2021-01-12;"terça";"13:00:00";"RJ";40;"109";"DUQUE DE CAXIAS";"Ausência de reação do condutor";"Queda de ocupante de veículo";"Com Vítimas Feridas";"Pleno dia";"Crescente";"Sol";"Múltipla";"Reta";"Sim";1;0;1;0;0;0;1;1;-22,67374628;-43,28638368;"SR-RJ";"UOP01";"DEL01"
334014;2021-01-12;"terça";"11:00:00";"RJ";101;"404";"ITAGUAI";"Acessar a via sem observar a presença dos outros veículos";"Colisão lateral";"Com Vítimas Feridas";"Pleno dia";"Crescente";"Céu Claro";"Simples";"Reta";"Sim";4;0;2;0;2;0;2;2;-22,8749472;-43,81355008;"SR-RJ";"UOP04";"DEL01"
334015;2021-01-12;"terça";"07:00:00";"SC";101;"438";"SOMBRIO";"Objeto estático sobre o leito carroçável";"Saída de leito carroçável";"Com Vítimas Feridas";"Pleno dia";"Decrescente";"Céu Claro";"Dupla";"Reta";"Não";1;0;1;0;0;0;1;1;-29,12329351;-49,64670312;"SR-SC";"UOP02";"DEL02"
334016;2021-01-12;"terça";"12:50:00";"PI";343;"254.1";"CAMPO MAIOR";"Conversão proibida";"Colisão transversal";"Com Vítimas Feridas";"Pleno dia";"Decrescente";"Sol";"Simples";"Reta";"Não";2;0;1;0;1;0;1;2;-4,760148;-42,111641;"SR-PI";"UOP03";"DEL01"
334019;2021-01-12;"terça";"13:55:00";"DF";40;"7";"BRASILIA";"Pista Escorregadia";"Queda de ocupante de veículo";"Com Vítimas Feridas";"Pleno dia";"Crescente";"Chuva";"Dupla";"Reta";"Sim";2;0;1;0;1;0;1;2;-16,038666;-47,979691;"SR-DF";"UOP01";"DEL01"
334020;2021-01-02;"sábado";"20:30:00";"SP";153;"74";"SAO JOSE DO RIO PRETO";"Afundamento ou ondulação no pavimento";"Tombamento";"Com Vítimas Feridas";"Plena Noite";"Crescente";"Céu Claro";"Dupla";"Reta";"Não";1;0;1;0;0;0;1;1;-20,88538598;-49,42676402;"SR-SP";"UOP01";"DEL09"
334021;2021-01-12;"terça";"11:20:00";"PI";316;"174.4";"VALENCA DO PIAUI";"Reação tardia ou ineficiente do condutor";"Saída de leito carroçável";"Com Vítimas Feridas";"Pleno dia";"Decrescente";"Nublado";"Simples";"Reta";"Não";4;0;3;0;1;0;3;1;-6,22586626;-42,0108469;"SR-PI";"UOP02";"DEL04"
334022;2021-01-12;"terça";"13:40:00";"MT";364;"199.5";"RONDONOPOLIS";"Chuva";"Tombamento";"Com Vítimas Fatais";"Pleno dia";"Decrescente";"Chuva";"Dupla";"Reta";"Sim";1;1;0;0;0;0;0;1;-16,5011709;-54,63072394;"SR-MT";"UOP01";"DEL02"
334023;2021-01-12;"terça";"14:00:00";"MS";463;"31";"DOURADOS";"Demais falhas mecânicas ou elétricas";"Saída de leito carroçável";"Com Vítimas Feridas";"Pleno dia";"Decrescente";"Sol";"Simples";"Reta";"Não";2;0;0;2;0;0;2;1;-22,29673884;-55,07601403;"SR-MS";"UOP03";"DEL04"
334025;2021-01-12;"terça";"14:00:00";"PE";232;"8.8";"JABOATAO DOS GUARARAPES";"Condutor deixou de manter distância do veículo da frente";"Engavetamento";"Com Vítimas Feridas";"Pleno dia";"Crescente";"Céu Claro";"Múltipla";"Viaduto";"Sim";4;0;1;0;3;0;1;3;-8,07583727;-34,97015791;"SR-PE";"UOP01";"DEL01"
334026;2021-01-12;"terça";"14:40:00";"SC";101;"315.2";"PESCARIA BRAVA";"Condutor deixou de manter distância do veículo da frente";"Colisão traseira";"Com Vítimas Feridas";"Pleno dia";"Crescente";"Sol";"Simples";"Desvio Temporário";"Sim";2;0;1;0;1;0;1;2;-28,42748656;-48,85148048;"SR-SC";"UOP01";"DEL02"
334027;2021-01-12;"terça";"14:30:00";"MG";116;"527.6";"CARATINGA";"Acessar a via sem observar a presença dos outros veículos";"Colisão lateral";"Sem Vítimas";"Pleno dia";"Crescente";"Céu Claro";"Simples";"Curva";"Sim";3;0;0;0;2;1;0;3;-19,78510701;-42,13445297;"SR-MG";"UOP02";"DEL06"
334028;2021-01-12;"terça";"14:58:00";"RS";158;"0.3";"SANTANA DO LIVRAMENTO";"Mal súbito do condutor";"Tombamento";"Com Vítimas Feridas";"Pleno dia";"Decrescente";"Nublado";"Simples";"Rotatória";"Sim";1;0;1;0;0;0;1;1;-30,891298;-55,533264;"SR-RS";"UOP01";"DEL11"
334031;2021-01-12;"terça";"15:05:00";"PR";373;"173.3";"PONTA GROSSA";"Acumulo de areia ou detritos sobre o pavimento";"Tombamento";"Com Vítimas Feridas";"Pleno dia";"Decrescente";"Céu Claro";"Dupla";"Reta";"Sim";1;0;0;1;0;0;1;1;-25,07937996;-50,20409167;"SR-PR";"UAP01";"DEL03"
334032;2021-01-12;"terça";"14:25:00";"SP";116;"133.2";"CACAPAVA";"Frear bruscamente";"Capotamento";"Com Vítimas Feridas";"Pleno dia";"Crescente";"Céu Claro";"Dupla";"Reta";"Não";1;0;1;0;0;0;1;1;-23,1359564;-45,7532708;"SR-SP";"UOP02";"DEL02"
334034;2021-01-12;"terça";"13:20:00";"MG";153;"134.2";"PRATA";"Mal súbito do condutor";"Colisão lateral";"Com Vítimas Feridas";"Pleno dia";"Decrescente";"Nublado";"Simples";"Reta";"Não";2;0;1;0;1;0;1;2;-19,51436207;-48,84030206;"SR-MG";"UOP03";"DEL15"
334035;2021-01-12;"terça";"15:45:00";"MG";251;"506";"FRANCISCO SA";"Velocidade Incompatível";"Colisão frontal";"Com Vítimas Fatais";"Pleno dia";"Decrescente";"Céu Claro";"Simples";"Reta";"Não";6;5;0;1;0;0;1;2;-16,61894941;-43,6887828;"SR-MG";"UOP01";"DEL12"
334037;2021-01-12;"terça";"14:30:00";"MG";365;"364.5";"VARJAO DE MINAS";"Desrespeitar a preferência no cruzamento";"Colisão frontal";"Com Vítimas Feridas";"Pleno dia";"Decrescente";"Nublado";"Simples";"Reta";"Não";4;0;4;0;0;0;4;2;-18,46158508;-46,08350681;"SR-MG";"UOP01";"DEL10"
334038;2021-01-12;"terça";"12:30:00";"MG";365;"292.7";"JOAO PINHEIRO";"Chuva";"Saída de leito carroçável";"Com Vítimas Feridas";"Pleno dia";"Decrescente";"Chuva";"Simples";"Curva";"Não";5;0;4;1;0;0;5;1;-18,10670983;-45,69720212;"SR-MG";"UOP01";"DEL10"
334039;2021-01-12;"terça";"15:10:00";"RN";304;"293";"MACAIBA";"Velocidade Incompatível";"Colisão traseira";"Com Vítimas Feridas";"Pleno dia";"Decrescente";"Chuva";"Simples";"Não Informado";"Não";4;0;1;0;3;0;1;2;-5,86846237;-35,37602795;"SR-RN";"UOP02";"DEL01"
334040;2021-01-12;"terça";"15:30:00";"DF";20;"12.5";"BRASILIA";"Condutor deixou de manter distância do veículo da frente";"Engavetamento";"Com Vítimas Feridas";"Pleno dia";"Crescente";"Garoa/Chuvisco";"Dupla";"Reta";"Sim";12;0;1;0;11;0;1;4;-15,642812;-47,757786;"SR-DF";"UOP01";"DEL02"
334041;2021-01-12;"terça";"16:10:00";"GO";153;"558";"PROFESSOR JAMIL";"Velocidade Incompatível";"Saída de leito carroçável";"Com Vítimas Feridas";"Pleno dia";"Crescente";"Chuva";"Dupla";"Não Informado";"Não";2;0;1;0;1;0;1;1;-17,2081;-49,2137;"SR-GO";"UOP01";"DEL03"
334042;2021-01-12;"terça";"15:12:00";"PR";277;"633.9";"CEU AZUL";"Transitar na contramão";"Colisão frontal";"Com Vítimas Feridas";"Pleno dia";"Decrescente";"Chuva";"Simples";"Reta";"Não";2;0;1;0;1;0;1;2;-25,12585236;-53,81903487;"SR-PR";"UOP02";"DEL05"
334043;2021-01-12;"terça";"11:00:00";"RS";116;"508.2";"PELOTAS";"Demais falhas mecânicas ou elétricas";"Saída de leito carroçável";"Sem Vítimas";"Pleno dia";"Crescente";"Nublado";"Dupla";"Reta";"Não";2;0;0;0;2;0;0;1;-31,61244045;-52,30464287;"SR-RS";"UOP01";"DEL07"
334044;2021-01-12;"terça";"15:45:00";"SC";101;"42.7";"JOINVILLE";"Ausência de reação do condutor";"Tombamento";"Com Vítimas Feridas";"Pleno dia";"Decrescente";"Sol";"Dupla";"Desvio Temporário";"Sim";1;0;1;0;0;0;1;1;-26,29251598;-48,88474385;"SR-SC";"UOP01";"DEL03"
334045;2021-01-12;"terça";"14:00:00";"RJ";101;"60";"CAMPOS DOS GOYTACAZES";"Condutor desrespeitou a iluminação vermelha do semáforo";"Colisão transversal";"Com Vítimas Feridas";"Pleno dia";"Decrescente";"Sol";"Simples";"Curva";"Sim";2;0;2;0;0;0;2;2;-21,72048414;-41,31448591;"SR-RJ";"UOP01";"DEL08"
334046;2021-01-12;"terça";"08:10:00";"MT";70;"563";"NOSSA SENHORA DO LIVRAMENTO";"Acessar a via sem observar a presença dos outros veículos";"Saída de leito carroçável";"Com Vítimas Feridas";"Pleno dia";"Crescente";"Céu Claro";"Simples";"Curva";"Não";3;0;0;1;0;2;1;2;-15,69935369;-56,42488993;"SR-MT";"UOP02";"DEL03"
334047;2021-01-12;"terça";"16:00:00";"SP";116;"140";"SAO JOSE DOS CAMPOS";"Condutor deixou de manter distância do veículo da frente";"Colisão traseira";"Com Vítimas Feridas";"Pleno dia";"Crescente";"Nublado";"Dupla";"Reta";"Sim";2;0;1;0;1;0;1;2;-23,16577714;-45,81246193;"SR-SP";"UOP01";"DEL02"
334048;2021-01-12;"terça";"16:10:00";"SC";282;"220.1";"LAGES";"Velocidade Incompatível";"Tombamento";"Com Vítimas Feridas";"Pleno dia";"Crescente";"Sol";"Simples";"Curva";"Sim";2;0;2;0;0;0;2;1;-27,79486235;-50,3262574;"SR-SC";"UOP01";"DEL05"
334050;2021-01-12;"terça";"15:30:00";"MG";381;"709.6";"CARMO DA CACHOEIRA";"Curva acentuada";"Queda de ocupante de veículo";"Com Vítimas Feridas";"Pleno dia";"Decrescente";"Céu Claro";"Dupla";"Não Informado";"Não";1;0;1;0;0;0;1;1;-21,37772086;-45,19419525;"SR-MG";"UOP02";"DEL04"
334051;2021-01-12;"terça";"11:30:00";"BA";116;"571";"BREJOES";"Avarias e/ou desgaste excessivo no pneu";"Saída de leito carroçável";"Sem Vítimas";"Pleno dia";"Decrescente";"Céu Claro";"Simples";"Curva";"Não";3;0;0;0;3;0;0;1;-13,01747168;-39,95928314;"SR-BA";"UOP02";"DEL03"
334053;2021-01-12;"terça";"17:00:00";"RS";287;"248";"SANTA MARIA";"Retorno proibido";"Colisão transversal";"Com Vítimas Feridas";"Pleno dia";"Crescente";"Nublado";"Simples";"Reta";"Sim";2;0;1;0;1;0;1;2;-29,69618923;-53,84977698;"SR-RS";"UOP01";"DEL09"
334054;2021-01-12;"terça";"17:00:00";"SC";101;"354.9";"SANGAO";"Velocidade Incompatível";"Engavetamento";"Com Vítimas Feridas";"Pleno dia";"Crescente";"Nublado";"Dupla";"Desvio Temporário";"Não";3;0;1;0;2;0;1;3;-28,61806302;-49,07013199;"SR-SC";"UOP01";"DEL02"
334055;2021-01-12;"terça";"16:20:00";"MS";163;"580";"BANDEIRANTES";"Reação tardia ou ineficiente do condutor";"Saída de leito carroçável";"Com Vítimas Feridas";"Pleno dia";"Crescente";"Nublado";"Dupla";"Reta";"Não";1;0;1;0;0;0;1;1;-19,64535408;-54,36286212;"SR-MS";"UOP02";"DEL06"
334056;2021-01-12;"terça";"17:00:00";"ES";101;"267.8";"SERRA";"Entrada inopinada do pedestre";"Atropelamento de Pedestre";"Com Vítimas Feridas";"Anoitecer";"Crescente";"Céu Claro";"Múltipla";"Interseção de vias";"Não";3;0;1;2;0;0;3;1;-20,19930999;-40,26884609;"SR-ES";"UOP01";"DEL02"
334057;2021-01-12;"terça";"17:40:00";"SC";101;"213.2";"PALHOCA";"Trafegar com motocicleta (ou similar) entre as faixas";"Queda de ocupante de veículo";"Com Vítimas Feridas";"Pleno dia";"Decrescente";"Céu Claro";"Múltipla";"Reta";"Sim";2;0;1;0;1;0;1;2;-27,63697369;-48,66514142;"SR-SC";"UOP02";"DEL01"
334059;2021-01-12;"terça";"14:30:00";"MG";50;"172.7";"UBERABA";"Pedestre andava na pista";"Atropelamento de Pedestre";"Com Vítimas Fatais";"Pleno dia";"Decrescente";"Chuva";"Dupla";"Reta";"Sim";5;1;0;0;1;3;0;1;-19,75402507;-47,98051917;"SR-MG";"UOP01";"DEL13"
334062;2021-01-12;"terça";"18:00:00";"RN";304;"41.3";"MOSSORO";"Ultrapassagem Indevida";"Colisão lateral";"Com Vítimas Feridas";"Anoitecer";"Decrescente";"Céu Claro";"Dupla";"Reta";"Sim";2;0;2;0;0;0;2;1;-5,20483515;-37,37615746;"SR-RN";"UOP01";"DEL04"
334063;2021-01-12;"terça";"17:00:00";"RN";110;"45";"MOSSORO";"Velocidade Incompatível";"Queda de ocupante de veículo";"Com Vítimas Feridas";"Anoitecer";"Crescente";"Céu Claro";"Simples";"Reta";"Sim";1;0;1;0;0;0;1;1;-5,19257993;-37,31114905;"SR-RN";"UOP01";"DEL04"
334065;2021-01-12;"terça";"17:50:00";"MS";163;"615";"SAO GABRIEL DO OESTE";"Acessar a via sem observar a presença dos outros veículos";"Colisão transversal";"Com Vítimas Feridas";"Anoitecer";"Crescente";"Nublado";"Simples";"Reta";"Sim";2;0;0;1;1;0;1;2;-19,39850778;-54,56579964;"SR-MS";"UOP02";"DEL06"
334066;2021-01-12;"terça";"18:15:00";"PE";101;"72.9";"RECIFE";"Condutor deixou de manter distância do veículo da frente";"Colisão traseira";"Com Vítimas Feridas";"Plena Noite";"Crescente";"Céu Claro";"Dupla";"Reta";"Sim";3;0;2;0;1;0;2;2;-8,08493106;-34,9450639;"SR-PE";"UOP01";"DEL01"
334068;2021-01-12;"terça";"17:20:00";"RO";364;"344";"JI-PARANA";"Acessar a via sem observar a presença dos outros veículos";"Colisão lateral mesmo sentido";"Com Vítimas Feridas";"Pleno dia";"Crescente";"Céu Claro";"Múltipla";"Interseção de vias";"Sim";2;0;1;0;1;0;1;2;-10,87376391;-61,95256893;"SR-RO";"UOP01";"DEL02"
334069;2021-01-12;"terça";"16:25:00";"AC";364;"136";"RIO BRANCO";"Reação tardia ou ineficiente do condutor";"Colisão traseira";"Com Vítimas Feridas";"Pleno dia";"Decrescente";"Céu Claro";"Dupla";"Reta";"Não";2;0;1;0;1;0;1;2;-9,977578;-67,8489;"SR-AC";"UOP01";"DEL01"
334070;2021-01-12;"terça";"14:30:00";"MG";262;"7.3";"MARTINS SOARES";"Pista esburacada";"Colisão com objeto";"Com Vítimas Feridas";"Pleno dia";"Crescente";"Sol";"Simples";"Curva";"Não";3;0;1;0;2;0;1;2;-20,25582453;-41,81690282;"SR-MG";"UOP04";"DEL06"
334071;2021-01-12;"terça";"17:10:00";"MG";262;"45";"MANHUACU";"Manobra de mudança de faixa";"Colisão frontal";"Com Vítimas Feridas";"Pleno dia";"Decrescente";"Sol";"Simples";"Curva";"Não";2;0;0;1;1;0;1;2;-20,26145201;-42,09686296;"SR-MG";"UOP04";"DEL06"
334072;2021-01-12;"terça";"18:55:00";"CE";222;"308";"TIANGUA";"Animais na Pista";"Queda de ocupante de veículo";"Com Vítimas Feridas";"Plena Noite";"Decrescente";"Céu Claro";"Simples";"Desvio Temporário";"Sim";1;0;1;0;0;0;1;1;-3,68901102;-40,97669036;"SR-CE";"UOP02";"DEL04"
334073;2021-01-12;"terça";"19:00:00";"PB";101;"98.5";"ALHANDRA";"Velocidade Incompatível";"Tombamento";"Com Vítimas Feridas";"Plena Noite";"Decrescente";"Céu Claro";"Dupla";"Não Informado";"Não";1;0;1;0;0;0;1;1;-7,24692282;-34,93113937;"SR-PB";"UOP02";"DEL01"
334074;2021-01-12;"terça";"08:20:00";"ES";262;"177.3";"IBATIBA";"Curva acentuada";"Tombamento";"Com Vítimas Feridas";"Pleno dia";"Decrescente";"Céu Claro";"Simples";"Curva";"Não";1;0;1;0;0;0;1;1;-20,28062181;-41,64687634;"SR-ES";"UOP02";"DEL01"
334075;2021-01-12;"terça";"16:00:00";"PR";158;"360";"MARQUINHO";"Problema com o freio";"Colisão traseira";"Com Vítimas Feridas";"Pleno dia";"Crescente";"Nublado";"Simples";"Não Informado";"Não";2;0;0;2;0;0;2;2;-25,13866078;-52,28998661;"SR-PR";"UOP02";"DEL04"
334076;2021-01-12;"terça";"18:00:00";"SP";116;"412";"JUQUIA";"Carga excessiva e/ou mal acondicionada";"Queda de ocupante de veículo";"Com Vítimas Feridas";"Pleno dia";"Decrescente";"Céu Claro";"Dupla";"Reta";"Não";2;0;1;0;1;0;1;1;-24,33094086;-47,61325097;"SR-SP";"UOP01";"DEL05"
334077;2021-01-12;"terça";"19:00:00";"PR";116;"125";"FAZENDA RIO GRANDE";"Acessar a via sem observar a presença dos outros veículos";"Colisão traseira";"Com Vítimas Feridas";"Plena Noite";"Crescente";"Céu Claro";"Dupla";"Reta";"Não";3;0;2;0;1;0;2;3;-25,59505309;-49,31630659;"SR-PR";"UOP03";"DEL01"