"id";"data_inversa";"dia_semana";"horario";"uf";"br";"km";"municipio";"causa_acidente";"tipo_acidente";"classificacao_acidente";"fase_dia";"sentido_via";"condicao_metereologica";"tipo_pista";"tracado_via";"uso_solo";"pessoas";"mortos";"feridos_leves";"feridos_graves";"ilesos";"ignorados";"feridos";"veiculos";"latitude";"longitude";"regional";"delegacia";"uop"
334078;2021-01-12;"terça";"19:15:00";"MG";116;"277.7";"TEOFILO OTONI";"Desrespeitar a preferência no cruzamento";"Colisão lateral mesmo sentido";"Sem Vítimas";"Plena Noite";"Crescente";"Nublado";"Dupla";"Não Informado";"Sim";2;0;0;0;1;1;0;2;-17,865426;-41,516348;"SR-MG";"UOP01";"DEL11"
334079;2021-01-12;"terça";"19:30:00";"MG";365;"688";"MONTE ALEGRE DE MINAS";"Pedestre cruzava a pista fora da faixa";"Atropelamento de Pedestre";"Com Vítimas Feridas";"Plena Noite";"Crescente";"Nublado";"Dupla";"Reta";"Sim";2;0;0;1;1;0;1;1;-18,87623321;-48,88400401;"SR-MG";"UOP03";"DEL15"
334080;2021-01-12;"terça";"18:30:00";"MT";364;"237";"RONDONOPOLIS";"Ausência de reação do condutor";"Queda de ocupante de veículo";"Com Vítimas Feridas";"Plena Noite";"Decrescente";"Ignorado";"Dupla";"Reta";"Sim";1;0;1;0;0;0;1;1;-16,20503606;-54,78106026;"SR-MT";"UOP01";"DEL02"
334082;2021-01-12;"terça";"15:01:00";"PI";343;"299.4";"ALTOS";"Acessar a via sem observar a presença dos outros veículos";"Colisão frontal";"Com Vítimas Fatais";"Pleno dia";"Crescente";"Céu Claro";"Simples";"Reta";"Não";2;1;0;0;1;0;0;2;-4,995781;-42,408192;"SR-PI";"UOP03";"DEL01"
334083;2021-01-12;"terça";"19:00:00";"RO";364;"199";"PIMENTA BUENO";"Velocidade Incompatível";"Tombamento";"Com Vítimas Feridas";"Plena Noite";"Decrescente";"Nublado";"Simples";"Não Informado";"Sim";1;0;0;1;0;0;1;1;-11,661617;-61,191055;"SR-RO";"UOP02";"DEL02"
334084;2021-01-12;"terça";"17:10:00";"SC";163;"67";"SAO MIGUEL DO OESTE";"Desrespeitar a preferência no cruzamento";"Colisão transversal";"Com Vítimas Feridas";"Pleno dia";"Decrescente";"Nublado";"Simples";"Rotatória";"Sim";3;0;2;0;1;0;2;2;-26,759436;-53,50055292;"SR-SC";"UOP03";"DEL07"
334085;2021-01-12;"terça";"19:55:00";"GO";40;"1.7";"VALPARAISO DE GOIAS";"Condutor deixou de manter distância do veículo da frente";"Colisão traseira";"Sem Vítimas";"Plena Noite";"Crescente";"Céu Claro";"Dupla";"Reta";"Sim";2;0;0;0;2;0;0;2;-16,058245;-47,982825;"SR-DF";"UOP01";"DEL01"
334086;2021-01-12;"terça";"19:10:00";"SP";153;"2";"ICEM";"Velocidade Incompatível";"Saída de leito carroçável";"Com Vítimas Feridas";"Plena Noite";"Decrescente";"Chuva";"Simples";"Túnel";"Não";1;0;1;0;0;0;1;1;-20,32199868;-49,21108763;"SR-SP";"UOP01";"DEL09"
334087;2021-01-12;"terça";"20:00:00";"SP";116;"344";"MIRACATU";"Retorno proibido";"Colisão transversal";"Com Vítimas Feridas";"Plena Noite";"Decrescente";"Céu Claro";"Dupla";"Não Informado";"Não";2;0;1;0;0;1;1;2;-24,030436;-47,178276;"SR-SP";"UOP02";"DEL04"
334089;2021-01-12;"terça";"19:06:00";"RJ";116;"224";"PIRAI";"Mal súbito do condutor";"Colisão com objeto";"Sem Vítimas";"Plena Noite";"Crescente";"Nublado";"Dupla";"Curva";"Não";1;0;0;0;1;0;0;1;-22,68709335;-43,81058612;"SR-RJ";"UOP01";"DEL07"
334090;2021-01-12;"terça";"20:00:00";"PB";230;"25";"JOAO PESSOA";"Manobra de mudança de faixa";"Colisão traseira";"Com Vítimas Feridas";"Plena Noite";"Crescente";"Céu Claro";"Dupla";"Curva";"Sim";4;0;2;0;1;1;2;2;-7,17048386;-34,86955404;"SR-PB";"UOP01";"DEL01"
334091;2021-01-12;"terça";"20:30:00";"PB";230;"25";"JOAO PESSOA";"Ingestão de álcool e/ou substâncias psicoativas pelo pedestre";"Colisão transversal";"Sem Vítimas";"Plena Noite";"Crescente";"Nublado";"Dupla";"Reta";"Sim";3;0;0;0;2;1;0;2;-7,17048386;-34,86956477;"SR-PB";"UOP01";"DEL01"
334092;2021-01-12;"terça";"20:48:00";"MG";40;"100.5";"LAGOA GRANDE";"Condutor Dormindo";"Colisão lateral";"Com Vítimas Feridas";"Plena Noite";"Crescente";"Céu Claro";"Simples";"Reta";"Não";6;0;1;0;5;0;1;2;-17,5617679;-46,50797791;"SR-MG";"UOP01";"DEL14"
334093;2021-01-12;"terça";"18:45:00";"PR";369;"209";"APUCARANA";"Acumulo de areia ou detritos sobre o pavimento";"Saída de leito carroçável";"Com Vítimas Feridas";"Anoitecer";"Crescente";"Nublado";"Dupla";"Reta";"Sim";1;0;1;0;0;0;1;1;-23,5657081;-51,5055263;"SR-PR";"UAP01";"DEL07"
334094;2021-01-12;"terça";"21:10:00";"PR";272;"367.2";"CAMPO MOURAO";"Reação tardia ou ineficiente do condutor";"Atropelamento de Pedestre";"Com Vítimas Feridas";"Plena Noite";"Decrescente";"Nublado";"Dupla";"Interseção de vias";"Sim";2;0;1;0;1;0;1;1;-24,05063682;-52,40169964;"SR-PR";"UOP03";"DEL09"
334095;2021-01-12;"terça";"16:45:00";"BA";101;"187";"SAO GONCALO DOS CAMPOS";"Ultrapassagem Indevida";"Capotamento";"Com Vítimas Feridas";"Pleno dia";"Crescente";"Céu Claro";"Simples";"Reta";"Não";6;0;6;0;0;0;6;1;-12,44782344;-38,92324626;"SR-BA";"UOP03";"DEL01"
334096;2021-01-12;"terça";"19:00:00";"PR";369;"188";"ARAPONGAS";"Objeto estático sobre o leito carroçável";"Queda de ocupante de veículo";"Com Vítimas Feridas";"Plena Noite";"Crescente";"Céu Claro";"Simples";"Reta";"Sim";1;0;0;1;0;0;1;1;-23,42039833;-51,42537761;"SR-PR";"UAP01";"DEL07"
334097;2021-01-12;"terça";"19:30:00";"MS";267;"555";"CARACOL";"Animais na Pista";"Atropelamento de Animal";"Sem Vítimas";"Anoitecer";"Decrescente";"Nublado";"Simples";"Reta";"Não";1;0;0;0;1;0;0;1;-21,67906776;-56,7576761;"SR-MS";"UOP01";"DEL05"
334098;2021-01-12;"terça";"21:10:00";"GO";60;"46";"ALEXANIA";"Velocidade Incompatível";"Capotamento";"Com Vítimas Feridas";"Plena Noite";"Crescente";"Céu Claro";"Dupla";"Curva";"Não";1;0;1;0;0;0;1;1;-16,1417;-48,5988;"SR-GO";"UOP01";"DEL02"
334099;2021-01-12;"terça";"21:18:00";"GO";40;"5.3";"VALPARAISO DE GOIAS";"Velocidade Incompatível";"Colisão lateral";"Com Vítimas Feridas";"Plena Noite";"Crescente";"Céu Claro";"Dupla";"Reta";"Sim";5;0;2;0;2;1;2;3;-16,093134;-47,982236;"SR-DF";"UOP01";"DEL01"
334100;2021-01-12;"terça";"21:40:00";"SC";470;"151.9";"AGRONOMICA";"Transitar na contramão";"Colisão frontal";"Com Vítimas Feridas";"Plena Noite";"Decrescente";"Garoa/Chuvisco";"Simples";"Reta";"Não";3;0;0;1;2;0;1;2;-27,260792;-49,719761;"SR-SC";"UOP02";"DEL04"
334101;2021-01-12;"terça";"22:00:00";"PR";373;"339";"GUARAPUAVA";"Ingestão de álcool pelo condutor";"Colisão traseira";"Com Vítimas Feridas";"Plena Noite";"Decrescente";"Garoa/Chuvisco";"Dupla";"Reta";"Sim";3;0;1;0;2;0;1;2;-25,41480401;-51,563221;"SR-PR";"UOP01";"DEL08"
334102;2021-01-12;"terça";"19:40:00";"RO";364;"806";"PORTO VELHO";"Avarias e/ou desgaste excessivo no pneu";"Tombamento";"Com Vítimas Feridas";"Plena Noite";"Decrescente";"Céu Claro";"Simples";"Reta";"Não";2;0;2;0;0;0;2;1;-9,26190022;-64,44874295;"SR-RO";"UOP02";"DEL01"
334103;2021-01-12;"terça";"23:00:00";"PE";104;"127.3";"PANELAS";"Velocidade Incompatível";"Colisão frontal";"Com Vítimas Fatais";"Plena Noite";"Decrescente";"Nublado";"Simples";"Não Informado";"Não";4;1;0;1;2;0;1;2;-8,754761;-36,024864;"SR-PE";"UOP01";"DEL02"
334105;2021-01-12;"terça";"23:40:00";"SP";116;"278";"EMBU DAS ARTES";"Manobra de mudança de faixa";"Colisão lateral mesmo sentido";"Com Vítimas Feridas";"Plena Noite";"Crescente";"Nublado";"Dupla";"Interseção de vias";"Não";2;0;1;1;0;0;2;1;-23,636754;-46,833113;"SR-SP";"UOP01";"DEL04"
334106;2021-01-12;"terça";"17:45:00";"AL";101;"178.4";"TEOTONIO VILELA";"Animais na Pista";"Atropelamento de Animal";"Com Vítimas Feridas";"Anoitecer";"Crescente";"Céu Claro";"Dupla";"Reta";"Não";1;0;1;0;0;0;1;1;-9,88723897;-36,390828;"SR-AL";"UOP02";"DEL02"
334108;2021-01-12;"terça";"17:20:00";"SC";101;"136";"BALNEARIO CAMBORIU";"Ingestão de álcool e/ou substâncias psicoativas pelo pedestre";"Atropelamento de Pedestre";"Sem Vítimas";"Pleno dia";"Crescente";"Nublado";"Múltipla";"Reta";"Sim";2;0;0;0;2;0;0;1;-27,008113;-48,617245;"SR-SC";"UOP03";"DEL04"
334109;2021-01-12;"terça";"22:50:00";"MT";364;"442";"VARZEA GRANDE";"Condutor Dormindo";"Saída de leito carroçável";"Com Vítimas Feridas";"Plena Noite";"Crescente";"Céu Claro";"Simples";"Curva";"Não";1;0;1;0;0;0;1;1;-15,57068496;-56,25197411;"SR-MT";"UOP02";"DEL01"
334111;2021-01-12;"terça";"18:45:00";"MG";116;"94.4";"MEDINA";"Velocidade Incompatível";"Saída de leito carroçável";"Com Vítimas Feridas";"Plena Noite";"Decrescente";"Ignorado";"Simples";"Não Informado";"Não";3;0;3;0;0;0;3;1;-16,384692;-41,47280999;"SR-MG";"UOP02";"DEL11"
334112;2021-01-12;"terça";"19:10:00";"RJ";40;"80";"PETROPOLIS";"Pedestre andava na pista";"Atropelamento de Pedestre";"Com Vítimas Feridas";"Plena Noite";"Crescente";"Céu Claro";"Simples";"Curva";"Não";3;0;3;0;0;0;3;1;-22,49798597;-43,22878703;"SR-RJ";"UOP03";"DEL06"
334113;2021-01-13;"quarta";"00:40:00";"PR";277;"167";"PORTO AMAZONAS";"Velocidade Incompatível";"Saída de leito carroçável";"Com Vítimas Feridas";"Plena Noite";"Decrescente";"Nublado";"Dupla";"Curva";"Sim";1;0;1;0;0;0;1;1;-25,46815033;-49,9043132;"SR-PR";"UOP06";"DEL01"
334114;2021-01-13;"quarta";"01:20:00";"GO";60;"68.3";"ABADIANIA";"Avarias e/ou desgaste excessivo no pneu";"Tombamento";"Com Vítimas Feridas";"Plena Noite";"Decrescente";"Céu Claro";"Dupla";"Reta";"Não";1;0;1;0;0;0;1;1;-16,2295;-48,7547;"SR-GO";"UOP01";"DEL02"
334115;2021-01-10;"domingo";"04:15:00";"BA";101;"739";"ITABELA";"Demais falhas mecânicas ou elétricas";"Saída de leito carroçável";"Com Vítimas Feridas";"Amanhecer";"Decrescente";"Céu Claro";"Simples";"Curva";"Não";1;0;1;0;0;0;1;1;-16,689233;-39,480426;"SR-BA";"UOP01";"DEL09"
334116;2021-01-12;"terça";"18:00:00";"RR";174;"713";"PACARAIMA";"Demais falhas mecânicas ou elétricas";"Saída de leito carroçável";"Sem Vítimas";"Plena Noite";"Crescente";"Céu Claro";"Simples";"Não Informado";"Não";1;0;0;0;1;0;0;1;4,461419;-61,139996;"SR-RR";"UOP02";"DEL01"
334117;2021-01-13;"quarta";"01:00:00";"PI";230;"308.2";"FLORIANO";"Animais na Pista";"Atropelamento de Animal";"Com Vítimas Feridas";"Plena Noite";"Crescente";"Nevoeiro/Neblina";"Simples";"Reta";"Sim";2;0;1;1;0;0;2;1;-6,78159309;-43,00121707;"SR-PI";"UOP01";"DEL03"
334118;2021-01-13;"quarta";"03:25:00";"RS";290;"27.7";"SANTO ANTONIO DA PATRULHA";"Condutor Dormindo";"Saída de leito carroçável";"Com Vítimas Feridas";"Plena Noite";"Decrescente";"Céu Claro";"Dupla";"Reta";"Não";2;0;1;0;1;0;1;1;-29,881359;-50,524544;"SR-RS";"UOP01";"DEL03"
334119;2021-01-13;"quarta";"03:30:00";"PR";467;"98.9";"CASCAVEL";"Demais falhas mecânicas ou elétricas";"Tombamento";"Com Vítimas Feridas";"Plena Noite";"Decrescente";"Nublado";"Dupla";"Não Informado";"Não";1;0;1;0;0;0;1;1;-24,8897;-53,5525;"SR-PR";"UOP01";"DEL04"
334120;2021-01-13;"quarta";"04:40:00";"SP";116;"142.5";"SAO JOSE DOS CAMPOS";"Demais falhas mecânicas ou elétricas";"Colisão traseira";"Com Vítimas Feridas";"Plena Noite";"Decrescente";"Nublado";"Dupla";"Reta";"Sim";7;0;7;0;0;0;7;2;-23,17426078;-45,82940111;"SR-SP";"UOP01";"DEL02"
334121;2021-01-13;"quarta";"04:00:00";"MS";163;"445.2";"CAMPO GRANDE";"Condutor Dormindo";"Saída de leito carroçável";"Com Vítimas Feridas";"Plena Noite";"Crescente";"Nublado";"Simples";"Reta";"Não";3;0;0;3;0;0;3;1;-20,766843;-54,528721;"SR-MS";"UOP01";"DEL01"
334123;2021-01-13;"quarta";"05:10:00";"MG";381;"585.5";"CARMOPOLIS DE MINAS";"Condutor Dormindo";"Colisão com objeto";"Com Vítimas Feridas";"Pleno dia";"Decrescente";"Nublado";"Dupla";"Reta";"Não";2;0;1;0;1;0;1;1;-20,538292;-44,64046;"SR-MG";"UOP01";"DEL04"
334125;2021-01-13;"quarta";"06:30:00";"AL";316;"49.8";"CANAPI";"Animais na Pista";"Atropelamento de Animal";"Com Vítimas Feridas";"Pleno dia";"Crescente";"Céu Claro";"Simples";"Desvio Temporário";"Não";1;0;0;1;0;0;1;1;-9,193462;-37,514824;"SR-AL";"UOP02";"DEL03"
334126;2021-01-13;"quarta";"06:40:00";"PR";277;"51";"SAO JOSE DOS PINHAIS";"Velocidade Incompatível";"Capotamento";"Com Vítimas Feridas";"Amanhecer";"Decrescente";"Chuva";"Dupla";"Reta";"Não";1;0;0;1;0;0;1;1;-25,59515989;-48,90700787;"SR-PR";"UOP05";"DEL01"
334127;2021-01-13;"quarta";"06:25:00";"RS";287;"249";"SANTA MARIA";"Manobra de mudança de faixa";"Colisão frontal";"Com Vítimas Feridas";"Pleno dia";"Decrescente";"Céu Claro";"Simples";"Não Informado";"Sim";2;0;0;1;1;0;1;2;-29,69400654;-53,86100019;"SR-RS";"UOP01";"DEL09"
334128;2021-01-13;"quarta";"06:45:00";"PR";376;"657";"TIJUCAS DO SUL";"Demais Fenômenos da natureza";"Capotamento";"Com Vítimas Feridas";"Pleno dia";"Decrescente";"Chuva";"Simples";"Reta";"Não";2;0;1;0;1;0;1;1;-25,85232468;-49,03032776;"SR-PR";"UOP04";"DEL01"
334129;2021-01-13;"quarta";"07:25:00";"PR";116;"115";"CURITIBA";"Trafegar com motocicleta (ou similar) entre as faixas";"Colisão traseira";"Com Vítimas Feridas";"Pleno dia";"Decrescente";"Nublado";"Dupla";"Reta";"Sim";2;0;1;0;1;0;1;2;-25,5480532;-49,3041106;"SR-PR";"UOP01";"DEL01"
334130;2021-01-13;"quarta";"07:25:00";"RS";116;"270";"CANOAS";"Demais falhas mecânicas ou elétricas";"Queda de ocupante de veículo";"Com Vítimas Feridas";"Pleno dia";"Crescente";"Nublado";"Dupla";"Curva";"Não";1;0;1;0;0;0;1;1;-29,96839095;-51,17623895;"SR-RS";"UOP01";"DEL01"
334131;2021-01-12;"terça";"15:30:00";"SC";282;"506.7";"XANXERE";"Desrespeitar a preferência no cruzamento";"Colisão transversal";"Com Vítimas Feridas";"Pleno dia";"Crescente";"Sol";"Simples";"Interseção de vias";"Não";3;0;0;1;2;0;1;2;-26,885712;-52,42907;"SR-SC";"UOP01";"DEL07"
334132;2021-01-13;"quarta";"06:50:00";"MG";153;"197";"FRUTAL";"Condutor Dormindo";"Queda de ocupante de veículo";"Com Vítimas Feridas";"Pleno dia";"Crescente";"Céu Claro";"Simples";"Interseção de vias";"Não";1;0;1;0;0;0;1;1;-19,97863114;-49,0111349;"SR-MG";"UOP02";"DEL13"
334133;2021-01-13;"quarta";"07:00:00";"RJ";393;"124";"SAPUCAIA";"Condutor Dormindo";"Tombamento";"Com Vítimas Feridas";"Pleno dia";"Crescente";"Sol";"Simples";"Curva";"Não";1;0;1;0;0;0;1;1;-21,94148988;-42,82319999;"SR-RJ";"UOP02";"DEL04"
334134;2021-01-13;"quarta";"07:35:00";"SC";101;"222.7";"PALHOCA";"Manobra de mudança de faixa";"Colisão lateral";"Com Vítimas Feridas";"Pleno dia";"Crescente";"Nublado";"Dupla";"Reta";"Não";3;0;1;0;2;0;1;3;-27,71279574;-48,65079761;"SR-SC";"UOP02";"DEL01"
334135;2021-01-13;"quarta";"06:50:00";"PR";476;"253";"ANTONIO OLINTO";"Velocidade Incompatível";"Colisão frontal";"Com Vítimas Fatais";"Pleno dia";"Crescente";"Céu Claro";"Simples";"Curva";"Sim";3;1;0;1;1;0;1;2;-25,885603;-50,182251;"SR-PR";"UOP04";"DEL02"
334136;2021-01-13;"quarta";"07:45:00";"DF";20;"9";"BRASILIA";"Condutor deixou de manter distância do veículo da frente";"Engavetamento";"Com Vítimas Feridas";"Pleno dia";"Decrescente";"Nublado";"Dupla";"Reta";"Não";5;0;2;0;3;0;2;3;-15,654671;-47,782917;"SR-DF";"UOP01";"DEL02"
334137;2021-01-13;"quarta";"06:40:00";"MG";40;"510";"RIBEIRAO DAS NEVES";"Manobra de mudança de faixa";"Colisão transversal";"Com Vítimas Feridas";"Pleno dia";"Crescente";"Céu Claro";"Dupla";"Reta";"Não";2;0;1;0;1;0;1;2;-19,77463885;-44,12321882;"SR-MG";"UOP02";"DEL01"
334138;2021-01-13;"quarta";"07:50:00";"PE";232;"10";"RECIFE";"Condutor deixou de manter distância do veículo da frente";"Engavetamento";"Sem Vítimas";"Pleno dia";"Decrescente";"Garoa/Chuvisco";"Dupla";"Reta";"Sim";7;0;0;0;6;1;0;7;-8,07917241;-34,98718609;"SR-PE";"UOP01";"DEL01"
334139;2021-01-13;"quarta";"07:45:00";"CE";116;"0";"FORTALEZA";"Trafegar com motocicleta (ou similar) entre as faixas";"Colisão lateral mesmo sentido";"Com Vítimas Feridas";"Pleno dia";"Decrescente";"Sol";"Múltipla";"Reta";"Sim";3;0;1;0;2;0;1;3;-3,754584;-38,523407;"SR-CE";"UOP02";"DEL01"
334140;2021-01-13;"quarta";"07:45:00";"CE";20;"414";"MARACANAU";"Afundamento ou ondulação no pavimento";"Tombamento";"Com Vítimas Feridas";"Pleno dia";"Crescente";"Céu Claro";"Simples";"Curva";"Sim";1;0;1;0;0;0;1;1;-3,82760181;-38,62578392;"SR-CE";"UOP01";"DEL01"
334141;2021-01-13;"quarta";"07:50:00";"SC";470;"3";"NAVEGANTES";"Transitar no acostamento";"Colisão traseira";"Com Vítimas Feridas";"Pleno dia";"Crescente";"Nublado";"Dupla";"Reta";"Não";2;0;1;0;1;0;1;2;-26,861937;-48,681618;"SR-SC";"UOP04";"DEL04"
334142;2021-01-13;"quarta";"06:50:00";"CE";116;"39";"HORIZONTE";"Entrada inopinada do pedestre";"Atropelamento de Pedestre";"Com Vítimas Feridas";"Pleno dia";"Decrescente";"Céu Claro";"Múltipla";"Reta";"Sim";2;0;1;1;0;0;2;1;-4,08722773;-38,500659;"SR-CE";"UOP02";"DEL01"
334144;2021-01-13;"quarta";"08:00:00";"PR";277;"38";"MORRETES";"Velocidade Incompatível";"Capotamento";"Com Vítimas Feridas";"Pleno dia";"Crescente";"Garoa/Chuvisco";"Dupla";"Reta";"Não";2;0;2;0;0;0;2;1;-25,56584471;-48,81116269;"SR-PR";"UOP05";"DEL01"
334145;2021-01-13;"quarta";"08:05:00";"MG";40;"273.9";"TRES MARIAS";"Condutor deixou de manter distância do veículo da frente";"Colisão traseira";"Com Vítimas Feridas";"Pleno dia";"Crescente";"Chuva";"Simples";"Não Informado";"Sim";4;0;2;1;1;0;3;2;-18,20602828;-45,23123233;"SR-MG";"UOP02";"DEL14"
334147;2021-01-13;"quarta";"08:20:00";"BA";116;"420";"FEIRA DE SANTANA";"Condutor deixou de manter distância do veículo da frente";"Colisão traseira";"Com Vítimas Feridas";"Pleno dia";"Crescente";"Céu Claro";"Dupla";"Reta";"Sim";2;0;1;0;1;0;1;2;-12,20321398;-38,96555531;"SR-BA";"UOP01";"DEL02"
334148;2021-01-13;"quarta";"08:30:00";"MG";40;"612.2";"CONGONHAS";"Ausência de reação do condutor";"Colisão lateral";"Com Vítimas Feridas";"Pleno dia";"Decrescente";"Céu Claro";"Simples";"Reta";"Não";2;0;1;0;1;0;1;2;-20,51778098;-43,83603641;"SR-MG";"UOP02";"DEL05"
334149;2021-01-13;"quarta";"07:20:00";"RO";364;"342";"JI-PARANA";"Ausência de reação do condutor";"Colisão com objeto";"Sem Vítimas";"Pleno dia";"Crescente";"Garoa/Chuvisco";"Simples";"Reta";"Sim";1;0;0;0;1;0;0;1;-10,88381227;-61,93741416;"SR-RO";"UOP01";"DEL02"
334150;2021-01-13;"quarta";"08:15:00";"SC";101;"442";"SANTA ROSA DO SUL";"Condutor deixou de manter distância do veículo da frente";"Colisão traseira";"Com Vítimas Feridas";"Pleno dia";"Decrescente";"Nublado";"Simples";"Reta";"Sim";2;0;1;0;1;0;1;2;-29,12959329;-49,68678391;"SR-SC";"UOP02";"DEL02"
334151;2021-01-13;"quarta";"09:00:00";"RJ";116;"178";"NOVA IGUACU";"Ausência de reação do condutor";"Queda de ocupante de veículo";"Com Vítimas Feridas";"Pleno dia";"Decrescente";"Céu Claro";"Dupla";"Reta";"Sim";1;0;1;0;0;0;1;1;-22,77496393;-43,40081465;"SR-RJ";"UOP02";"DEL01"
334152;2021-01-13;"quarta";"08:50:00";"RS";101;"14.7";"DOM PEDRO DE ALCANTARA";"Condutor Dormindo";"Colisão com objeto";"Com Vítimas Feridas";"Pleno dia";"Crescente";"Nublado";"Dupla";"Curva";"Não";1;0;1;0;0;0;1;1;-29,39862947;-49,85083421;"SR-RS";"UOP02";"DEL03"
334153;2021-01-13;"quarta";"09:10:00";"BA";101;"274";"LAJE";"Reação tardia ou ineficiente do condutor";"Colisão traseira";"Com Vítimas Feridas";"Pleno dia";"Crescente";"Chuva";"Simples";"Reta";"Não";4;0;1;0;3;0;1;2;-13,17529015;-39,32613686;"SR-BA";"UOP02";"DEL01"
334154;2021-01-13;"quarta";"09:40:00";"RJ";101;"321";"NITEROI";"Trafegar com motocicleta (ou similar) entre as faixas";"Colisão lateral";"Com Vítimas Feridas";"Pleno dia";"Crescente";"Céu Claro";"Dupla";"Reta";"Não";2;0;1;0;1;0;1;2;-22,86981096;-43,11046465;"SR-RJ";"UOP02";"DEL02"
334155;2021-01-13;"quarta";"09:20:00";"MG";262;"460.2";"ARAUJOS";"Transitar na contramão";"Colisão frontal";"Com Vítimas Feridas";"Pleno dia";"Crescente";"Nublado";"Simples";"Reta";"Não";3;0;1;0;2;0;1;3;-19,82719122;-45,07371312;"SR-MG";"UOP03";"DEL08"
334156;2021-01-13;"quarta";"10:05:00";"MG";40;"552";"NOVA LIMA";"Desrespeitar a preferência no cruzamento";"Colisão transversal";"Com Vítimas Feridas";"Pleno dia";"Crescente";"Céu Claro";"Simples";"Reta";"Sim";2;0;1;0;1;0;1;2;-20,06084086;-43,97716423;"SR-MG";"UOP02";"DEL01"
334157;2021-01-13;"quarta";"09:50:00";"CE";116;"362.7";"ICO";"Chuva";"Saída de leito carroçável";"Com Vítimas Feridas";"Pleno dia";"Decrescente";"Chuva";"Simples";"Reta";"Não";1;0;1;0;0;0;1;1;-6,33295835;-38,73903072;"SR-CE";"UOP01";"DEL05"
334160;2021-01-13;"quarta";"11:00:00";"RJ";116;"177";"NOVA IGUACU";"Trafegar com motocicleta (ou similar) entre as faixas";"Colisão lateral mesmo sentido";"Com Vítimas Feridas";"Pleno dia";"Crescente";"Céu Claro";"Dupla";"Reta";"Sim";2;0;1;0;0;1;1;2;-22,75020199;-43,44056368;"SR-RJ";"UOP02";"DEL01"
334162;2021-01-13;"quarta";"10:10:00";"BA";135;"191";"BARREIRAS";"Carga excessiva e/ou mal acondicionada";"Colisão com objeto";"Com Vítimas Feridas";"Pleno dia";"Decrescente";"Céu Claro";"Simples";"Desvio Temporário";"Não";2;0;1;0;1;0;1;2;-12,24636605;-45,0217325;"SR-BA";"UOP01";"DEL10"
334163;2021-01-13;"quarta";"10:20:00";"ES";101;"245.6";"SERRA";"Condutor deixou de manter distância do veículo da frente";"Tombamento";"Com Vítimas Feridas";"Pleno dia";"Crescente";"Céu Claro";"Dupla";"Reta";"Não";12;0;5;2;5;0;7;7;-20,05454495;-40,38189997;"SR-ES";"UOP01";"DEL02"
334164;2021-01-13;"quarta";"08:55:00";"PI";316;"307.6";"PICOS";"Chuva";"Colisão traseira";"Com Vítimas Feridas";"Pleno dia";"Decrescente";"Chuva";"Simples";"Não Informado";"Não";3;0;0;1;1;1;1;2;-7,07827269;-41,50174881;"SR-PI";"UOP01";"DEL04"
334165;2021-01-13;"quarta";"08:20:00";"RO";364;"430";"JARU";"Acessar a via sem observar a presença dos outros veículos";"Colisão transversal";"Com Vítimas Feridas";"Pleno dia";"Decrescente";"Céu Claro";"Simples";"Reta";"Não";4;0;1;0;3;0;1;2;-10,40676507;-62,51604259;"SR-RO";"UOP02";"DEL03"
334166;2021-01-13;"quarta";"07:00:00";"BA";101;"777";"ITABELA";"Problema na suspensão";"Colisão frontal";"Com Vítimas Feridas";"Pleno dia";"Crescente";"Sol";"Simples";"Reta";"Não";5;0;2;2;1;0;4;2;-16,79073678;-39,47937012;"SR-BA";"UOP01";"DEL09"
334167;2021-01-13;"quarta";"12:20:00";"DF";70;"12.3";"BRASILIA";"Velocidade Incompatível";"Colisão com objeto";"Com Vítimas Feridas";"Pleno dia";"Crescente";"Céu Claro";"Dupla";"Reta";"Sim";2;0;1;1;0;0;2;1;-15,792243;-48,158543;"SR-DF";"UOP03";"DEL01"
334168;2021-01-11;"segunda";"09:35:00";"GO";60;"81";"ANAPOLIS";"Reação tardia ou ineficiente do condutor";"Colisão traseira";"Sem Vítimas";"Pleno dia";"Decrescente";"Céu Claro";"Dupla";"Reta";"Não";2;0;0;0;2;0;0;2;-16,3116;-48,8277;"SR-GO";"UOP01";"DEL02"
334169;2021-01-13;"quarta";"12:18:00";"MG";50;"99.4";"UBERLANDIA";"Manobra de mudança de faixa";"Saída de leito carroçável";"Com Vítimas Fatais";"Pleno dia";"Decrescente";"Nublado";"Dupla";"Não Informado";"Não";5;1;0;2;1;1;2;3;-19,127352;-48,173278;"SR-MG";"UOP01";"DEL15"
334170;2021-01-13;"quarta";"10:30:00";"PR";153;"205.8";"TIBAGI";"Velocidade Incompatível";"Tombamento";"Com Vítimas Feridas";"Pleno dia";"Decrescente";"Sol";"Simples";"Não Informado";"Não";2;0;1;1;0;0;2;1;-24,50625204;-50,44146254;"SR-PR";"UOP02";"DEL03"
334171;2021-01-01;"sexta";"17:45:00";"MS";163;"254";"DOURADOS";"Desvio temporário";"Saída de leito carroçável";"Com Vítimas Feridas";"Pleno dia";"Crescente";"Céu Claro";"Dupla";"Reta";"Não";3;0;0;3;0;0;3;1;-22,27184267;-54,81657129;"SR-MS";"UOP01";"DEL04"
334172;2021-01-13;"quarta";"11:30:00";"PR";369;"69.4";"SANTA MARIANA";"Animais na Pista";"Colisão lateral sentido oposto";"Com Vítimas Feridas";"Pleno dia";"Decrescente";"Céu Claro";"Simples";"Não Informado";"Não";3;0;1;0;2;0;1;2;-23,1417;-50,489;"SR-PR";"UOP01";"DEL07"