"id";"data_inversa";"dia_semana";"horario";"uf";"br";"km";"municipio";"causa_acidente";"tipo_acidente";"classificacao_acidente";"fase_dia";"sentido_via";"condicao_metereologica";"tipo_pista";"tracado_via";"uso_solo";"pessoas";"mortos";"feridos_leves";"feridos_graves";"ilesos";"ignorados";"feridos";"veiculos";"latitude";"longitude";"regional";"delegacia";"uop"
334274;2021-01-13;"quarta";"11:30:00";"MG";116;"250";"TEOFILO OTONI";"Ingestão de substâncias psicoativas pelo condutor";"Colisão frontal";"Com Vítimas Feridas";"Pleno dia";"Crescente";"Céu Claro";"Simples";"Desvio Temporário";"Não";3;0;2;1;0;0;3;2;-17,643226;-41,4971;"SR-MG";"UOP01";"DEL11"
334275;2021-01-13;"quarta";"21:56:00";"SP";116;"148";"SAO JOSE DOS CAMPOS";"Velocidade Incompatível";"Capotamento";"Com Vítimas Feridas";"Plena Noite";"Crescente";"Chuva";"Dupla";"Reta";"Sim";1;0;1;0;0;0;1;1;-23,20067421;-45,8795018;"SR-SP";"UOP01";"DEL02"
334276;2021-01-13;"quarta";"14:40:00";"MG";116;"218.6";"CATUJI";"Transitar na contramão";"Colisão frontal";"Com Vítimas Feridas";"Pleno dia";"Decrescente";"Céu Claro";"Simples";"Não Informado";"Não";2;0;1;0;1;0;1;2;-17,39235906;-41,52546224;"SR-MG";"UOP01";"DEL11"
334277;2021-01-13;"quarta";"23:40:00";"GO";153;"703.2";"ITUMBIARA";"Frear bruscamente";"Queda de ocupante de veículo";"Com Vítimas Feridas";"Plena Noite";"Decrescente";"Chuva";"Dupla";"Reta";"Sim";1;0;1;0;0;0;1;1;-18,411018;-49,195927;"SR-GO";"UOP02";"DEL03"
334278;2021-01-14;"quinta";"00:00:00";"MA";10;"166";"PORTO FRANCO";"Objeto estático sobre o leito carroçável";"Queda de ocupante de veículo";"Com Vítimas Feridas";"Plena Noite";"Crescente";"Nublado";"Simples";"Reta";"Não";1;0;1;0;0;0;1;1;-6,266378;-47,356293;"SR-MA";"UOP02";"DEL04"
334279;2021-01-13;"quarta";"23:30:00";"AL";316;"55";"MARAVILHA";"Animais na Pista";"Atropelamento de Animal";"Sem Vítimas";"Plena Noite";"Decrescente";"Nublado";"Simples";"Reta";"Não";2;0;0;0;2;0;0;2;-9,22299033;-37,46906621;"SR-AL";"UOP02";"DEL03"
334280;2021-01-13;"quarta";"21:40:00";"MT";70;"656";"CACERES";"Ausência de reação do condutor";"Colisão traseira";"Com Vítimas Fatais";"Plena Noite";"Crescente";"Céu Claro";"Simples";"Reta";"Não";4;2;1;1;0;0;2;2;-15,96753007;-57,16866394;"SR-MT";"UOP02";"DEL03"
334281;2021-01-13;"quarta";"23:30:00";"CE";116;"133.9";"RUSSAS";"Acostamento em desnível";"Colisão com objeto";"Com Vítimas Feridas";"Plena Noite";"Decrescente";"Céu Claro";"Simples";"Reta";"Não";1;0;0;1;0;0;1;1;-4,70788294;-38,09229587;"SR-CE";"UOP01";"DEL03"
334282;2021-01-13;"quarta";"16:30:00";"PR";116;"38";"CAMPINA GRANDE DO SUL";"Velocidade Incompatível";"Capotamento";"Sem Vítimas";"Pleno dia";"Crescente";"Chuva";"Dupla";"Curva";"Não";1;0;0;0;1;0;0;1;-25,14802509;-48,85922071;"SR-PR";"UOP02";"DEL01"
334283;2021-01-14;"quinta";"00:10:00";"CE";20;"195.5";"BOA VIAGEM";"Transitar na contramão";"Colisão transversal";"Com Vítimas Fatais";"Plena Noite";"Crescente";"Céu Claro";"Simples";"Reta";"Não";2;1;0;0;1;0;0;2;-5,18887545;-39,77497139;"SR-CE";"UOP02";"DEL02"
334284;2021-01-14;"quinta";"00:30:00";"MS";163;"123.9";"NAVIRAI";"Animais na Pista";"Atropelamento de Animal";"Com Vítimas Feridas";"Plena Noite";"Crescente";"Nublado";"Simples";"Reta";"Não";1;0;1;0;0;0;1;1;-23,08970392;-54,22599962;"SR-MS";"UOP01";"DEL09"
334285;2021-01-13;"quarta";"18:40:00";"MS";163;"77.5";"ITAQUIRAI";"Velocidade Incompatível";"Colisão traseira";"Sem Vítimas";"Anoitecer";"Decrescente";"Nublado";"Dupla";"Reta";"Sim";2;0;0;0;1;1;0;2;-23,47782;-54,1872;"SR-MS";"UOP01";"DEL09"
334286;2021-01-13;"quarta";"20:00:00";"PR";376;"660";"TIJUCAS DO SUL";"Velocidade Incompatível";"Colisão com objeto";"Com Vítimas Feridas";"Plena Noite";"Decrescente";"Chuva";"Dupla";"Curva";"Não";1;0;0;1;0;0;1;1;-25,8516758;-49,00332398;"SR-PR";"UOP04";"DEL01"
334288;2021-01-14;"quinta";"01:42:00";"MG";40;"469.5";"SETE LAGOAS";"Animais na Pista";"Atropelamento de Animal";"Com Vítimas Feridas";"Plena Noite";"Crescente";"Nublado";"Múltipla";"Não Informado";"Sim";1;0;1;0;0;0;1;1;-19,46234;-44,29891;"SR-MG";"UOP01";"DEL02"
334289;2021-01-14;"quinta";"01:30:00";"BA";242;"771.5";"BARREIRAS";"Iluminação deficiente";"Atropelamento de Pedestre";"Com Vítimas Fatais";"Plena Noite";"Decrescente";"Céu Claro";"Simples";"Reta";"Não";2;1;0;0;0;1;0;1;-12,156549;-44,836772;"SR-BA";"UOP01";"DEL10"
334290;2021-01-14;"quinta";"01:00:00";"BA";101;"663";"ITAPEBI";"Condutor Dormindo";"Saída de leito carroçável";"Com Vítimas Feridas";"Plena Noite";"Crescente";"Chuva";"Simples";"Curva";"Não";1;0;1;0;0;0;1;1;-15,96625969;-39,5601368;"SR-BA";"UOP01";"DEL09"
334291;2021-01-14;"quinta";"04:30:00";"PE";101;"16.7";"GOIANA";"Pedestre andava na pista";"Atropelamento de Pedestre";"Com Vítimas Feridas";"Amanhecer";"Decrescente";"Céu Claro";"Dupla";"Reta";"Não";3;0;0;1;0;2;1;1;-7,63348482;-34,96143076;"SR-PE";"UOP02";"DEL01"
334292;2021-01-14;"quinta";"04:20:00";"GO";364;"277";"MINEIROS";"Acumulo de areia ou detritos sobre o pavimento";"Capotamento";"Com Vítimas Feridas";"Amanhecer";"Decrescente";"Chuva";"Simples";"Curva";"Não";2;0;1;0;1;0;1;1;-17,645481;-52,366634;"SR-GO";"UOP01";"DEL05"
334294;2021-01-14;"quinta";"03:30:00";"SC";101;"378";"ICARA";"Ingestão de álcool pelo condutor";"Colisão traseira";"Sem Vítimas";"Plena Noite";"Crescente";"Céu Claro";"Simples";"Reta";"Não";2;0;0;0;2;0;0;2;-28,741853;-49,251657;"SR-SC";"UOP02";"DEL02"
334295;2021-01-14;"quinta";"05:40:00";"PE";232;"192";"SANHARO";"Condutor Dormindo";"Colisão frontal";"Com Vítimas Fatais";"Amanhecer";"Crescente";"Céu Claro";"Simples";"Reta";"Não";3;1;0;2;0;0;2;2;-8,35793154;-36,53676104;"SR-PE";"UOP02";"DEL02"
334296;2021-01-14;"quinta";"06:15:00";"MG";251;"478.2";"FRANCISCO SA";"Acessar a via sem observar a presença dos outros veículos";"Colisão transversal";"Com Vítimas Feridas";"Pleno dia";"Decrescente";"Sol";"Simples";"Reta";"Sim";2;0;0;1;1;0;1;2;-16,46906162;-43,49357156;"SR-MG";"UOP01";"DEL12"
334297;2021-01-14;"quinta";"02:40:00";"RJ";116;"141";"DUQUE DE CAXIAS";"Pedestre cruzava a pista fora da faixa";"Atropelamento de Pedestre";"Com Vítimas Fatais";"Plena Noite";"Crescente";"Céu Claro";"Dupla";"Reta";"Sim";2;1;1;0;0;0;1;1;-22,669252;-43,271521;"SR-RJ";"UOP01";"DEL01"
334298;2021-01-14;"quinta";"06:00:00";"BA";324;"581.6";"CANDEIAS";"Reação tardia ou ineficiente do condutor";"Saída de leito carroçável";"Com Vítimas Feridas";"Pleno dia";"Decrescente";"Céu Claro";"Dupla";"Curva";"Não";5;0;2;0;3;0;2;1;-12,60312907;-38,50096504;"SR-BA";"UOP01";"DEL01"
334299;2021-01-14;"quinta";"06:40:00";"MG";381;"451.5";"SABARA";"Objeto estático sobre o leito carroçável";"Colisão com objeto";"Com Vítimas Feridas";"Pleno dia";"Crescente";"Céu Claro";"Simples";"Reta";"Sim";1;0;1;0;0;0;1;1;-19,83832024;-43,8806931;"SR-MG";"UOP01";"DEL01"
334300;2021-01-04;"segunda";"18:40:00";"PE";101;"66.5";"RECIFE";"Condutor deixou de manter distância do veículo da frente";"Colisão traseira";"Com Vítimas Feridas";"Plena Noite";"Crescente";"Céu Claro";"Dupla";"Reta";"Não";6;0;1;0;4;1;1;4;-8,03368534;-34,94184125;"SR-PE";"UOP01";"DEL01"
334301;2021-01-14;"quinta";"06:55:00";"DF";20;"16";"BRASILIA";"Avarias e/ou desgaste excessivo no pneu";"Tombamento";"Com Vítimas Feridas";"Pleno dia";"Decrescente";"Nublado";"Múltipla";"Reta";"Sim";2;0;2;0;0;0;2;1;-15,625675;-47,725159;"SR-DF";"UOP01";"DEL02"
334302;2021-01-14;"quinta";"07:15:00";"PR";369;"86.8";"CORNELIO PROCOPIO";"Acessar a via sem observar a presença dos outros veículos";"Colisão traseira";"Com Vítimas Feridas";"Pleno dia";"Crescente";"Céu Claro";"Simples";"Não Informado";"Não";2;0;1;0;1;0;1;2;-23,17920712;-50,63042879;"SR-PR";"UOP01";"DEL07"
334303;2021-01-13;"quarta";"21:00:00";"PA";10;"130";"PARAGOMINAS";"Entrada inopinada do pedestre";"Atropelamento de Pedestre";"Com Vítimas Fatais";"Plena Noite";"Crescente";"Garoa/Chuvisco";"Simples";"Não Informado";"Não";2;1;0;0;1;0;0;1;-3,303611;-47,46416398;"SR-PA";"UOP01";"DEL02"
334305;2021-01-14;"quinta";"06:50:00";"MS";158;"125";"APARECIDA DO TABOADO";"Demais falhas mecânicas ou elétricas";"Colisão com objeto";"Com Vítimas Feridas";"Pleno dia";"Decrescente";"Nublado";"Simples";"Reta";"Não";1;0;1;0;0;0;1;1;-19,91306514;-51,13855215;"SR-MS";"UOP01";"DEL08"
334306;2021-01-14;"quinta";"07:25:00";"SC";101;"131";"BALNEARIO CAMBORIU";"Acessar a via sem observar a presença dos outros veículos";"Colisão lateral";"Com Vítimas Feridas";"Pleno dia";"Crescente";"Chuva";"Dupla";"Reta";"Sim";2;0;2;0;0;0;2;2;-26,99064209;-48,66310912;"SR-SC";"UOP03";"DEL04"
334307;2021-01-01;"sexta";"17:33:00";"DF";80;"19.8";"BRASILIA";"Ingestão de álcool pelo condutor";"Colisão lateral mesmo sentido";"Sem Vítimas";"Anoitecer";"Crescente";"Nublado";"Dupla";"Reta";"Sim";2;0;0;0;2;0;0;2;-15,675205;-48,204636;"SR-DF";"UOP03";"DEL01"
334308;2021-01-04;"segunda";"15:30:00";"CE";222;"102.8";"UMIRIM";"Transitar na contramão";"Colisão frontal";"Com Vítimas Feridas";"Pleno dia";"Crescente";"Céu Claro";"Simples";"Reta";"Sim";2;0;1;0;1;0;1;2;-3,73749744;-39,43418968;"SR-CE";"UOP03";"DEL04"
334309;2021-01-14;"quinta";"06:30:00";"ES";259;"7";"JOAO NEIVA";"Velocidade Incompatível";"Tombamento";"Sem Vítimas";"Pleno dia";"Decrescente";"Céu Claro";"Simples";"Reta";"Não";1;0;0;0;1;0;0;1;-19,68870615;-40,38869427;"SR-ES";"UOP01";"DEL02"
334310;2021-01-14;"quinta";"06:35:00";"MG";251;"449.7";"GRAO MOGOL";"Velocidade Incompatível";"Tombamento";"Com Vítimas Feridas";"Pleno dia";"Decrescente";"Céu Claro";"Simples";"Não Informado";"Não";1;0;1;0;0;0;1;1;-16,420528;-43,28967;"SR-MG";"UOP01";"DEL12"
334311;2021-01-14;"quinta";"07:50:00";"SC";101;"3.4";"GARUVA";"Velocidade Incompatível";"Colisão com objeto";"Com Vítimas Feridas";"Pleno dia";"Decrescente";"Chuva";"Dupla";"Curva";"Não";2;0;1;1;0;0;2;1;-26,00380807;-48,87233005;"SR-SC";"UOP01";"DEL03"
334312;2021-01-14;"quinta";"08:10:00";"PR";277;"721.5";"FOZ DO IGUACU";"Reação tardia ou ineficiente do condutor";"Colisão transversal";"Com Vítimas Feridas";"Pleno dia";"Crescente";"Céu Claro";"Dupla";"Retorno Regulamentado";"Sim";2;0;1;0;1;0;1;2;-25,4911505;-54,51185421;"SR-PR";"UOP03";"DEL05"
334313;2021-01-14;"quinta";"07:30:00";"SP";116;"221.7";"GUARULHOS";"Condutor deixou de manter distância do veículo da frente";"Colisão traseira";"Com Vítimas Feridas";"Pleno dia";"Crescente";"Nublado";"Múltipla";"Reta";"Sim";2;0;1;0;1;0;1;2;-23,46802395;-46,50704901;"SR-SP";"UOP01";"DEL01"
334314;2021-01-14;"quinta";"06:45:00";"RJ";393;"167";"TRES RIOS";"Condutor deixou de manter distância do veículo da frente";"Colisão lateral";"Com Vítimas Feridas";"Pleno dia";"Crescente";"Céu Claro";"Simples";"Reta";"Sim";2;0;1;0;0;1;1;2;-22,1265436;-43,15278411;"SR-RJ";"UOP02";"DEL04"
334315;2021-01-14;"quinta";"07:10:00";"SC";480;"129.8";"CHAPECO";"Acumulo de areia ou detritos sobre o pavimento";"Saída de leito carroçável";"Com Vítimas Feridas";"Pleno dia";"Crescente";"Sol";"Simples";"Interseção de vias";"Não";1;0;1;0;0;0;1;1;-27,04656607;-52,63577131;"SR-SC";"UOP01";"DEL07"
334316;2021-01-14;"quinta";"08:10:00";"RS";153;"47.1";"ERECHIM";"Acessar a via sem observar a presença dos outros veículos";"Colisão transversal";"Com Vítimas Feridas";"Pleno dia";"Decrescente";"Céu Claro";"Simples";"Interseção de vias";"Sim";2;0;1;0;1;0;1;2;-27,64530366;-52,24998023;"SR-RS";"UOP04";"DEL08"
334317;2021-01-14;"quinta";"08:20:00";"RS";290;"19.8";"SANTO ANTONIO DA PATRULHA";"Condutor Dormindo";"Saída de leito carroçável";"Com Vítimas Feridas";"Pleno dia";"Crescente";"Nublado";"Dupla";"Reta";"Não";2;0;2;0;0;0;2;1;-29,884407;-50,444893;"SR-RS";"UOP01";"DEL03"
334318;2021-01-14;"quinta";"08:20:00";"PE";232;"9.4";"JABOATAO DOS GUARARAPES";"Condutor deixou de manter distância do veículo da frente";"Colisão traseira";"Com Vítimas Feridas";"Pleno dia";"Crescente";"Céu Claro";"Dupla";"Reta";"Sim";2;0;1;0;1;0;1;2;-8,07852031;-34,98350501;"SR-PE";"UOP01";"DEL01"
334319;2021-01-14;"quinta";"08:30:00";"MG";381;"935.1";"EXTREMA";"Velocidade Incompatível";"Colisão lateral";"Com Vítimas Feridas";"Pleno dia";"Decrescente";"Sol";"Simples";"Curva";"Não";3;0;1;0;1;1;1;2;-22,82329661;-46,30805019;"SR-MG";"UOP03";"DEL16"
334320;2021-01-14;"quinta";"08:05:00";"PE";232;"10.1";"JABOATAO DOS GUARARAPES";"Manobra de mudança de faixa";"Colisão lateral mesmo sentido";"Com Vítimas Feridas";"Pleno dia";"Decrescente";"Sol";"Dupla";"Reta";"Sim";2;0;1;0;1;0;1;2;-8,07917241;-34,98718609;"SR-PE";"UOP01";"DEL01"
334321;2021-01-14;"quinta";"07:15:00";"RS";290;"86";"PORTO ALEGRE";"Manobra de mudança de faixa";"Saída de leito carroçável";"Com Vítimas Feridas";"Pleno dia";"Decrescente";"Nublado";"Múltipla";"Reta";"Não";1;0;1;0;0;0;1;1;-29,968412;-51,117138;"SR-RS";"UOP01";"DEL01"
334322;2021-01-14;"quinta";"08:35:00";"MG";116;"703.9";"MURIAE";"Acessar a via sem observar a presença dos outros veículos";"Colisão transversal";"Com Vítimas Feridas";"Pleno dia";"Crescente";"Sol";"Simples";"Reta";"Sim";2;0;1;0;1;0;1;2;-21,12682309;-42,3832189;"SR-MG";"UOP02";"DEL07"
334326;2021-01-14;"quinta";"09:00:00";"PR";116;"115";"CURITIBA";"Condutor deixou de manter distância do veículo da frente";"Colisão traseira";"Com Vítimas Feridas";"Pleno dia";"Crescente";"Garoa/Chuvisco";"Dupla";"Reta";"Sim";2;0;1;0;1;0;1;2;-25,551403;-49,3048;"SR-PR";"UOP01";"DEL01"
334329;2021-01-14;"quinta";"09:50:00";"PR";116;"99";"SAO JOSE DOS PINHAIS";"Condutor deixou de manter distância do veículo da frente";"Colisão traseira";"Com Vítimas Feridas";"Pleno dia";"Decrescente";"Nublado";"Dupla";"Curva";"Não";3;0;1;0;2;0;1;2;-25,52682231;-49,14038767;"SR-PR";"UOP01";"DEL01"
334330;2021-01-14;"quinta";"09:00:00";"BA";101;"517";"BUERAREMA";"Velocidade Incompatível";"Colisão traseira";"Sem Vítimas";"Pleno dia";"Decrescente";"Céu Claro";"Simples";"Não Informado";"Não";4;0;0;0;4;0;0;4;-15,04082291;-39,33198118;"SR-BA";"UOP01";"DEL05"
334331;2021-01-14;"quinta";"06:00:00";"AC";317;"102";"SENADOR GUIOMARD";"Chuva";"Saída de leito carroçável";"Sem Vítimas";"Amanhecer";"Decrescente";"Chuva";"Simples";"Reta";"Não";1;0;0;0;0;1;0;1;-10,23806201;-67,70808804;"SR-AC";"UOP01";"DEL01"
334332;2021-01-14;"quinta";"08:40:00";"BA";367;"83.9";"EUNAPOLIS";"Acesso irregular";"Colisão transversal";"Com Vítimas Feridas";"Pleno dia";"Decrescente";"Nublado";"Simples";"Reta";"Sim";3;0;1;0;2;0;1;3;-16,37462112;-39,57919121;"SR-BA";"UOP01";"DEL09"
334333;2021-01-14;"quinta";"08:25:00";"GO";70;"314";"JUSSARA";"Reação tardia ou ineficiente do condutor";"Atropelamento de Pedestre";"Com Vítimas Feridas";"Amanhecer";"Crescente";"Nublado";"Dupla";"Reta";"Sim";2;0;1;0;1;0;1;1;-15,87325911;-50,85142136;"SR-GO";"UOP01";"DEL04"
334334;2021-01-14;"quinta";"10:00:00";"GO";153;"529";"HIDROLANDIA";"Avarias e/ou desgaste excessivo no pneu";"Capotamento";"Com Vítimas Feridas";"Pleno dia";"Crescente";"Céu Claro";"Dupla";"Reta";"Não";3;0;1;0;2;0;1;1;-16,9457;-49,2511;"SR-GO";"UOP03";"DEL01"
334336;2021-01-14;"quinta";"10:00:00";"PR";476;"122";"CURITIBA";"Afundamento ou ondulação no pavimento";"Queda de ocupante de veículo";"Com Vítimas Feridas";"Pleno dia";"Crescente";"Céu Claro";"Dupla";"Não Informado";"Sim";2;0;1;0;1;0;1;2;-25,385775;-49,203377;"SR-PR";"UOP02";"DEL01"
334337;2021-01-14;"quinta";"08:40:00";"PR";116;"93";"SAO JOSE DOS PINHAIS";"Pista Escorregadia";"Saída de leito carroçável";"Com Vítimas Feridas";"Pleno dia";"Decrescente";"Chuva";"Dupla";"Curva";"Sim";2;0;2;0;0;0;2;1;-25,48227693;-49,10588805;"SR-PR";"UOP01";"DEL01"
334341;2021-01-14;"quinta";"09:25:00";"RN";101;"79.7";"NATAL";"Acessar a via sem observar a presença dos outros veículos";"Colisão transversal";"Com Vítimas Feridas";"Pleno dia";"Crescente";"Céu Claro";"Dupla";"Retorno Regulamentado";"Não";2;0;1;0;1;0;1;2;-5,74962896;-35,28918369;"SR-RN";"UOP01";"DEL02"
334342;2021-01-03;"domingo";"08:40:00";"MS";262;"245.4";"RIBAS DO RIO PARDO";"Manobra de mudança de faixa";"Saída de leito carroçável";"Com Vítimas Feridas";"Pleno dia";"Crescente";"Céu Claro";"Simples";"Não Informado";"Não";1;0;1;0;0;0;1;1;-20,45034097;-53,81174898;"SR-MS";"UOP01";"DEL01"
334343;2021-01-10;"domingo";"19:30:00";"MA";135;"28";"BACABEIRA";"Reação tardia ou ineficiente do condutor";"Saída de leito carroçável";"Com Vítimas Feridas";"Plena Noite";"Decrescente";"Céu Claro";"Dupla";"Reta";"Não";2;0;2;0;0;0;2;1;-2,786069;-44,37413;"SR-MA";"UOP01";"DEL01"
334344;2021-01-14;"quinta";"08:30:00";"MT";70;"528.5";"VARZEA GRANDE";"Ultrapassagem Indevida";"Colisão lateral";"Com Vítimas Feridas";"Pleno dia";"Crescente";"Céu Claro";"Dupla";"Reta";"Não";3;0;2;0;1;0;2;2;-15,65080858;-56,19747162;"SR-MT";"UOP02";"DEL01"
334346;2021-01-14;"quinta";"11:00:00";"PE";232;"333.6";"CUSTODIA";"Conversão proibida";"Colisão lateral";"Com Vítimas Feridas";"Pleno dia";"Crescente";"Céu Claro";"Simples";"Reta";"Sim";4;0;2;1;1;0;3;2;-8,0886886;-37,62796997;"SR-PE";"UOP02";"DEL03"
334348;2021-01-14;"quinta";"05:30:00";"MA";135;"89.9";"ITAPECURU MIRIM";"Animais na Pista";"Atropelamento de Animal";"Com Vítimas Feridas";"Pleno dia";"Crescente";"Nublado";"Simples";"Reta";"Não";2;0;0;1;1;0;1;1;-3,28431704;-44,41158095;"SR-MA";"UOP02";"DEL01"
334350;2021-01-14;"quinta";"11:55:00";"RS";116;"150.5";"CAXIAS DO SUL";"Manobra de mudança de faixa";"Colisão lateral";"Com Vítimas Feridas";"Pleno dia";"Crescente";"Céu Claro";"Dupla";"Reta";"Sim";3;0;0;1;1;1;1;2;-29,1728003;-51,16081457;"SR-RS";"UOP01";"DEL05"
334351;2021-01-14;"quinta";"11:50:00";"SP";116;"435.5";"REGISTRO";"Reação tardia ou ineficiente do condutor";"Tombamento";"Com Vítimas Feridas";"Pleno dia";"Decrescente";"Céu Claro";"Dupla";"Reta";"Não";2;0;2;0;0;0;2;1;-24,42978592;-47,78559107;"SR-SP";"UOP01";"DEL05"
334352;2021-01-14;"quinta";"09:40:00";"ES";262;"72.6";"MARECHAL FLORIANO";"Chuva";"Saída de leito carroçável";"Com Vítimas Feridas";"Pleno dia";"Decrescente";"Chuva";"Simples";"Curva";"Não";2;0;0;1;1;0;1;1;-20,41144816;-40,88038445;"SR-ES";"UOP02";"DEL01"
334353;2021-01-14;"quinta";"12:42:00";"PE";101;"48";"ABREU E LIMA";"Condutor deixou de manter distância do veículo da frente";"Colisão traseira";"Com Vítimas Feridas";"Pleno dia";"Decrescente";"Céu Claro";"Múltipla";"Reta";"Sim";3;0;0;2;1;0;2;2;-7,89174705;-34,9033493;"SR-PE";"UOP02";"DEL01"
334354;2021-01-12;"terça";"08:00:00";"RJ";101;"320";"NITEROI";"Ausência de reação do condutor";"Tombamento";"Sem Vítimas";"Pleno dia";"Decrescente";"Céu Claro";"Dupla";"Reta";"Sim";1;0;0;0;0;1;0;1;-22,86171098;-43,10714015;"SR-RJ";"UOP02";"DEL02"
334355;2021-01-14;"quinta";"12:30:00";"PR";369;"84";"CORNELIO PROCOPIO";"Velocidade Incompatível";"Tombamento";"Com Vítimas Feridas";"Pleno dia";"Crescente";"Chuva";"Simples";"Curva";"Sim";1;0;1;0;0;0;1;1;-23,170664;-50,613239;"SR-PR";"UOP01";"DEL07"
334356;2021-01-14;"quinta";"11:35:00";"MA";10;"255";"IMPERATRIZ";"Ultrapassagem Indevida";"Colisão transversal";"Com Vítimas Feridas";"Pleno dia";"Crescente";"Céu Claro";"Simples";"Interseção de vias";"Sim";2;0;1;0;1;0;1;2;-5,508798;-47,471718;"SR-MA";"UOP01";"DEL04"
334357;2021-01-14;"quinta";"08:00:00";"BA";101;"771";"ITABELA";"Velocidade Incompatível";"Colisão frontal";"Com Vítimas Fatais";"Pleno dia";"Crescente";"Chuva";"Simples";"Não Informado";"Não";17;1;0;0;16;0;0;2;-16,74815039;-39,45106417;"SR-BA";"UOP01";"DEL09"
334358;2021-01-14;"quinta";"10:10:00";"MG";381;"362";"JOAO MONLEVADE";"Velocidade Incompatível";"Tombamento";"Com Vítimas Feridas";"Pleno dia";"Crescente";"Céu Claro";"Simples";"Não Informado";"Não";1;0;1;0;0;0;1;1;-19,85643939;-43,24280693;"SR-MG";"UOP01";"DEL03"
334359;2021-01-14;"quinta";"12:20:00";"RJ";393;"182";"PARAIBA DO SUL";"Desrespeitar a preferência no cruzamento";"Colisão transversal";"Com Vítimas Fatais";"Pleno dia";"Crescente";"Céu Claro";"Simples";"Rotatória";"Sim";3;1;0;0;2;0;0;2;-22,1408777152;-43,2591539708;"SR-RJ";"UOP01";"DEL05"
334360;2021-01-10;"domingo";"09:20:00";"PE";232;"129.6";"CARUARU";"Condutor deixou de manter distância do veículo da frente";"Colisão traseira";"Com Vítimas Feridas";"Pleno dia";"Crescente";"Sol";"Dupla";"Interseção de vias";"Sim";7;0;2;0;5;0;2;2;-8,300491;-35,98645;"SR-PE";"UOP02";"DEL02"
334364;2021-01-14;"quinta";"13:20:00";"BA";116;"416";"FEIRA DE SANTANA";"Condutor deixou de manter distância do veículo da frente";"Colisão traseira";"Com Vítimas Feridas";"Pleno dia";"Decrescente";"Céu Claro";"Simples";"Reta";"Sim";3;0;2;0;0;1;2;2;-12,168362;-38,964993;"SR-BA";"UOP01";"DEL02"
334365;2021-01-14;"quinta";"14:00:00";"SC";116;"115.5";"SANTA CECILIA";"Reação tardia ou ineficiente do condutor";"Colisão traseira";"Com Vítimas Feridas";"Pleno dia";"Crescente";"Garoa/Chuvisco";"Simples";"Reta";"Não";4;0;3;0;1;0;3;2;-26,80262399;-50,33936901;"SR-SC";"UOP02";"DEL06"
334367;2021-01-14;"quinta";"13:10:00";"PA";316;"49";"SANTA IZABEL DO PARA";"Reação tardia ou ineficiente do condutor";"Saída de leito carroçável";"Com Vítimas Feridas";"Pleno dia";"Decrescente";"Céu Claro";"Dupla";"Reta";"Sim";3;0;1;0;2;0;1;1;-1,29792183;-48,04943584;"SR-PA";"UOP01";"DEL01"
334368;2021-01-14;"quinta";"12:05:00";"RN";304;"152.8";"ANGICOS";"Ultrapassagem Indevida";"Colisão frontal";"Com Vítimas Feridas";"Pleno dia";"Decrescente";"Sol";"Simples";"Reta";"Não";6;0;2;3;1;0;5;2;-5,694261;-36,572603;"SR-RN";"UOP01";"DEL04"
334369;2021-01-14;"quinta";"13:40:00";"RN";101;"134.9";"SAO JOSE DE MIPIBU";"Velocidade Incompatível";"Colisão traseira";"Com Vítimas Fatais";"Pleno dia";"Decrescente";"Sol";"Dupla";"Reta";"Não";4;1;0;0;1;2;0;2;-6,15559697;-35,22641868;"SR-RN";"UOP01";"DEL01"
334370;2021-01-14;"quinta";"13:40:00";"MG";381;"540";"ITATIAIUCU";"Velocidade Incompatível";"Saída de leito carroçável";"Sem Vítimas";"Pleno dia";"Decrescente";"Sol";"Dupla";"Curva";"Não";1;0;0;0;1;0;0;1;-20,25145691;-44,41136239;"SR-MG";"UOP03";"DEL04"
334371;2021-01-14;"quinta";"12:20:00";"MG";262;"580";"CAMPOS ALTOS";"Velocidade Incompatível";"Saída de leito carroçável";"Com Vítimas Feridas";"Pleno dia";"Crescente";"Chuva";"Dupla";"Curva";"Não";2;0;1;1;0;0;2;1;-19,64922468;-46,07016762;"SR-MG";"UOP02";"DEL08"
334372;2021-01-14;"quinta";"13:20:00";"PE";232;"408";"SERRA TALHADA";"Demais falhas mecânicas ou elétricas";"Saída de leito carroçável";"Sem Vítimas";"Pleno dia";"Decrescente";"Sol";"Simples";"Reta";"Sim";1;0;0;0;1;0;0;1;-7,98371447;-38,28047709;"SR-PE";"UOP01";"DEL04"
334374;2021-01-14;"quinta";"14:20:00";"PE";232;"101.7";"BEZERROS";"Mal súbito do condutor";"Colisão traseira";"Com Vítimas Feridas";"Pleno dia";"Decrescente";"Céu Claro";"Dupla";"Não Informado";"Sim";3;0;2;0;1;0;2;2;-8,24194679;-35,75097313;"SR-PE";"UOP04";"DEL01"
334375;2021-01-14;"quinta";"10:20:00";"GO";153;"221";"URUACU";"Acessar a via sem observar a presença dos outros veículos";"Colisão transversal";"Com Vítimas Fatais";"Pleno dia";"Decrescente";"Nublado";"Simples";"Reta";"Não";5;1;0;1;1;2;1;2;-14,695509;-49,215439;"SR-GO";"UOP02";"DEL07"
334376;2021-01-14;"quinta";"11:35:00";"SC";163;"70.1";"SAO MIGUEL DO OESTE";"Acessar a via sem observar a presença dos outros veículos";"Colisão transversal";"Com Vítimas Feridas";"Pleno dia";"Decrescente";"Céu Claro";"Dupla";"Reta";"Sim";2;0;1;0;1;0;1;2;-26,73461723;-53,50680015;"SR-SC";"UOP03";"DEL07"