"id";"data_inversa";"dia_semana";"horario";"uf";"br";"km";"municipio";"causa_acidente";"tipo_acidente";"classificacao_acidente";"fase_dia";"sentido_via";"condicao_metereologica";"tipo_pista";"tracado_via";"uso_solo";"pessoas";"mortos";"feridos_leves";"feridos_graves";"ilesos";"ignorados";"feridos";"veiculos";"latitude";"longitude";"regional";"delegacia";"uop"
334586;2021-01-15;"sexta";"14:00:00";"MG";40;"780.9";"JUIZ DE FORA";"Manobra de mudança de faixa";"Colisão lateral mesmo sentido";"Sem Vítimas";"Pleno dia";"Crescente";"Céu Claro";"Dupla";"Reta";"Sim";4;0;0;0;4;0;0;3;-21,67939981;-43,44987329;"SR-MG";"UOP01";"DEL05"
334587;2021-01-15;"sexta";"14:02:00";"MG";40;"780.9";"JUIZ DE FORA";"Velocidade Incompatível";"Colisão traseira";"Sem Vítimas";"Pleno dia";"Decrescente";"Céu Claro";"Dupla";"Reta";"Sim";2;0;0;0;2;0;0;2;-21,67939981;-43,44987329;"SR-MG";"UOP01";"DEL05"
334588;2021-01-15;"sexta";"10:50:00";"MA";10;"160";"PORTO FRANCO";"Reação tardia ou ineficiente do condutor";"Colisão traseira";"Com Vítimas Feridas";"Pleno dia";"Decrescente";"Céu Claro";"Simples";"Reta";"Não";3;0;1;0;1;1;1;2;-6,320334;-47,368732;"SR-MA";"UOP02";"DEL04"
334589;2021-01-15;"sexta";"14:00:00";"PI";343;"320";"ALTOS";"Reação tardia ou ineficiente do condutor";"Engavetamento";"Com Vítimas Feridas";"Pleno dia";"Decrescente";"Céu Claro";"Dupla";"Reta";"Não";5;0;2;0;3;0;2;3;-5,048756;-42,569283;"SR-PI";"UOP01";"DEL01"
334591;2021-01-15;"sexta";"14:50:00";"PI";343;"320";"ALTOS";"Condutor deixou de manter distância do veículo da frente";"Engavetamento";"Com Vítimas Feridas";"Pleno dia";"Decrescente";"Céu Claro";"Simples";"Reta";"Não";7;0;1;0;6;0;1;3;-5,050883;-42,574583;"SR-PI";"UOP01";"DEL01"
334592;2021-01-15;"sexta";"11:00:00";"PE";316;"247";"BELEM DE SAO FRANCISCO";"Ultrapassagem Indevida";"Colisão lateral sentido oposto";"Com Vítimas Feridas";"Pleno dia";"Crescente";"Céu Claro";"Simples";"Desvio Temporário";"Não";3;0;2;0;1;0;2;2;-8,66553272;-38,99467286;"SR-PE";"UAP01";"DEL05"
334593;2021-01-15;"sexta";"15:30:00";"RS";386;"352.6";"ESTRELA";"Acessar a via sem observar a presença dos outros veículos";"Colisão transversal";"Sem Vítimas";"Pleno dia";"Crescente";"Céu Claro";"Dupla";"Interseção de vias";"Não";2;0;0;0;1;1;0;2;-29,491436;-51,95174;"SR-RS";"UOP02";"DEL04"
334594;2021-01-15;"sexta";"15:30:00";"PR";376;"450.9";"TIBAGI";"Reação tardia ou ineficiente do condutor";"Saída de leito carroçável";"Com Vítimas Feridas";"Pleno dia";"Decrescente";"Chuva";"Dupla";"Reta";"Não";1;0;1;0;0;0;1;1;-24,934557;-50,40438302;"SR-PR";"UOP02";"DEL03"
334595;2021-01-15;"sexta";"15:40:00";"CE";116;"7.3";"FORTALEZA";"Transitar na contramão";"Colisão frontal";"Sem Vítimas";"Pleno dia";"Crescente";"Sol";"Simples";"Não Informado";"Sim";3;0;0;0;1;2;0;2;-3,81165135;-38,50095391;"SR-CE";"UOP02";"DEL01"
334597;2021-01-15;"sexta";"15:40:00";"MG";262;"372";"JUATUBA";"Avarias e/ou desgaste excessivo no pneu";"Tombamento";"Com Vítimas Feridas";"Pleno dia";"Crescente";"Nublado";"Dupla";"Não Informado";"Não";2;0;1;0;1;0;1;1;-19,94011002;-44,38785553;"SR-MG";"UOP03";"DEL01"
334598;2021-01-15;"sexta";"15:30:00";"PB";230;"201";"SOLEDADE";"Condutor deixou de manter distância do veículo da frente";"Colisão traseira";"Sem Vítimas";"Pleno dia";"Decrescente";"Sol";"Simples";"Reta";"Não";3;0;0;0;3;0;0;3;-7,1005;-36,2443;"SR-PB";"UOP02";"DEL02"
334599;2021-01-15;"sexta";"16:20:00";"SC";101;"202";"SAO JOSE";"Ausência de reação do condutor";"Saída de leito carroçável";"Com Vítimas Feridas";"Pleno dia";"Decrescente";"Sol";"Dupla";"Reta";"Sim";2;0;2;0;0;0;2;1;-27,55711595;-48,61897889;"SR-SC";"UOP01";"DEL01"
334600;2021-01-15;"sexta";"16:25:00";"RS";386;"349";"LAJEADO";"Reação tardia ou ineficiente do condutor";"Colisão traseira";"Com Vítimas Feridas";"Pleno dia";"Decrescente";"Céu Claro";"Dupla";"Reta";"Sim";2;0;1;0;1;0;1;2;-29,465483;-51,95509;"SR-RS";"UOP02";"DEL04"
334601;2021-01-15;"sexta";"16:35:00";"SC";101;"133";"BALNEARIO CAMBORIU";"Trafegar com motocicleta (ou similar) entre as faixas";"Colisão traseira";"Com Vítimas Feridas";"Pleno dia";"Crescente";"Céu Claro";"Simples";"Reta";"Sim";2;0;1;0;1;0;1;2;-26,99936;-48,64609;"SR-SC";"UOP03";"DEL04"
334603;2021-01-15;"sexta";"15:40:00";"MG";381;"697.3";"LAVRAS";"Chuva";"Colisão com objeto";"Com Vítimas Feridas";"Pleno dia";"Crescente";"Chuva";"Dupla";"Curva";"Não";3;0;1;0;2;0;1;1;-21,261073;-45,13997;"SR-MG";"UOP02";"DEL04"
334604;2021-01-15;"sexta";"16:50:00";"GO";60;"101.2";"ANAPOLIS";"Acesso irregular";"Colisão traseira";"Com Vítimas Feridas";"Pleno dia";"Decrescente";"Nublado";"Múltipla";"Não Informado";"Sim";2;0;0;1;1;0;1;2;-16,4022;-48,9745;"SR-GO";"UOP01";"DEL02"
334606;2021-01-15;"sexta";"17:00:00";"MG";381;"659.9";"SANTO ANTONIO DO AMPARO";"Ausência de reação do condutor";"Colisão traseira";"Com Vítimas Feridas";"Pleno dia";"Decrescente";"Nublado";"Dupla";"Reta";"Não";2;0;1;0;1;0;1;2;-21,02449291;-44,99763007;"SR-MG";"UOP02";"DEL04"
334607;2021-01-15;"sexta";"17:05:00";"DF";70;"7.2";"BRASILIA";"Manobra de mudança de faixa";"Colisão lateral mesmo sentido";"Com Vítimas Feridas";"Pleno dia";"Crescente";"Nublado";"Dupla";"Desvio Temporário";"Sim";2;0;1;0;1;0;1;2;-15,787601;-48,114429;"SR-DF";"UOP03";"DEL01"
334608;2021-01-15;"sexta";"16:45:00";"ES";101;"289";"CARIACICA";"Velocidade Incompatível";"Colisão com objeto";"Sem Vítimas";"Pleno dia";"Decrescente";"Céu Claro";"Dupla";"Curva";"Sim";1;0;0;0;1;0;0;1;-20,28005125;-40,39290905;"SR-ES";"UOP01";"DEL01"
334609;2021-01-15;"sexta";"15:45:00";"PR";153;"242.6";"TIBAGI";"Ausência de reação do condutor";"Saída de leito carroçável";"Com Vítimas Feridas";"Pleno dia";"Crescente";"Nublado";"Simples";"Curva";"Não";1;0;1;0;0;0;1;1;-24,80730464;-50,47445297;"SR-PR";"UOP02";"DEL03"
334610;2021-01-15;"sexta";"17:25:00";"PR";376;"590";"CURITIBA";"Velocidade Incompatível";"Colisão traseira";"Sem Vítimas";"Pleno dia";"Decrescente";"Nublado";"Dupla";"Reta";"Não";4;0;0;0;2;2;0;4;-25,45155592;-49,36237578;"SR-PR";"UOP01";"DEL01"
334611;2021-01-15;"sexta";"17:00:00";"SC";101;"94.1";"BARRA VELHA";"Reação tardia ou ineficiente do condutor";"Colisão traseira";"Sem Vítimas";"Pleno dia";"Decrescente";"Nublado";"Dupla";"Não Informado";"Não";3;0;0;0;3;0;0;3;-26,70560359;-48,70077252;"SR-SC";"UOP02";"DEL03"
334612;2021-01-15;"sexta";"13:10:00";"GO";153;"535.6";"HIDROLANDIA";"Reação tardia ou ineficiente do condutor";"Saída de leito carroçável";"Com Vítimas Feridas";"Pleno dia";"Crescente";"Chuva";"Dupla";"Não Informado";"Não";2;0;1;1;0;0;2;1;-17,01;-49,2202;"SR-GO";"UOP03";"DEL01"
334613;2021-01-15;"sexta";"16:40:00";"SC";101;"371";"ICARA";"Demais falhas na via";"Saída de leito carroçável";"Com Vítimas Feridas";"Pleno dia";"Decrescente";"Sol";"Dupla";"Reta";"Não";3;0;3;0;0;0;3;1;-28,70403682;-49,2008731;"SR-SC";"UOP01";"DEL02"
334614;2021-01-15;"sexta";"17:00:00";"MG";40;"43.4";"PARACATU";"Mal súbito do condutor";"Tombamento";"Com Vítimas Feridas";"Pleno dia";"Crescente";"Céu Claro";"Simples";"Reta";"Sim";2;0;0;1;0;1;1;1;-17,22598002;-46,86163701;"SR-MG";"UOP01";"DEL14"
334615;2021-01-12;"terça";"01:50:00";"RS";392;"245.2";"CACAPAVA DO SUL";"Demais falhas mecânicas ou elétricas";"Saída de leito carroçável";"Com Vítimas Feridas";"Plena Noite";"Decrescente";"Nublado";"Simples";"Reta";"Não";1;0;1;0;0;0;1;1;-30,57918234;-53,39586683;"SR-RS";"UOP02";"DEL09"
334616;2021-01-15;"sexta";"17:10:00";"PR";116;"119";"CURITIBA";"Condutor deixou de manter distância do veículo da frente";"Colisão traseira";"Sem Vítimas";"Pleno dia";"Crescente";"Sol";"Dupla";"Reta";"Não";3;0;0;0;3;0;0;3;-25,54456009;-49,30146002;"SR-PR";"UOP01";"DEL01"
334617;2021-01-15;"sexta";"17:34:00";"DF";20;"6";"BRASILIA";"Reação tardia ou ineficiente do condutor";"Colisão traseira";"Com Vítimas Feridas";"Pleno dia";"Crescente";"Céu Claro";"Dupla";"Reta";"Sim";4;0;1;0;3;0;1;2;-15,670546;-47,816044;"SR-DF";"UOP01";"DEL02"
334618;2021-01-15;"sexta";"12:30:00";"GO";364;"234.8";"JATAI";"Ultrapassagem Indevida";"Colisão frontal";"Com Vítimas Feridas";"Pleno dia";"Crescente";"Chuva";"Simples";"Reta";"Não";3;0;1;1;1;0;2;2;-17,809187;-52,036716;"SR-GO";"UOP01";"DEL05"
334619;2021-01-10;"domingo";"02:05:00";"MS";60;"14";"CHAPADAO DO SUL";"Pedestre cruzava a pista fora da faixa";"Atropelamento de Pedestre";"Com Vítimas Feridas";"Plena Noite";"Decrescente";"Céu Claro";"Simples";"Desvio Temporário";"Não";3;0;1;0;1;1;1;1;-18,80639188;-52,66006516;"SR-MS";"UOP01";"DEL08"
334620;2021-01-15;"sexta";"17:30:00";"RS";472;"184.4";"SANTO CRISTO";"Manobra de mudança de faixa";"Colisão frontal";"Com Vítimas Fatais";"Pleno dia";"Crescente";"Sol";"Simples";"Curva";"Não";2;1;0;0;1;0;0;2;-27,83768781;-54,60186839;"SR-RS";"UOP01";"DEL10"
334621;2021-01-15;"sexta";"16:40:00";"SC";280;"5";"SAO FRANCISCO DO SUL";"Acessar a via sem observar a presença dos outros veículos";"Colisão transversal";"Com Vítimas Feridas";"Pleno dia";"Crescente";"Nublado";"Simples";"Reta";"Sim";3;0;2;0;1;0;2;2;-26,26011706;-48,62571995;"SR-SC";"UOP03";"DEL03"
334622;2021-01-15;"sexta";"17:20:00";"BA";324;"551";"AMELIA RODRIGUES";"Condutor deixou de manter distância do veículo da frente";"Engavetamento";"Com Vítimas Feridas";"Anoitecer";"Decrescente";"Chuva";"Múltipla";"Reta";"Não";5;0;1;0;4;0;1;5;-12,44409807;-38,71821505;"SR-BA";"UOP03";"DEL01"
334623;2021-01-15;"sexta";"16:15:00";"RJ";40;"111";"DUQUE DE CAXIAS";"Frear bruscamente";"Engavetamento";"Com Vítimas Feridas";"Pleno dia";"Decrescente";"Sol";"Múltipla";"Reta";"Sim";5;0;2;0;3;0;2;3;-22,691868;-43,287453;"SR-RJ";"UOP01";"DEL01"
334624;2021-01-15;"sexta";"17:35:00";"TO";153;"663.8";"GURUPI";"Demais falhas mecânicas ou elétricas";"Colisão com objeto";"Sem Vítimas";"Pleno dia";"Decrescente";"Céu Claro";"Simples";"Não Informado";"Não";1;0;0;0;1;0;0;1;-11,67487726;-49,065173;"SR-TO";"UOP02";"DEL01"
334625;2021-01-15;"sexta";"18:05:00";"BA";324;"600";"SIMOES FILHO";"Velocidade Incompatível";"Saída de leito carroçável";"Com Vítimas Feridas";"Anoitecer";"Crescente";"Céu Claro";"Dupla";"Reta";"Não";3;0;2;0;1;0;2;1;-12,74882798;-38,43296497;"SR-BA";"UOP01";"DEL01"
334627;2021-01-15;"sexta";"15:50:00";"SC";101;"46";"JOINVILLE";"Velocidade Incompatível";"Saída de leito carroçável";"Com Vítimas Feridas";"Pleno dia";"Crescente";"Chuva";"Dupla";"Reta";"Não";1;0;0;1;0;0;1;1;-26,33150083;-48,86187762;"SR-SC";"UOP01";"DEL03"
334628;2021-01-15;"sexta";"16:00:00";"MG";262;"437.6";"NOVA SERRANA";"Ausência de reação do condutor";"Colisão traseira";"Sem Vítimas";"Pleno dia";"Decrescente";"Sol";"Dupla";"Interseção de vias";"Sim";2;0;0;0;1;1;0;2;-19,89622194;-44,86972815;"SR-MG";"UOP03";"DEL08"
334629;2021-01-15;"sexta";"17:45:00";"PR";369;"128";"JATAIZINHO";"Animais na Pista";"Colisão traseira";"Sem Vítimas";"Pleno dia";"Crescente";"Céu Claro";"Dupla";"Reta";"Não";2;0;0;0;2;0;0;2;-23,27463813;-50,96318604;"SR-PR";"UOP01";"DEL07"
334630;2021-01-15;"sexta";"14:55:00";"RS";101;"85.9";"OSORIO";"Acessar a via sem observar a presença dos outros veículos";"Colisão lateral";"Com Vítimas Feridas";"Pleno dia";"Crescente";"Céu Claro";"Dupla";"Reta";"Sim";3;0;1;0;2;0;1;2;-29,87781;-50,259799;"SR-RS";"UOP01";"DEL03"
334631;2021-01-15;"sexta";"18:25:00";"ES";101;"299";"VIANA";"Pista Escorregadia";"Queda de ocupante de veículo";"Com Vítimas Feridas";"Anoitecer";"Decrescente";"Céu Claro";"Dupla";"Curva";"Não";1;0;1;0;0;0;1;1;-20,35860628;-40,42327504;"SR-ES";"UOP01";"DEL01"
334632;2021-01-15;"sexta";"15:00:00";"PR";277;"730.4";"FOZ DO IGUACU";"Ausência de reação do condutor";"Colisão traseira";"Sem Vítimas";"Pleno dia";"Crescente";"Céu Claro";"Simples";"Reta";"Sim";2;0;0;0;1;1;0;2;-25,509428;-54,595929;"SR-PR";"UOP03";"DEL05"
334633;2021-01-15;"sexta";"15:30:00";"ES";262;"39.6";"DOMINGOS MARTINS";"Chuva";"Colisão frontal";"Sem Vítimas";"Pleno dia";"Decrescente";"Chuva";"Simples";"Curva";"Não";2;0;0;0;2;0;0;2;-20,3802679;-40,63000864;"SR-ES";"UOP01";"DEL01"
334635;2021-01-15;"sexta";"17:40:00";"MS";163;"174";"JUTI";"Reação tardia ou ineficiente do condutor";"Colisão traseira";"Com Vítimas Feridas";"Pleno dia";"Decrescente";"Céu Claro";"Simples";"Reta";"Não";2;0;1;0;1;0;1;2;-22,85963099;-54,62834999;"SR-MS";"UOP01";"DEL09"
334636;2021-01-15;"sexta";"16:30:00";"PR";376;"494";"PONTA GROSSA";"Acumulo de óleo sobre o pavimento";"Tombamento";"Com Vítimas Feridas";"Pleno dia";"Decrescente";"Nublado";"Dupla";"Não Informado";"Sim";1;0;1;0;0;0;1;1;-25,16566955;-50,11640967;"SR-PR";"UAP01";"DEL03"
334637;2021-01-15;"sexta";"17:30:00";"PR";277;"603";"SANTA TEREZA DO OESTE";"Reação tardia ou ineficiente do condutor";"Tombamento";"Com Vítimas Feridas";"Pleno dia";"Crescente";"Céu Claro";"Simples";"Não Informado";"Não";2;0;0;1;0;1;1;2;-25,02817;-53,55983;"SR-PR";"UOP02";"DEL05"
334638;2021-01-15;"sexta";"18:25:00";"GO";60;"169";"ABADIA DE GOIAS";"Manobra de mudança de faixa";"Colisão lateral";"Sem Vítimas";"Anoitecer";"Crescente";"Céu Claro";"Dupla";"Reta";"Sim";3;0;0;0;3;0;0;2;-16,7269;-49,3822;"SR-GO";"UOP02";"DEL01"
334639;2021-01-15;"sexta";"18:40:00";"RN";406;"171";"SAO GONCALO DO AMARANTE";"Manobra de mudança de faixa";"Colisão lateral";"Com Vítimas Feridas";"Anoitecer";"Decrescente";"Céu Claro";"Dupla";"Interseção de vias";"Sim";3;0;2;0;1;0;2;2;-5,76292035;-35,28740298;"SR-RN";"UOP01";"DEL02"
334640;2021-01-15;"sexta";"18:50:00";"PR";116;"100.3";"SAO JOSE DOS PINHAIS";"Velocidade Incompatível";"Colisão traseira";"Com Vítimas Feridas";"Plena Noite";"Decrescente";"Nublado";"Múltipla";"Reta";"Não";3;0;1;0;2;0;1;2;-25,57133094;-49,20501709;"SR-PR";"UOP01";"DEL01"
334641;2021-01-15;"sexta";"18:40:00";"GO";40;"6.4";"VALPARAISO DE GOIAS";"Manobra de mudança de faixa";"Colisão lateral";"Com Vítimas Feridas";"Anoitecer";"Crescente";"Céu Claro";"Dupla";"Reta";"Sim";3;0;1;0;2;0;1;2;-16,100814;-47,977351;"SR-DF";"UOP01";"DEL01"
334642;2021-01-15;"sexta";"18:25:00";"MG";356;"265.9";"MURIAE";"Transitar na contramão";"Colisão lateral sentido oposto";"Com Vítimas Feridas";"Anoitecer";"Crescente";"Céu Claro";"Simples";"Curva";"Não";4;0;3;0;0;1;3;2;-21,12837532;-42,3668558;"SR-MG";"UOP02";"DEL07"
334643;2021-01-15;"sexta";"19:20:00";"RS";290;"721";"URUGUAIANA";"Ingestão de álcool pelo condutor";"Colisão frontal";"Com Vítimas Fatais";"Pleno dia";"Crescente";"Céu Claro";"Simples";"Reta";"Não";3;2;0;0;1;0;0;2;-29,758587;-57,060295;"SR-RS";"UOP01";"DEL13"
334645;2021-01-15;"sexta";"18:30:00";"RJ";101;"434";"MANGARATIBA";"Desrespeitar a preferência no cruzamento";"Colisão transversal";"Com Vítimas Feridas";"Pleno dia";"Crescente";"Céu Claro";"Simples";"Reta";"Sim";6;0;4;0;2;0;4;2;-22,93724723;-44,04629489;"SR-RJ";"UOP01";"DEL03"
334646;2021-01-15;"sexta";"19:15:00";"PB";101;"52";"SANTA RITA";"Estacionar ou parar em local proibido";"Colisão traseira";"Sem Vítimas";"Plena Noite";"Crescente";"Céu Claro";"Dupla";"Desvio Temporário";"Não";3;0;0;0;2;1;0;2;-6,93821564;-35,09935736;"SR-PB";"UOP04";"DEL01"
334647;2021-01-15;"sexta";"19:40:00";"PR";277;"83.5";"CURITIBA";"Condutor deixou de manter distância do veículo da frente";"Colisão traseira";"Com Vítimas Feridas";"Plena Noite";"Crescente";"Chuva";"Dupla";"Reta";"Sim";2;0;1;0;1;0;1;2;-25,568939;-49,181978;"SR-PR";"UOP01";"DEL01"
334648;2021-01-15;"sexta";"17:10:00";"PR";277;"136";"CAMPO LARGO";"Velocidade Incompatível";"Saída de leito carroçável";"Com Vítimas Feridas";"Pleno dia";"Crescente";"Chuva";"Dupla";"Desvio Temporário";"Não";1;0;1;0;0;0;1;1;-25,44518045;-49,4985659;"SR-PR";"UOP06";"DEL01"
334649;2021-01-15;"sexta";"19:30:00";"SC";101;"122";"ITAJAI";"Condutor deixou de manter distância do veículo da frente";"Colisão traseira";"Com Vítimas Feridas";"Plena Noite";"Crescente";"Nublado";"Dupla";"Reta";"Sim";5;0;1;0;4;0;1;2;-26,92955916;-48,70499836;"SR-SC";"UOP04";"DEL04"
334650;2021-01-15;"sexta";"18:50:00";"BA";324;"525";"FEIRA DE SANTANA";"Condutor deixou de manter distância do veículo da frente";"Colisão traseira";"Sem Vítimas";"Plena Noite";"Decrescente";"Nublado";"Dupla";"Reta";"Sim";2;0;0;0;2;0;0;2;-12,30106981;-38,8977869;"SR-BA";"UOP03";"DEL01"
334651;2021-01-15;"sexta";"18:40:00";"MT";163;"777";"SORRISO";"Acumulo de areia ou detritos sobre o pavimento";"Tombamento";"Sem Vítimas";"Anoitecer";"Decrescente";"Garoa/Chuvisco";"Simples";"Reta";"Não";1;0;0;0;1;0;0;1;-12,46639807;-55,67002686;"SR-MT";"UOP01";"DEL06"
334652;2021-01-15;"sexta";"18:30:00";"PR";476;"127";"CURITIBA";"Reação tardia ou ineficiente do condutor";"Colisão com objeto";"Sem Vítimas";"Anoitecer";"Decrescente";"Céu Claro";"Múltipla";"Não Informado";"Sim";1;0;0;0;0;1;0;1;-25,425167;-49,227158;"SR-PR";"UOP03";"DEL01"
334654;2021-01-15;"sexta";"19:00:00";"PI";230;"302";"FLORIANO";"Velocidade Incompatível";"Saída de leito carroçável";"Com Vítimas Feridas";"Plena Noite";"Crescente";"Céu Claro";"Simples";"Reta";"Não";1;0;1;0;0;0;1;1;-6,80935231;-42,95446185;"SR-PI";"UOP01";"DEL03"
334655;2021-01-15;"sexta";"17:40:00";"MG";116;"414";"GOVERNADOR VALADARES";"Condutor deixou de manter distância do veículo da frente";"Tombamento";"Com Vítimas Feridas";"Pleno dia";"Decrescente";"Sol";"Simples";"Ponte";"Não";1;0;0;1;0;0;1;1;-18,88102703;-41,95910802;"SR-MG";"UOP01";"DEL06"
334656;2021-01-15;"sexta";"19:50:00";"PE";101;"78";"RECIFE";"Acessar a via sem observar a presença dos outros veículos";"Atropelamento de Pedestre";"Com Vítimas Feridas";"Plena Noite";"Decrescente";"Céu Claro";"Dupla";"Reta";"Sim";3;0;1;2;0;0;3;1;-8,137603;-34,947405;"SR-PE";"UOP01";"DEL01"
334657;2021-01-15;"sexta";"19:50:00";"PB";101;"115.8";"CAAPORA";"Velocidade Incompatível";"Colisão com objeto";"Sem Vítimas";"Plena Noite";"Crescente";"Céu Claro";"Dupla";"Reta";"Não";1;0;0;0;0;1;0;1;-7,405261;-34,95492;"SR-PB";"UOP02";"DEL01"
334659;2021-01-15;"sexta";"19:30:00";"SP";116;"269";"TABOAO DA SERRA";"Frear bruscamente";"Engavetamento";"Com Vítimas Feridas";"Plena Noite";"Decrescente";"Garoa/Chuvisco";"Dupla";"Reta";"Sim";5;0;1;0;4;0;1;3;-23,60871084;-46,7583937;"SR-SP";"UOP01";"DEL04"
334660;2021-01-15;"sexta";"18:15:00";"RO";364;"599";"ITAPUA DO OESTE";"Pista esburacada";"Colisão traseira";"Com Vítimas Feridas";"Plena Noite";"Crescente";"Nublado";"Dupla";"Reta";"Não";2;0;1;0;1;0;1;2;-9,23114899;-63,16910695;"SR-RO";"UOP03";"DEL03"
334661;2021-01-15;"sexta";"20:10:00";"PB";230;"159.9";"CAMPINA GRANDE";"Ingestão de álcool pelo condutor";"Colisão traseira";"Sem Vítimas";"Plena Noite";"Decrescente";"Céu Claro";"Simples";"Reta";"Sim";2;0;0;0;2;0;0;2;-7,247481;-35,935733;"SR-PB";"UOP01";"DEL02"
334663;2021-01-15;"sexta";"18:10:00";"RJ";101;"468";"ANGRA DOS REIS";"Acessar a via sem observar a presença dos outros veículos";"Colisão transversal";"Com Vítimas Feridas";"Pleno dia";"Decrescente";"Céu Claro";"Simples";"Reta";"Não";2;0;1;0;1;0;1;2;-23,00721537;-44,22359287;"SR-RJ";"UOP01";"DEL03"
334664;2021-01-15;"sexta";"20:20:00";"BA";101;"0.5";"RIO REAL";"Ingestão de álcool pelo condutor";"Saída de leito carroçável";"Com Vítimas Fatais";"Plena Noite";"Decrescente";"Chuva";"Simples";"Curva";"Não";1;1;0;0;0;0;0;1;-11,5214399;-37,80216604;"SR-SE";"UOP03";"DEL02"
334665;2021-01-15;"sexta";"19:30:00";"BA";116;"555";"MILAGRES";"Reação tardia ou ineficiente do condutor";"Colisão lateral sentido oposto";"Com Vítimas Feridas";"Plena Noite";"Decrescente";"Céu Claro";"Simples";"Curva";"Não";2;0;1;0;1;0;1;2;-12,91216828;-39,86580772;"SR-BA";"UOP02";"DEL03"
334667;2021-01-15;"sexta";"20:40:00";"ES";101;"255.4";"SERRA";"Condutor deixou de manter distância do veículo da frente";"Colisão traseira";"Sem Vítimas";"Plena Noite";"Crescente";"Céu Claro";"Simples";"Reta";"Sim";2;0;0;0;2;0;0;2;-20,11487935;-40,31943619;"SR-ES";"UOP01";"DEL02"
334669;2021-01-15;"sexta";"19:55:00";"MS";163;"679";"RIO VERDE DE MATO GROSSO";"Conversão proibida";"Colisão lateral mesmo sentido";"Com Vítimas Feridas";"Plena Noite";"Crescente";"Nublado";"Simples";"Reta";"Não";6;0;1;1;4;0;2;3;-18,92336;-54,83599;"SR-MS";"UOP02";"DEL06"
334670;2021-01-15;"sexta";"20:20:00";"GO";70;"14";"AGUAS LINDAS DE GOIAS";"Acessar a via sem observar a presença dos outros veículos";"Colisão lateral";"Sem Vítimas";"Plena Noite";"Decrescente";"Céu Claro";"Múltipla";"Reta";"Sim";2;0;0;0;2;0;0;2;-15,75117968;-48,3251492;"SR-DF";"UOP03";"DEL01"
334671;2021-01-15;"sexta";"21:00:00";"SP";153;"284.9";"OCAUCU";"Afundamento ou ondulação no pavimento";"Tombamento";"Com Vítimas Feridas";"Plena Noite";"Decrescente";"Nublado";"Simples";"Não Informado";"Não";1;0;1;0;0;0;1;1;-22,44825692;-49,86247915;"SR-SP";"UOP02";"DEL07"
334672;2021-01-15;"sexta";"21:30:00";"SP";116;"198";"ARUJA";"Ultrapassagem Indevida";"Queda de ocupante de veículo";"Com Vítimas Fatais";"Plena Noite";"Crescente";"Nublado";"Múltipla";"Reta";"Não";4;1;0;0;1;2;0;2;-23,399937;-46,302038;"SR-SP";"UOP01";"DEL01"
334673;2021-01-15;"sexta";"21:15:00";"RJ";101;"11";"CAMPOS DOS GOYTACAZES";"Velocidade Incompatível";"Tombamento";"Com Vítimas Feridas";"Plena Noite";"Crescente";"Céu Claro";"Simples";"Curva";"Não";1;0;1;0;0;0;1;1;-21,30766784;-41,3253282;"SR-RJ";"UOP01";"DEL08"
334674;2021-01-15;"sexta";"21:15:00";"RS";290;"91";"PORTO ALEGRE";"Avarias e/ou desgaste excessivo no pneu";"Tombamento";"Com Vítimas Fatais";"Plena Noite";"Crescente";"Céu Claro";"Dupla";"Reta";"Sim";1;1;0;0;0;0;0;1;-29,969055;-51,167439;"SR-RS";"UOP01";"DEL01"
334675;2021-01-15;"sexta";"20:30:00";"MT";364;"439";"VARZEA GRANDE";"Ultrapassagem Indevida";"Colisão frontal";"Com Vítimas Fatais";"Plena Noite";"Crescente";"Céu Claro";"Simples";"Curva";"Não";4;1;0;1;2;0;1;2;-15,60518158;-56,20262146;"SR-MT";"UOP02";"DEL01"
334676;2021-01-15;"sexta";"20:20:00";"ES";262;"169.8";"IBATIBA";"Acessar a via sem observar a presença dos outros veículos";"Colisão transversal";"Com Vítimas Feridas";"Plena Noite";"Crescente";"Céu Claro";"Simples";"Não Informado";"Não";4;0;3;0;1;0;3;2;-20,2647513;-41,58453796;"SR-ES";"UOP02";"DEL01"
334677;2021-01-15;"sexta";"21:30:00";"RS";392;"675.5";"SAO PEDRO DO BUTIA";"Acessar a via sem observar a presença dos outros veículos";"Colisão transversal";"Com Vítimas Feridas";"Plena Noite";"Crescente";"Céu Claro";"Simples";"Interseção de vias";"Não";2;0;1;0;1;0;1;2;-28,12314098;-54,85512401;"SR-RS";"UOP01";"DEL10"
334678;2021-01-15;"sexta";"20:15:00";"PR";277;"726.6";"FOZ DO IGUACU";"Ingestão de álcool pelo condutor";"Saída de leito carroçável";"Com Vítimas Feridas";"Plena Noite";"Decrescente";"Céu Claro";"Dupla";"Rotatória";"Sim";1;0;0;1;0;0;1;1;-25,5106015;-54,55481999;"SR-PR";"UOP03";"DEL05"
334679;2021-01-15;"sexta";"20:55:00";"RS";470;"213";"BENTO GONCALVES";"Ingestão de álcool pelo condutor";"Colisão transversal";"Com Vítimas Feridas";"Plena Noite";"Decrescente";"Céu Claro";"Simples";"Não Informado";"Sim";2;0;2;0;0;0;2;2;-29,138703;-51,542708;"SR-RS";"UOP01";"DEL06"
334680;2021-01-15;"sexta";"18:38:00";"RS";116;"109.9";"SAO MARCOS";"Curva acentuada";"Colisão lateral sentido oposto";"Sem Vítimas";"Anoitecer";"Decrescente";"Céu Claro";"Simples";"Não Informado";"Não";2;0;0;0;2;0;0;2;-28,9318049;-51,0959297;"SR-RS";"UOP01";"DEL05"