"id";"data_inversa";"dia_semana";"horario";"uf";"br";"km";"municipio";"causa_acidente";"tipo_acidente";"classificacao_acidente";"fase_dia";"sentido_via";"condicao_metereologica";"tipo_pista";"tracado_via";"uso_solo";"pessoas";"mortos";"feridos_leves";"feridos_graves";"ilesos";"ignorados";"feridos";"veiculos";"latitude";"longitude";"regional";"delegacia";"uop"
334682;2021-01-15;"sexta";"17:50:00";"TO";153;"627";"ALIANCA DO TOCANTINS";"Reação tardia ou ineficiente do condutor";"Saída de leito carroçável";"Sem Vítimas";"Pleno dia";"Decrescente";"Céu Claro";"Simples";"Reta";"Não";1;0;0;0;0;1;0;1;-11,335566;-48,95087901;"SR-TO";"UOP02";"DEL01"
334683;2021-01-15;"sexta";"15:30:00";"BA";101;"611.5";"MASCOTE";"Velocidade Incompatível";"Saída de leito carroçável";"Com Vítimas Feridas";"Pleno dia";"Crescente";"Chuva";"Simples";"Não Informado";"Não";2;0;1;1;0;0;2;1;-15,73339108;-39,47437588;"SR-BA";"UOP02";"DEL05"
334684;2021-01-15;"sexta";"22:44:00";"SP";116;"220";"GUARULHOS";"Chuva";"Colisão traseira";"Sem Vítimas";"Plena Noite";"Decrescente";"Nublado";"Múltipla";"Reta";"Sim";2;0;0;0;2;0;0;2;-23,46472809;-46,49793962;"SR-SP";"UOP01";"DEL01"
334685;2021-01-15;"sexta";"22:50:00";"PR";277;"63.7";"SAO JOSE DOS PINHAIS";"Velocidade Incompatível";"Colisão traseira";"Com Vítimas Feridas";"Plena Noite";"Crescente";"Nublado";"Dupla";"Reta";"Não";2;0;1;0;1;0;1;2;-25,56100984;-49,01719293;"SR-PR";"UOP01";"DEL01"
334686;2021-01-15;"sexta";"20:45:00";"RR";174;"503";"BOA VISTA";"Manobra de mudança de faixa";"Colisão lateral mesmo sentido";"Com Vítimas Feridas";"Plena Noite";"Crescente";"Nublado";"Dupla";"Reta";"Sim";2;0;1;0;1;0;1;2;2,82284203;-60,69581693;"SR-RR";"UOP01";"DEL01"
334687;2021-01-15;"sexta";"22:20:00";"ES";101;"268.7";"SERRA";"Acessar a via sem observar a presença dos outros veículos";"Colisão lateral mesmo sentido";"Com Vítimas Feridas";"Plena Noite";"Decrescente";"Céu Claro";"Múltipla";"Reta";"Sim";3;0;1;0;2;0;1;3;-20,20842;-40,269405;"SR-ES";"UOP01";"DEL02"
334689;2021-01-15;"sexta";"18:20:00";"MG";116;"285.3";"TEOFILO OTONI";"Retorno proibido";"Colisão transversal";"Com Vítimas Feridas";"Plena Noite";"Decrescente";"Nublado";"Simples";"Não Informado";"Não";3;0;1;1;1;0;2;2;-17,92737798;-41,5284009;"SR-MG";"UOP01";"DEL11"
334690;2021-01-15;"sexta";"21:45:00";"SC";101;"90";"BARRA VELHA";"Condutor Dormindo";"Colisão traseira";"Sem Vítimas";"Plena Noite";"Crescente";"Nublado";"Dupla";"Reta";"Não";2;0;0;0;2;0;0;2;-26,66148503;-48,68866176;"SR-SC";"UOP02";"DEL03"
334692;2021-01-15;"sexta";"23:10:00";"MG";262;"486";"BOM DESPACHO";"Avarias e/ou desgaste excessivo no pneu";"Saída de leito carroçável";"Sem Vítimas";"Plena Noite";"Decrescente";"Chuva";"Simples";"Desvio Temporário";"Não";4;0;0;0;4;0;0;1;-19,78610881;-45,30392798;"SR-MG";"UOP03";"DEL08"
334693;2021-01-15;"sexta";"20:30:00";"BA";116;"476.4";"SANTO ESTEVAO";"Demais falhas mecânicas ou elétricas";"Incêndio";"Sem Vítimas";"Plena Noite";"Crescente";"Chuva";"Dupla";"Não Informado";"Não";1;0;0;0;1;0;0;1;-12,48458706;-39,31922297;"SR-BA";"UOP01";"DEL02"
334694;2021-01-15;"sexta";"22:35:00";"CE";116;"159.2";"RUSSAS";"Ultrapassagem Indevida";"Colisão transversal";"Sem Vítimas";"Plena Noite";"Crescente";"Nublado";"Simples";"Reta";"Sim";8;0;0;0;8;0;0;2;-4,90672505;-38,00414307;"SR-CE";"UOP01";"DEL03"
334695;2021-01-15;"sexta";"23:30:00";"SP";116;"463.8";"PARIQUERA-ACU";"Condutor Dormindo";"Colisão traseira";"Com Vítimas Feridas";"Plena Noite";"Crescente";"Céu Claro";"Dupla";"Reta";"Não";2;0;0;1;1;0;1;2;-24,62904309;-47,90227592;"SR-SP";"UOP01";"DEL05"
334696;2021-01-15;"sexta";"23:25:00";"PR";476;"155";"ARAUCARIA";"Desrespeitar a preferência no cruzamento";"Colisão frontal";"Com Vítimas Feridas";"Plena Noite";"Crescente";"Céu Claro";"Simples";"Reta";"Sim";3;0;0;1;2;0;1;2;-25,590897;-49,410622;"SR-PR";"UOP03";"DEL01"
334697;2021-01-15;"sexta";"22:05:00";"PR";369;"404";"MAMBORE";"Avarias e/ou desgaste excessivo no pneu";"Colisão frontal";"Com Vítimas Fatais";"Plena Noite";"Decrescente";"Céu Claro";"Simples";"Reta";"Não";3;1;1;1;0;0;2;2;-24,3263;-52,6508;"SR-PR";"UOP03";"DEL09"
334698;2021-01-15;"sexta";"19:30:00";"MA";135;"4";"SAO LUIS";"Obstrução na via";"Colisão traseira";"Com Vítimas Feridas";"Plena Noite";"Decrescente";"Céu Claro";"Dupla";"Desvio Temporário";"Sim";2;0;1;0;1;0;1;2;-2,61424881;-44,25257023;"SR-MA";"UOP01";"DEL01"
334699;2021-01-15;"sexta";"23:29:00";"TO";153;"1";"XAMBIOA";"Acessar a via sem observar a presença dos outros veículos";"Colisão traseira";"Com Vítimas Feridas";"Plena Noite";"Crescente";"Céu Claro";"Simples";"Curva";"Sim";4;0;2;1;0;1;3;2;-6,41004;-48,5378;"SR-TO";"UOP01";"DEL02"
334700;2021-01-15;"sexta";"20:05:00";"MA";135;"4";"SAO LUIS";"Obstrução na via";"Colisão frontal";"Com Vítimas Feridas";"Plena Noite";"Decrescente";"Céu Claro";"Dupla";"Desvio Temporário";"Sim";2;0;2;0;0;0;2;2;-2,53073;-44,3068;"SR-MA";"UOP01";"DEL01"
334702;2021-01-15;"sexta";"19:00:00";"MA";135;"4.2";"SAO LUIS";"Pista Escorregadia";"Saída de leito carroçável";"Sem Vítimas";"Plena Noite";"Decrescente";"Céu Claro";"Dupla";"Desvio Temporário";"Não";1;0;0;0;1;0;0;1;-2,63494725;-44,31307018;"SR-MA";"UOP01";"DEL01"
334705;2021-01-15;"sexta";"22:10:00";"MG";116;"414.4";"GOVERNADOR VALADARES";"Transitar no acostamento";"Colisão lateral";"Com Vítimas Fatais";"Plena Noite";"Decrescente";"Céu Claro";"Simples";"Reta";"Sim";3;1;0;0;0;2;0;2;-18,88212772;-41,95717335;"SR-MG";"UOP01";"DEL06"
334707;2021-01-15;"sexta";"23:30:00";"SC";280;"129";"RIO NEGRINHO";"Acessar a via sem observar a presença dos outros veículos";"Colisão transversal";"Com Vítimas Feridas";"Plena Noite";"Crescente";"Nublado";"Simples";"Reta";"Sim";2;0;1;0;1;0;1;2;-26,24586437;-49,52284615;"SR-SC";"UOP03";"DEL06"
334708;2021-01-16;"sábado";"01:15:00";"SC";282;"492";"FAXINAL DOS GUEDES";"Falta de acostamento";"Tombamento";"Com Vítimas Feridas";"Plena Noite";"Decrescente";"Céu Claro";"Simples";"Reta";"Não";1;0;0;1;0;0;1;1;-26,871534;-52,300915;"SR-SC";"UOP01";"DEL07"
334709;2021-01-15;"sexta";"16:30:00";"MG";116;"206.2";"CATUJI";"Manobra de mudança de faixa";"Colisão transversal";"Com Vítimas Fatais";"Pleno dia";"Decrescente";"Nublado";"Simples";"Reta";"Sim";7;1;5;1;0;0;6;2;-17,29125695;-41,51824456;"SR-MG";"UOP01";"DEL11"
334710;2021-01-16;"sábado";"00:10:00";"SC";116;"238.9";"LAGES";"Ingestão de álcool pelo condutor";"Colisão lateral";"Com Vítimas Feridas";"Plena Noite";"Crescente";"Garoa/Chuvisco";"Simples";"Reta";"Não";2;0;1;0;1;0;1;2;-27,739808;-50,33545902;"SR-SC";"UOP01";"DEL05"
334711;2021-01-16;"sábado";"02:00:00";"SP";116;"44.3";"CANAS";"Animais na Pista";"Atropelamento de Animal";"Sem Vítimas";"Plena Noite";"Decrescente";"Nublado";"Dupla";"Reta";"Não";3;0;0;0;3;0;0;2;-22,70287975;-45,03787617;"SR-SP";"UOP02";"DEL08"
334712;2021-01-15;"sexta";"22:15:00";"BA";235;"31";"CORONEL JOAO SA";"Transitar na contramão";"Colisão frontal";"Com Vítimas Feridas";"Plena Noite";"Decrescente";"Céu Claro";"Dupla";"Reta";"Não";3;0;0;2;1;0;2;2;-10,1610538;-37,95003913;"SR-SE";"UOP02";"DEL01"
334714;2021-01-15;"sexta";"23:20:00";"SC";116;"221.4";"CORREIA PINTO";"Velocidade Incompatível";"Saída de leito carroçável";"Com Vítimas Feridas";"Plena Noite";"Decrescente";"Garoa/Chuvisco";"Simples";"Reta";"Sim";3;0;2;0;0;1;2;1;-27,59671445;-50,3578949;"SR-SC";"UOP03";"DEL05"
334715;2021-01-16;"sábado";"01:40:00";"SC";282;"605";"MARAVILHA";"Ingestão de álcool pelo condutor";"Capotamento";"Com Vítimas Feridas";"Plena Noite";"Crescente";"Nublado";"Simples";"Reta";"Sim";1;0;1;0;0;0;1;1;-26,786951;-53,195248;"SR-SC";"UOP02";"DEL07"
334716;2021-01-16;"sábado";"01:50:00";"SC";101;"140";"BALNEARIO CAMBORIU";"Condutor Dormindo";"Colisão traseira";"Com Vítimas Feridas";"Plena Noite";"Crescente";"Céu Claro";"Múltipla";"Reta";"Não";3;0;0;1;2;0;1;2;-27,03881189;-48,60025148;"SR-SC";"UOP03";"DEL04"
334717;2021-01-16;"sábado";"02:00:00";"SC";163;"70.6";"SAO MIGUEL DO OESTE";"Ingestão de álcool pelo condutor";"Saída de leito carroçável";"Com Vítimas Feridas";"Plena Noite";"Crescente";"Céu Claro";"Dupla";"Reta";"Sim";3;0;1;0;2;0;1;1;-26,73183732;-53,51021469;"SR-SC";"UOP03";"DEL07"
334718;2021-01-16;"sábado";"01:00:00";"SC";101;"87";"BARRA VELHA";"Transitar na contramão";"Colisão frontal";"Com Vítimas Feridas";"Plena Noite";"Crescente";"Nublado";"Simples";"Reta";"Sim";4;0;2;2;0;0;4;2;-26,63713377;-48,69651057;"SR-SC";"UOP02";"DEL03"
334719;2021-01-16;"sábado";"02:41:00";"RS";290;"107";"ELDORADO DO SUL";"Ingestão de álcool pelo condutor";"Saída de leito carroçável";"Com Vítimas Feridas";"Plena Noite";"Crescente";"Céu Claro";"Dupla";"Curva";"Sim";1;0;0;1;0;0;1;1;-30,00430083;-51,31164551;"SR-RS";"UOP01";"DEL02"
334720;2021-01-16;"sábado";"02:50:00";"MG";40;"413";"CURVELO";"Reação tardia ou ineficiente do condutor";"Colisão traseira";"Com Vítimas Feridas";"Plena Noite";"Decrescente";"Nublado";"Simples";"Curva";"Não";3;0;1;0;2;0;1;2;-19,13248388;-44,62252053;"SR-MG";"UOP01";"DEL02"
334721;2021-01-16;"sábado";"01:30:00";"SP";116;"44.2";"CANAS";"Animais na Pista";"Atropelamento de Animal";"Com Vítimas Feridas";"Plena Noite";"Decrescente";"Nublado";"Dupla";"Reta";"Não";1;0;1;0;0;0;1;1;-22,70287975;-45,03787617;"SR-SP";"UOP02";"DEL08"
334723;2021-01-16;"sábado";"02:00:00";"PR";116;"50.9";"CAMPINA GRANDE DO SUL";"Velocidade Incompatível";"Tombamento";"Com Vítimas Feridas";"Plena Noite";"Crescente";"Nublado";"Dupla";"Curva";"Não";1;0;1;0;0;0;1;1;-25,23481696;-48,90807771;"SR-PR";"UOP02";"DEL01"
334724;2021-01-16;"sábado";"03:25:00";"AL";101;"188.5";"JUNQUEIRO";"Obstrução na via";"Colisão com objeto";"Com Vítimas Fatais";"Plena Noite";"Decrescente";"Ignorado";"Simples";"Reta";"Sim";1;1;0;0;0;0;0;1;-9,90809784;-36,46933335;"SR-AL";"UOP02";"DEL02"
334725;2021-01-16;"sábado";"03:20:00";"SC";101;"217.5";"PALHOCA";"Ingestão de álcool pelo condutor";"Saída de leito carroçável";"Com Vítimas Feridas";"Plena Noite";"Decrescente";"Nublado";"Múltipla";"Reta";"Sim";1;0;1;0;0;0;1;1;-27,67157558;-48,6721909;"SR-SC";"UOP02";"DEL01"
334726;2021-01-15;"sexta";"18:00:00";"SC";470;"147";"RIO DO SUL";"Transitar no acostamento";"Saída de leito carroçável";"Sem Vítimas";"Pleno dia";"Crescente";"Garoa/Chuvisco";"Simples";"Reta";"Não";1;0;0;0;0;1;0;1;-27,243439;-49,690025;"SR-SC";"UOP02";"DEL04"
334727;2021-01-16;"sábado";"04:00:00";"MG";116;"812.7";"ALEM PARAIBA";"Velocidade Incompatível";"Colisão com objeto";"Com Vítimas Feridas";"Pleno dia";"Crescente";"Céu Claro";"Simples";"Curva";"Não";4;0;4;0;0;0;4;1;-21,8449291;-42,67297203;"SR-MG";"UOP01";"DEL07"
334728;2021-01-16;"sábado";"04:00:00";"RS";158;"566.5";"SANTANA DO LIVRAMENTO";"Ingestão de álcool pelo condutor";"Saída de leito carroçável";"Sem Vítimas";"Plena Noite";"Decrescente";"Chuva";"Simples";"Reta";"Sim";1;0;0;0;0;1;0;1;-30,87624189;-55,51081469;"SR-RS";"UOP01";"DEL11"
334729;2021-01-16;"sábado";"04:50:00";"PE";101;"92";"CABO DE SANTO AGOSTINHO";"Pedestre cruzava a pista fora da faixa";"Colisão frontal";"Com Vítimas Fatais";"Amanhecer";"Decrescente";"Céu Claro";"Dupla";"Reta";"Não";2;1;0;0;1;0;0;1;-8,22399812;-34,99290474;"SR-PE";"UOP03";"DEL01"
334730;2021-01-16;"sábado";"04:40:00";"RS";386;"330";"MARQUES DE SOUZA";"Ingestão de álcool pelo condutor";"Saída de leito carroçável";"Com Vítimas Feridas";"Plena Noite";"Decrescente";"Céu Claro";"Simples";"Reta";"Não";1;0;1;0;0;0;1;1;-29,346764;-52,071896;"SR-RS";"UOP01";"DEL04"
334731;2021-01-16;"sábado";"04:25:00";"SC";470;"60";"BLUMENAU";"Ingestão de álcool pelo condutor";"Colisão com objeto";"Sem Vítimas";"Plena Noite";"Crescente";"Nublado";"Simples";"Reta";"Sim";1;0;0;0;0;1;0;1;-26,88138;-49,164543;"SR-SC";"UOP01";"DEL04"
334732;2021-01-16;"sábado";"04:40:00";"SC";470;"60";"BLUMENAU";"Ingestão de álcool pelo condutor";"Colisão traseira";"Sem Vítimas";"Plena Noite";"Crescente";"Céu Claro";"Simples";"Reta";"Não";2;0;0;0;2;0;0;2;-26,88138;-49,164543;"SR-SC";"UOP01";"DEL04"
334733;2021-01-16;"sábado";"04:50:00";"SC";470;"4";"NAVEGANTES";"Chuva";"Queda de ocupante de veículo";"Com Vítimas Feridas";"Amanhecer";"Crescente";"Chuva";"Dupla";"Reta";"Não";1;0;1;0;0;0;1;1;-26,858473;-48,690788;"SR-SC";"UOP04";"DEL04"
334734;2021-01-16;"sábado";"03:10:00";"SC";280;"127";"RIO NEGRINHO";"Ingestão de álcool pelo condutor";"Colisão frontal";"Com Vítimas Feridas";"Plena Noite";"Crescente";"Céu Claro";"Simples";"Reta";"Sim";4;0;1;0;1;2;1;2;-26,24317941;-49,51320018;"SR-SC";"UOP03";"DEL06"
334735;2021-01-16;"sábado";"03:50:00";"SP";116;"270.1";"TABOAO DA SERRA";"Manobra de mudança de faixa";"Tombamento";"Com Vítimas Feridas";"Plena Noite";"Crescente";"Céu Claro";"Simples";"Reta";"Sim";3;0;3;0;0;0;3;2;-23,61799728;-46,79677694;"SR-SP";"UOP01";"DEL04"
334736;2021-01-16;"sábado";"05:15:00";"MG";381;"777.6";"CAMPANHA";"Condutor Dormindo";"Saída de leito carroçável";"Com Vítimas Feridas";"Amanhecer";"Decrescente";"Chuva";"Dupla";"Reta";"Não";1;0;1;0;0;0;1;1;-21,82472705;-45,49551193;"SR-MG";"UOP02";"DEL16"
334737;2021-01-16;"sábado";"04:00:00";"MG";262;"152";"SAO DOMINGOS DO PRATA";"Ingestão de álcool pelo condutor";"Saída de leito carroçável";"Com Vítimas Feridas";"Amanhecer";"Crescente";"Chuva";"Simples";"Reta";"Não";2;0;1;1;0;0;2;1;-19,99702081;-42,78390787;"SR-MG";"UOP03";"DEL03"
334738;2021-01-16;"sábado";"05:30:00";"RJ";101;"283";"ITABORAI";"Reação tardia ou ineficiente do condutor";"Saída de leito carroçável";"Sem Vítimas";"Pleno dia";"Decrescente";"Céu Claro";"Dupla";"Reta";"Não";2;0;0;0;2;0;0;1;-22,73591014;-42,80592689;"SR-RJ";"UOP03";"DEL02"
334739;2021-01-15;"sexta";"20:20:00";"RJ";116;"136";"MAGE";"Trafegar com motocicleta (ou similar) entre as faixas";"Colisão transversal";"Com Vítimas Feridas";"Plena Noite";"Decrescente";"Céu Claro";"Dupla";"Reta";"Sim";2;0;1;0;1;0;1;2;-22,64988985;-43,17250297;"SR-RJ";"UOP04";"DEL02"
334741;2021-01-16;"sábado";"04:00:00";"MG";116;"179.9";"CARAI";"Transitar na contramão";"Colisão lateral";"Sem Vítimas";"Amanhecer";"Decrescente";"Chuva";"Simples";"Curva";"Não";4;0;0;0;4;0;0;3;-17,082469;-41,484694;"SR-MG";"UOP01";"DEL11"
334742;2021-01-16;"sábado";"06:15:00";"RJ";101;"214";"CASIMIRO DE ABREU";"Condutor Dormindo";"Saída de leito carroçável";"Com Vítimas Feridas";"Pleno dia";"Decrescente";"Céu Claro";"Dupla";"Não Informado";"Não";1;0;1;0;0;0;1;1;-22,49876081;-42,26744726;"SR-RJ";"UOP04";"DEL08"
334743;2021-01-16;"sábado";"05:50:00";"MG";40;"820";"SIMAO PEREIRA";"Velocidade Incompatível";"Saída de leito carroçável";"Sem Vítimas";"Amanhecer";"Decrescente";"Ignorado";"Dupla";"Não Informado";"Não";1;0;0;0;1;0;0;1;-21,95428588;-43,30025733;"SR-MG";"UOP01";"DEL05"
334745;2021-01-15;"sexta";"16:00:00";"SC";280;"277.3";"IRINEOPOLIS";"Demais falhas mecânicas ou elétricas";"Saída de leito carroçável";"Sem Vítimas";"Pleno dia";"Decrescente";"Céu Claro";"Simples";"Reta";"Não";1;0;0;0;0;1;0;1;-26,29406241;-50,80003385;"SR-SC";"UOP04";"DEL06"
334746;2021-01-16;"sábado";"05:20:00";"CE";222;"81";"UMIRIM";"Transitar na contramão";"Colisão lateral";"Sem Vítimas";"Pleno dia";"Crescente";"Céu Claro";"Simples";"Curva";"Não";5;0;0;0;5;0;0;2;-3,675722;-39,268305;"SR-CE";"UOP03";"DEL04"
334747;2021-01-16;"sábado";"03:00:00";"DF";251;"2";"BRASILIA";"Condutor Dormindo";"Colisão frontal";"Com Vítimas Feridas";"Plena Noite";"Crescente";"Nublado";"Simples";"Reta";"Não";4;0;4;0;0;0;4;2;-16,032738;-47,543346;"SR-DF";"UOP01";"DEL01"
334748;2021-01-16;"sábado";"06:10:00";"AL";101;"147";"JEQUIA DA PRAIA";"Demais falhas mecânicas ou elétricas";"Tombamento";"Com Vítimas Feridas";"Pleno dia";"Crescente";"Céu Claro";"Dupla";"Reta";"Não";2;0;2;0;0;0;2;1;-9,87849154;-36,13705873;"SR-AL";"UOP01";"DEL02"
334749;2021-01-16;"sábado";"06:00:00";"SC";101;"136.4";"BALNEARIO CAMBORIU";"Ausência de reação do condutor";"Saída de leito carroçável";"Sem Vítimas";"Pleno dia";"Crescente";"Céu Claro";"Dupla";"Reta";"Sim";1;0;0;0;1;0;0;1;-27,008113;-48,617245;"SR-SC";"UOP03";"DEL04"
334750;2021-01-16;"sábado";"05:55:00";"RS";386;"354";"ESTRELA";"Condutor Dormindo";"Saída de leito carroçável";"Sem Vítimas";"Pleno dia";"Crescente";"Céu Claro";"Dupla";"Reta";"Não";1;0;0;0;0;1;0;1;-29,506611;-51,943012;"SR-RS";"UOP02";"DEL04"
334751;2021-01-16;"sábado";"06:05:00";"SC";163;"70.7";"SAO MIGUEL DO OESTE";"Ingestão de álcool pelo condutor";"Saída de leito carroçável";"Sem Vítimas";"Pleno dia";"Decrescente";"Céu Claro";"Dupla";"Reta";"Sim";1;0;0;0;0;1;0;1;-26,731123;-53,51067066;"SR-SC";"UOP03";"DEL07"
334752;2021-01-16;"sábado";"06:00:00";"BA";242;"822";"BARREIRAS";"Animais na Pista";"Saída de leito carroçável";"Com Vítimas Feridas";"Amanhecer";"Crescente";"Garoa/Chuvisco";"Simples";"Reta";"Sim";4;0;1;0;3;0;1;1;-12,11990727;-45,04979699;"SR-BA";"UOP01";"DEL10"
334753;2021-01-16;"sábado";"05:10:00";"MG";40;"46.1";"PARACATU";"Pista Escorregadia";"Colisão com objeto";"Com Vítimas Feridas";"Amanhecer";"Crescente";"Chuva";"Simples";"Reta";"Não";1;0;1;0;0;0;1;1;-17,23875763;-46,83697693;"SR-MG";"UOP01";"DEL14"
334754;2021-01-16;"sábado";"04:30:00";"GO";153;"534.8";"HIDROLANDIA";"Condutor Dormindo";"Saída de leito carroçável";"Sem Vítimas";"Amanhecer";"Decrescente";"Céu Claro";"Dupla";"Retorno Regulamentado";"Não";2;0;0;0;1;1;0;2;-17,0016;-49,2231;"SR-GO";"UOP03";"DEL01"
334756;2021-01-16;"sábado";"07:10:00";"RS";386;"425";"MONTENEGRO";"Desrespeitar a preferência no cruzamento";"Colisão transversal";"Com Vítimas Feridas";"Pleno dia";"Decrescente";"Céu Claro";"Dupla";"Rotatória";"Sim";3;0;2;0;1;0;2;2;-29,818272;-51,372299;"SR-RS";"UOP02";"DEL04"
334757;2021-01-15;"sexta";"23:30:00";"MG";356;"265.8";"MURIAE";"Ingestão de álcool pelo condutor";"Colisão traseira";"Com Vítimas Feridas";"Plena Noite";"Crescente";"Céu Claro";"Simples";"Não Informado";"Sim";2;0;0;1;0;1;1;2;-21,12735244;-42,3689611;"SR-MG";"UOP02";"DEL07"
334758;2021-01-16;"sábado";"06:10:00";"RJ";101;"405";"ITAGUAI";"Condutor deixou de manter distância do veículo da frente";"Colisão traseira";"Com Vítimas Feridas";"Pleno dia";"Decrescente";"Céu Claro";"Dupla";"Reta";"Não";2;0;1;0;1;0;1;2;-22,867606;-43,802743;"SR-RJ";"UOP04";"DEL01"
334759;2021-01-15;"sexta";"13:00:00";"MA";316;"546";"CAXIAS";"Condutor deixou de manter distância do veículo da frente";"Colisão lateral";"Com Vítimas Feridas";"Pleno dia";"Decrescente";"Céu Claro";"Simples";"Não Informado";"Não";2;0;1;0;0;1;1;2;-4,875501;-43,395222;"SR-MA";"UOP02";"DEL03"
334761;2021-01-16;"sábado";"05:10:00";"BA";101;"217";"CRUZ DAS ALMAS";"Manobra de mudança de faixa";"Saída de leito carroçável";"Com Vítimas Feridas";"Amanhecer";"Decrescente";"Chuva";"Simples";"Ponte";"Não";2;0;2;0;0;0;2;1;-12,64636826;-39,10858154;"SR-BA";"UOP02";"DEL01"
334762;2021-01-16;"sábado";"03:00:00";"MG";153;"148";"COMENDADOR GOMES";"Velocidade Incompatível";"Saída de leito carroçável";"Com Vítimas Feridas";"Amanhecer";"Decrescente";"Chuva";"Simples";"Interseção de vias";"Não";1;0;1;0;0;0;1;1;-19,63284117;-48,85120975;"SR-MG";"UOP02";"DEL13"
334764;2021-01-16;"sábado";"07:50:00";"ES";101;"49.2";"SAO MATEUS";"Condutor deixou de manter distância do veículo da frente";"Colisão traseira";"Com Vítimas Feridas";"Pleno dia";"Decrescente";"Céu Claro";"Simples";"Reta";"Não";3;0;1;0;2;0;1;3;-18,57725;-39,894962;"SR-ES";"UOP02";"DEL04"
334766;2021-01-16;"sábado";"07:20:00";"SC";101;"317.9";"PESCARIA BRAVA";"Velocidade Incompatível";"Colisão traseira";"Sem Vítimas";"Pleno dia";"Decrescente";"Céu Claro";"Dupla";"Viaduto";"Sim";2;0;0;0;0;2;0;2;-28,42708421;-48,85211624;"SR-SC";"UOP01";"DEL02"
334767;2021-01-16;"sábado";"07:20:00";"RS";386;"306.1";"POUSO NOVO";"Velocidade Incompatível";"Colisão lateral";"Com Vítimas Feridas";"Pleno dia";"Decrescente";"Céu Claro";"Simples";"Não Informado";"Não";2;0;0;1;1;0;1;2;-29,194696;-52,185722;"SR-RS";"UOP01";"DEL04"
334768;2021-01-16;"sábado";"06:45:00";"SC";153;"58.5";"IRANI";"Desrespeitar a preferência no cruzamento";"Colisão transversal";"Com Vítimas Feridas";"Pleno dia";"Decrescente";"Céu Claro";"Simples";"Interseção de vias";"Não";5;0;3;0;2;0;3;2;-26,964373;-51,841362;"SR-SC";"UOP05";"DEL07"
334769;2021-01-16;"sábado";"08:05:00";"PR";376;"202.4";"MANDAGUARI";"Curva acentuada";"Saída de leito carroçável";"Com Vítimas Feridas";"Pleno dia";"Decrescente";"Chuva";"Simples";"Curva";"Não";5;0;2;0;3;0;2;1;-23,50951388;-51,72140497;"SR-PR";"UOP01";"DEL09"
334770;2021-01-08;"sexta";"11:20:00";"RS";392;"5";"RIO GRANDE";"Demais falhas mecânicas ou elétricas";"Colisão lateral sentido oposto";"Com Vítimas Feridas";"Pleno dia";"Crescente";"Céu Claro";"Simples";"Reta";"Sim";5;0;1;0;4;0;1;3;-32,07687877;-52,10166627;"SR-RS";"UOP02";"DEL07"
334772;2021-01-16;"sábado";"08:00:00";"MG";116;"410";"GOVERNADOR VALADARES";"Conversão proibida";"Colisão traseira";"Com Vítimas Feridas";"Pleno dia";"Crescente";"Céu Claro";"Dupla";"Reta";"Sim";2;0;2;0;0;0;2;2;-18,855625;-41,975623;"SR-MG";"UOP01";"DEL06"
334774;2021-01-04;"segunda";"15:10:00";"PR";476;"152";"ARAUCARIA";"Condutor deixou de manter distância do veículo da frente";"Colisão lateral";"Com Vítimas Feridas";"Pleno dia";"Crescente";"Nublado";"Dupla";"Reta";"Não";3;0;1;0;2;0;1;3;-25,570036;-49,384193;"SR-PR";"UOP03";"DEL01"
334778;2021-01-16;"sábado";"06:30:00";"GO";153;"310";"RIALMA";"Acumulo de água sobre o pavimento";"Saída de leito carroçável";"Sem Vítimas";"Pleno dia";"Crescente";"Chuva";"Simples";"Não Informado";"Não";1;0;0;0;1;0;0;1;-15,366833;-49,560471;"SR-GO";"UOP02";"DEL02"
334779;2021-01-16;"sábado";"07:35:00";"SC";101;"97";"BALNEARIO PICARRAS";"Ingestão de álcool pelo condutor";"Saída de leito carroçável";"Sem Vítimas";"Pleno dia";"Crescente";"Nublado";"Dupla";"Desvio Temporário";"Não";1;0;0;0;1;0;0;1;-26,72823703;-48,70224928;"SR-SC";"UOP02";"DEL03"
334781;2021-01-16;"sábado";"08:20:00";"MT";163;"118.8";"RONDONOPOLIS";"Animais na Pista";"Atropelamento de Animal";"Com Vítimas Feridas";"Pleno dia";"Crescente";"Nublado";"Dupla";"Reta";"Sim";1;0;1;0;0;0;1;1;-16,51361392;-54,65519619;"SR-MT";"UOP01";"DEL02"
334782;2021-01-16;"sábado";"03:50:00";"BA";116;"727";"BOA NOVA";"Velocidade Incompatível";"Capotamento";"Com Vítimas Feridas";"Plena Noite";"Crescente";"Chuva";"Simples";"Reta";"Não";1;0;1;0;0;0;1;1;-14,25456296;-40,28613818;"SR-BA";"UOP02";"DEL08"
334783;2021-01-16;"sábado";"10:00:00";"RS";116;"494.4";"PELOTAS";"Acumulo de água sobre o pavimento";"Saída de leito carroçável";"Com Vítimas Feridas";"Pleno dia";"Crescente";"Chuva";"Dupla";"Reta";"Não";2;0;2;0;0;0;2;1;-31,50397411;-52,2203438;"SR-RS";"UOP01";"DEL07"
334784;2021-01-16;"sábado";"08:10:00";"BA";116;"720";"MANOEL VITORINO";"Ultrapassagem Indevida";"Colisão frontal";"Com Vítimas Feridas";"Pleno dia";"Decrescente";"Céu Claro";"Simples";"Curva";"Não";2;0;1;0;1;0;1;2;-14,19660191;-40,26941214;"SR-BA";"UOP02";"DEL08"