"id";"data_inversa";"dia_semana";"horario";"uf";"br";"km";"municipio";"causa_acidente";"tipo_acidente";"classificacao_acidente";"fase_dia";"sentido_via";"condicao_metereologica";"tipo_pista";"tracado_via";"uso_solo";"pessoas";"mortos";"feridos_leves";"feridos_graves";"ilesos";"ignorados";"feridos";"veiculos";"latitude";"longitude";"regional";"delegacia";"uop"
334785;2021-01-16;"sábado";"07:20:00";"SC";282;"372";"ERVAL VELHO";"Mal súbito do condutor";"Saída de leito carroçável";"Com Vítimas Fatais";"Pleno dia";"Decrescente";"Céu Claro";"Simples";"Reta";"Não";1;1;0;0;0;0;0;1;-27,246429;-51,448463;"SR-SC";"UOP05";"DEL07"
334786;2021-01-16;"sábado";"10:30:00";"SC";101;"209";"SAO JOSE";"Condutor deixou de manter distância do veículo da frente";"Colisão traseira";"Com Vítimas Feridas";"Pleno dia";"Decrescente";"Nublado";"Múltipla";"Reta";"Sim";2;0;1;0;1;0;1;2;-27,61000542;-48,63895057;"SR-SC";"UOP01";"DEL01"
334789;2021-01-16;"sábado";"10:20:00";"MG";262;"799.7";"UBERABA";"Transitar no acostamento";"Colisão traseira";"Com Vítimas Feridas";"Pleno dia";"Crescente";"Chuva";"Dupla";"Reta";"Sim";3;0;1;0;0;2;1;2;-19,77864246;-47,93629597;"SR-MG";"UOP01";"DEL13"
334790;2021-01-16;"sábado";"07:30:00";"RJ";101;"421";"MANGARATIBA";"Pista esburacada";"Queda de ocupante de veículo";"Com Vítimas Feridas";"Pleno dia";"Crescente";"Céu Claro";"Simples";"Curva";"Não";1;0;1;0;0;0;1;1;-22,91666975;-43,93080593;"SR-RJ";"UOP01";"DEL03"
334791;2021-01-09;"sábado";"06:30:00";"MG";40;"774.8";"JUIZ DE FORA";"Ausência de reação do condutor";"Colisão com objeto";"Com Vítimas Feridas";"Pleno dia";"Crescente";"Nublado";"Dupla";"Reta";"Sim";3;0;1;1;1;0;2;1;-21,65956979;-43,43355867;"SR-MG";"UOP01";"DEL05"
334792;2021-01-16;"sábado";"04:35:00";"GO";153;"294.6";"RIALMA";"Chuva";"Saída de leito carroçável";"Com Vítimas Fatais";"Plena Noite";"Crescente";"Chuva";"Simples";"Curva";"Não";1;1;0;0;0;0;0;1;-15,241663;-49,556767;"SR-GO";"UOP02";"DEL02"
334793;2021-01-16;"sábado";"08:30:00";"ES";101;"282.5";"CARIACICA";"Transitar na contramão";"Colisão frontal";"Com Vítimas Feridas";"Pleno dia";"Decrescente";"Céu Claro";"Múltipla";"Curva";"Sim";2;0;0;1;1;0;1;2;-20,23191892;-40,3678894;"SR-ES";"UOP01";"DEL01"
334794;2021-01-16;"sábado";"11:30:00";"MG";365;"591";"INDIANOPOLIS";"Condutor deixou de manter distância do veículo da frente";"Colisão traseira";"Sem Vítimas";"Pleno dia";"Decrescente";"Céu Claro";"Simples";"Não Informado";"Não";2;0;0;0;2;0;0;2;-18,878559;-48,031471;"SR-MG";"UOP02";"DEL15"
334795;2021-01-16;"sábado";"11:15:00";"SC";101;"305";"LAGUNA";"Demais falhas mecânicas ou elétricas";"Tombamento";"Com Vítimas Feridas";"Pleno dia";"Decrescente";"Céu Claro";"Dupla";"Reta";"Não";1;0;1;0;0;0;1;1;-28,39442061;-48,78032684;"SR-SC";"UOP03";"DEL02"
334797;2021-01-16;"sábado";"11:20:00";"SC";280;"51.4";"GUARAMIRIM";"Manobra de mudança de faixa";"Colisão lateral";"Com Vítimas Feridas";"Pleno dia";"Crescente";"Nublado";"Simples";"Interseção de vias";"Não";5;0;4;0;1;0;4;2;-26,46538871;-48,95544449;"SR-SC";"UOP03";"DEL03"
334798;2021-01-16;"sábado";"11:00:00";"PI";316;"186";"VALENCA DO PIAUI";"Reação tardia ou ineficiente do condutor";"Saída de leito carroçável";"Com Vítimas Feridas";"Pleno dia";"Decrescente";"Nublado";"Simples";"Reta";"Não";2;0;1;0;1;0;1;1;-6,28658493;-41,93976192;"SR-PI";"UOP02";"DEL04"
334799;2021-01-16;"sábado";"12:00:00";"SP";101;"30";"UBATUBA";"Conversão proibida";"Colisão transversal";"Com Vítimas Feridas";"Pleno dia";"Decrescente";"Céu Claro";"Simples";"Curva";"Não";2;0;0;1;1;0;1;2;-23,38005901;-44,96809802;"SR-SP";"UOP02";"DEL06"
334801;2021-01-16;"sábado";"11:20:00";"MG";365;"371.9";"PATOS DE MINAS";"Velocidade Incompatível";"Colisão frontal";"Com Vítimas Fatais";"Pleno dia";"Crescente";"Chuva";"Simples";"Curva";"Não";31;1;2;0;27;1;2;2;-18,54065222;-46,2059055;"SR-MG";"UOP01";"DEL10"
334802;2021-01-16;"sábado";"10:00:00";"BA";418;"87.1";"NOVA VICOSA";"Demais falhas mecânicas ou elétricas";"Incêndio";"Sem Vítimas";"Pleno dia";"Crescente";"Céu Claro";"Simples";"Reta";"Não";1;0;0;0;1;0;0;1;-17,892078;-39,81627;"SR-BA";"UOP02";"DEL09"
334803;2021-01-16;"sábado";"12:15:00";"PR";476;"116.2";"COLOMBO";"Retorno proibido";"Colisão transversal";"Com Vítimas Feridas";"Pleno dia";"Decrescente";"Sol";"Simples";"Reta";"Sim";2;0;1;0;1;0;1;2;-25,35634;-49,180828;"SR-PR";"UOP02";"DEL01"
334804;2021-01-16;"sábado";"12:15:00";"RS";470;"230.3";"CARLOS BARBOSA";"Condutor deixou de manter distância do veículo da frente";"Colisão traseira";"Sem Vítimas";"Pleno dia";"Crescente";"Nublado";"Simples";"Não Informado";"Sim";3;0;0;0;3;0;0;2;-29,27794957;-51,49292361;"SR-RS";"UOP01";"DEL06"
334805;2021-01-16;"sábado";"13:20:00";"RS";392;"153.2";"CANGUCU";"Reação tardia ou ineficiente do condutor";"Saída de leito carroçável";"Com Vítimas Feridas";"Pleno dia";"Decrescente";"Garoa/Chuvisco";"Simples";"Curva";"Não";3;0;2;0;1;0;2;1;-31,15706606;-52,87398701;"SR-RS";"UOP01";"DEL07"
334806;2021-01-16;"sábado";"11:10:00";"RS";468;"74.8";"CAMPO NOVO";"Velocidade Incompatível";"Colisão traseira";"Com Vítimas Feridas";"Pleno dia";"Decrescente";"Nublado";"Simples";"Reta";"Não";5;0;1;1;1;2;2;2;-27,67787124;-53,84962121;"SR-RS";"UOP02";"DEL08"
334807;2021-01-16;"sábado";"13:15:00";"RS";392;"15.8";"RIO GRANDE";"Pista Escorregadia";"Colisão com objeto";"Com Vítimas Feridas";"Pleno dia";"Decrescente";"Garoa/Chuvisco";"Simples";"Interseção de vias";"Não";1;0;0;1;0;0;1;1;-32,1024397;-52,16347437;"SR-RS";"UOP02";"DEL07"
334808;2021-01-16;"sábado";"13:10:00";"SP";116;"387";"MIRACATU";"Demais falhas mecânicas ou elétricas";"Incêndio";"Sem Vítimas";"Pleno dia";"Crescente";"Céu Claro";"Dupla";"Reta";"Não";2;0;0;0;2;0;0;2;-24,267622;-47,393242;"SR-SP";"UOP02";"DEL04"
334809;2021-01-16;"sábado";"13:20:00";"TO";226;"32";"PALMEIRAS DO TOCANTINS";"Afundamento ou ondulação no pavimento";"Saída de leito carroçável";"Com Vítimas Feridas";"Pleno dia";"Decrescente";"Chuva";"Simples";"Curva";"Não";1;0;1;0;0;0;1;1;-6,654036;-47,718834;"SR-TO";"UOP03";"DEL02"
334811;2021-01-16;"sábado";"12:25:00";"MA";10;"257.8";"IMPERATRIZ";"Acesso irregular";"Colisão transversal";"Com Vítimas Feridas";"Pleno dia";"Crescente";"Céu Claro";"Simples";"Interseção de vias";"Sim";2;0;1;0;1;0;1;2;-5,490634;-47,471973;"SR-MA";"UOP01";"DEL04"
334812;2021-01-16;"sábado";"12:20:00";"RO";364;"236.7";"CACOAL";"Acessar a via sem observar a presença dos outros veículos";"Colisão transversal";"Com Vítimas Feridas";"Pleno dia";"Crescente";"Nublado";"Simples";"Retorno Regulamentado";"Sim";3;0;1;0;2;0;1;2;-11,44404721;-61,44443572;"SR-RO";"UOP02";"DEL02"
334813;2021-01-16;"sábado";"10:07:00";"SC";101;"333.7";"TUBARAO";"Acessar a via sem observar a presença dos outros veículos";"Colisão lateral";"Com Vítimas Feridas";"Pleno dia";"Crescente";"Céu Claro";"Dupla";"Não Informado";"Sim";2;0;1;0;1;0;1;2;-28,46630107;-48,99653096;"SR-SC";"UOP01";"DEL02"
334814;2021-01-16;"sábado";"08:40:00";"MT";364;"116.8";"ALTO GARCAS";"Demais falhas mecânicas ou elétricas";"Colisão traseira";"Com Vítimas Feridas";"Pleno dia";"Crescente";"Nublado";"Simples";"Desvio Temporário";"Não";3;0;1;0;2;0;1;3;-16,86399576;-53,87206323;"SR-MT";"UOP04";"DEL02"
334815;2021-01-16;"sábado";"12:00:00";"MG";40;"515";"RIBEIRAO DAS NEVES";"Condutor deixou de manter distância do veículo da frente";"Colisão traseira";"Com Vítimas Feridas";"Pleno dia";"Crescente";"Nublado";"Dupla";"Reta";"Sim";2;0;0;1;0;1;1;2;-19,8090079;-44,09493479;"SR-MG";"UOP02";"DEL01"
334816;2021-01-16;"sábado";"13:55:00";"SC";470;"152.8";"AGRONOMICA";"Transitar na contramão";"Colisão frontal";"Com Vítimas Feridas";"Pleno dia";"Crescente";"Céu Claro";"Simples";"Reta";"Não";8;0;1;3;3;1;4;4;-27,266434;-49,727642;"SR-SC";"UOP02";"DEL04"
334817;2021-01-16;"sábado";"14:05:00";"PE";408;"94.7";"SAO LOURENCO DA MATA";"Transitar no acostamento";"Atropelamento de Pedestre";"Com Vítimas Feridas";"Pleno dia";"Decrescente";"Céu Claro";"Dupla";"Reta";"Sim";2;0;1;0;0;1;1;1;-8,011764;-35,042328;"SR-PE";"UOP01";"DEL01"
334818;2021-01-16;"sábado";"14:00:00";"SC";470;"54.5";"BLUMENAU";"Desrespeitar a preferência no cruzamento";"Colisão lateral";"Com Vítimas Feridas";"Pleno dia";"Crescente";"Nublado";"Simples";"Não Informado";"Sim";2;0;1;0;1;0;1;2;-26,87404117;-49,11509871;"SR-SC";"UOP01";"DEL04"
334819;2021-01-16;"sábado";"13:30:00";"GO";70;"21.1";"COCALZINHO DE GOIAS";"Condutor deixou de manter distância do veículo da frente";"Colisão traseira";"Sem Vítimas";"Pleno dia";"Decrescente";"Nublado";"Simples";"Não Informado";"Não";2;0;0;0;1;1;0;2;-15,74046213;-48,38392376;"SR-DF";"UOP03";"DEL01"
334820;2021-01-16;"sábado";"11:55:00";"PR";116;"117";"CURITIBA";"Demais falhas mecânicas ou elétricas";"Queda de ocupante de veículo";"Com Vítimas Feridas";"Pleno dia";"Decrescente";"Nublado";"Dupla";"Reta";"Sim";1;0;0;1;0;0;1;1;-25,56156815;-49,30801392;"SR-PR";"UOP01";"DEL01"
334821;2021-01-16;"sábado";"13:30:00";"MG";262;"440.3";"NOVA SERRANA";"Velocidade Incompatível";"Saída de leito carroçável";"Sem Vítimas";"Pleno dia";"Crescente";"Chuva";"Dupla";"Reta";"Não";1;0;0;0;1;0;0;1;-19,88607114;-44,89407411;"SR-MG";"UOP03";"DEL08"
334822;2021-01-16;"sábado";"13:15:00";"ES";101;"77.9";"SAO MATEUS";"Conversão proibida";"Colisão transversal";"Com Vítimas Feridas";"Pleno dia";"Crescente";"Céu Claro";"Simples";"Reta";"Não";2;0;1;0;1;0;1;2;-18,79952506;-39,89017092;"SR-ES";"UOP02";"DEL04"
334823;2021-01-16;"sábado";"10:45:00";"SC";101;"318.5";"PESCARIA BRAVA";"Velocidade Incompatível";"Colisão traseira";"Com Vítimas Feridas";"Pleno dia";"Decrescente";"Sol";"Dupla";"Reta";"Sim";2;0;1;0;0;1;1;2;-28,4266481;-48,86160099;"SR-SC";"UOP01";"DEL02"
334824;2021-01-16;"sábado";"12:50:00";"MG";116;"626.1";"ORIZANIA";"Transitar na contramão";"Colisão frontal";"Com Vítimas Feridas";"Pleno dia";"Crescente";"Céu Claro";"Simples";"Reta";"Não";3;0;2;0;1;0;2;2;-20,547563;-42,208299;"SR-MG";"UOP03";"DEL07"
334825;2021-01-16;"sábado";"15:00:00";"MG";381;"939.7";"EXTREMA";"Velocidade Incompatível";"Capotamento";"Com Vítimas Feridas";"Pleno dia";"Decrescente";"Chuva";"Dupla";"Reta";"Não";2;0;1;0;1;0;1;1;-22,84701434;-46,33321175;"SR-MG";"UOP03";"DEL16"
334826;2021-01-16;"sábado";"14:45:00";"MG";381;"839";"SAO SEBASTIAO DA BELA VISTA";"Manobra de mudança de faixa";"Queda de ocupante de veículo";"Com Vítimas Feridas";"Pleno dia";"Decrescente";"Nublado";"Dupla";"Reta";"Não";3;0;1;0;2;0;1;3;-22,19834327;-45,85343083;"SR-MG";"UOP01";"DEL16"
334827;2021-01-16;"sábado";"14:40:00";"MG";50;"6.5";"UBERLANDIA";"Acumulo de água sobre o pavimento";"Saída de leito carroçável";"Com Vítimas Feridas";"Pleno dia";"Decrescente";"Chuva";"Dupla";"Não Informado";"Não";2;0;1;0;1;0;1;1;-18,86893028;-48,2138443;"SR-MG";"UOP01";"DEL15"
334828;2021-01-16;"sábado";"11:40:00";"AL";101;"101";"PILAR";"Pista Escorregadia";"Queda de ocupante de veículo";"Com Vítimas Feridas";"Pleno dia";"Crescente";"Sol";"Dupla";"Reta";"Não";2;0;1;0;1;0;1;2;-9,56416014;-35,96916436;"SR-AL";"UOP01";"DEL01"
334829;2021-01-16;"sábado";"14:20:00";"MT";364;"396";"CUIABA";"Acessar a via sem observar a presença dos outros veículos";"Saída de leito carroçável";"Com Vítimas Feridas";"Pleno dia";"Crescente";"Céu Claro";"Dupla";"Reta";"Sim";4;0;2;0;1;1;2;2;-15,69004774;-55,90523988;"SR-MT";"UOP02";"DEL01"
334830;2021-01-16;"sábado";"15:00:00";"MG";50;"182.5";"UBERABA";"Demais falhas mecânicas ou elétricas";"Queda de ocupante de veículo";"Com Vítimas Feridas";"Pleno dia";"Decrescente";"Nublado";"Dupla";"Reta";"Sim";1;0;1;0;0;0;1;1;-19,793806;-47,911165;"SR-MG";"UOP01";"DEL13"
334831;2021-01-16;"sábado";"15:10:00";"SC";101;"234";"PALHOCA";"Pedestre andava na pista";"Atropelamento de Pedestre";"Com Vítimas Feridas";"Pleno dia";"Crescente";"Céu Claro";"Dupla";"Curva";"Não";2;0;1;0;0;1;1;1;-27,81043812;-48,63537111;"SR-SC";"UOP02";"DEL01"
334832;2021-01-16;"sábado";"14:55:00";"RS";386;"381.5";"TABAI";"Velocidade Incompatível";"Saída de leito carroçável";"Com Vítimas Feridas";"Pleno dia";"Crescente";"Chuva";"Dupla";"Reta";"Não";3;0;2;0;1;0;2;1;-29,655523;-51,750919;"SR-RS";"UOP02";"DEL04"
334833;2021-01-16;"sábado";"08:20:00";"RJ";101;"321";"NITEROI";"Condutor Dormindo";"Saída de leito carroçável";"Com Vítimas Feridas";"Pleno dia";"Crescente";"Céu Claro";"Simples";"Curva";"Sim";2;0;0;1;0;1;1;1;-22,86981096;-43,11046465;"SR-RJ";"UOP02";"DEL02"
334834;2021-01-16;"sábado";"12:10:00";"PI";407;"463.5";"JAICOS";"Acessar a via sem observar a presença dos outros veículos";"Colisão transversal";"Com Vítimas Fatais";"Pleno dia";"Crescente";"Sol";"Simples";"Reta";"Não";2;1;0;0;1;0;0;2;-7,31544499;-41,16176298;"SR-PI";"UOP01";"DEL04"
334835;2021-01-16;"sábado";"16:00:00";"DF";60;"15";"BRASILIA";"Chuva";"Colisão com objeto";"Sem Vítimas";"Pleno dia";"Decrescente";"Garoa/Chuvisco";"Dupla";"Reta";"Não";1;0;0;0;1;0;0;1;-15,943619;-48,172115;"SR-DF";"UOP02";"DEL01"
334836;2021-01-16;"sábado";"08:00:00";"SC";280;"81";"CORUPA";"Mal súbito do condutor";"Saída de leito carroçável";"Com Vítimas Feridas";"Pleno dia";"Crescente";"Nublado";"Simples";"Reta";"Não";2;0;2;0;0;0;2;1;-26,44057489;-49,217056;"SR-SC";"UOP03";"DEL06"
334837;2021-01-16;"sábado";"16:25:00";"RS";386;"395.8";"TRIUNFO";"Velocidade Incompatível";"Saída de leito carroçável";"Com Vítimas Feridas";"Pleno dia";"Decrescente";"Chuva";"Simples";"Reta";"Não";7;0;5;2;0;0;7;1;-29,724592;-51,635849;"SR-RS";"UOP02";"DEL04"
334838;2021-01-16;"sábado";"15:20:00";"PR";277;"36";"MORRETES";"Ausência de reação do condutor";"Colisão lateral";"Com Vítimas Feridas";"Pleno dia";"Decrescente";"Céu Claro";"Dupla";"Curva";"Não";4;0;1;2;1;0;3;4;-25,570967;-48,837509;"SR-PR";"UOP05";"DEL01"
334839;2021-01-16;"sábado";"14:35:00";"MS";158;"69.6";"PARANAIBA";"Velocidade Incompatível";"Colisão com objeto";"Com Vítimas Feridas";"Pleno dia";"Crescente";"Nublado";"Simples";"Não Informado";"Não";1;0;1;0;0;0;1;1;-19,48042969;-51,30065918;"SR-MS";"UOP01";"DEL08"
334840;2021-01-16;"sábado";"16:13:00";"ES";101;"270.5";"SERRA";"Condutor desrespeitou a iluminação vermelha do semáforo";"Colisão transversal";"Com Vítimas Feridas";"Pleno dia";"Decrescente";"Céu Claro";"Múltipla";"Reta";"Sim";2;0;0;1;0;1;1;2;-20,22662056;-40,27075088;"SR-ES";"UOP01";"DEL02"
334841;2021-01-16;"sábado";"14:00:00";"ES";101;"221.9";"IBIRACU";"Reação tardia ou ineficiente do condutor";"Tombamento";"Com Vítimas Feridas";"Pleno dia";"Crescente";"Céu Claro";"Simples";"Curva";"Não";1;0;1;0;0;0;1;1;-19,86695538;-40,40056491;"SR-ES";"UOP01";"DEL02"
334842;2021-01-16;"sábado";"15:45:00";"RJ";393;"285.5";"VOLTA REDONDA";"Retorno proibido";"Colisão transversal";"Sem Vítimas";"Pleno dia";"Decrescente";"Nublado";"Simples";"Reta";"Sim";3;0;0;0;1;2;0;2;-22,481726;-44,06308602;"SR-RJ";"UOP02";"DEL05"
334843;2021-01-16;"sábado";"16:30:00";"SP";116;"400";"MIRACATU";"Transitar na contramão";"Colisão transversal";"Com Vítimas Feridas";"Pleno dia";"Decrescente";"Céu Claro";"Dupla";"Curva";"Não";2;0;1;0;1;0;1;2;-24,30807105;-47,50100998;"SR-SP";"UOP02";"DEL04"
334844;2021-01-16;"sábado";"16:30:00";"BA";101;"64";"ENTRE RIOS";"Demais falhas mecânicas ou elétricas";"Tombamento";"Com Vítimas Feridas";"Pleno dia";"Decrescente";"Céu Claro";"Simples";"Não Informado";"Não";1;0;1;0;0;0;1;1;-11,96618423;-38,14476501;"SR-BA";"UOP04";"DEL01"
334847;2021-01-16;"sábado";"17:40:00";"PR";116;"150";"MANDIRITUBA";"Ingestão de álcool pelo condutor";"Capotamento";"Com Vítimas Feridas";"Pleno dia";"Decrescente";"Céu Claro";"Dupla";"Reta";"Não";2;0;2;0;0;0;2;1;-25,81557015;-49,33088979;"SR-PR";"UOP03";"DEL01"
334849;2021-01-16;"sábado";"13:30:00";"SC";282;"644.9";"SAO MIGUEL DO OESTE";"Obras na pista";"Colisão frontal";"Com Vítimas Feridas";"Pleno dia";"Decrescente";"Chuva";"Simples";"Reta";"Não";3;0;1;0;1;1;1;2;-26,769157;-53,479385;"SR-SC";"UOP03";"DEL07"
334850;2021-01-16;"sábado";"17:10:00";"RJ";101;"80";"CAMPOS DOS GOYTACAZES";"Transitar na contramão";"Colisão frontal";"Com Vítimas Feridas";"Pleno dia";"Decrescente";"Céu Claro";"Simples";"Reta";"Não";3;0;0;1;2;0;1;2;-21,83453437;-41,43797909;"SR-RJ";"UOP02";"DEL08"
334852;2021-01-16;"sábado";"18:10:00";"SE";101;"94.4";"NOSSA SENHORA DO SOCORRO";"Ingestão de álcool pelo condutor";"Saída de leito carroçável";"Sem Vítimas";"Anoitecer";"Decrescente";"Céu Claro";"Dupla";"Reta";"Não";1;0;0;0;0;1;0;1;-10,90732013;-37,15236691;"SR-SE";"UOP01";"DEL01"
334853;2021-01-16;"sábado";"17:30:00";"GO";40;"1.7";"VALPARAISO DE GOIAS";"Condutor deixou de manter distância do veículo da frente";"Colisão traseira";"Sem Vítimas";"Pleno dia";"Crescente";"Céu Claro";"Dupla";"Reta";"Sim";2;0;0;0;2;0;0;2;-16,058245;-47,982825;"SR-DF";"UOP01";"DEL01"
334854;2021-01-16;"sábado";"18:10:00";"SC";101;"275";"IMBITUBA";"Ingestão de álcool pelo condutor";"Colisão com objeto";"Com Vítimas Feridas";"Pleno dia";"Crescente";"Céu Claro";"Dupla";"Reta";"Sim";2;0;1;0;1;0;1;1;-28,151297;-48,692254;"SR-SC";"UOP03";"DEL02"
334855;2021-01-16;"sábado";"18:10:00";"MG";262;"380.3";"JUATUBA";"Velocidade Incompatível";"Saída de leito carroçável";"Com Vítimas Feridas";"Anoitecer";"Crescente";"Nublado";"Dupla";"Curva";"Não";2;0;1;1;0;0;2;1;-19,934838;-44,435147;"SR-MG";"UOP03";"DEL01"
334856;2021-01-16;"sábado";"17:00:00";"RR";174;"501";"BOA VISTA";"Ausência de reação do condutor";"Colisão traseira";"Sem Vítimas";"Anoitecer";"Crescente";"Chuva";"Dupla";"Curva";"Sim";2;0;0;0;1;1;0;2;2,781689;-60,703827;"SR-RR";"UOP01";"DEL01"
334857;2021-01-16;"sábado";"18:16:00";"GO";60;"20";"ALEXANIA";"Chuva";"Saída de leito carroçável";"Com Vítimas Feridas";"Anoitecer";"Crescente";"Chuva";"Dupla";"Curva";"Não";7;0;3;4;0;0;7;1;-16,0963;-48,5202;"SR-DF";"UOP02";"DEL01"
334858;2021-01-16;"sábado";"18:20:00";"RN";304;"24";"MOSSORO";"Demais falhas na via";"Saída de leito carroçável";"Sem Vítimas";"Plena Noite";"Crescente";"Céu Claro";"Simples";"Curva";"Não";4;0;0;0;4;0;0;1;-5,06488233;-37,33287055;"SR-RN";"UOP02";"DEL04"
334859;2021-01-16;"sábado";"17:10:00";"SC";470;"39.9";"GASPAR";"Ultrapassagem Indevida";"Colisão traseira";"Com Vítimas Feridas";"Pleno dia";"Decrescente";"Nublado";"Simples";"Reta";"Não";3;0;2;0;1;0;2;2;-26,897341;-48,986881;"SR-SC";"UOP01";"DEL04"
334860;2021-01-16;"sábado";"17:50:00";"BA";324;"592";"CANDEIAS";"Manobra de mudança de faixa";"Saída de leito carroçável";"Com Vítimas Feridas";"Plena Noite";"Decrescente";"Céu Claro";"Dupla";"Curva";"Não";3;0;2;0;1;0;2;1;-12,69021804;-38,46568118;"SR-BA";"UOP01";"DEL01"
334861;2021-01-16;"sábado";"18:55:00";"DF";70;"17.3";"BRASILIA";"Ingestão de álcool pelo condutor";"Colisão lateral";"Sem Vítimas";"Plena Noite";"Crescente";"Nublado";"Dupla";"Reta";"Não";2;0;0;0;2;0;0;2;-15,794133;-48,202095;"SR-DF";"UOP03";"DEL01"
334862;2021-01-16;"sábado";"19:00:00";"MG";262;"381.3";"JUATUBA";"Velocidade Incompatível";"Saída de leito carroçável";"Com Vítimas Feridas";"Plena Noite";"Decrescente";"Nublado";"Dupla";"Curva";"Não";2;0;1;0;1;0;1;1;-19,940622;-44,386969;"SR-MG";"UOP03";"DEL01"
334863;2021-01-16;"sábado";"14:00:00";"MT";158;"627.8";"AGUA BOA";"Condutor deixou de manter distância do veículo da frente";"Capotamento";"Com Vítimas Feridas";"Pleno dia";"Crescente";"Nublado";"Simples";"Reta";"Não";1;0;1;0;0;0;1;1;-14,50888009;-52,29429484;"SR-MT";"UOP02";"DEL07"
334864;2021-01-16;"sábado";"18:00:00";"SP";116;"225";"GUARULHOS";"Ausência de reação do condutor";"Colisão lateral";"Com Vítimas Feridas";"Anoitecer";"Decrescente";"Céu Claro";"Múltipla";"Reta";"Sim";2;0;1;0;1;0;1;2;-23,48586772;-46,54075317;"SR-SP";"UOP01";"DEL01"
334865;2021-01-16;"sábado";"19:00:00";"PR";476;"138";"CURITIBA";"Velocidade Incompatível";"Colisão com objeto";"Sem Vítimas";"Plena Noite";"Decrescente";"Nublado";"Simples";"Reta";"Sim";1;0;0;0;0;1;0;1;-25,505564;-49,283417;"SR-PR";"UOP03";"DEL01"
334866;2021-01-16;"sábado";"19:00:00";"RS";392;"715.3";"PORTO XAVIER";"Ausência de reação do condutor";"Saída de leito carroçável";"Com Vítimas Feridas";"Anoitecer";"Crescente";"Chuva";"Simples";"Não Informado";"Não";2;0;0;2;0;0;2;1;-27,95699988;-55,13418687;"SR-RS";"UOP01";"DEL10"
334867;2021-01-16;"sábado";"18:35:00";"RJ";493;"82";"JAPERI";"Ausência de reação do condutor";"Colisão traseira";"Com Vítimas Feridas";"Anoitecer";"Crescente";"Céu Claro";"Dupla";"Reta";"Não";3;0;1;0;2;0;1;2;-22,66328416;-43,62550735;"SR-RJ";"UOP03";"DEL01"
334868;2021-01-16;"sábado";"12:20:00";"RO";364;"835";"PORTO VELHO";"Acumulo de água sobre o pavimento";"Saída de leito carroçável";"Sem Vítimas";"Pleno dia";"Decrescente";"Chuva";"Simples";"Curva";"Não";2;0;0;0;2;0;0;1;-9,36809408;-64,67435289;"SR-RO";"UOP02";"DEL01"
334869;2021-01-16;"sábado";"19:30:00";"ES";101;"160.3";"LINHARES";"Demais falhas mecânicas ou elétricas";"Tombamento";"Com Vítimas Feridas";"Plena Noite";"Decrescente";"Céu Claro";"Simples";"Reta";"Não";1;0;1;0;0;0;1;1;-19,47662979;-40,11402541;"SR-ES";"UOP01";"DEL04"
334870;2021-01-16;"sábado";"18:15:00";"MS";262;"327.8";"CAMPO GRANDE";"Acessar a via sem observar a presença dos outros veículos";"Colisão transversal";"Com Vítimas Feridas";"Plena Noite";"Decrescente";"Nublado";"Simples";"Não Informado";"Sim";3;0;0;2;1;0;2;2;-20,46657314;-54,54372903;"SR-MS";"UOP01";"DEL01"
334871;2021-01-16;"sábado";"12:20:00";"MS";163;"648";"SAO GABRIEL DO OESTE";"Avarias e/ou desgaste excessivo no pneu";"Saída de leito carroçável";"Sem Vítimas";"Pleno dia";"Crescente";"Garoa/Chuvisco";"Simples";"Reta";"Não";1;0;0;0;1;0;0;1;-19,1776549;-54,75383172;"SR-MS";"UOP02";"DEL06"
334872;2021-01-16;"sábado";"19:50:00";"ES";262;"6.5";"CARIACICA";"Velocidade Incompatível";"Engavetamento";"Com Vítimas Feridas";"Plena Noite";"Crescente";"Céu Claro";"Múltipla";"Reta";"Sim";3;0;2;0;1;0;2;3;-20,34007493;-40,39451305;"SR-ES";"UOP01";"DEL01"
334873;2021-01-16;"sábado";"14:30:00";"MG";365;"638.9";"UBERLANDIA";"Ausência de reação do condutor";"Saída de leito carroçável";"Sem Vítimas";"Pleno dia";"Crescente";"Nublado";"Dupla";"Reta";"Não";1;0;0;0;0;1;0;1;-18,8883267;-48,44671495;"SR-MG";"UOP01";"DEL15"
334874;2021-01-16;"sábado";"19:40:00";"MG";381;"441";"SABARA";"Demais falhas mecânicas ou elétricas";"Incêndio";"Sem Vítimas";"Plena Noite";"Crescente";"Nublado";"Simples";"Não Informado";"Não";1;0;0;0;1;0;0;1;-19,81604176;-43,80389901;"SR-MG";"UOP01";"DEL01"
334875;2021-01-16;"sábado";"17:50:00";"PR";272;"528";"FRANCISCO ALVES";"Pista esburacada";"Saída de leito carroçável";"Com Vítimas Feridas";"Anoitecer";"Crescente";"Chuva";"Simples";"Reta";"Não";1;0;1;0;0;0;1;1;-24,06574623;-53,85125201;"SR-PR";"UOP01";"DEL06"
334877;2021-01-16;"sábado";"17:45:00";"PR";153;"385.4";"MALLET";"Curva acentuada";"Saída de leito carroçável";"Com Vítimas Feridas";"Pleno dia";"Decrescente";"Nublado";"Simples";"Curva";"Não";2;0;2;0;0;0;2;1;-25,84266194;-50,83626789;"SR-PR";"UOP04";"DEL02"
334878;2021-01-16;"sábado";"18:50:00";"PI";316;"10.5";"TERESINA";"Ingestão de álcool pelo condutor";"Colisão traseira";"Sem Vítimas";"Plena Noite";"Decrescente";"Céu Claro";"Múltipla";"Reta";"Sim";2;0;0;0;2;0;0;2;-5,16483402;-42,76899508;"SR-PI";"UOP02";"DEL01"