"id";"data_inversa";"dia_semana";"horario";"uf";"br";"km";"municipio";"causa_acidente";"tipo_acidente";"classificacao_acidente";"fase_dia";"sentido_via";"condicao_metereologica";"tipo_pista";"tracado_via";"uso_solo";"pessoas";"mortos";"feridos_leves";"feridos_graves";"ilesos";"ignorados";"feridos";"veiculos";"latitude";"longitude";"regional";"delegacia";"uop"
334879;2021-01-16;"sábado";"19:55:00";"CE";20;"420";"MARACANAU";"Ingestão de álcool pelo condutor";"Colisão lateral";"Com Vítimas Feridas";"Plena Noite";"Crescente";"Nublado";"Dupla";"Reta";"Sim";3;0;2;0;1;0;2;2;-3,76999035;-38,67006282;"SR-CE";"UOP02";"DEL01"
334880;2021-01-16;"sábado";"17:15:00";"RN";427;"63.3";"JARDIM DO SERIDO";"Demais falhas mecânicas ou elétricas";"Incêndio";"Sem Vítimas";"Pleno dia";"Decrescente";"Sol";"Simples";"Curva";"Não";1;0;0;0;1;0;0;1;-6,57606854;-36,83493084;"SR-RN";"UOP01";"DEL03"
334881;2021-01-16;"sábado";"18:30:00";"MS";158;"91";"PARANAIBA";"Condutor deixou de manter distância do veículo da frente";"Colisão traseira";"Com Vítimas Feridas";"Plena Noite";"Crescente";"Nublado";"Simples";"Reta";"Não";2;0;1;0;1;0;1;2;-19,656206;-51,203968;"SR-MS";"UOP01";"DEL08"
334882;2021-01-16;"sábado";"19:15:00";"RJ";116;"174";"SAO JOAO DE MERITI";"Reação tardia ou ineficiente do condutor";"Capotamento";"Com Vítimas Feridas";"Plena Noite";"Crescente";"Céu Claro";"Dupla";"Reta";"Sim";1;0;1;0;0;0;1;1;-22,79423806;-43,36403759;"SR-RJ";"UOP02";"DEL01"
334883;2021-01-16;"sábado";"17:30:00";"RS";290;"540.4";"ALEGRETE";"Velocidade Incompatível";"Saída de leito carroçável";"Com Vítimas Feridas";"Pleno dia";"Crescente";"Nublado";"Simples";"Curva";"Não";1;0;0;1;0;0;1;1;-29,98192;-55,422497;"SR-RS";"UOP02";"DEL13"
334884;2021-01-16;"sábado";"20:30:00";"PR";277;"690";"SAO MIGUEL DO IGUACU";"Deixar de acionar o farol da motocicleta (ou similar)";"Saída de leito carroçável";"Com Vítimas Feridas";"Plena Noite";"Decrescente";"Nublado";"Dupla";"Desvio Temporário";"Sim";1;0;1;0;0;0;1;1;-25,3582673;-54,24527283;"SR-PR";"UOP01";"DEL05"
334885;2021-01-16;"sábado";"20:10:00";"RJ";116;"122";"MAGE";"Frear bruscamente";"Engavetamento";"Com Vítimas Feridas";"Plena Noite";"Crescente";"Nublado";"Dupla";"Reta";"Sim";6;0;2;0;4;0;2;4;-22,65690815;-43,08903337;"SR-RJ";"UOP04";"DEL02"
334886;2021-01-16;"sábado";"17:00:00";"RJ";493;"21";"MAGE";"Desrespeitar a preferência no cruzamento";"Colisão transversal";"Com Vítimas Feridas";"Pleno dia";"Crescente";"Céu Claro";"Simples";"Retorno Regulamentado";"Sim";2;0;0;1;1;0;1;2;-22,66151289;-43,04480692;"SR-RJ";"UOP04";"DEL02"
334888;2021-01-16;"sábado";"19:00:00";"MT";163;"613.5";"NOVA MUTUM";"Pista em desnível";"Capotamento";"Com Vítimas Feridas";"Plena Noite";"Crescente";"Céu Claro";"Simples";"Reta";"Não";1;0;1;0;0;0;1;1;-13,79479843;-56,06675191;"SR-MT";"UOP01";"DEL01"
334889;2021-01-16;"sábado";"20:40:00";"SC";470;"54.5";"BLUMENAU";"Desrespeitar a preferência no cruzamento";"Colisão transversal";"Com Vítimas Feridas";"Plena Noite";"Crescente";"Chuva";"Simples";"Interseção de vias";"Sim";2;0;1;0;1;0;1;2;-26,87319581;-49,11420822;"SR-SC";"UOP01";"DEL04"
334890;2021-01-16;"sábado";"11:20:00";"RS";116;"25";"VACARIA";"Animais na Pista";"Atropelamento de Animal";"Com Vítimas Feridas";"Pleno dia";"Crescente";"Sol";"Simples";"Reta";"Não";2;0;1;0;1;0;1;1;-28,40611002;-50,85626496;"SR-RS";"UOP03";"DEL05"
334891;2021-01-16;"sábado";"21:10:00";"RJ";116;"54";"TERESOPOLIS";"Ultrapassagem Indevida";"Colisão frontal";"Com Vítimas Feridas";"Plena Noite";"Crescente";"Céu Claro";"Simples";"Reta";"Não";4;0;2;0;2;0;2;2;-22,20348855;-42,88843108;"SR-RJ";"UOP01";"DEL04"
334892;2021-01-16;"sábado";"21:10:00";"PE";101;"51.4";"PAULISTA";"Condutor deixou de manter distância do veículo da frente";"Engavetamento";"Com Vítimas Feridas";"Plena Noite";"Decrescente";"Céu Claro";"Múltipla";"Reta";"Sim";3;0;1;0;2;0;1;3;-7,9169968;-34,89689272;"SR-PE";"UOP02";"DEL01"
334893;2021-01-16;"sábado";"21:00:00";"SC";282;"500.1";"XANXERE";"Ingestão de álcool pelo condutor";"Capotamento";"Sem Vítimas";"Plena Noite";"Decrescente";"Chuva";"Dupla";"Rotatória";"Sim";1;0;0;0;0;1;0;1;-26,881372;-52,37252;"SR-SC";"UOP01";"DEL07"
334894;2021-01-16;"sábado";"20:50:00";"PR";376;"138.3";"NOVA ESPERANCA";"Animais na Pista";"Saída de leito carroçável";"Com Vítimas Feridas";"Plena Noite";"Decrescente";"Chuva";"Dupla";"Curva";"Não";1;0;1;0;0;0;1;1;-23,22308103;-52,17896705;"SR-PR";"UOP02";"DEL09"
334895;2021-01-16;"sábado";"20:00:00";"PE";232;"12.7";"JABOATAO DOS GUARARAPES";"Ingestão de álcool pelo condutor";"Colisão traseira";"Sem Vítimas";"Plena Noite";"Decrescente";"Nublado";"Dupla";"Não Informado";"Não";3;0;0;0;3;0;0;3;-8,088134;-35,010084;"SR-PE";"UOP01";"DEL01"
334897;2021-01-16;"sábado";"18:40:00";"MG";40;"232";"SAO GONCALO DO ABAETE";"Ausência de reação do condutor";"Saída de leito carroçável";"Com Vítimas Feridas";"Plena Noite";"Crescente";"Chuva";"Simples";"Reta";"Não";3;0;1;2;0;0;3;1;-18,01562;-45,553455;"SR-MG";"UOP02";"DEL14"
334898;2021-01-16;"sábado";"19:30:00";"RO";364;"340.8";"JI-PARANA";"Ingestão de álcool pelo condutor";"Colisão transversal";"Com Vítimas Feridas";"Plena Noite";"Crescente";"Céu Claro";"Dupla";"Reta";"Sim";5;0;2;0;2;1;2;2;-10,898802;-61,93046;"SR-RO";"UOP01";"DEL02"
334899;2021-01-16;"sábado";"19:40:00";"PE";428;"72.7";"SANTA MARIA DA BOA VISTA";"Animais na Pista";"Saída de leito carroçável";"Com Vítimas Feridas";"Plena Noite";"Crescente";"Céu Claro";"Simples";"Reta";"Não";1;0;0;1;0;0;1;1;-8,71441312;-39,77160215;"SR-PE";"UOP03";"DEL06"
334900;2021-01-16;"sábado";"17:40:00";"SC";280;"229.7";"CANOINHAS";"Ingestão de álcool pelo condutor";"Capotamento";"Com Vítimas Feridas";"Pleno dia";"Decrescente";"Chuva";"Simples";"Reta";"Não";1;0;1;0;0;0;1;1;-26,18663571;-50,35523415;"SR-SC";"UOP04";"DEL06"
334901;2021-01-16;"sábado";"18:45:00";"MA";135;"3.6";"SAO LUIS";"Ausência de reação do condutor";"Queda de ocupante de veículo";"Com Vítimas Fatais";"Plena Noite";"Crescente";"Céu Claro";"Dupla";"Não Informado";"Sim";2;1;0;0;0;1;0;1;-2,61280229;-44,25032887;"SR-MA";"UOP01";"DEL01"
334902;2021-01-16;"sábado";"20:50:00";"SC";101;"259.5";"PAULO LOPES";"Velocidade Incompatível";"Colisão com objeto";"Com Vítimas Feridas";"Plena Noite";"Crescente";"Nublado";"Dupla";"Curva";"Não";6;0;3;2;1;0;5;1;-28,013062;-48,695152;"SR-SC";"UOP03";"DEL02"
334903;2021-01-16;"sábado";"21:35:00";"PB";230;"8";"CABEDELO";"Ingestão de álcool pelo condutor";"Colisão com objeto";"Com Vítimas Feridas";"Plena Noite";"Crescente";"Céu Claro";"Dupla";"Não Informado";"Sim";2;0;2;0;0;0;2;1;-7,04070382;-34,84538198;"SR-PB";"UOP01";"DEL01"
334904;2021-01-16;"sábado";"22:00:00";"PR";116;"61";"CAMPINA GRANDE DO SUL";"Acesso irregular";"Colisão traseira";"Sem Vítimas";"Plena Noite";"Decrescente";"Chuva";"Dupla";"Reta";"Não";2;0;0;0;0;2;0;2;-25,30264645;-48,96353197;"SR-PR";"UOP02";"DEL01"
334905;2021-01-16;"sábado";"20:38:00";"MG";381;"755.7";"TRES CORACOES";"Acessar a via sem observar a presença dos outros veículos";"Colisão traseira";"Sem Vítimas";"Plena Noite";"Decrescente";"Nublado";"Simples";"Reta";"Não";3;0;0;0;3;0;0;2;-21,6960517;-45,36128707;"SR-MG";"UOP02";"DEL16"
334906;2021-01-16;"sábado";"21:50:00";"BA";110;"118";"ANTAS";"Ingestão de álcool pelo condutor";"Colisão frontal";"Com Vítimas Feridas";"Plena Noite";"Crescente";"Céu Claro";"Simples";"Desvio Temporário";"Não";2;0;2;0;0;0;2;2;-10,44783195;-38,38126723;"SR-BA";"UOP01";"DEL07"
334907;2021-01-16;"sábado";"20:44:00";"RJ";116;"227";"PIRAI";"Pedestre andava na pista";"Atropelamento de Pedestre";"Com Vítimas Feridas";"Plena Noite";"Crescente";"Nublado";"Dupla";"Curva";"Sim";2;0;1;0;0;1;1;1;-22,66505586;-43,8208548;"SR-RJ";"UOP01";"DEL07"
334908;2021-01-16;"sábado";"23:00:00";"SE";235;"54";"ITABAIANA";"Mal súbito do condutor";"Tombamento";"Com Vítimas Feridas";"Plena Noite";"Crescente";"Céu Claro";"Simples";"Reta";"Sim";1;0;1;0;0;0;1;1;-10,676047;-37,443279;"SR-SE";"UOP02";"DEL01"
334909;2021-01-16;"sábado";"21:15:00";"MT";364;"206";"RONDONOPOLIS";"Afundamento ou ondulação no pavimento";"Queda de ocupante de veículo";"Com Vítimas Feridas";"Plena Noite";"Crescente";"Garoa/Chuvisco";"Simples";"Reta";"Sim";1;0;1;0;0;0;1;1;-16,45124779;-54,66469557;"SR-MT";"UOP01";"DEL02"
334910;2021-01-16;"sábado";"20:32:00";"PE";101;"69.5";"RECIFE";"Ingestão de álcool pelo condutor";"Saída de leito carroçável";"Com Vítimas Feridas";"Plena Noite";"Crescente";"Nublado";"Dupla";"Curva";"Não";1;0;1;0;0;0;1;1;-8,0656033;-34,9443233;"SR-PE";"UOP01";"DEL01"
334911;2021-01-16;"sábado";"22:50:00";"MS";163;"462.4";"CAMPO GRANDE";"Entrada inopinada do pedestre";"Atropelamento de Pedestre";"Com Vítimas Fatais";"Plena Noite";"Crescente";"Céu Claro";"Simples";"Reta";"Não";7;2;2;0;3;0;2;1;-20,62069293;-54,5742707;"SR-MS";"UOP01";"DEL01"
334912;2021-01-16;"sábado";"23:00:00";"PE";232;"254.4";"ARCOVERDE";"Reação tardia ou ineficiente do condutor";"Colisão traseira";"Com Vítimas Feridas";"Plena Noite";"Decrescente";"Céu Claro";"Simples";"Reta";"Sim";6;0;2;3;1;0;5;2;-8,41875994;-37,07859892;"SR-PE";"UOP02";"DEL03"
334913;2021-01-16;"sábado";"19:45:00";"AM";174;"986";"PRESIDENTE FIGUEIREDO";"Reação tardia ou ineficiente do condutor";"Colisão com objeto";"Sem Vítimas";"Plena Noite";"Crescente";"Céu Claro";"Simples";"Rotatória";"Não";1;0;0;0;0;1;0;1;-2,08062563;-60,00746369;"SR-AM";"UOP02";"DEL01"
334914;2021-01-16;"sábado";"23:55:00";"GO";70;"10.5";"AGUAS LINDAS DE GOIAS";"Ingestão de álcool pelo condutor";"Capotamento";"Sem Vítimas";"Plena Noite";"Crescente";"Nublado";"Dupla";"Reta";"Sim";2;0;0;0;2;0;0;1;-15,73738129;-48,29228118;"SR-DF";"UOP03";"DEL01"
334915;2021-01-16;"sábado";"22:15:00";"MG";40;"607.3";"CONGONHAS";"Conversão proibida";"Colisão transversal";"Com Vítimas Feridas";"Plena Noite";"Crescente";"Céu Claro";"Simples";"Reta";"Não";2;0;0;1;1;0;1;2;-20,483615;-43,839349;"SR-MG";"UOP02";"DEL05"
334916;2021-01-17;"domingo";"00:10:00";"RS";116;"243";"SAO LEOPOLDO";"Ingestão de álcool pelo condutor";"Colisão com objeto";"Com Vítimas Feridas";"Plena Noite";"Crescente";"Céu Claro";"Dupla";"Reta";"Não";3;0;3;0;0;0;3;1;-29,73196199;-51,14952004;"SR-RS";"UOP02";"DEL01"
334917;2021-01-17;"domingo";"00:05:00";"RJ";116;"165";"SAO JOAO DE MERITI";"Acessar a via sem observar a presença dos outros veículos";"Colisão lateral";"Com Vítimas Feridas";"Plena Noite";"Crescente";"Céu Claro";"Dupla";"Reta";"Sim";3;0;1;0;2;0;1;2;-22,8106813;-43,334198;"SR-RJ";"UOP01";"DEL01"
334918;2021-01-17;"domingo";"00:04:00";"RR";174;"498";"BOA VISTA";"Acessar a via sem observar a presença dos outros veículos";"Colisão transversal";"Com Vítimas Feridas";"Plena Noite";"Decrescente";"Céu Claro";"Dupla";"Interseção de vias";"Sim";2;0;2;0;0;0;2;2;2,767734;-60,720005;"SR-RR";"UOP01";"DEL01"
334919;2021-01-17;"domingo";"01:00:00";"AL";101;"86";"RIO LARGO";"Acessar a via sem observar a presença dos outros veículos";"Colisão traseira";"Com Vítimas Feridas";"Plena Noite";"Crescente";"Céu Claro";"Dupla";"Retorno Regulamentado";"Não";2;0;0;1;1;0;1;2;-9,47238667;-35,88083026;"SR-AL";"UOP01";"DEL01"
334920;2021-01-17;"domingo";"00:46:00";"SP";381;"40";"ATIBAIA";"Reação tardia ou ineficiente do condutor";"Tombamento";"Com Vítimas Feridas";"Plena Noite";"Decrescente";"Céu Claro";"Múltipla";"Reta";"Sim";1;0;1;0;0;0;1;1;-23,12997498;-46,5767598;"SR-SP";"UOP01";"DEL03"
334921;2021-01-17;"domingo";"00:01:00";"MT";163;"774";"SORRISO";"Pista Escorregadia";"Saída de leito carroçável";"Com Vítimas Feridas";"Plena Noite";"Crescente";"Chuva";"Simples";"Reta";"Não";1;0;1;0;0;0;1;1;-12,48998414;-55,68296474;"SR-MT";"UOP01";"DEL06"
334922;2021-01-17;"domingo";"00:40:00";"RS";470;"178";"VERANOPOLIS";"Condutor desrespeitou a iluminação vermelha do semáforo";"Colisão transversal";"Sem Vítimas";"Plena Noite";"Decrescente";"Céu Claro";"Simples";"Reta";"Sim";2;0;0;0;2;0;0;2;-28,94753484;-51,55413312;"SR-RS";"UOP02";"DEL06"
334924;2021-01-17;"domingo";"00:20:00";"RJ";356;"174.5";"SAO JOAO DA BARRA";"Ingestão de álcool pelo condutor";"Saída de leito carroçável";"Com Vítimas Fatais";"Plena Noite";"Decrescente";"Céu Claro";"Simples";"Interseção de vias";"Sim";5;1;1;3;0;0;4;1;-21,71824125;-41,0574317;"SR-RJ";"UOP02";"DEL08"
334925;2021-01-16;"sábado";"23:20:00";"PR";277;"696";"SAO MIGUEL DO IGUACU";"Reação tardia ou ineficiente do condutor";"Colisão traseira";"Com Vítimas Feridas";"Plena Noite";"Crescente";"Nublado";"Dupla";"Desvio Temporário";"Não";3;0;2;0;0;1;2;2;-25,38683788;-54,29509407;"SR-PR";"UOP01";"DEL05"
334926;2021-01-17;"domingo";"00:05:00";"SC";480;"123.7";"CHAPECO";"Ingestão de álcool pelo condutor";"Colisão com objeto";"Sem Vítimas";"Plena Noite";"Crescente";"Céu Claro";"Dupla";"Não Informado";"Não";1;0;0;0;0;1;0;1;-26,99739704;-52,64201951;"SR-SC";"UOP01";"DEL07"
334927;2021-01-17;"domingo";"01:30:00";"SC";101;"257.3";"PAULO LOPES";"Avarias e/ou desgaste excessivo no pneu";"Saída de leito carroçável";"Com Vítimas Feridas";"Plena Noite";"Decrescente";"Chuva";"Simples";"Não Informado";"Não";2;0;2;0;0;0;2;1;-28,001034;-48,689733;"SR-SC";"UOP03";"DEL02"
334928;2021-01-17;"domingo";"01:25:00";"RJ";116;"185";"NOVA IGUACU";"Animais na Pista";"Capotamento";"Com Vítimas Feridas";"Plena Noite";"Decrescente";"Céu Claro";"Dupla";"Reta";"Sim";1;0;1;0;0;0;1;1;-22,74151051;-43,45351823;"SR-RJ";"UOP02";"DEL01"
334929;2021-01-17;"domingo";"02:15:00";"SC";101;"442.1";"SANTA ROSA DO SUL";"Condutor Dormindo";"Colisão com objeto";"Com Vítimas Feridas";"Plena Noite";"Crescente";"Nublado";"Dupla";"Reta";"Sim";1;0;1;0;0;0;1;1;-29,13192564;-49,69564861;"SR-SC";"UOP02";"DEL02"
334930;2021-01-17;"domingo";"01:31:00";"RR";174;"501";"BOA VISTA";"Ausência de reação do condutor";"Colisão traseira";"Com Vítimas Feridas";"Plena Noite";"Crescente";"Ignorado";"Dupla";"Curva";"Sim";3;0;1;0;2;0;1;2;2,781689;-60,703827;"SR-RR";"UOP01";"DEL01"
334931;2021-01-17;"domingo";"01:45:00";"PR";277;"107";"CURITIBA";"Ingestão de álcool pelo condutor";"Saída de leito carroçável";"Sem Vítimas";"Plena Noite";"Crescente";"Nublado";"Dupla";"Curva";"Sim";1;0;0;0;1;0;0;1;-25,47157895;-49,35341791;"SR-PR";"UOP01";"DEL01"
334932;2021-01-16;"sábado";"17:15:00";"GO";60;"323";"ACREUNA";"Acumulo de água sobre o pavimento";"Saída de leito carroçável";"Com Vítimas Feridas";"Pleno dia";"Crescente";"Chuva";"Dupla";"Reta";"Não";2;0;1;0;1;0;1;1;-17,5078671;-50,47289729;"SR-GO";"UOP01";"DEL04"
334934;2021-01-17;"domingo";"02:00:00";"MS";163;"159.4";"JUTI";"Ausência de reação do condutor";"Saída de leito carroçável";"Sem Vítimas";"Plena Noite";"Crescente";"Garoa/Chuvisco";"Simples";"Reta";"Não";1;0;0;0;1;0;0;1;-22,92559705;-54,50382002;"SR-MS";"UOP01";"DEL09"
334935;2021-01-17;"domingo";"03:30:00";"RS";472;"124.8";"SAO JOSE DO INHACORA";"Reação tardia ou ineficiente do condutor";"Colisão lateral";"Com Vítimas Feridas";"Plena Noite";"Decrescente";"Céu Claro";"Simples";"Reta";"Não";2;0;1;0;1;0;1;2;-27,70969697;-54,17204205;"SR-RS";"UOP01";"DEL10"
334936;2021-01-17;"domingo";"03:00:00";"ES";101;"421";"CACHOEIRO DE ITAPEMIRIM";"Ausência de reação do condutor";"Colisão com objeto";"Com Vítimas Feridas";"Plena Noite";"Decrescente";"Céu Claro";"Simples";"Curva";"Não";2;0;2;0;0;0;2;1;-20,97396984;-41,11067322;"SR-ES";"UOP02";"DEL03"
334937;2021-01-17;"domingo";"03:50:00";"SC";101;"80.7";"BARRA VELHA";"Ingestão de substâncias psicoativas pelo condutor";"Colisão traseira";"Com Vítimas Feridas";"Plena Noite";"Decrescente";"Céu Claro";"Dupla";"Não Informado";"Não";2;0;1;0;1;0;1;2;-26,59441996;-48,72183309;"SR-SC";"UOP02";"DEL03"
334938;2021-01-17;"domingo";"04:15:00";"CE";116;"16.9";"ITAITINGA";"Velocidade Incompatível";"Colisão com objeto";"Com Vítimas Feridas";"Plena Noite";"Decrescente";"Céu Claro";"Dupla";"Reta";"Sim";1;0;0;1;0;0;1;1;-3,88732794;-38,50185439;"SR-CE";"UOP02";"DEL01"
334939;2021-01-17;"domingo";"04:30:00";"PR";369;"157.9";"LONDRINA";"Condutor Dormindo";"Colisão com objeto";"Com Vítimas Feridas";"Plena Noite";"Crescente";"Nublado";"Dupla";"Não Informado";"Sim";3;0;3;0;0;0;3;1;-23,28534361;-51,23349935;"SR-PR";"UOP01";"DEL07"
334940;2021-01-17;"domingo";"00:20:00";"PI";343;"437.8";"LAGOINHA DO PIAUI";"Transitar na contramão";"Colisão frontal";"Com Vítimas Feridas";"Plena Noite";"Crescente";"Nublado";"Simples";"Reta";"Não";3;0;0;1;1;1;1;2;-5,840275;-42,624091;"SR-PI";"UOP02";"DEL01"
334941;2021-01-17;"domingo";"05:00:00";"GO";153;"429.5";"ANAPOLIS";"Velocidade Incompatível";"Saída de leito carroçável";"Sem Vítimas";"Amanhecer";"Crescente";"Céu Claro";"Simples";"Reta";"Sim";1;0;0;0;1;0;0;1;-16,245422;-49,001404;"SR-GO";"UOP01";"DEL02"
334942;2021-01-17;"domingo";"05:50:00";"PR";277;"181.9";"PALMEIRA";"Velocidade Incompatível";"Saída de leito carroçável";"Com Vítimas Feridas";"Amanhecer";"Crescente";"Chuva";"Simples";"Reta";"Não";1;0;0;1;0;0;1;1;-25,42886433;-50,02941398;"SR-PR";"UOP03";"DEL03"
334943;2021-01-17;"domingo";"05:00:00";"SC";116;"52.1";"PAPANDUVA";"Ingestão de álcool e/ou substâncias psicoativas pelo pedestre";"Tombamento";"Sem Vítimas";"Amanhecer";"Crescente";"Chuva";"Simples";"Reta";"Não";1;0;0;0;1;0;0;1;-26,39008273;-50,14576709;"SR-SC";"UOP01";"DEL06"
334945;2021-01-17;"domingo";"04:10:00";"ES";101;"101.9";"SOORETAMA";"Condutor Dormindo";"Colisão com objeto";"Com Vítimas Feridas";"Plena Noite";"Decrescente";"Céu Claro";"Simples";"Ponte";"Não";5;0;5;0;0;0;5;1;-18,98833904;-39,99933491;"SR-ES";"UOP01";"DEL04"
334946;2021-01-17;"domingo";"05:50:00";"SP";116;"225";"GUARULHOS";"Ausência de reação do condutor";"Colisão com objeto";"Com Vítimas Feridas";"Pleno dia";"Crescente";"Céu Claro";"Múltipla";"Reta";"Sim";2;0;2;0;0;0;2;1;-23,48586772;-46,54075317;"SR-SP";"UOP01";"DEL01"
334947;2021-01-17;"domingo";"05:40:00";"GO";153;"507.7";"APARECIDA DE GOIANIA";"Ingestão de álcool pelo condutor";"Colisão lateral sentido oposto";"Sem Vítimas";"Amanhecer";"Crescente";"Garoa/Chuvisco";"Múltipla";"Desvio Temporário";"Sim";2;0;0;0;2;0;0;2;-16,76896011;-49,23932791;"SR-GO";"UOP03";"DEL01"
334948;2021-01-17;"domingo";"04:45:00";"RR";174;"499";"BOA VISTA";"Ingestão de álcool pelo condutor";"Queda de ocupante de veículo";"Com Vítimas Feridas";"Plena Noite";"Decrescente";"Ignorado";"Dupla";"Reta";"Sim";1;0;1;0;0;0;1;1;2,772157;-60,714409;"SR-RR";"UOP01";"DEL01"
334949;2021-01-17;"domingo";"05:50:00";"SP";116;"286";"ITAPECERICA DA SERRA";"Ingestão de álcool pelo condutor";"Colisão com objeto";"Sem Vítimas";"Amanhecer";"Decrescente";"Céu Claro";"Dupla";"Reta";"Não";1;0;0;0;1;0;0;1;-23,70925128;-46,87588966;"SR-SP";"UOP01";"DEL04"
334950;2021-01-17;"domingo";"06:15:00";"ES";101;"269";"SERRA";"Curva acentuada";"Tombamento";"Com Vítimas Feridas";"Amanhecer";"Crescente";"Céu Claro";"Dupla";"Curva";"Sim";1;0;0;1;0;0;1;1;-20,22662056;-40,27075088;"SR-ES";"UOP01";"DEL02"
334951;2021-01-17;"domingo";"04:30:00";"BA";242;"705";"CRISTOPOLIS";"Reação tardia ou ineficiente do condutor";"Colisão traseira";"Com Vítimas Feridas";"Amanhecer";"Decrescente";"Céu Claro";"Simples";"Reta";"Não";3;0;1;0;2;0;1;2;-12,222538;-44,087758;"SR-BA";"UOP02";"DEL10"
334952;2021-01-17;"domingo";"02:05:00";"SC";101;"163";"TIJUCAS";"Ausência de reação do condutor";"Saída de leito carroçável";"Sem Vítimas";"Plena Noite";"Decrescente";"Chuva";"Dupla";"Reta";"Sim";1;0;0;0;0;1;0;1;-27,23461699;-48,63039809;"SR-SC";"UOP03";"DEL04"
334953;2021-01-17;"domingo";"06:35:00";"DF";20;"23";"BRASILIA";"Ingestão de álcool pelo condutor";"Colisão lateral mesmo sentido";"Sem Vítimas";"Pleno dia";"Decrescente";"Céu Claro";"Dupla";"Curva";"Não";3;0;0;0;3;0;0;2;-15,595297;-47,667912;"SR-DF";"UOP01";"DEL02"
334954;2021-01-17;"domingo";"05:40:00";"MA";222;"672.1";"ACAILANDIA";"Transitar na contramão";"Colisão frontal";"Com Vítimas Feridas";"Amanhecer";"Decrescente";"Céu Claro";"Simples";"Reta";"Sim";2;0;0;1;1;0;1;2;-4,94627543;-47,47457385;"SR-MA";"UOP03";"DEL04"
334955;2021-01-17;"domingo";"06:40:00";"GO";60;"71.3";"ANAPOLIS";"Ausência de reação do condutor";"Saída de leito carroçável";"Com Vítimas Feridas";"Pleno dia";"Crescente";"Nublado";"Dupla";"Curva";"Não";2;0;1;1;0;0;2;1;-16,2551;-48,7628;"SR-GO";"UOP01";"DEL02"
334956;2021-01-17;"domingo";"07:10:00";"GO";153;"438";"ANAPOLIS";"Condutor Dormindo";"Saída de leito carroçável";"Sem Vítimas";"Pleno dia";"Crescente";"Céu Claro";"Dupla";"Reta";"Sim";1;0;0;0;1;0;0;1;-16,291595;-48,934811;"SR-GO";"UOP01";"DEL02"
334957;2021-01-17;"domingo";"07:50:00";"SP";116;"220.2";"GUARULHOS";"Avarias e/ou desgaste excessivo no pneu";"Tombamento";"Com Vítimas Feridas";"Pleno dia";"Crescente";"Céu Claro";"Múltipla";"Reta";"Sim";2;0;2;0;0;0;2;1;-23,46472809;-46,49793962;"SR-SP";"UOP01";"DEL01"
334958;2021-01-17;"domingo";"07:40:00";"MS";267;"29.9";"BATAGUASSU";"Desrespeitar a preferência no cruzamento";"Colisão traseira";"Com Vítimas Feridas";"Pleno dia";"Crescente";"Nublado";"Dupla";"Não Informado";"Sim";2;0;1;0;1;0;1;2;-21,71956689;-52,42426872;"SR-MS";"UOP04";"DEL02"
334960;2021-01-17;"domingo";"03:40:00";"RJ";116;"178";"NOVA IGUACU";"Ingestão de álcool pelo condutor";"Colisão traseira";"Com Vítimas Feridas";"Plena Noite";"Decrescente";"Céu Claro";"Dupla";"Reta";"Sim";2;0;2;0;0;0;2;2;-22,75022178;-43,44200134;"SR-RJ";"UOP02";"DEL01"
334962;2021-01-17;"domingo";"07:00:00";"RN";226;"291";"AUGUSTO SEVERO";"Desrespeitar a preferência no cruzamento";"Colisão frontal";"Com Vítimas Feridas";"Pleno dia";"Crescente";"Céu Claro";"Simples";"Reta";"Não";2;0;1;0;1;0;1;2;-5,87585487;-37,31979022;"SR-RN";"UOP01";"DEL04"
334964;2021-01-17;"domingo";"07:00:00";"SC";101;"368.4";"SANGAO";"Condutor Dormindo";"Saída de leito carroçável";"Com Vítimas Feridas";"Pleno dia";"Crescente";"Sol";"Dupla";"Curva";"Sim";1;0;1;0;0;0;1;1;-28,70052584;-49,19471741;"SR-SC";"UOP01";"DEL02"
334965;2021-01-17;"domingo";"09:20:00";"SP";381;"22";"BRAGANCA PAULISTA";"Velocidade Incompatível";"Tombamento";"Com Vítimas Feridas";"Pleno dia";"Decrescente";"Céu Claro";"Múltipla";"Reta";"Sim";1;0;1;0;0;0;1;1;-22,99697186;-46,5163051;"SR-SP";"UOP01";"DEL03"
334966;2021-01-17;"domingo";"09:30:00";"BA";116;"644";"JAGUAQUARA";"Velocidade Incompatível";"Saída de leito carroçável";"Com Vítimas Feridas";"Pleno dia";"Crescente";"Céu Claro";"Simples";"Curva";"Não";1;0;1;0;0;0;1;1;-13,61095292;-40,09151459;"SR-BA";"UOP01";"DEL03"
334967;2021-01-17;"domingo";"09:30:00";"RJ";393;"280";"BARRA DO PIRAI";"Acessar a via sem observar a presença dos outros veículos";"Colisão transversal";"Com Vítimas Feridas";"Pleno dia";"Crescente";"Céu Claro";"Simples";"Reta";"Sim";2;0;1;0;1;0;1;2;-22,47750785;-44,01954402;"SR-RJ";"UOP02";"DEL05"
334969;2021-01-17;"domingo";"05:00:00";"AM";319;"802";"CANUTAMA";"Pedestre andava na pista";"Atropelamento de Pedestre";"Com Vítimas Fatais";"Plena Noite";"Crescente";"Nublado";"Simples";"Reta";"Não";3;1;0;0;0;2;0;2;-8,51834;-63,982213;"SR-RO";"UOP01";"DEL01"