"id";"data_inversa";"dia_semana";"horario";"uf";"br";"km";"municipio";"causa_acidente";"tipo_acidente";"classificacao_acidente";"fase_dia";"sentido_via";"condicao_metereologica";"tipo_pista";"tracado_via";"uso_solo";"pessoas";"mortos";"feridos_leves";"feridos_graves";"ilesos";"ignorados";"feridos";"veiculos";"latitude";"longitude";"regional";"delegacia";"uop"
335063;2021-01-17;"domingo";"17:00:00";"RO";NA;"";"ARIQUEMES";"Acessar a via sem observar a presença dos outros veículos";"Colisão lateral";"Com Vítimas Feridas";"Pleno dia";"Não Informado";"Céu Claro";"Simples";"Desvio Temporário";"Sim";3;0;1;0;2;0;1;3;-9,920987;-63,063728;"SR-RO";"DEL03";"RO"
335064;2021-01-17;"domingo";"19:00:00";"PR";116;"135.5";"MANDIRITUBA";"Ausência de reação do condutor";"Colisão lateral";"Com Vítimas Feridas";"Anoitecer";"Crescente";"Céu Claro";"Simples";"Reta";"Não";5;0;0;1;4;0;1;4;-25,69308504;-49,31768479;"SR-PR";"UOP03";"DEL01"
335065;2021-01-17;"domingo";"10:00:00";"PI";135;"601";"CORRENTE";"Afundamento ou ondulação no pavimento";"Tombamento";"Com Vítimas Fatais";"Pleno dia";"Decrescente";"Céu Claro";"Simples";"Reta";"Não";1;1;0;0;0;0;0;1;-10,501444;-45,184548;"SR-PI";"UOP02";"DEL03"
335066;2021-01-17;"domingo";"19:25:00";"PR";376;"657.1";"TIJUCAS DO SUL";"Velocidade Incompatível";"Capotamento";"Com Vítimas Feridas";"Plena Noite";"Crescente";"Chuva";"Dupla";"Curva";"Não";2;0;1;0;1;0;1;1;-25,85232468;-49,03032776;"SR-PR";"UOP04";"DEL01"
335067;2021-01-17;"domingo";"19:15:00";"RJ";116;"139";"MAGE";"Ingestão de álcool pelo condutor";"Colisão traseira";"Sem Vítimas";"Plena Noite";"Crescente";"Céu Claro";"Dupla";"Reta";"Sim";8;0;0;0;8;0;0;2;-22,64655224;-43,20138601;"SR-RJ";"UOP01";"DEL01"
335068;2021-01-17;"domingo";"20:00:00";"PR";369;"19.6";"CAMBARA";"Pedestre cruzava a pista fora da faixa";"Atropelamento de Pedestre";"Com Vítimas Feridas";"Plena Noite";"Crescente";"Chuva";"Simples";"Reta";"Sim";2;0;0;1;1;0;1;1;-23,036264;-50,079228;"SR-PR";"UOP01";"DEL07"
335069;2021-01-17;"domingo";"16:40:00";"MA";316;"564.3";"CAXIAS";"Chuva";"Saída de leito carroçável";"Com Vítimas Feridas";"Pleno dia";"Decrescente";"Chuva";"Simples";"Reta";"Não";1;0;1;0;0;0;1;1;-4,900841;-43,250313;"SR-MA";"UOP02";"DEL03"
335070;2021-01-17;"domingo";"18:45:00";"RJ";101;"40";"CAMPOS DOS GOYTACAZES";"Deficiência do Sistema de Iluminação/Sinalização";"Colisão traseira";"Com Vítimas Feridas";"Plena Noite";"Crescente";"Céu Claro";"Simples";"Reta";"Não";2;0;2;0;0;0;2;2;-21,54919979;-41,33553881;"SR-RJ";"UOP01";"DEL08"
335071;2021-01-17;"domingo";"20:00:00";"PB";361;"108.8";"ITAPORANGA";"Manobra de mudança de faixa";"Colisão lateral sentido oposto";"Com Vítimas Feridas";"Plena Noite";"Decrescente";"Céu Claro";"Simples";"Desvio Temporário";"Não";5;0;1;1;2;1;2;3;-7,29217614;-38,10235698;"SR-PB";"UOP01";"DEL03"
335072;2021-01-17;"domingo";"17:00:00";"GO";364;"206";"JATAI";"Reação tardia ou ineficiente do condutor";"Saída de leito carroçável";"Com Vítimas Feridas";"Pleno dia";"Decrescente";"Céu Claro";"Simples";"Curva";"Não";2;0;1;0;1;0;1;1;-17,908182;-51,810753;"SR-GO";"UOP01";"DEL05"
335073;2021-01-17;"domingo";"19:00:00";"BA";242;"572";"OLIVEIRA DOS BREJINHOS";"Ultrapassagem Indevida";"Colisão lateral mesmo sentido";"Com Vítimas Feridas";"Plena Noite";"Decrescente";"Ignorado";"Simples";"Reta";"Não";4;0;1;0;3;0;1;2;-12,03394816;-43,06091309;"SR-BA";"UOP02";"DEL10"
335074;2021-01-17;"domingo";"19:34:00";"RO";364;"709";"PORTO VELHO";"Ingestão de álcool pelo condutor";"Eventos atípicos";"Sem Vítimas";"Plena Noite";"Crescente";"Céu Claro";"Simples";"Interseção de vias";"Sim";1;0;0;0;1;0;0;1;-8,7909383;-63,84895617;"SR-RO";"UOP01";"DEL01"
335075;2021-01-17;"domingo";"10:45:00";"BA";324;"537";"CONCEICAO DO JACUIPE";"Velocidade Incompatível";"Saída de leito carroçável";"Com Vítimas Feridas";"Pleno dia";"Crescente";"Céu Claro";"Dupla";"Reta";"Sim";1;0;0;1;0;0;1;1;-12,36902201;-38,81384601;"SR-BA";"UOP03";"DEL01"
335076;2021-01-17;"domingo";"19:50:00";"PI";407;"502";"PATOS DO PIAUI";"Ultrapassagem Indevida";"Colisão frontal";"Com Vítimas Fatais";"Plena Noite";"Decrescente";"Céu Claro";"Simples";"Não Informado";"Não";6;1;1;3;1;0;4;3;-7,622311;-41,291482;"SR-PI";"UOP01";"DEL04"
335077;2021-01-17;"domingo";"19:05:00";"MG";116;"564.7";"MANHUACU";"Velocidade Incompatível";"Tombamento";"Com Vítimas Feridas";"Plena Noite";"Decrescente";"Nublado";"Simples";"Curva";"Não";1;0;1;0;0;0;1;1;-20,06216515;-42,17191471;"SR-MG";"UOP04";"DEL06"
335078;2021-01-17;"domingo";"21:00:00";"PR";163;"286";"MARECHAL CANDIDO RONDON";"Reação tardia ou ineficiente do condutor";"Colisão lateral sentido oposto";"Com Vítimas Feridas";"Plena Noite";"Crescente";"Nublado";"Simples";"Reta";"Sim";2;0;1;0;1;0;1;2;-24,568102;-54,034168;"SR-PR";"UOP02";"DEL06"
335079;2021-01-17;"domingo";"20:20:00";"PB";101;"82";"BAYEUX";"Ingestão de álcool pelo condutor";"Colisão lateral mesmo sentido";"Sem Vítimas";"Plena Noite";"Crescente";"Céu Claro";"Dupla";"Reta";"Sim";3;0;0;0;2;1;0;2;-7,12911;-34,93714;"SR-PB";"UOP01";"DEL01"
335080;2021-01-17;"domingo";"21:10:00";"PR";116;"43.1";"CAMPINA GRANDE DO SUL";"Velocidade Incompatível";"Saída de leito carroçável";"Sem Vítimas";"Plena Noite";"Crescente";"Chuva";"Dupla";"Curva";"Não";4;0;0;0;4;0;0;1;-25,18101149;-48,88196442;"SR-PR";"UOP02";"DEL01"
335081;2021-01-17;"domingo";"20:25:00";"MG";40;"459.9";"CAETANOPOLIS";"Deixar de acionar o farol da motocicleta (ou similar)";"Colisão com objeto";"Com Vítimas Feridas";"Plena Noite";"Decrescente";"Céu Claro";"Dupla";"Reta";"Não";1;0;1;0;0;0;1;1;-19,396091;-44,334165;"SR-MG";"UOP01";"DEL02"
335082;2021-01-17;"domingo";"21:45:00";"SP";NA;"";"JUQUIA";"Ausência de reação do condutor";"Saída de leito carroçável";"Sem Vítimas";"Plena Noite";"Não Informado";"Garoa/Chuvisco";"Simples";"Curva";"Sim";1;0;0;0;1;0;0;1;-24,33164;-47,632774;"SR-SP";"UOP01";"DEL05"
335083;2021-01-17;"domingo";"21:10:00";"PI";343;"315";"ALTOS";"Ultrapassagem Indevida";"Colisão lateral";"Com Vítimas Feridas";"Plena Noite";"Crescente";"Nublado";"Simples";"Reta";"Não";2;0;1;0;1;0;1;2;-5,047249;-42,527164;"SR-PI";"UOP01";"DEL01"
335084;2021-01-17;"domingo";"17:15:00";"AC";364;"112";"RIO BRANCO";"Reação tardia ou ineficiente do condutor";"Capotamento";"Com Vítimas Feridas";"Anoitecer";"Crescente";"Nublado";"Simples";"Reta";"Não";5;0;1;2;1;1;3;1;-10,0136782;-67,683134;"SR-AC";"UOP01";"DEL01"
335086;2021-01-17;"domingo";"19:11:00";"BA";324;"433";"RIACHAO DO JACUIPE";"Animais na Pista";"Engavetamento";"Com Vítimas Feridas";"Plena Noite";"Crescente";"Céu Claro";"Simples";"Reta";"Não";3;0;2;0;1;0;2;3;-11,78465185;-39,4313739;"SR-BA";"UOP02";"DEL04"
335087;2021-01-09;"sábado";"21:00:00";"RJ";116;"96";"GUAPIMIRIM";"Chuva";"Capotamento";"Com Vítimas Feridas";"Plena Noite";"Crescente";"Chuva";"Simples";"Curva";"Não";2;0;1;0;1;0;1;1;-22,48025217;-42,99744482;"SR-RJ";"UOP04";"DEL02"
335089;2021-01-17;"domingo";"20:25:00";"PR";153;"330";"IRATI";"Conversão proibida";"Colisão lateral mesmo sentido";"Com Vítimas Feridas";"Plena Noite";"Decrescente";"Garoa/Chuvisco";"Dupla";"Reta";"Não";4;0;2;0;2;0;2;2;-25,45471011;-50,6196247;"SR-PR";"UOP03";"DEL03"
335090;2021-01-17;"domingo";"17:45:00";"GO";153;"149";"CAMPINORTE";"Condutor deixou de manter distância do veículo da frente";"Colisão traseira";"Com Vítimas Feridas";"Pleno dia";"Decrescente";"Céu Claro";"Simples";"Ponte";"Não";3;0;1;0;2;0;1;3;-14,07319;-49,096848;"SR-GO";"UOP02";"DEL07"
335091;2021-01-17;"domingo";"22:00:00";"PE";232;"117.8";"CARUARU";"Pedestre cruzava a pista fora da faixa";"Atropelamento de Pedestre";"Sem Vítimas";"Plena Noite";"Decrescente";"Céu Claro";"Dupla";"Reta";"Não";2;0;0;0;1;1;0;1;-8,29529153;-35,8754959;"SR-PE";"UOP02";"DEL02"
335093;2021-01-17;"domingo";"22:15:00";"PR";277;"677";"MEDIANEIRA";"Ingestão de álcool pelo condutor";"Colisão traseira";"Com Vítimas Feridas";"Plena Noite";"Decrescente";"Céu Claro";"Dupla";"Reta";"Não";2;0;1;0;1;0;1;2;-25,30758578;-54,14057014;"SR-PR";"UOP01";"DEL05"
335094;2021-01-17;"domingo";"22:45:00";"MG";262;"483.6";"BOM DESPACHO";"Acessar a via sem observar a presença dos outros veículos";"Colisão transversal";"Com Vítimas Feridas";"Plena Noite";"Decrescente";"Chuva";"Simples";"Não Informado";"Não";2;0;1;0;1;0;1;2;-19,78475619;-45,27534199;"SR-MG";"UOP03";"DEL08"
335095;2021-01-17;"domingo";"23:30:00";"AP";210;"3";"MACAPA";"Reação tardia ou ineficiente do condutor";"Colisão traseira";"Sem Vítimas";"Plena Noite";"Crescente";"Céu Claro";"Simples";"Reta";"Sim";2;0;0;0;2;0;0;2;0,08723365;-51,08569007;"SR-AP";"UOP01";"DEL01"
335096;2021-01-17;"domingo";"23:50:00";"RN";101;"82";"NATAL";"Conversão proibida";"Colisão lateral";"Com Vítimas Feridas";"Plena Noite";"Decrescente";"Céu Claro";"Dupla";"Reta";"Sim";3;0;2;0;1;0;2;2;-5,76791511;-35,27456305;"SR-RN";"UOP01";"DEL02"
335098;2021-01-17;"domingo";"23:30:00";"GO";153;"506";"APARECIDA DE GOIANIA";"Ausência de reação do condutor";"Queda de ocupante de veículo";"Com Vítimas Feridas";"Plena Noite";"Crescente";"Céu Claro";"Dupla";"Reta";"Sim";1;0;0;1;0;0;1;1;-16,7633;-49,24;"SR-GO";"UOP01";"DEL01"
335100;2021-01-17;"domingo";"21:50:00";"PE";428;"186.6";"PETROLINA";"Pista Escorregadia";"Queda de ocupante de veículo";"Com Vítimas Feridas";"Plena Noite";"Crescente";"Céu Claro";"Simples";"Reta";"Sim";1;0;1;0;0;0;1;1;-9,365391;-40,483415;"SR-PE";"UOP01";"DEL06"
335101;2021-01-17;"domingo";"18:45:00";"RO";364;"347";"JI-PARANA";"Ingestão de álcool pelo condutor";"Colisão traseira";"Sem Vítimas";"Plena Noite";"Decrescente";"Céu Claro";"Simples";"Reta";"Sim";2;0;0;0;2;0;0;2;-10,86070186;-61,9761549;"SR-RO";"UOP01";"DEL02"
335102;2021-01-17;"domingo";"23:45:00";"PB";101;"61.2";"SANTA RITA";"Ingestão de álcool pelo condutor";"Colisão traseira";"Com Vítimas Feridas";"Plena Noite";"Decrescente";"Nublado";"Dupla";"Reta";"Não";3;0;0;1;2;0;1;2;-7,00949401;-35,06072329;"SR-PB";"UOP04";"DEL01"
335104;2021-01-17;"domingo";"21:30:00";"MT";364;"250";"JUSCIMEIRA";"Ausência de reação do condutor";"Saída de leito carroçável";"Sem Vítimas";"Plena Noite";"Crescente";"Nublado";"Dupla";"Reta";"Não";1;0;0;0;1;0;0;1;-16,12029135;-54,85333523;"SR-MT";"UOP01";"DEL02"
335105;2021-01-17;"domingo";"22:40:00";"RJ";101;"430";"MANGARATIBA";"Reação tardia ou ineficiente do condutor";"Tombamento";"Com Vítimas Feridas";"Plena Noite";"Decrescente";"Céu Claro";"Simples";"Não Informado";"Sim";1;0;1;0;0;0;1;1;-22,93710123;-44,01083798;"SR-RJ";"UOP01";"DEL03"
335106;2021-01-17;"domingo";"23:00:00";"MG";381;"788";"SAO GONCALO DO SAPUCAI";"Transitar na contramão";"Saída de leito carroçável";"Sem Vítimas";"Plena Noite";"Decrescente";"Céu Claro";"Dupla";"Reta";"Não";1;0;0;0;0;1;0;1;-21,8650106;-45,53349293;"SR-MG";"UOP02";"DEL16"
335107;2021-01-18;"segunda";"00:40:00";"RJ";101;"277";"TANGUA";"Avarias e/ou desgaste excessivo no pneu";"Saída de leito carroçável";"Com Vítimas Feridas";"Plena Noite";"Crescente";"Ignorado";"Dupla";"Reta";"Não";4;0;1;3;0;0;4;1;-22,73943906;-42,748279;"SR-RJ";"UOP03";"DEL02"
335108;2021-01-18;"segunda";"00:20:00";"PB";230;"8.4";"CABEDELO";"Ausência de reação do condutor";"Colisão com objeto";"Com Vítimas Feridas";"Plena Noite";"Crescente";"Céu Claro";"Dupla";"Túnel";"Não";2;0;0;1;0;1;1;1;-7,0355;-34,8429;"SR-PB";"UOP01";"DEL01"
335109;2021-01-17;"domingo";"20:15:00";"MG";153;"222";"FRUTAL";"Avarias e/ou desgaste excessivo no pneu";"Saída de leito carroçável";"Com Vítimas Feridas";"Plena Noite";"Crescente";"Céu Claro";"Simples";"Reta";"Não";1;0;0;1;0;0;1;1;-20,172567;-49,11351;"SR-MG";"UOP02";"DEL13"
335110;2021-01-17;"domingo";"22:00:00";"RS";116;"253";"SAO LEOPOLDO";"Acessar a via sem observar a presença dos outros veículos";"Colisão traseira";"Com Vítimas Feridas";"Plena Noite";"Decrescente";"Garoa/Chuvisco";"Simples";"Reta";"Sim";2;0;1;0;1;0;1;2;-29,81784209;-51,16996166;"SR-RS";"UOP02";"DEL01"
335113;2021-01-18;"segunda";"01:00:00";"MA";135;"10.5";"SAO LUIS";"Ausência de reação do condutor";"Colisão traseira";"Sem Vítimas";"Plena Noite";"Crescente";"Céu Claro";"Dupla";"Curva";"Sim";3;0;0;0;1;2;0;2;-2,655912;-44,28629098;"SR-MA";"UOP01";"DEL01"
335115;2021-01-18;"segunda";"01:55:00";"RS";116;"264";"CANOAS";"Velocidade Incompatível";"Colisão com objeto";"Sem Vítimas";"Plena Noite";"Decrescente";"Nublado";"Múltipla";"Reta";"Sim";1;0;0;0;1;0;0;1;-29,914435;-51,17754495;"SR-RS";"UOP01";"DEL01"
335116;2021-01-18;"segunda";"02:05:00";"SC";101;"207.4";"SAO JOSE";"Estacionar ou parar em local proibido";"Colisão traseira";"Com Vítimas Feridas";"Plena Noite";"Decrescente";"Céu Claro";"Múltipla";"Desvio Temporário";"Sim";4;0;1;0;2;1;1;3;-27,60001226;-48,6226467;"SR-SC";"UOP01";"DEL01"
335117;2021-01-18;"segunda";"02:00:00";"SP";116;"207";"GUARULHOS";"Ausência de reação do condutor";"Colisão com objeto";"Com Vítimas Feridas";"Plena Noite";"Decrescente";"Nublado";"Dupla";"Reta";"Sim";1;0;0;1;0;0;1;1;-23,4192957;-46,38226032;"SR-SP";"UOP01";"DEL01"
335118;2021-01-17;"domingo";"23:30:00";"MA";222;"621";"ACAILANDIA";"Pedestre andava na pista";"Atropelamento de Pedestre";"Com Vítimas Fatais";"Plena Noite";"Crescente";"Céu Claro";"Simples";"Reta";"Não";5;1;0;0;4;0;0;2;-4,77434;-47,067018;"SR-MA";"UOP03";"DEL04"
335119;2021-01-18;"segunda";"01:10:00";"PE";232;"115";"CARUARU";"Obstrução na via";"Colisão lateral";"Sem Vítimas";"Plena Noite";"Crescente";"Céu Claro";"Dupla";"Reta";"Não";5;0;0;0;4;1;0;2;-8,29851022;-35,85780302;"SR-PE";"UOP02";"DEL02"
335120;2021-01-18;"segunda";"01:50:00";"MS";158;"97";"PARANAIBA";"Ingestão de álcool pelo condutor";"Saída de leito carroçável";"Com Vítimas Feridas";"Plena Noite";"Decrescente";"Céu Claro";"Dupla";"Reta";"Sim";1;0;1;0;0;0;1;1;-19,69627676;-51,17701292;"SR-MS";"UOP01";"DEL08"
335121;2021-01-18;"segunda";"00:20:00";"RJ";101;"489";"ANGRA DOS REIS";"Transitar na contramão";"Colisão lateral";"Com Vítimas Feridas";"Plena Noite";"Crescente";"Céu Claro";"Simples";"Curva";"Não";2;0;1;1;0;0;2;2;-22,95605138;-44,30404997;"SR-RJ";"UOP01";"DEL03"
335122;2021-01-18;"segunda";"02:45:00";"GO";153;"643.5";"MORRINHOS";"Demais falhas mecânicas ou elétricas";"Incêndio";"Sem Vítimas";"Plena Noite";"Crescente";"Nublado";"Dupla";"Reta";"Não";1;0;0;0;1;0;0;1;-17,9057;-49,2375;"SR-GO";"UOP01";"DEL03"
335123;2021-01-18;"segunda";"03:00:00";"PI";316;"7";"TERESINA";"Reação tardia ou ineficiente do condutor";"Colisão com objeto";"Sem Vítimas";"Plena Noite";"Decrescente";"Céu Claro";"Dupla";"Não Informado";"Sim";1;0;0;0;0;1;0;1;-5,15584638;-42,77173332;"SR-PI";"UOP02";"DEL01"
335124;2021-01-18;"segunda";"03:45:00";"SP";116;"395";"MIRACATU";"Frear bruscamente";"Saída de leito carroçável";"Sem Vítimas";"Plena Noite";"Crescente";"Nublado";"Simples";"Reta";"Sim";1;0;0;0;1;0;0;1;-24,28894933;-47,46080025;"SR-SP";"UOP02";"DEL04"
335125;2021-01-18;"segunda";"04:00:00";"SC";101;"134";"BALNEARIO CAMBORIU";"Ingestão de álcool pelo condutor";"Colisão com objeto";"Sem Vítimas";"Plena Noite";"Decrescente";"Nublado";"Dupla";"Interseção de vias";"Não";1;0;0;0;1;0;0;1;-27,00218;-48,636433;"SR-SC";"UOP03";"DEL04"
335127;2021-01-18;"segunda";"03:20:00";"MS";163;"562";"BANDEIRANTES";"Reação tardia ou ineficiente do condutor";"Saída de leito carroçável";"Sem Vítimas";"Plena Noite";"Crescente";"Garoa/Chuvisco";"Simples";"Não Informado";"Não";1;0;0;0;1;0;0;1;-19,80187994;-54,36992724;"SR-MS";"UOP02";"DEL01"
335128;2021-01-18;"segunda";"03:40:00";"RS";392;"62.7";"PELOTAS";"Condutor deixou de manter distância do veículo da frente";"Colisão traseira";"Com Vítimas Fatais";"Plena Noite";"Decrescente";"Céu Claro";"Dupla";"Reta";"Não";2;1;0;0;1;0;0;2;-31,77187582;-52,36310125;"SR-RS";"UOP01";"DEL07"
335129;2021-01-18;"segunda";"02:30:00";"MG";381;"504";"BETIM";"Velocidade Incompatível";"Tombamento";"Com Vítimas Feridas";"Plena Noite";"Decrescente";"Céu Claro";"Dupla";"Reta";"Sim";2;0;2;0;0;0;2;1;-20,03437852;-44,24211645;"SR-MG";"UOP03";"DEL01"
335131;2021-01-18;"segunda";"05:00:00";"SC";101;"206";"SAO JOSE";"Acumulo de água sobre o pavimento";"Colisão lateral";"Com Vítimas Feridas";"Amanhecer";"Crescente";"Chuva";"Simples";"Reta";"Sim";2;0;1;0;1;0;1;2;-27,59193546;-48,61824557;"SR-SC";"UOP01";"DEL01"
335132;2021-01-18;"segunda";"03:50:00";"SC";101;"121";"ITAJAI";"Acessar a via sem observar a presença dos outros veículos";"Colisão traseira";"Com Vítimas Feridas";"Amanhecer";"Crescente";"Céu Claro";"Dupla";"Reta";"Não";2;0;1;0;1;0;1;2;-26,92103178;-48,70856446;"SR-SC";"UOP04";"DEL04"
335133;2021-01-18;"segunda";"05:40:00";"RS";116;"143.8";"CAXIAS DO SUL";"Avarias e/ou desgaste excessivo no pneu";"Colisão com objeto";"Com Vítimas Feridas";"Pleno dia";"Crescente";"Garoa/Chuvisco";"Dupla";"Curva";"Sim";1;0;1;0;0;0;1;1;-29,1201739;-51,12260651;"SR-RS";"UOP01";"DEL05"
335136;2021-01-18;"segunda";"05:00:00";"SP";153;"170.5";"GUAICARA";"Reação tardia ou ineficiente do condutor";"Colisão traseira";"Com Vítimas Feridas";"Plena Noite";"Crescente";"Céu Claro";"Simples";"Não Informado";"Não";2;0;1;0;1;0;1;2;-21,59723102;-49,78493471;"SR-SP";"UOP01";"DEL07"
335138;2021-01-18;"segunda";"06:20:00";"SP";116;"226.7";"GUARULHOS";"Velocidade Incompatível";"Colisão traseira";"Com Vítimas Fatais";"Pleno dia";"Crescente";"Céu Claro";"Múltipla";"Reta";"Sim";3;2;0;0;1;0;0;3;-23,49102507;-46,54878195;"SR-SP";"UOP01";"DEL01"
335139;2021-01-18;"segunda";"06:15:00";"PE";101;"166.5";"RIBEIRAO";"Ausência de reação do condutor";"Colisão com objeto";"Com Vítimas Feridas";"Pleno dia";"Decrescente";"Céu Claro";"Dupla";"Curva";"Não";2;0;1;0;0;1;1;1;-8,56126018;-35,46857977;"SR-PE";"UOP03";"DEL01"
335140;2021-01-17;"domingo";"21:30:00";"MG";251;"209";"CACHOEIRA DE PAJEU";"Ausência de reação do condutor";"Colisão traseira";"Com Vítimas Feridas";"Plena Noite";"Decrescente";"Ignorado";"Simples";"Reta";"Não";2;0;1;0;1;0;1;2;-15,9039968;-41,53868225;"SR-MG";"UOP02";"DEL11"
335141;2021-01-18;"segunda";"05:30:00";"PI";316;"43.6";"LAGOA DO PIAUI";"Demais falhas mecânicas ou elétricas";"Saída de leito carroçável";"Com Vítimas Fatais";"Amanhecer";"Decrescente";"Céu Claro";"Simples";"Reta";"Não";6;1;3;0;2;0;3;1;-5,42838588;-42,6368727;"SR-PI";"UOP02";"DEL01"
335142;2021-01-18;"segunda";"06:35:00";"MG";116;"602.6";"SAO JOAO DO MANHUACU";"Velocidade Incompatível";"Saída de leito carroçável";"Com Vítimas Feridas";"Pleno dia";"Crescente";"Céu Claro";"Simples";"Curva";"Não";1;0;1;0;0;0;1;1;-20,34697376;-42,14642112;"SR-MG";"UOP04";"DEL06"
335143;2021-01-06;"quarta";"06:40:00";"PE";101;"69";"RECIFE";"Condutor deixou de manter distância do veículo da frente";"Colisão traseira";"Com Vítimas Feridas";"Pleno dia";"Crescente";"Céu Claro";"Dupla";"Reta";"Sim";2;0;2;0;0;0;2;2;-8,0618699;-34,9453122;"SR-PE";"UOP01";"DEL01"
335144;2021-01-18;"segunda";"05:45:00";"RJ";101;"326";"NITEROI";"Condutor deixou de manter distância do veículo da frente";"Colisão traseira";"Com Vítimas Feridas";"Pleno dia";"Crescente";"Céu Claro";"Dupla";"Não Informado";"Sim";2;0;1;0;1;0;1;2;-22,87292569;-43,13625699;"SR-RJ";"UOP02";"DEL02"
335145;2021-01-18;"segunda";"06:40:00";"MG";50;"55.3";"UBERLANDIA";"Ausência de reação do condutor";"Saída de leito carroçável";"Com Vítimas Feridas";"Pleno dia";"Crescente";"Nublado";"Dupla";"Não Informado";"Não";1;0;1;0;0;0;1;1;-18,77290538;-48,24124319;"SR-MG";"UOP02";"DEL15"
335148;2021-01-17;"domingo";"18:22:00";"RO";435;"103";"COLORADO DO OESTE";"Declive acentuado";"Colisão frontal";"Com Vítimas Feridas";"Anoitecer";"Decrescente";"Garoa/Chuvisco";"Simples";"Não Informado";"Não";3;0;0;1;1;1;1;2;-13,19151945;-60,63472197;"SR-RO";"UOP02";"DEL04"
335149;2021-01-18;"segunda";"06:45:00";"BA";324;"623";"SALVADOR";"Condutor deixou de manter distância do veículo da frente";"Colisão traseira";"Com Vítimas Feridas";"Pleno dia";"Crescente";"Céu Claro";"Dupla";"Curva";"Sim";2;0;1;0;0;1;1;2;-12,92628699;-38,46838679;"SR-BA";"UOP01";"DEL01"
335150;2021-01-18;"segunda";"05:50:00";"MG";365;"680.5";"MONTE ALEGRE DE MINAS";"Estacionar ou parar em local proibido";"Colisão traseira";"Sem Vítimas";"Pleno dia";"Crescente";"Céu Claro";"Dupla";"Reta";"Não";2;0;0;0;1;1;0;2;-18,84935555;-48,81435871;"SR-MG";"UOP01";"DEL15"
335152;2021-01-18;"segunda";"06:20:00";"RJ";116;"181";"NOVA IGUACU";"Condutor deixou de manter distância do veículo da frente";"Engavetamento";"Com Vítimas Feridas";"Pleno dia";"Decrescente";"Céu Claro";"Múltipla";"Reta";"Sim";3;0;1;0;2;0;1;3;-22,73784;-43,48732;"SR-RJ";"UOP02";"DEL01"
335153;2021-01-18;"segunda";"06:50:00";"GO";40;"6.5";"VALPARAISO DE GOIAS";"Condutor deixou de manter distância do veículo da frente";"Engavetamento";"Com Vítimas Feridas";"Pleno dia";"Decrescente";"Céu Claro";"Dupla";"Reta";"Sim";4;0;1;0;3;0;1;4;-16,100814;-47,977351;"SR-DF";"UOP01";"DEL01"
335154;2021-01-18;"segunda";"06:00:00";"GO";60;"99.2";"ANAPOLIS";"Ingestão de álcool pelo condutor";"Colisão lateral mesmo sentido";"Sem Vítimas";"Amanhecer";"Decrescente";"Céu Claro";"Dupla";"Reta";"Sim";2;0;0;0;2;0;0;2;-16,39735383;-48,96533674;"SR-GO";"UOP01";"DEL02"
335155;2021-01-18;"segunda";"06:15:00";"RJ";101;"312";"SAO GONCALO";"Condutor deixou de manter distância do veículo da frente";"Colisão traseira";"Com Vítimas Feridas";"Pleno dia";"Crescente";"Céu Claro";"Múltipla";"Reta";"Sim";4;0;2;0;2;0;2;3;-22,80546555;-43,06156967;"SR-RJ";"UOP02";"DEL02"
335157;2021-01-18;"segunda";"07:30:00";"PE";101;"93.7";"CABO DE SANTO AGOSTINHO";"Manobra de mudança de faixa";"Colisão lateral mesmo sentido";"Com Vítimas Feridas";"Pleno dia";"Crescente";"Sol";"Dupla";"Interseção de vias";"Não";2;0;1;0;0;1;1;2;-8,2396419;-35,00335418;"SR-PE";"UOP03";"DEL01"
335158;2021-01-18;"segunda";"07:15:00";"ES";101;"300";"VIANA";"Acessar a via sem observar a presença dos outros veículos";"Colisão transversal";"Com Vítimas Feridas";"Pleno dia";"Crescente";"Céu Claro";"Dupla";"Não Informado";"Sim";2;0;2;0;0;0;2;2;-20,358635;-40,432167;"SR-ES";"UOP01";"DEL01"
335160;2021-01-18;"segunda";"07:30:00";"SP";116;"145.8";"SAO JOSE DOS CAMPOS";"Afundamento ou ondulação no pavimento";"Queda de ocupante de veículo";"Com Vítimas Feridas";"Pleno dia";"Crescente";"Nublado";"Múltipla";"Reta";"Sim";1;0;1;0;0;0;1;1;-23,1869844;-45,8548078;"SR-SP";"UOP01";"DEL02"
335162;2021-01-18;"segunda";"07:40:00";"BA";324;"606";"SIMOES FILHO";"Manobra de mudança de faixa";"Colisão lateral mesmo sentido";"Sem Vítimas";"Pleno dia";"Crescente";"Céu Claro";"Dupla";"Reta";"Sim";2;0;0;0;2;0;0;2;-12,79340512;-38,40485325;"SR-BA";"UOP01";"DEL01"
335164;2021-01-18;"segunda";"05:20:00";"GO";452;"179";"ITUMBIARA";"Demais falhas mecânicas ou elétricas";"Incêndio";"Sem Vítimas";"Plena Noite";"Crescente";"Nublado";"Simples";"Reta";"Não";1;0;0;0;1;0;0;1;-18,37027474;-49,36134287;"SR-GO";"UOP02";"DEL03"
335165;2021-01-18;"segunda";"08:00:00";"PR";373;"218";"IMBITUVA";"Avarias e/ou desgaste excessivo no pneu";"Saída de leito carroçável";"Com Vítimas Feridas";"Pleno dia";"Crescente";"Chuva";"Simples";"Não Informado";"Não";2;0;2;0;0;0;2;1;-25,16241629;-50,56069189;"SR-PR";"UAP01";"DEL03"