"id";"data_inversa";"dia_semana";"horario";"uf";"br";"km";"municipio";"causa_acidente";"tipo_acidente";"classificacao_acidente";"fase_dia";"sentido_via";"condicao_metereologica";"tipo_pista";"tracado_via";"uso_solo";"pessoas";"mortos";"feridos_leves";"feridos_graves";"ilesos";"ignorados";"feridos";"veiculos";"latitude";"longitude";"regional";"delegacia";"uop"
335166;2021-01-18;"segunda";"08:05:00";"RS";392;"638.8";"GUARANI DAS MISSOES";"Velocidade Incompatível";"Saída de leito carroçável";"Com Vítimas Feridas";"Pleno dia";"Crescente";"Céu Claro";"Simples";"Reta";"Não";1;0;0;1;0;0;1;1;-28,15054272;-54,53670608;"SR-RS";"UOP01";"DEL10"
335167;2021-01-18;"segunda";"06:30:00";"RJ";116;"179";"NOVA IGUACU";"Trafegar com motocicleta (ou similar) entre as faixas";"Colisão lateral mesmo sentido";"Com Vítimas Feridas";"Pleno dia";"Decrescente";"Sol";"Dupla";"Reta";"Sim";2;0;1;0;1;0;1;2;-22,769902;-43,408036;"SR-RJ";"UOP02";"DEL01"
335168;2021-01-18;"segunda";"06:35:00";"RJ";116;"208";"SEROPEDICA";"Ingestão de substâncias psicoativas pelo condutor";"Colisão traseira";"Sem Vítimas";"Pleno dia";"Decrescente";"Céu Claro";"Dupla";"Reta";"Sim";2;0;0;0;2;0;0;2;-22,72297475;-43,67131596;"SR-RJ";"UOP03";"DEL01"
335169;2021-01-18;"segunda";"08:25:00";"RS";290;"36";"SANTO ANTONIO DA PATRULHA";"Reação tardia ou ineficiente do condutor";"Saída de leito carroçável";"Sem Vítimas";"Pleno dia";"Decrescente";"Garoa/Chuvisco";"Dupla";"Reta";"Não";1;0;0;0;1;0;0;1;-29,884756;-50,61729;"SR-RS";"UOP01";"DEL03"
335170;2021-01-18;"segunda";"08:20:00";"SP";116;"220.2";"GUARULHOS";"Velocidade Incompatível";"Colisão traseira";"Com Vítimas Feridas";"Pleno dia";"Crescente";"Céu Claro";"Múltipla";"Reta";"Não";2;0;1;0;1;0;1;2;-23,46472809;-46,49793962;"SR-SP";"UOP01";"DEL01"
335171;2021-01-18;"segunda";"07:30:00";"MG";381;"483";"BETIM";"Condutor deixou de manter distância do veículo da frente";"Colisão traseira";"Com Vítimas Feridas";"Pleno dia";"Decrescente";"Céu Claro";"Múltipla";"Reta";"Sim";2;0;1;0;1;0;1;2;-19,95594491;-44,10721699;"SR-MG";"UOP03";"DEL01"
335172;2021-01-18;"segunda";"08:15:00";"MG";381;"485.2";"BETIM";"Condutor deixou de manter distância do veículo da frente";"Colisão traseira";"Com Vítimas Feridas";"Pleno dia";"Decrescente";"Céu Claro";"Dupla";"Desvio Temporário";"Sim";2;0;1;0;1;0;1;2;-19,95584283;-44,09817696;"SR-MG";"UOP03";"DEL01"
335174;2021-01-18;"segunda";"08:05:00";"SP";116;"221";"GUARULHOS";"Condutor deixou de manter distância do veículo da frente";"Engavetamento";"Com Vítimas Feridas";"Pleno dia";"Decrescente";"Sol";"Múltipla";"Reta";"Sim";3;0;1;0;2;0;1;3;-23,46802395;-46,50704901;"SR-SP";"UOP01";"DEL01"
335178;2021-01-17;"domingo";"18:40:00";"RJ";101;"400";"ITAGUAI";"Condutor deixou de manter distância do veículo da frente";"Engavetamento";"Com Vítimas Feridas";"Anoitecer";"Decrescente";"Sol";"Dupla";"Reta";"Sim";7;0;1;0;6;0;1;3;-22,85784272;-43,76078909;"SR-RJ";"UOP04";"DEL01"
335179;2021-01-18;"segunda";"06:45:00";"AC";364;"133";"RIO BRANCO";"Frear bruscamente";"Colisão traseira";"Com Vítimas Feridas";"Pleno dia";"Crescente";"Céu Claro";"Dupla";"Reta";"Sim";2;0;1;0;1;0;1;2;-10,002488;-67,84954;"SR-AC";"UOP01";"DEL01"
335180;2021-01-18;"segunda";"07:50:00";"RJ";393;"125";"SAPUCAIA";"Acumulo de óleo sobre o pavimento";"Queda de ocupante de veículo";"Com Vítimas Feridas";"Pleno dia";"Crescente";"Céu Claro";"Simples";"Curva";"Não";1;0;1;0;0;0;1;1;-21,94371338;-42,83212498;"SR-RJ";"UOP02";"DEL04"
335181;2021-01-18;"segunda";"08:20:00";"RJ";493;"84";"DUQUE DE CAXIAS";"Demais falhas mecânicas ou elétricas";"Colisão transversal";"Com Vítimas Feridas";"Pleno dia";"Decrescente";"Sol";"Dupla";"Reta";"Não";2;0;1;0;1;0;1;2;-22,672089;-43,285053;"SR-RJ";"UOP03";"DEL01"
335182;2021-01-18;"segunda";"08:40:00";"RS";290;"222";"PANTANO GRANDE";"Ausência de reação do condutor";"Colisão traseira";"Com Vítimas Feridas";"Pleno dia";"Decrescente";"Céu Claro";"Simples";"Reta";"Não";3;0;1;0;2;0;1;3;-30,201563;-52,437401;"SR-RS";"UOP03";"DEL02"
335183;2021-01-18;"segunda";"08:10:00";"MS";262;"469.5";"ANASTACIO";"Chuva";"Colisão com objeto";"Com Vítimas Feridas";"Pleno dia";"Decrescente";"Chuva";"Simples";"Curva";"Não";2;0;2;0;0;0;2;1;-20,513675;-55,616027;"SR-MS";"UOP01";"DEL03"
335184;2021-01-18;"segunda";"07:10:00";"MG";381;"600.2";"CARMOPOLIS DE MINAS";"Condutor deixou de manter distância do veículo da frente";"Colisão traseira";"Com Vítimas Feridas";"Pleno dia";"Decrescente";"Céu Claro";"Dupla";"Não Informado";"Não";5;0;2;0;3;0;2;2;-20,60338234;-44,72053528;"SR-MG";"UOP01";"DEL04"
335185;2021-01-18;"segunda";"09:40:00";"PR";277;"175.6";"PALMEIRA";"Avarias e/ou desgaste excessivo no pneu";"Colisão lateral sentido oposto";"Com Vítimas Fatais";"Pleno dia";"Crescente";"Chuva";"Simples";"Curva";"Não";14;2;4;0;8;0;4;4;-25,434262;-50,05522999;"SR-PR";"UOP03";"DEL03"
335187;2021-01-18;"segunda";"07:10:00";"PR";376;"240.9";"APUCARANA";"Chuva";"Saída de leito carroçável";"Com Vítimas Feridas";"Pleno dia";"Crescente";"Chuva";"Dupla";"Curva";"Sim";1;0;1;0;0;0;1;1;-23,583517;-51,447102;"SR-PR";"UAP01";"DEL07"
335188;2021-01-18;"segunda";"08:10:00";"SP";116;"137.8";"SAO JOSE DOS CAMPOS";"Condutor deixou de manter distância do veículo da frente";"Colisão frontal";"Com Vítimas Feridas";"Pleno dia";"Crescente";"Céu Claro";"Dupla";"Reta";"Sim";1;0;1;0;0;0;1;1;-23,15300766;-45,78709317;"SR-SP";"UOP01";"DEL02"
335191;2021-01-18;"segunda";"10:15:00";"SC";101;"135";"BALNEARIO CAMBORIU";"Condutor deixou de manter distância do veículo da frente";"Engavetamento";"Com Vítimas Feridas";"Pleno dia";"Decrescente";"Chuva";"Múltipla";"Reta";"Sim";6;0;1;0;5;0;1;6;-27,0050108;-48,62677494;"SR-SC";"UOP03";"DEL04"
335192;2021-01-18;"segunda";"08:50:00";"SE";101;"118";"ITAPORANGA DAJUDA";"Manobra de mudança de faixa";"Colisão lateral mesmo sentido";"Com Vítimas Feridas";"Pleno dia";"Crescente";"Nublado";"Dupla";"Reta";"Não";2;0;1;0;1;0;1;2;-11,02604791;-37,32865423;"SR-SE";"UOP01";"DEL02"
335193;2021-01-18;"segunda";"10:10:00";"RS";158;"310";"ITAARA";"Frear bruscamente";"Colisão traseira";"Com Vítimas Feridas";"Pleno dia";"Crescente";"Céu Claro";"Dupla";"Curva";"Sim";2;0;1;0;1;0;1;2;-29,61237001;-53,76663196;"SR-RS";"UOP01";"DEL09"
335194;2021-01-18;"segunda";"09:20:00";"SC";280;"90";"CORUPA";"Pista Escorregadia";"Colisão lateral sentido oposto";"Com Vítimas Feridas";"Pleno dia";"Crescente";"Garoa/Chuvisco";"Simples";"Curva";"Não";4;0;1;0;3;0;1;3;-26,407423;-49,283504;"SR-SC";"UOP03";"DEL06"
335196;2021-01-18;"segunda";"08:10:00";"TO";153;"319";"GUARAI";"Velocidade Incompatível";"Tombamento";"Com Vítimas Feridas";"Pleno dia";"Decrescente";"Nublado";"Simples";"Não Informado";"Não";2;0;1;0;1;0;1;1;-8,70104701;-48,50485483;"SR-TO";"UOP02";"DEL02"
335197;2021-01-12;"terça";"18:10:00";"RO";364;"488";"ARIQUEMES";"Transitar na contramão";"Colisão frontal";"Com Vítimas Feridas";"Anoitecer";"Crescente";"Nublado";"Simples";"Reta";"Não";4;0;2;1;1;0;3;2;-10,11126051;-62,92299271;"SR-RO";"UOP01";"DEL03"
335201;2021-01-18;"segunda";"10:50:00";"PR";476;"127";"CURITIBA";"Chuva";"Queda de ocupante de veículo";"Com Vítimas Feridas";"Pleno dia";"Crescente";"Chuva";"Simples";"Não Informado";"Sim";1;0;1;0;0;0;1;1;-25,425167;-49,227158;"SR-PR";"UOP03";"DEL01"
335202;2021-01-18;"segunda";"10:50:00";"PE";232;"17.5";"JABOATAO DOS GUARARAPES";"Condutor Dormindo";"Colisão frontal";"Com Vítimas Feridas";"Pleno dia";"Decrescente";"Sol";"Dupla";"Reta";"Sim";5;0;0;4;1;0;4;2;-8,09565202;-35,04581599;"SR-PE";"UOP01";"DEL01"
335203;2021-01-18;"segunda";"11:15:00";"SC";282;"16.6";"PALHOCA";"Reação tardia ou ineficiente do condutor";"Colisão transversal";"Com Vítimas Feridas";"Pleno dia";"Crescente";"Nublado";"Simples";"Reta";"Sim";2;0;0;1;1;0;1;2;-27,658611;-48,681847;"SR-SC";"UOP02";"DEL01"
335204;2021-01-18;"segunda";"11:05:00";"RS";386;"74.8";"BOA VISTA DAS MISSOES";"Desrespeitar a preferência no cruzamento";"Colisão transversal";"Com Vítimas Feridas";"Pleno dia";"Crescente";"Nublado";"Simples";"Interseção de vias";"Sim";2;0;0;1;1;0;1;2;-27,68322406;-53,30738068;"SR-RS";"UOP02";"DEL08"
335205;2021-01-18;"segunda";"11:10:00";"PR";277;"11";"PARANAGUA";"Velocidade Incompatível";"Colisão traseira";"Com Vítimas Feridas";"Pleno dia";"Crescente";"Nublado";"Dupla";"Reta";"Não";2;0;0;1;1;0;1;2;-25,568198;-48,615292;"SR-PR";"UOP05";"DEL01"
335206;2021-01-18;"segunda";"11:10:00";"PR";376;"241";"APUCARANA";"Chuva";"Capotamento";"Com Vítimas Feridas";"Pleno dia";"Crescente";"Chuva";"Dupla";"Desvio Temporário";"Não";4;0;2;0;2;0;2;1;-23,58168461;-51,42681594;"SR-PR";"UAP01";"DEL07"
335208;2021-01-18;"segunda";"11:15:00";"RS";116;"243";"SAO LEOPOLDO";"Mal súbito do condutor";"Colisão traseira";"Com Vítimas Feridas";"Pleno dia";"Decrescente";"Céu Claro";"Dupla";"Reta";"Não";3;0;1;0;2;0;1;3;-29,73196199;-51,14952004;"SR-RS";"UOP02";"DEL01"
335209;2021-01-18;"segunda";"06:20:00";"PA";230;"69";"SAO DOMINGOS DO ARAGUAIA";"Manobra de mudança de faixa";"Colisão frontal";"Com Vítimas Fatais";"Pleno dia";"Decrescente";"Chuva";"Simples";"Curva";"Não";4;1;3;0;0;0;3;2;-5,50840086;-48,70665697;"SR-PA";"UOP01";"DEL03"
335210;2021-01-18;"segunda";"11:35:00";"RS";285;"244.4";"CIRIACO";"Ultrapassagem Indevida";"Colisão frontal";"Com Vítimas Feridas";"Pleno dia";"Decrescente";"Nublado";"Simples";"Curva";"Não";6;0;0;5;1;0;5;3;-28,265223;-51,918598;"SR-RS";"UOP03";"DEL08"
335214;2021-01-04;"segunda";"21:00:00";"PA";163;"879";"BELTERRA";"Reação tardia ou ineficiente do condutor";"Saída de leito carroçável";"Com Vítimas Feridas";"Plena Noite";"Crescente";"Nevoeiro/Neblina";"Simples";"Curva";"Não";1;0;1;0;0;0;1;1;-3,41298;-54,914062;"SR-PA";"UOP01";"DEL05"
335215;2021-01-18;"segunda";"11:15:00";"MS";163;"788";"PEDRO GOMES";"Chuva";"Colisão com objeto";"Com Vítimas Fatais";"Pleno dia";"Crescente";"Chuva";"Simples";"Reta";"Não";3;2;0;0;1;0;0;2;-18,02412597;-54,68330817;"SR-MS";"UOP01";"DEL06"
335216;2021-01-18;"segunda";"10:30:00";"MT";364;"1145";"SAPEZAL";"Demais falhas mecânicas ou elétricas";"Incêndio";"Sem Vítimas";"Pleno dia";"Decrescente";"Céu Claro";"Simples";"Não Informado";"Não";1;0;0;0;1;0;0;1;-13,52686816;-58,95718103;"SR-MT";"UOP01";"DEL04"
335217;2021-01-18;"segunda";"12:40:00";"ES";101;"300.8";"VIANA";"Condutor deixou de manter distância do veículo da frente";"Colisão lateral";"Com Vítimas Feridas";"Pleno dia";"Crescente";"Céu Claro";"Dupla";"Reta";"Sim";2;0;0;1;1;0;1;2;-20,358635;-40,432167;"SR-ES";"UOP01";"DEL01"
335220;2021-01-18;"segunda";"11:10:00";"RO";364;"409";"JARU";"Reação tardia ou ineficiente do condutor";"Colisão traseira";"Sem Vítimas";"Pleno dia";"Crescente";"Céu Claro";"Simples";"Reta";"Não";3;0;0;0;3;0;0;2;-10,54019698;-62,39333998;"SR-RO";"UOP02";"DEL03"
335221;2021-01-05;"terça";"11:00:00";"GO";364;"232";"JATAI";"Conversão proibida";"Colisão transversal";"Com Vítimas Fatais";"Pleno dia";"Decrescente";"Céu Claro";"Simples";"Curva";"Não";3;1;1;0;1;0;1;3;-17,818481;-52,021004;"SR-GO";"UOP01";"DEL05"
335224;2021-01-18;"segunda";"08:25:00";"SC";163;"67";"SAO MIGUEL DO OESTE";"Manobra de mudança de faixa";"Colisão transversal";"Com Vítimas Feridas";"Pleno dia";"Crescente";"Céu Claro";"Dupla";"Reta";"Sim";2;0;1;0;1;0;1;2;-26,759436;-53,50055292;"SR-SC";"UOP03";"DEL07"
335225;2021-01-18;"segunda";"12:05:00";"PE";101;"89";"CABO DE SANTO AGOSTINHO";"Mal súbito do condutor";"Eventos atípicos";"Com Vítimas Feridas";"Pleno dia";"Decrescente";"Céu Claro";"Simples";"Reta";"Sim";4;0;1;1;2;0;2;4;-8,22846467;-34,971394;"SR-PE";"UOP03";"DEL01"
335226;2021-01-18;"segunda";"13:00:00";"RJ";101;"486.2";"ANGRA DOS REIS";"Avarias e/ou desgaste excessivo no pneu";"Colisão lateral";"Sem Vítimas";"Pleno dia";"Crescente";"Céu Claro";"Simples";"Reta";"Sim";2;0;0;0;2;0;0;2;-22,97708786;-44,29634653;"SR-RJ";"UOP01";"DEL03"
335227;2021-01-18;"segunda";"13:05:00";"SP";459;"16.1";"PIQUETE";"Acessar a via sem observar a presença dos outros veículos";"Colisão transversal";"Com Vítimas Feridas";"Pleno dia";"Crescente";"Sol";"Simples";"Interseção de vias";"Sim";3;0;2;0;1;0;2;2;-22,62345893;-45,16161919;"SR-SP";"UOP02";"DEL08"
335230;2021-01-18;"segunda";"13:50:00";"PR";476;"145";"CURITIBA";"Velocidade Incompatível";"Saída de leito carroçável";"Com Vítimas Feridas";"Pleno dia";"Crescente";"Chuva";"Dupla";"Reta";"Sim";1;0;1;0;0;0;1;1;-25,547749;-49,32095;"SR-PR";"UOP03";"DEL01"
335232;2021-01-18;"segunda";"14:24:00";"PE";101;"69";"RECIFE";"Acessar a via sem observar a presença dos outros veículos";"Colisão lateral mesmo sentido";"Com Vítimas Feridas";"Pleno dia";"Crescente";"Céu Claro";"Dupla";"Reta";"Sim";2;0;0;1;1;0;1;2;-8,05951606;-34,94581024;"SR-PE";"UOP01";"DEL01"
335235;2021-01-18;"segunda";"13:45:00";"SC";280;"125.8";"RIO NEGRINHO";"Manobra de mudança de faixa";"Colisão lateral mesmo sentido";"Com Vítimas Feridas";"Pleno dia";"Decrescente";"Nublado";"Simples";"Reta";"Não";2;0;1;0;1;0;1;2;-26,23763684;-49,48434497;"SR-SC";"UOP03";"DEL06"
335236;2021-01-18;"segunda";"13:00:00";"RO";364;"233.3";"CACOAL";"Transitar na contramão";"Colisão frontal";"Com Vítimas Fatais";"Pleno dia";"Crescente";"Nublado";"Simples";"Não Informado";"Não";2;2;0;0;0;0;0;2;-11,46104613;-61,41546107;"SR-RO";"UOP02";"DEL02"
335237;2021-01-18;"segunda";"14:30:00";"PR";277;"16.9";"PARANAGUA";"Velocidade Incompatível";"Saída de leito carroçável";"Com Vítimas Feridas";"Pleno dia";"Crescente";"Chuva";"Dupla";"Reta";"Não";2;0;1;0;1;0;1;1;-25,5457353;-48,6791538;"SR-PR";"UOP05";"DEL01"
335238;2021-01-18;"segunda";"14:10:00";"SC";280;"53.8";"GUARAMIRIM";"Velocidade Incompatível";"Atropelamento de Pedestre";"Com Vítimas Feridas";"Pleno dia";"Crescente";"Garoa/Chuvisco";"Dupla";"Reta";"Não";2;0;0;1;1;0;1;1;-26,47537495;-48,98452878;"SR-SC";"UOP03";"DEL03"
335239;2021-01-12;"terça";"11:00:00";"BA";135;"47";"FORMOSA DO RIO PRETO";"Ausência de reação do condutor";"Saída de leito carroçável";"Com Vítimas Fatais";"Pleno dia";"Decrescente";"Ignorado";"Simples";"Curva";"Não";3;3;0;0;0;0;0;1;-11,167847;-45,06716;"SR-BA";"UOP01";"DEL10"
335240;2021-01-18;"segunda";"13:30:00";"MG";262;"186.7";"SAO DOMINGOS DO PRATA";"Retorno proibido";"Colisão transversal";"Com Vítimas Feridas";"Pleno dia";"Crescente";"Sol";"Simples";"Reta";"Não";9;0;3;0;6;0;3;2;-19,8960903;-43,04050143;"SR-MG";"UOP01";"DEL03"
335241;2021-01-18;"segunda";"13:00:00";"SP";116;"364";"MIRACATU";"Velocidade Incompatível";"Tombamento";"Sem Vítimas";"Pleno dia";"Crescente";"Céu Claro";"Dupla";"Curva";"Não";1;0;0;0;1;0;0;1;-24,13881806;-47,27310246;"SR-SP";"UOP02";"DEL04"
335243;2021-01-18;"segunda";"13:50:00";"RJ";101;"99";"SEROPEDICA";"Manobra de mudança de faixa";"Colisão traseira";"Com Vítimas Feridas";"Pleno dia";"Crescente";"Céu Claro";"Dupla";"Reta";"Não";3;0;1;0;1;1;1;2;-22,72294275;-43,71088426;"SR-RJ";"UOP02";"DEL08"
335244;2021-01-18;"segunda";"14:20:00";"RJ";101;"432";"MANGARATIBA";"Manobra de mudança de faixa";"Colisão lateral mesmo sentido";"Com Vítimas Feridas";"Pleno dia";"Decrescente";"Céu Claro";"Simples";"Curva";"Não";3;0;1;1;1;0;2;2;-22,93437472;-44,02919087;"SR-RJ";"UOP01";"DEL03"
335245;2021-01-18;"segunda";"15:20:00";"PB";230;"15.1";"JOAO PESSOA";"Reação tardia ou ineficiente do condutor";"Colisão traseira";"Com Vítimas Feridas";"Pleno dia";"Crescente";"Céu Claro";"Dupla";"Não Informado";"Sim";2;0;1;0;1;0;1;2;-7,093;-34,8482;"SR-PB";"UOP01";"DEL01"
335246;2021-01-18;"segunda";"13:00:00";"RJ";101;"415";"MANGARATIBA";"Condutor Dormindo";"Capotamento";"Com Vítimas Feridas";"Pleno dia";"Crescente";"Céu Claro";"Dupla";"Reta";"Não";1;0;1;0;0;0;1;1;-22,91064515;-43,89333313;"SR-RJ";"UOP04";"DEL01"
335247;2021-01-18;"segunda";"13:45:00";"MS";262;"18";"TRES LAGOAS";"Reação tardia ou ineficiente do condutor";"Tombamento";"Sem Vítimas";"Pleno dia";"Crescente";"Céu Claro";"Simples";"Não Informado";"Não";2;0;0;0;1;1;0;1;-20,81595472;-51,76503005;"SR-MS";"UOP01";"DEL07"
335248;2021-01-18;"segunda";"16:00:00";"MG";365;"589";"UBERLANDIA";"Ausência de sinalização";"Colisão traseira";"Sem Vítimas";"Pleno dia";"Crescente";"Céu Claro";"Simples";"Reta";"Não";2;0;0;0;2;0;0;2;-18,88216035;-48,03476866;"SR-MG";"UOP02";"DEL15"
335250;2021-01-18;"segunda";"15:40:00";"PR";NA;"";"TIBAGI";"Pista Escorregadia";"Colisão com objeto";"Sem Vítimas";"Pleno dia";"Não Informado";"Garoa/Chuvisco";"Simples";"Curva";"Não";3;0;0;0;3;0;0;1;-24,85957891;-50,43139547;"SR-PR";"NPF03";"PR"
335251;2021-01-18;"segunda";"11:30:00";"SP";116;"547";"BARRA DO TURVO";"Pista Escorregadia";"Colisão com objeto";"Com Vítimas Feridas";"Pleno dia";"Crescente";"Garoa/Chuvisco";"Simples";"Curva";"Não";4;0;1;0;3;0;1;2;-24,953764;-48,450717;"SR-SP";"UOP02";"DEL05"
335252;2021-01-18;"segunda";"16:20:00";"MG";116;"6.3";"DIVISA ALEGRE";"Velocidade Incompatível";"Tombamento";"Com Vítimas Feridas";"Pleno dia";"Crescente";"Céu Claro";"Simples";"Curva";"Não";1;0;1;0;0;0;1;1;-15,74952994;-41,33072084;"SR-BA";"UOP03";"DEL08"
335253;2021-01-18;"segunda";"16:40:00";"PR";116;"14";"CAMPINA GRANDE DO SUL";"Pista Escorregadia";"Capotamento";"Com Vítimas Feridas";"Pleno dia";"Crescente";"Chuva";"Dupla";"Curva";"Sim";2;0;1;0;1;0;1;1;-25,09836429;-48,67391969;"SR-PR";"UOP02";"DEL01"
335254;2021-01-18;"segunda";"17:00:00";"RS";386;"249";"SOLEDADE";"Acessar a via sem observar a presença dos outros veículos";"Colisão traseira";"Sem Vítimas";"Pleno dia";"Decrescente";"Céu Claro";"Simples";"Interseção de vias";"Não";2;0;0;0;2;0;0;2;-28,822922;-52,476097;"SR-RS";"UOP03";"DEL04"
335255;2021-01-18;"segunda";"16:55:00";"RS";392;"5.2";"RIO GRANDE";"Desrespeitar a preferência no cruzamento";"Colisão transversal";"Sem Vítimas";"Pleno dia";"Decrescente";"Céu Claro";"Simples";"Reta";"Não";2;0;0;0;2;0;0;2;-32,07687877;-52,10166627;"SR-RS";"UOP02";"DEL07"
335256;2021-01-18;"segunda";"17:25:00";"SP";153;"64.1";"SAO JOSE DO RIO PRETO";"Manobra de mudança de faixa";"Colisão lateral";"Com Vítimas Feridas";"Pleno dia";"Decrescente";"Nublado";"Dupla";"Viaduto";"Sim";1;0;1;0;0;0;1;1;-20,82919401;-49,36046325;"SR-SP";"UOP01";"DEL09"
335257;2021-01-18;"segunda";"15:15:00";"MG";262;"99";"ABRE CAMPO";"Demais Fenômenos da natureza";"Eventos atípicos";"Com Vítimas Feridas";"Pleno dia";"Crescente";"Céu Claro";"Simples";"Curva";"Não";1;0;1;0;0;0;1;1;-20,2909942;-42,50611695;"SR-MG";"UOP03";"DEL03"
335259;2021-01-18;"segunda";"17:40:00";"PR";476;"143.2";"CURITIBA";"Manobra de mudança de faixa";"Colisão lateral";"Com Vítimas Feridas";"Anoitecer";"Crescente";"Chuva";"Dupla";"Curva";"Sim";2;0;1;0;1;0;1;2;-25,543802;-49,305328;"SR-PR";"UOP01";"DEL01"
335260;2021-01-18;"segunda";"17:50:00";"RS";116;"233";"ESTANCIA VELHA";"Desrespeitar a preferência no cruzamento";"Colisão transversal";"Com Vítimas Feridas";"Pleno dia";"Crescente";"Sol";"Simples";"Reta";"Sim";2;0;1;1;0;0;2;2;-29,63787301;-51,14184206;"SR-RS";"UOP02";"DEL01"
335261;2021-01-14;"quinta";"17:00:00";"MG";365;"680";"MONTE ALEGRE DE MINAS";"Velocidade Incompatível";"Saída de leito carroçável";"Com Vítimas Feridas";"Pleno dia";"Crescente";"Céu Claro";"Dupla";"Reta";"Não";1;0;1;0;0;0;1;1;-18,84915171;-48,81914097;"SR-MG";"UOP01";"DEL15"
335262;2021-01-18;"segunda";"16:15:00";"BA";330;"845";"IPIAU";"Trafegar com motocicleta (ou similar) entre as faixas";"Colisão lateral";"Com Vítimas Feridas";"Pleno dia";"Crescente";"Céu Claro";"Simples";"Não Informado";"Não";8;0;2;0;4;2;2;4;-14,15993086;-39,69261383;"SR-BA";"UOP01";"DEL03"
335264;2021-01-18;"segunda";"07:35:00";"MA";316;"261";"SANTA INES";"Condutor usando celular";"Colisão traseira";"Com Vítimas Feridas";"Pleno dia";"Crescente";"Nublado";"Simples";"Reta";"Sim";2;0;0;1;1;0;1;2;-3,676243;-45,389366;"SR-MA";"UOP01";"DEL02"
335265;2021-01-18;"segunda";"18:15:00";"GO";20;"185";"ALVORADA DO NORTE";"Ingestão de álcool pelo condutor";"Colisão traseira";"Com Vítimas Feridas";"Anoitecer";"Crescente";"Garoa/Chuvisco";"Dupla";"Curva";"Não";2;0;0;1;1;0;1;2;-14,443042;-46,462242;"SR-DF";"UOP02";"DEL02"
335266;2021-01-18;"segunda";"17:20:00";"MG";116;"305.2";"ITAMBACURI";"Velocidade Incompatível";"Saída de leito carroçável";"Com Vítimas Feridas";"Pleno dia";"Crescente";"Céu Claro";"Simples";"Não Informado";"Não";1;0;0;1;0;0;1;1;-18,03188584;-41,65290534;"SR-MG";"UOP01";"DEL11"
335267;2021-01-18;"segunda";"18:41:00";"ES";482;"108";"GUACUI";"Condutor deixou de manter distância do veículo da frente";"Colisão traseira";"Com Vítimas Feridas";"Anoitecer";"Crescente";"Céu Claro";"Simples";"Reta";"Sim";2;0;1;0;1;0;1;2;-20,78769691;-41,6874642;"SR-ES";"UOP02";"DEL03"
335268;2021-01-18;"segunda";"18:30:00";"RN";101;"112.9";"SAO JOSE DE MIPIBU";"Pedestre andava na pista";"Atropelamento de Pedestre";"Com Vítimas Feridas";"Plena Noite";"Crescente";"Céu Claro";"Dupla";"Reta";"Não";3;0;2;0;0;1;2;1;-5,96849604;-35,26485801;"SR-RN";"UOP01";"DEL01"
335270;2021-01-18;"segunda";"18:30:00";"GO";40;"56.3";"CRISTALINA";"Animais na Pista";"Saída de leito carroçável";"Com Vítimas Feridas";"Anoitecer";"Decrescente";"Céu Claro";"Dupla";"Reta";"Não";3;0;1;0;2;0;1;1;-16,494299;-47,813276;"SR-DF";"UOP04";"DEL01"
335271;2021-01-08;"sexta";"00:40:00";"SC";280;"31";"ARAQUARI";"Velocidade Incompatível";"Colisão traseira";"Com Vítimas Feridas";"Plena Noite";"Decrescente";"Nublado";"Simples";"Reta";"Não";3;0;1;0;1;1;1;2;-26,41649938;-48,77181215;"SR-SC";"UOP03";"DEL03"
335272;2021-01-18;"segunda";"19:00:00";"SE";101;"17.7";"SAO FRANCISCO";"Velocidade Incompatível";"Capotamento";"Com Vítimas Fatais";"Plena Noite";"Crescente";"Céu Claro";"Dupla";"Retorno Regulamentado";"Não";3;1;2;0;0;0;2;1;-10,33831807;-36,89396364;"SR-SE";"UOP02";"DEL02"
335274;2021-01-18;"segunda";"18:30:00";"SC";101;"32";"JOINVILLE";"Chuva";"Colisão lateral";"Sem Vítimas";"Anoitecer";"Decrescente";"Chuva";"Dupla";"Reta";"Não";1;0;0;0;1;0;0;1;-26,226987;-48,91657;"SR-SC";"UOP01";"DEL03"
335275;2021-01-17;"domingo";"08:00:00";"PB";230;"239.2";"JUAZEIRINHO";"Manobra de mudança de faixa";"Colisão frontal";"Com Vítimas Fatais";"Pleno dia";"Crescente";"Sol";"Simples";"Reta";"Não";3;1;0;1;0;1;1;2;-7,0595;-36,555;"SR-PB";"UOP02";"DEL02"
335276;2021-01-18;"segunda";"16:40:00";"RJ";465;"3.5";"SEROPEDICA";"Pedestre cruzava a pista fora da faixa";"Atropelamento de Pedestre";"Com Vítimas Fatais";"Pleno dia";"Crescente";"Céu Claro";"Simples";"Reta";"Sim";7;1;0;2;4;0;2;4;-22,7454332;-43,701307;"SR-RJ";"UOP03";"DEL01"
335277;2021-01-18;"segunda";"17:40:00";"RJ";465;"3";"SEROPEDICA";"Conversão proibida";"Colisão transversal";"Com Vítimas Feridas";"Pleno dia";"Crescente";"Céu Claro";"Simples";"Reta";"Não";2;0;1;0;1;0;1;2;-22,73427;-43,711994;"SR-RJ";"UOP03";"DEL01"
335278;2021-01-18;"segunda";"19:30:00";"PR";369;"166.2";"CAMBE";"Desrespeitar a preferência no cruzamento";"Colisão transversal";"Com Vítimas Feridas";"Plena Noite";"Decrescente";"Nublado";"Dupla";"Não Informado";"Sim";2;0;0;1;1;0;1;2;-23,295424;-51,308392;"SR-PR";"UOP01";"DEL07"