"id";"data_inversa";"dia_semana";"horario";"uf";"br";"km";"municipio";"causa_acidente";"tipo_acidente";"classificacao_acidente";"fase_dia";"sentido_via";"condicao_metereologica";"tipo_pista";"tracado_via";"uso_solo";"pessoas";"mortos";"feridos_leves";"feridos_graves";"ilesos";"ignorados";"feridos";"veiculos";"latitude";"longitude";"regional";"delegacia";"uop"
335569;2021-01-20;"quarta";"14:59:00";"RS";290;"676";"URUGUAIANA";"Reação tardia ou ineficiente do condutor";"Saída de leito carroçável";"Com Vítimas Feridas";"Pleno dia";"Crescente";"Céu Claro";"Simples";"Reta";"Não";1;0;1;0;0;0;1;1;-29,918666;-56,65211;"SR-RS";"UOP01";"DEL13"
335570;2021-01-20;"quarta";"14:20:00";"ES";101;"266.7";"SERRA";"Velocidade Incompatível";"Tombamento";"Com Vítimas Feridas";"Pleno dia";"Crescente";"Céu Claro";"Múltipla";"Reta";"Sim";1;0;0;1;0;0;1;1;-20,190199;-40,26828891;"SR-ES";"UOP01";"DEL02"
335571;2021-01-20;"quarta";"14:10:00";"SP";116;"461";"PARIQUERA-ACU";"Reação tardia ou ineficiente do condutor";"Colisão traseira";"Com Vítimas Feridas";"Pleno dia";"Decrescente";"Céu Claro";"Dupla";"Reta";"Não";3;0;0;1;2;0;1;2;-24,61672184;-47,88933615;"SR-SP";"UOP01";"DEL05"
335572;2021-01-20;"quarta";"12:40:00";"MS";267;"470";"GUIA LOPES DA LAGUNA";"Velocidade Incompatível";"Colisão com objeto";"Sem Vítimas";"Pleno dia";"Crescente";"Nublado";"Simples";"Reta";"Não";1;0;0;0;1;0;0;1;-21,41837804;-56,0553746;"SR-MS";"UOP01";"DEL05"
335573;2021-01-20;"quarta";"15:20:00";"SP";101;"49";"UBATUBA";"Acessar a via sem observar a presença dos outros veículos";"Colisão transversal";"Com Vítimas Feridas";"Pleno dia";"Crescente";"Sol";"Simples";"Reta";"Sim";3;0;0;1;1;1;1;2;-23,44410908;-45,08375708;"SR-SP";"UOP02";"DEL06"
335574;2021-01-20;"quarta";"14:30:00";"PE";101;"122.9";"ESCADA";"Condutor deixou de manter distância do veículo da frente";"Colisão traseira";"Com Vítimas Feridas";"Pleno dia";"Decrescente";"Céu Claro";"Dupla";"Reta";"Não";2;0;1;0;1;0;1;2;-8,35939636;-35,19500398;"SR-PE";"UOP03";"DEL01"
335575;2021-01-13;"quarta";"19:00:00";"MS";262;"560.2";"MIRANDA";"Reação tardia ou ineficiente do condutor";"Saída de leito carroçável";"Com Vítimas Feridas";"Plena Noite";"Decrescente";"Garoa/Chuvisco";"Simples";"Reta";"Não";1;0;1;0;0;0;1;1;-20,229023;-56,394074;"SR-MS";"UOP02";"DEL03"
335576;2021-01-20;"quarta";"13:24:00";"GO";60;"114.3";"TEREZOPOLIS DE GOIAS";"Avarias e/ou desgaste excessivo no pneu";"Saída de leito carroçável";"Com Vítimas Feridas";"Pleno dia";"Crescente";"Céu Claro";"Dupla";"Reta";"Não";1;0;1;0;0;0;1;1;-16,4633;-49,0636;"SR-GO";"UOP01";"DEL01"
335577;2021-01-20;"quarta";"13:00:00";"MG";40;"79";"PARACATU";"Reação tardia ou ineficiente do condutor";"Saída de leito carroçável";"Com Vítimas Feridas";"Pleno dia";"Decrescente";"Céu Claro";"Simples";"Reta";"Não";3;0;2;0;0;1;2;1;-17,45703003;-46,66874501;"SR-MG";"UOP01";"DEL14"
335578;2021-01-09;"sábado";"19:00:00";"MS";262;"356.3";"CAMPO GRANDE";"Acessar a via sem observar a presença dos outros veículos";"Colisão transversal";"Sem Vítimas";"Plena Noite";"Crescente";"Céu Claro";"Simples";"Interseção de vias";"Sim";3;0;0;0;1;2;0;2;-20,546326;-54,683443;"SR-MS";"UOP03";"DEL01"
335579;2021-01-20;"quarta";"14:05:00";"SC";116;"174.7";"SAO CRISTOVAO DO SUL";"Demais falhas mecânicas ou elétricas";"Colisão lateral sentido oposto";"Com Vítimas Feridas";"Pleno dia";"Decrescente";"Chuva";"Simples";"Curva";"Não";3;0;1;0;2;0;1;3;-27,22552273;-50,46649712;"SR-SC";"UOP03";"DEL05"
335581;2021-01-17;"domingo";"05:47:00";"MT";70;"192";"GENERAL CARNEIRO";"Demais falhas mecânicas ou elétricas";"Incêndio";"Sem Vítimas";"Amanhecer";"Crescente";"Céu Claro";"Simples";"Reta";"Não";2;0;0;0;2;0;0;1;-15,72189421;-53,67694292;"SR-MT";"UOP01";"DEL05"
335582;2021-01-16;"sábado";"00:30:00";"MG";459;"99.6";"POUSO ALEGRE";"Ingestão de álcool pelo condutor";"Colisão com objeto";"Com Vítimas Feridas";"Plena Noite";"Crescente";"Nublado";"Dupla";"Reta";"Não";5;0;2;0;0;3;2;2;-22,20908562;-45,92809981;"SR-MG";"UOP01";"DEL16"
335583;2021-01-20;"quarta";"09:40:00";"MG";116;"454.9";"ENGENHEIRO CALDAS";"Ultrapassagem Indevida";"Colisão lateral";"Com Vítimas Feridas";"Pleno dia";"Crescente";"Sol";"Simples";"Curva";"Não";3;0;1;1;1;0;2;2;-19,18425398;-42,04045306;"SR-MG";"UOP02";"DEL06"
335584;2021-01-20;"quarta";"15:35:00";"RN";304;"34.7";"MOSSORO";"Manobra de mudança de faixa";"Colisão lateral";"Com Vítimas Feridas";"Pleno dia";"Decrescente";"Céu Claro";"Dupla";"Reta";"Sim";3;0;2;0;1;0;2;2;-5,15255798;-37,34873808;"SR-RN";"UOP02";"DEL04"
335585;2021-01-20;"quarta";"16:30:00";"ES";101;"215.4";"IBIRACU";"Condutor deixou de manter distância do veículo da frente";"Colisão traseira";"Com Vítimas Feridas";"Pleno dia";"Decrescente";"Céu Claro";"Simples";"Curva";"Não";3;0;0;1;2;0;1;3;-19,83184002;-40,38012995;"SR-ES";"UOP01";"DEL02"
335586;2021-01-20;"quarta";"16:00:00";"PR";153;"485";"PORTO VITORIA";"Pista Escorregadia";"Colisão frontal";"Com Vítimas Feridas";"Pleno dia";"Crescente";"Chuva";"Simples";"Curva";"Não";2;0;0;1;1;0;1;2;-26,23681;-51,167381;"SR-PR";"UOP03";"DEL02"
335587;2021-01-20;"quarta";"14:20:00";"MT";158;"543.1";"AGUA BOA";"Velocidade Incompatível";"Capotamento";"Com Vítimas Feridas";"Pleno dia";"Decrescente";"Céu Claro";"Simples";"Reta";"Não";1;0;1;0;0;0;1;1;-13,861447;-52,062259;"SR-MT";"UOP02";"DEL07"
335588;2021-01-20;"quarta";"16:15:00";"GO";414;"436";"ANAPOLIS";"Acessar a via sem observar a presença dos outros veículos";"Colisão transversal";"Com Vítimas Feridas";"Pleno dia";"Crescente";"Sol";"Simples";"Reta";"Sim";2;0;0;1;1;0;1;2;-16,25482505;-48,9361188;"SR-GO";"UOP01";"DEL02"
335589;2021-01-20;"quarta";"12:45:00";"ES";482;"105.3";"GUACUI";"Acessar a via sem observar a presença dos outros veículos";"Colisão transversal";"Com Vítimas Feridas";"Pleno dia";"Crescente";"Céu Claro";"Simples";"Rotatória";"Não";2;0;1;1;0;0;2;2;-20,777433;-41,66744;"SR-ES";"UOP02";"DEL03"
335590;2021-01-20;"quarta";"15:30:00";"PR";116;"14";"CAMPINA GRANDE DO SUL";"Pista Escorregadia";"Saída de leito carroçável";"Sem Vítimas";"Pleno dia";"Decrescente";"Garoa/Chuvisco";"Dupla";"Curva";"Não";1;0;0;0;1;0;0;1;-25,09836429;-48,67391969;"SR-PR";"UOP02";"DEL01"
335591;2021-01-20;"quarta";"16:00:00";"AL";101;"146";"SAO MIGUEL DOS CAMPOS";"Condutor Dormindo";"Tombamento";"Sem Vítimas";"Pleno dia";"Decrescente";"Céu Claro";"Dupla";"Reta";"Não";1;0;0;0;1;0;0;1;-9,87382885;-36,13882162;"SR-AL";"UOP01";"DEL02"
335592;2021-01-20;"quarta";"16:40:00";"CE";222;"0.3";"CAUCAIA";"Pedestre cruzava a pista fora da faixa";"Atropelamento de Pedestre";"Com Vítimas Feridas";"Pleno dia";"Decrescente";"Nublado";"Dupla";"Reta";"Sim";2;0;1;1;0;0;2;1;-3,73687298;-38,64923716;"SR-CE";"UOP01";"DEL01"
335593;2021-01-20;"quarta";"16:15:00";"AL";101;"242";"PORTO REAL DO COLEGIO";"Acumulo de água sobre o pavimento";"Capotamento";"Com Vítimas Feridas";"Pleno dia";"Decrescente";"Chuva";"Dupla";"Reta";"Não";2;0;1;0;1;0;1;1;-10,16106508;-36,81395391;"SR-AL";"UOP02";"DEL02"
335594;2021-01-20;"quarta";"16:50:00";"SP";116;"146";"SAO JOSE DOS CAMPOS";"Manobra de mudança de faixa";"Colisão lateral mesmo sentido";"Com Vítimas Feridas";"Pleno dia";"Decrescente";"Céu Claro";"Dupla";"Reta";"Sim";1;0;1;0;0;0;1;1;-23,19122919;-45,86327591;"SR-SP";"UOP01";"DEL02"
335595;2021-01-20;"quarta";"17:25:00";"PR";373;"453.6";"CHOPINZINHO";"Acessar a via sem observar a presença dos outros veículos";"Colisão transversal";"Com Vítimas Fatais";"Pleno dia";"Crescente";"Chuva";"Simples";"Interseção de vias";"Não";4;2;0;0;1;1;0;2;-25,8931839;-52,36282912;"SR-PR";"UOP01";"DEL02"
335596;2021-01-20;"quarta";"17:05:00";"PE";232;"411";"SERRA TALHADA";"Acessar a via sem observar a presença dos outros veículos";"Colisão transversal";"Com Vítimas Feridas";"Pleno dia";"Decrescente";"Céu Claro";"Simples";"Reta";"Sim";2;0;1;0;1;0;1;2;-7,97976163;-38,31087404;"SR-PE";"UOP01";"DEL04"
335597;2021-01-20;"quarta";"15:20:00";"SC";101;"233.5";"PALHOCA";"Chuva";"Tombamento";"Com Vítimas Feridas";"Pleno dia";"Crescente";"Chuva";"Dupla";"Curva";"Não";1;0;1;0;0;0;1;1;-27,80376397;-48,63826211;"SR-SC";"UOP02";"DEL01"
335598;2021-01-20;"quarta";"17:20:00";"PE";101;"70";"RECIFE";"Animais na Pista";"Atropelamento de Animal";"Com Vítimas Feridas";"Pleno dia";"Decrescente";"Céu Claro";"Dupla";"Reta";"Sim";1;0;1;0;0;0;1;1;-8,07198849;-34,93850827;"SR-PE";"UOP01";"DEL01"
335599;2021-01-20;"quarta";"17:20:00";"DF";70;"8";"BRASILIA";"Acessar a via sem observar a presença dos outros veículos";"Atropelamento de Pedestre";"Com Vítimas Feridas";"Anoitecer";"Crescente";"Céu Claro";"Dupla";"Reta";"Sim";3;0;2;0;1;0;2;1;-15,784966;-48,122108;"SR-DF";"UOP03";"DEL01"
335600;2021-01-20;"quarta";"17:15:00";"SC";470;"62.9";"INDAIAL";"Desrespeitar a preferência no cruzamento";"Colisão transversal";"Com Vítimas Feridas";"Pleno dia";"Decrescente";"Garoa/Chuvisco";"Simples";"Reta";"Sim";2;0;1;0;1;0;1;2;-26,87211253;-49,19366406;"SR-SC";"UOP01";"DEL04"
335601;2021-01-20;"quarta";"17:05:00";"BA";324;"621.1";"SALVADOR";"Acessar a via sem observar a presença dos outros veículos";"Queda de ocupante de veículo";"Com Vítimas Feridas";"Pleno dia";"Decrescente";"Nublado";"Dupla";"Reta";"Sim";1;0;1;0;0;0;1;1;-12,91233708;-38,45956983;"SR-BA";"UOP01";"DEL01"
335603;2021-01-20;"quarta";"15:30:00";"MG";262;"45.3";"MANHUACU";"Acessar a via sem observar a presença dos outros veículos";"Colisão transversal";"Com Vítimas Feridas";"Pleno dia";"Crescente";"Céu Claro";"Simples";"Reta";"Não";3;0;2;0;1;0;2;2;-20,26268024;-42,10647583;"SR-MG";"UOP04";"DEL06"
335604;2021-01-20;"quarta";"16:45:00";"PI";316;"44";"LAGOA DO PIAUI";"Transitar na contramão";"Colisão lateral sentido oposto";"Com Vítimas Feridas";"Pleno dia";"Crescente";"Nublado";"Simples";"Reta";"Não";7;0;4;1;2;0;5;3;-5,43754797;-42,63447174;"SR-PI";"UOP02";"DEL01"
335605;2021-01-20;"quarta";"17:35:00";"PR";469;"13.3";"FOZ DO IGUACU";"Chuva";"Saída de leito carroçável";"Sem Vítimas";"Anoitecer";"Decrescente";"Chuva";"Simples";"Reta";"Sim";1;0;0;0;0;1;0;1;-25,5754;-54,5489;"SR-PR";"UOP04";"DEL05"
335606;2021-01-20;"quarta";"17:40:00";"SP";153;"58.5";"SAO JOSE DO RIO PRETO";"Animais na Pista";"Tombamento";"Com Vítimas Feridas";"Pleno dia";"Decrescente";"Céu Claro";"Dupla";"Desvio Temporário";"Sim";1;0;1;0;0;0;1;1;-20,77838195;-49,35300538;"SR-SP";"UOP01";"DEL09"
335607;2021-01-20;"quarta";"13:00:00";"PB";101;"16.9";"MAMANGUAPE";"Velocidade Incompatível";"Colisão com objeto";"Sem Vítimas";"Pleno dia";"Decrescente";"Sol";"Dupla";"Não Informado";"Não";1;0;0;0;1;0;0;1;-6,62978985;-35,1259796;"SR-PB";"UOP04";"DEL01"
335608;2021-01-20;"quarta";"17:50:00";"MG";381;"888";"CAMBUI";"Velocidade Incompatível";"Saída de leito carroçável";"Com Vítimas Feridas";"Pleno dia";"Decrescente";"Céu Claro";"Dupla";"Reta";"Não";1;0;1;0;0;0;1;1;-22,57036508;-46,04169076;"SR-MG";"UOP03";"DEL16"
335609;2021-01-20;"quarta";"18:00:00";"SC";470;"52";"BLUMENAU";"Entrada inopinada do pedestre";"Atropelamento de Pedestre";"Com Vítimas Feridas";"Anoitecer";"Decrescente";"Nublado";"Simples";"Interseção de vias";"Não";2;0;1;0;1;0;1;1;-26,862286;-49,093903;"SR-SC";"UOP01";"DEL04"
335611;2021-01-20;"quarta";"18:05:00";"RN";406;"171";"SAO GONCALO DO AMARANTE";"Acessar a via sem observar a presença dos outros veículos";"Atropelamento de Pedestre";"Com Vítimas Feridas";"Plena Noite";"Crescente";"Céu Claro";"Dupla";"Reta";"Sim";3;0;1;1;0;1;2;1;-5,76172663;-35,29115323;"SR-RN";"UOP01";"DEL02"
335612;2021-01-20;"quarta";"18:00:00";"PR";116;"19";"ANTONINA";"Velocidade Incompatível";"Saída de leito carroçável";"Sem Vítimas";"Plena Noite";"Decrescente";"Chuva";"Dupla";"Curva";"Não";1;0;0;0;1;0;0;1;-25,103087;-48,72037;"SR-PR";"UOP02";"DEL01"
335615;2021-01-20;"quarta";"18:25:00";"PR";277;"722";"FOZ DO IGUACU";"Frear bruscamente";"Engavetamento";"Com Vítimas Feridas";"Anoitecer";"Crescente";"Chuva";"Dupla";"Reta";"Sim";4;0;1;0;3;0;1;4;-25,49494908;-54,52095097;"SR-PR";"UOP03";"DEL05"
335616;2021-01-20;"quarta";"18:00:00";"RN";304;"281";"MACAIBA";"Acessar a via sem observar a presença dos outros veículos";"Colisão lateral";"Com Vítimas Fatais";"Anoitecer";"Decrescente";"Céu Claro";"Simples";"Não Informado";"Não";2;1;0;0;1;0;0;2;-5,88698418;-35,48092295;"SR-RN";"UOP02";"DEL01"
335617;2021-01-20;"quarta";"18:30:00";"SC";101;"118";"ITAJAI";"Trafegar com motocicleta (ou similar) entre as faixas";"Colisão lateral mesmo sentido";"Com Vítimas Feridas";"Anoitecer";"Crescente";"Garoa/Chuvisco";"Múltipla";"Reta";"Sim";2;0;1;0;1;0;1;2;-26,895859;-48,71903;"SR-SC";"UOP04";"DEL04"
335618;2021-01-20;"quarta";"19:00:00";"ES";101;"266.7";"SERRA";"Pedestre cruzava a pista fora da faixa";"Atropelamento de Pedestre";"Com Vítimas Feridas";"Plena Noite";"Decrescente";"Céu Claro";"Múltipla";"Reta";"Sim";2;0;1;0;1;0;1;1;-20,190199;-40,26828891;"SR-ES";"UOP01";"DEL02"
335619;2021-01-20;"quarta";"13:30:00";"RO";435;"123";"CEREJEIRAS";"Desrespeitar a preferência no cruzamento";"Colisão transversal";"Com Vítimas Feridas";"Pleno dia";"Crescente";"Céu Claro";"Dupla";"Interseção de vias";"Não";2;0;0;1;1;0;1;2;-13,1890378;-60,8166647;"SR-RO";"UOP02";"DEL04"
335620;2021-01-20;"quarta";"14:30:00";"SC";101;"362.5";"SANGAO";"Ausência de reação do condutor";"Colisão traseira";"Com Vítimas Feridas";"Pleno dia";"Decrescente";"Nublado";"Múltipla";"Não Informado";"Não";3;0;2;0;1;0;2;2;-28,67774003;-49,13622379;"SR-SC";"UOP01";"DEL02"
335622;2021-01-20;"quarta";"18:30:00";"SC";101;"132.6";"BALNEARIO CAMBORIU";"Trafegar com motocicleta (ou similar) entre as faixas";"Tombamento";"Com Vítimas Feridas";"Pleno dia";"Crescente";"Garoa/Chuvisco";"Dupla";"Reta";"Sim";1;0;1;0;0;0;1;1;-26,99654133;-48,65564711;"SR-SC";"UOP03";"DEL04"
335624;2021-01-20;"quarta";"17:55:00";"SC";101;"257.1";"PAULO LOPES";"Velocidade Incompatível";"Saída de leito carroçável";"Com Vítimas Feridas";"Anoitecer";"Decrescente";"Chuva";"Simples";"Não Informado";"Não";1;0;1;0;0;0;1;1;-27,99927068;-48,68894935;"SR-SC";"UOP03";"DEL02"
335625;2021-01-20;"quarta";"16:45:00";"RO";364;"236.8";"CACOAL";"Acessar a via sem observar a presença dos outros veículos";"Colisão transversal";"Com Vítimas Feridas";"Pleno dia";"Decrescente";"Céu Claro";"Simples";"Reta";"Sim";2;0;1;0;1;0;1;2;-11,4444003;-61,44309998;"SR-RO";"UOP02";"DEL02"
335626;2021-01-20;"quarta";"19:00:00";"SP";116;"0";"GUARULHOS";"Manobra de mudança de faixa";"Colisão lateral mesmo sentido";"Sem Vítimas";"Anoitecer";"Crescente";"Céu Claro";"Simples";"Curva";"Sim";2;0;0;0;2;0;0;2;-23,457164;-46,49034262;"SR-SP";"UOP02";"DEL04"
335627;2021-01-20;"quarta";"18:45:00";"PE";232;"252";"ARCOVERDE";"Reação tardia ou ineficiente do condutor";"Tombamento";"Com Vítimas Fatais";"Plena Noite";"Crescente";"Céu Claro";"Simples";"Reta";"Sim";3;1;1;0;1;0;1;2;-8,43086;-37,06536;"SR-PE";"UOP02";"DEL03"
335628;2021-01-20;"quarta";"17:50:00";"RJ";465;"18";"NOVA IGUACU";"Transitar no acostamento";"Atropelamento de Pedestre";"Com Vítimas Feridas";"Plena Noite";"Decrescente";"Céu Claro";"Simples";"Reta";"Sim";2;0;1;0;0;1;1;2;-22,831354;-43,615128;"SR-RJ";"UOP04";"DEL01"
335629;2021-01-20;"quarta";"20:05:00";"PE";101;"77";"RECIFE";"Velocidade Incompatível";"Atropelamento de Pedestre";"Com Vítimas Feridas";"Plena Noite";"Decrescente";"Céu Claro";"Dupla";"Reta";"Sim";5;0;0;2;1;2;2;1;-8,126982;-34,94386;"SR-PE";"UOP01";"DEL01"
335630;2021-01-20;"quarta";"17:25:00";"GO";364;"286";"MINEIROS";"Transitar na contramão";"Colisão lateral sentido oposto";"Sem Vítimas";"Pleno dia";"Crescente";"Céu Claro";"Simples";"Reta";"Não";3;0;0;0;3;0;0;2;-17,603376;-52,434643;"SR-GO";"UOP01";"DEL05"
335631;2021-01-20;"quarta";"17:30:00";"RO";364;"360";"JI-PARANA";"Pista Escorregadia";"Saída de leito carroçável";"Sem Vítimas";"Pleno dia";"Crescente";"Chuva";"Simples";"Reta";"Não";3;0;0;0;3;0;0;1;-10,78186387;-62,05695492;"SR-RO";"UOP01";"DEL02"
335632;2021-01-20;"quarta";"16:00:00";"MG";381;"642.7";"SANTO ANTONIO DO AMPARO";"Ausência de reação do condutor";"Saída de leito carroçável";"Com Vítimas Feridas";"Pleno dia";"Decrescente";"Céu Claro";"Dupla";"Reta";"Não";5;0;5;0;0;0;5;2;-20,93717503;-44,87533274;"SR-MG";"UOP01";"DEL04"
335633;2021-01-20;"quarta";"19:50:00";"SP";381;"86";"GUARULHOS";"Ausência de reação do condutor";"Colisão lateral";"Com Vítimas Feridas";"Plena Noite";"Crescente";"Nublado";"Múltipla";"Curva";"Sim";3;0;2;0;1;0;2;2;-23,45930499;-46,57161179;"SR-SP";"UOP01";"DEL03"
335634;2021-01-20;"quarta";"20:00:00";"DF";20;"11.6";"BRASILIA";"Acessar a via sem observar a presença dos outros veículos";"Colisão traseira";"Com Vítimas Feridas";"Plena Noite";"Crescente";"Céu Claro";"Dupla";"Reta";"Não";2;0;1;0;1;0;1;2;-15,64654;-47,766422;"SR-DF";"UOP01";"DEL02"
335635;2021-01-16;"sábado";"13:45:00";"RO";364;"15";"VILHENA";"Reação tardia ou ineficiente do condutor";"Saída de leito carroçável";"Com Vítimas Feridas";"Pleno dia";"Crescente";"Céu Claro";"Dupla";"Reta";"Sim";1;0;1;0;0;0;1;1;-12,73672751;-60,14804088;"SR-RO";"UOP01";"DEL04"
335636;2021-01-20;"quarta";"20:20:00";"SE";235;"71.5";"FREI PAULO";"Ausência de reação do condutor";"Colisão traseira";"Com Vítimas Feridas";"Plena Noite";"Crescente";"Céu Claro";"Simples";"Reta";"Não";2;0;0;1;0;1;1;2;-10,558015;-37,5247;"SR-SE";"UOP02";"DEL01"
335637;2021-01-20;"quarta";"19:10:00";"MS";163;"455";"CAMPO GRANDE";"Conversão proibida";"Colisão lateral";"Sem Vítimas";"Anoitecer";"Crescente";"Garoa/Chuvisco";"Simples";"Reta";"Não";2;0;0;0;2;0;0;2;-20,68134897;-54,55509188;"SR-MS";"UOP01";"DEL01"
335639;2021-01-20;"quarta";"20:15:00";"PI";343;"264.2";"CAMPO MAIOR";"Pedestre cruzava a pista fora da faixa";"Atropelamento de Pedestre";"Com Vítimas Feridas";"Plena Noite";"Crescente";"Chuva";"Simples";"Reta";"Sim";2;0;1;0;1;0;1;1;-4,827662;-42,162594;"SR-PI";"UOP03";"DEL01"
335640;2021-01-20;"quarta";"16:15:00";"PI";222;"12";"SAO JOAO DA FRONTEIRA";"Manobra de mudança de faixa";"Colisão lateral sentido oposto";"Com Vítimas Fatais";"Pleno dia";"Crescente";"Chuva";"Simples";"Reta";"Não";3;1;0;0;1;1;0;2;-3,96891117;-41,32198394;"SR-PI";"UOP01";"DEL02"
335642;2021-01-20;"quarta";"20:55:00";"PR";376;"9.1";"MARINGA";"Velocidade Incompatível";"Colisão com objeto";"Com Vítimas Feridas";"Plena Noite";"Decrescente";"Nublado";"Dupla";"Reta";"Sim";1;0;0;1;0;0;1;1;-23,37705;-51,91658;"SR-PR";"UOP01";"DEL09"
335643;2021-01-20;"quarta";"18:45:00";"SC";282;"216.8";"LAGES";"Ingestão de álcool pelo condutor";"Tombamento";"Com Vítimas Feridas";"Anoitecer";"Crescente";"Garoa/Chuvisco";"Simples";"Curva";"Sim";1;0;1;0;0;0;1;1;-27,797292;-50,29068557;"SR-SC";"UOP01";"DEL05"
335645;2021-01-20;"quarta";"20:00:00";"BA";101;"365";"GANDU";"Conversão proibida";"Colisão lateral sentido oposto";"Com Vítimas Feridas";"Plena Noite";"Decrescente";"Céu Claro";"Simples";"Não Informado";"Sim";2;0;0;1;1;0;1;2;-13,8723118;-39,49285679;"SR-BA";"UOP03";"DEL05"
335647;2021-01-20;"quarta";"20:40:00";"TO";153;"496";"PARAISO DO TOCANTINS";"Acessar a via sem observar a presença dos outros veículos";"Colisão traseira";"Com Vítimas Feridas";"Plena Noite";"Crescente";"Céu Claro";"Simples";"Reta";"Sim";2;0;0;1;1;0;1;2;-10,16527794;-48,88094578;"SR-TO";"UOP01";"DEL01"
335648;2021-01-20;"quarta";"20:30:00";"PE";101;"50.9";"ABREU E LIMA";"Manobra de mudança de faixa";"Colisão lateral mesmo sentido";"Sem Vítimas";"Plena Noite";"Decrescente";"Céu Claro";"Múltipla";"Reta";"Sim";2;0;0;0;2;0;0;2;-7,90938602;-34,90123228;"SR-PE";"UOP02";"DEL01"
335649;2021-01-20;"quarta";"20:30:00";"MS";262;"119.7";"AGUA CLARA";"Acostamento em desnível";"Saída de leito carroçável";"Com Vítimas Feridas";"Plena Noite";"Crescente";"Nublado";"Simples";"Não Informado";"Não";4;0;1;0;3;0;1;1;-20,50818534;-52,66356307;"SR-MS";"UOP02";"DEL07"
335650;2021-01-20;"quarta";"21:20:00";"BA";116;"14";"VITORIA DA CONQUISTA";"Acessar a via sem observar a presença dos outros veículos";"Colisão transversal";"Com Vítimas Feridas";"Plena Noite";"Crescente";"Céu Claro";"Simples";"Reta";"Não";2;0;1;0;1;0;1;2;-14,89291317;-40,86650318;"SR-BA";"UOP01";"DEL08"
335653;2021-01-20;"quarta";"19:50:00";"SC";280;"167.6";"MAFRA";"Transitar na contramão";"Colisão frontal";"Com Vítimas Fatais";"Plena Noite";"Decrescente";"Chuva";"Simples";"Não Informado";"Sim";3;1;1;0;1;0;1;2;-26,149577;-49,812884;"SR-SC";"UOP01";"DEL06"
335654;2021-01-20;"quarta";"05:00:00";"PI";343;"479.6";"ANGICAL DO PIAUI";"Demais falhas mecânicas ou elétricas";"Incêndio";"Sem Vítimas";"Amanhecer";"Decrescente";"Ignorado";"Simples";"Reta";"Não";1;0;0;0;1;0;0;1;-6,160189;-42,71027;"SR-PI";"UOP02";"DEL01"
335655;2021-01-20;"quarta";"21:30:00";"PR";153;"369.6";"RIO AZUL";"Ingestão de álcool pelo condutor";"Colisão transversal";"Com Vítimas Feridas";"Plena Noite";"Decrescente";"Chuva";"Simples";"Curva";"Não";2;0;1;0;1;0;1;2;-25,73669789;-50,80195243;"SR-PR";"UOP03";"DEL03"
335656;2021-01-20;"quarta";"19:00:00";"RJ";101;"487";"ANGRA DOS REIS";"Retorno proibido";"Colisão traseira";"Com Vítimas Feridas";"Plena Noite";"Crescente";"Céu Claro";"Dupla";"Reta";"Sim";2;0;1;0;0;1;1;2;-22,96828891;-44,29864663;"SR-RJ";"UOP01";"DEL03"
335657;2021-01-20;"quarta";"20:30:00";"MT";364;"204.8";"RONDONOPOLIS";"Acessar a via sem observar a presença dos outros veículos";"Colisão transversal";"Com Vítimas Feridas";"Plena Noite";"Decrescente";"Céu Claro";"Dupla";"Reta";"Sim";2;0;1;1;0;0;2;2;-16,467325;-54,657196;"SR-MT";"UOP01";"DEL02"
335658;2021-01-20;"quarta";"21:30:00";"RN";226;"79.6";"TANGARA";"Ingestão de álcool pelo condutor";"Colisão frontal";"Com Vítimas Fatais";"Plena Noite";"Decrescente";"Céu Claro";"Simples";"Reta";"Sim";2;1;0;0;1;0;0;2;-6,18906331;-35,78272296;"SR-RN";"UOP02";"DEL03"
335659;2021-01-20;"quarta";"22:30:00";"RS";116;"151.7";"CAXIAS DO SUL";"Acessar a via sem observar a presença dos outros veículos";"Colisão transversal";"Sem Vítimas";"Plena Noite";"Crescente";"Céu Claro";"Dupla";"Não Informado";"Sim";2;0;0;0;1;1;0;2;-29,17694502;-51,16173896;"SR-RS";"UOP01";"DEL05"
335660;2021-01-20;"quarta";"22:20:00";"MG";365;"636";"UBERLANDIA";"Restrição de visibilidade em curvas verticais";"Colisão traseira";"Com Vítimas Feridas";"Plena Noite";"Decrescente";"Céu Claro";"Dupla";"Não Informado";"Não";2;0;1;0;1;0;1;2;-18,89121835;-48,42797405;"SR-MG";"UOP01";"DEL15"
335661;2021-01-20;"quarta";"22:30:00";"SC";101;"196.5";"BIGUACU";"Ingestão de álcool pelo condutor";"Colisão frontal";"Com Vítimas Feridas";"Plena Noite";"Crescente";"Chuva";"Múltipla";"Não Informado";"Sim";2;0;0;1;1;0;1;2;-27,51101091;-48,64322292;"SR-SC";"UOP01";"DEL01"
335663;2021-01-20;"quarta";"23:00:00";"BA";101;"876";"TEIXEIRA DE FREITAS";"Animais na Pista";"Atropelamento de Animal";"Com Vítimas Feridas";"Plena Noite";"Crescente";"Céu Claro";"Simples";"Reta";"Não";3;0;2;0;1;0;2;1;-17,53793706;-39,7152681;"SR-BA";"UOP02";"DEL09"
335664;2021-01-20;"quarta";"15:30:00";"RO";364;"429";"JARU";"Reação tardia ou ineficiente do condutor";"Saída de leito carroçável";"Sem Vítimas";"Pleno dia";"Decrescente";"Nublado";"Simples";"Não Informado";"Não";1;0;0;0;1;0;0;1;-10,41628317;-62,5026501;"SR-RO";"UOP02";"DEL03"