"id";"data_inversa";"dia_semana";"horario";"uf";"br";"km";"municipio";"causa_acidente";"tipo_acidente";"classificacao_acidente";"fase_dia";"sentido_via";"condicao_metereologica";"tipo_pista";"tracado_via";"uso_solo";"pessoas";"mortos";"feridos_leves";"feridos_graves";"ilesos";"ignorados";"feridos";"veiculos";"latitude";"longitude";"regional";"delegacia";"uop"
335770;2021-01-21;"quinta";"15:20:00";"PR";369;"160.5";"CAMBE";"Condutor deixou de manter distância do veículo da frente";"Colisão traseira";"Com Vítimas Feridas";"Pleno dia";"Decrescente";"Nublado";"Dupla";"Reta";"Não";3;0;2;0;1;0;2;2;-23,283475;-51,257876;"SR-PR";"UOP01";"DEL07"
335771;2021-01-12;"terça";"11:33:00";"AL";316;"155.6";"PALMEIRA DOS INDIOS";"Acessar a via sem observar a presença dos outros veículos";"Colisão transversal";"Com Vítimas Feridas";"Pleno dia";"Crescente";"Céu Claro";"Simples";"Curva";"Sim";3;0;0;2;1;0;2;2;-9,42623278;-36,63304512;"SR-AL";"UOP01";"DEL03"
335773;2021-01-21;"quinta";"16:28:00";"MG";40;"514";"RIBEIRAO DAS NEVES";"Reação tardia ou ineficiente do condutor";"Queda de ocupante de veículo";"Com Vítimas Feridas";"Pleno dia";"Decrescente";"Céu Claro";"Dupla";"Reta";"Sim";2;0;1;0;0;1;1;1;-19,80151928;-44,10000333;"SR-MG";"UOP02";"DEL01"
335774;2021-01-21;"quinta";"16:40:00";"MG";365;"566.3";"INDIANOPOLIS";"Ultrapassagem Indevida";"Colisão traseira";"Com Vítimas Feridas";"Pleno dia";"Decrescente";"Sol";"Simples";"Reta";"Não";3;0;2;0;1;0;2;1;-18,917345;-47,81981;"SR-MG";"UOP02";"DEL15"
335775;2021-01-21;"quinta";"17:00:00";"PE";101;"49";"ABREU E LIMA";"Condutor deixou de manter distância do veículo da frente";"Colisão traseira";"Com Vítimas Feridas";"Anoitecer";"Crescente";"Vento";"Dupla";"Reta";"Sim";2;0;0;1;1;0;1;2;-7,9005152;-34,90180641;"SR-PE";"UOP02";"DEL01"
335776;2021-01-21;"quinta";"17:20:00";"PI";343;"16";"PARNAIBA";"Acessar a via sem observar a presença dos outros veículos";"Colisão transversal";"Com Vítimas Feridas";"Anoitecer";"Decrescente";"Nublado";"Simples";"Reta";"Sim";3;0;1;0;2;0;1;2;-2,945431;-41,756462;"SR-PI";"UOP01";"DEL05"
335777;2021-01-21;"quinta";"11:35:00";"RO";435;"122";"CEREJEIRAS";"Acessar a via sem observar a presença dos outros veículos";"Colisão traseira";"Com Vítimas Feridas";"Plena Noite";"Crescente";"Nublado";"Dupla";"Reta";"Sim";3;0;2;0;1;0;2;2;-13,18775891;-60,79986605;"SR-RO";"UOP02";"DEL04"
335778;2021-01-21;"quinta";"17:00:00";"PE";101;"56.8";"PAULISTA";"Velocidade Incompatível";"Saída de leito carroçável";"Sem Vítimas";"Pleno dia";"Crescente";"Céu Claro";"Dupla";"Reta";"Não";1;0;0;0;1;0;0;1;-7,9554509;-34,91140727;"SR-PE";"UOP02";"DEL01"
335779;2021-01-21;"quinta";"02:00:00";"PB";116;"9";"CACHOEIRA DOS INDIOS";"Chuva";"Saída de leito carroçável";"Sem Vítimas";"Plena Noite";"Decrescente";"Chuva";"Simples";"Curva";"Não";1;0;0;0;1;0;0;1;-6,970903;-38,734009;"SR-CE";"UOP03";"DEL05"
335780;2021-01-21;"quinta";"17:05:00";"MT";364;"486.3";"JANGADA";"Ultrapassagem Indevida";"Colisão frontal";"Com Vítimas Feridas";"Pleno dia";"Crescente";"Chuva";"Simples";"Não Informado";"Não";5;0;1;0;4;0;1;2;-15,35830706;-56,41219514;"SR-MT";"UOP02";"DEL01"
335781;2021-01-21;"quinta";"17:00:00";"MT";364;"275";"JACIARA";"Curva acentuada";"Tombamento";"Sem Vítimas";"Pleno dia";"Crescente";"Céu Claro";"Dupla";"Curva";"Não";1;0;0;0;1;0;0;1;-15,95085604;-54,98237599;"SR-MT";"UOP01";"DEL02"
335782;2021-01-13;"quarta";"21:30:00";"PR";116;"88.3";"SAO JOSE DOS PINHAIS";"Chuva";"Tombamento";"Com Vítimas Feridas";"Plena Noite";"Crescente";"Chuva";"Dupla";"Reta";"Não";1;0;1;0;0;0;1;1;-25,48043655;-49,10287857;"SR-PR";"UOP01";"DEL01"
335783;2021-01-21;"quinta";"17:00:00";"SC";470;"60.1";"BLUMENAU";"Ausência de reação do condutor";"Colisão traseira";"Com Vítimas Feridas";"Pleno dia";"Decrescente";"Chuva";"Simples";"Reta";"Não";3;0;0;1;2;0;1;3;-26,88138;-49,164543;"SR-SC";"UOP01";"DEL04"
335784;2021-01-07;"quinta";"16:30:00";"RS";158;"326.8";"SANTA MARIA";"Acessar a via sem observar a presença dos outros veículos";"Colisão transversal";"Com Vítimas Feridas";"Pleno dia";"Decrescente";"Céu Claro";"Simples";"Reta";"Sim";2;0;0;1;1;0;1;2;-29,70975376;-53,80284617;"SR-RS";"UOP01";"DEL09"
335785;2021-01-21;"quinta";"18:10:00";"SC";101;"203.5";"SAO JOSE";"Condutor deixou de manter distância do veículo da frente";"Colisão traseira";"Com Vítimas Feridas";"Pleno dia";"Decrescente";"Chuva";"Dupla";"Reta";"Sim";3;0;1;0;2;0;1;3;-27,5650044;-48,61460082;"SR-SC";"UOP01";"DEL01"
335786;2021-01-21;"quinta";"09:30:00";"MA";316;"182.9";"ZE DOCA";"Manobra de mudança de faixa";"Colisão frontal";"Com Vítimas Fatais";"Pleno dia";"Crescente";"Céu Claro";"Simples";"Reta";"Não";2;1;0;0;1;0;0;2;-3,133747;-45,643867;"SR-MA";"UOP02";"DEL02"
335788;2021-01-21;"quinta";"18:30:00";"SP";116;"35.2";"CACHOEIRA PAULISTA";"Reação tardia ou ineficiente do condutor";"Tombamento";"Com Vítimas Feridas";"Anoitecer";"Crescente";"Céu Claro";"Dupla";"Reta";"Não";2;0;2;0;0;0;2;1;-22,65892521;-44,96708995;"SR-SP";"UOP02";"DEL08"
335789;2021-01-21;"quinta";"18:20:00";"PB";104;"130";"CAMPINA GRANDE";"Acessar a via sem observar a presença dos outros veículos";"Colisão lateral";"Com Vítimas Feridas";"Plena Noite";"Decrescente";"Céu Claro";"Simples";"Não Informado";"Não";2;0;1;0;1;0;1;2;-7,29013399;-35,89029705;"SR-PB";"UOP03";"DEL02"
335790;2021-01-21;"quinta";"17:00:00";"GO";153;"628";"MORRINHOS";"Condutor Dormindo";"Tombamento";"Com Vítimas Feridas";"Pleno dia";"Decrescente";"Céu Claro";"Dupla";"Não Informado";"Não";1;0;1;0;0;0;1;1;-17,7843;-49,1865;"SR-GO";"UOP01";"DEL03"
335791;2021-01-21;"quinta";"14:10:00";"MG";116;"275.9";"TEOFILO OTONI";"Ausência de reação do condutor";"Colisão com objeto";"Com Vítimas Feridas";"Pleno dia";"Decrescente";"Céu Claro";"Simples";"Reta";"Sim";4;0;1;0;3;0;1;2;-17,84997;-41,515053;"SR-MG";"UOP01";"DEL11"
335792;2021-01-21;"quinta";"18:55:00";"PR";116;"120";"CURITIBA";"Condutor deixou de manter distância do veículo da frente";"Colisão traseira";"Sem Vítimas";"Anoitecer";"Crescente";"Nublado";"Dupla";"Não Informado";"Sim";2;0;0;0;2;0;0;2;-25,55122256;-49,30503748;"SR-PR";"UOP03";"DEL01"
335795;2021-01-21;"quinta";"18:10:00";"MG";40;"709.1";"BARBACENA";"Demais falhas mecânicas ou elétricas";"Tombamento";"Com Vítimas Feridas";"Anoitecer";"Crescente";"Céu Claro";"Dupla";"Reta";"Não";2;0;1;0;1;0;1;1;-21,24249015;-43,72298753;"SR-MG";"UOP02";"DEL05"
335796;2021-01-21;"quinta";"19:00:00";"CE";20;"204";"BOA VIAGEM";"Acessar a via sem observar a presença dos outros veículos";"Colisão transversal";"Sem Vítimas";"Plena Noite";"Crescente";"Céu Claro";"Simples";"Reta";"Sim";2;0;0;0;1;1;0;2;-5,12155025;-39,73264757;"SR-CE";"UOP02";"DEL02"
335797;2021-01-21;"quinta";"18:20:00";"RS";470;"283";"MONTENEGRO";"Acessar a via sem observar a presença dos outros veículos";"Atropelamento de Pedestre";"Com Vítimas Feridas";"Pleno dia";"Crescente";"Céu Claro";"Dupla";"Reta";"Sim";2;0;0;1;1;0;1;1;-29,617571;-51,474321;"SR-RS";"UOP02";"DEL04"
335799;2021-01-21;"quinta";"12:30:00";"SC";282;"72.1";"RANCHO QUEIMADO";"Velocidade Incompatível";"Colisão transversal";"Com Vítimas Feridas";"Pleno dia";"Decrescente";"Chuva";"Simples";"Curva";"Não";4;0;0;4;0;0;4;2;-27,683439;-49,105259;"SR-SC";"UOP03";"DEL01"
335800;2021-01-21;"quinta";"18:20:00";"PR";369;"146.1";"LONDRINA";"Desrespeitar a preferência no cruzamento";"Colisão transversal";"Com Vítimas Feridas";"Anoitecer";"Crescente";"Chuva";"Dupla";"Retorno Regulamentado";"Sim";2;0;1;0;1;0;1;2;-23,293165;-51,125381;"SR-PR";"UOP01";"DEL07"
335802;2021-01-21;"quinta";"13:00:00";"PR";153;"108";"IBAITI";"Entrada inopinada do pedestre";"Atropelamento de Pedestre";"Com Vítimas Feridas";"Pleno dia";"Decrescente";"Céu Claro";"Simples";"Curva";"Sim";3;0;2;1;0;0;3;1;-23,84104746;-50,19257547;"SR-PR";"UOP03";"DEL07"
335803;2021-01-21;"quinta";"08:50:00";"PI";316;"310";"PICOS";"Conversão proibida";"Colisão transversal";"Com Vítimas Feridas";"Pleno dia";"Decrescente";"Céu Claro";"Simples";"Reta";"Sim";2;0;1;0;1;0;1;2;-7,07639186;-41,47475001;"SR-PI";"UOP01";"DEL04"
335804;2021-01-21;"quinta";"20:15:00";"SP";116;"498";"CAJATI";"Chuva";"Colisão traseira";"Com Vítimas Feridas";"Plena Noite";"Decrescente";"Chuva";"Dupla";"Reta";"Não";3;0;1;0;2;0;1;2;-24,77566399;-48,17082817;"SR-SP";"UOP02";"DEL05"
335806;2021-01-21;"quinta";"17:30:00";"RO";364;"501";"ARIQUEMES";"Demais falhas mecânicas ou elétricas";"Saída de leito carroçável";"Com Vítimas Feridas";"Anoitecer";"Crescente";"Garoa/Chuvisco";"Simples";"Reta";"Não";1;0;1;0;0;0;1;1;-10,0241952;-62,98814019;"SR-RO";"UOP01";"DEL03"
335807;2021-01-21;"quinta";"12:25:00";"RS";285;"158.1";"MUITOS CAPOES";"Velocidade Incompatível";"Saída de leito carroçável";"Sem Vítimas";"Pleno dia";"Decrescente";"Chuva";"Simples";"Curva";"Não";1;0;0;0;0;1;0;1;-28,323328;-51,207588;"SR-RS";"UOP03";"DEL05"
335808;2021-01-21;"quinta";"19:15:00";"PE";101;"80";"JABOATAO DOS GUARARAPES";"Ausência de reação do condutor";"Colisão traseira";"Com Vítimas Feridas";"Plena Noite";"Decrescente";"Nublado";"Dupla";"Retorno Regulamentado";"Sim";2;0;1;0;1;0;1;2;-8,15112589;-34,9428866;"SR-PE";"UOP03";"DEL01"
335809;2021-01-21;"quinta";"20:35:00";"AL";316;"66";"POCO DAS TRINCHEIRAS";"Reação tardia ou ineficiente do condutor";"Colisão traseira";"Com Vítimas Fatais";"Plena Noite";"Decrescente";"Nublado";"Simples";"Não Informado";"Não";13;1;0;10;2;0;10;4;-9,278827;-37,380548;"SR-AL";"UOP02";"DEL03"
335810;2021-01-21;"quinta";"19:00:00";"MA";135;"23.6";"SAO LUIS";"Pedestre cruzava a pista fora da faixa";"Atropelamento de Pedestre";"Com Vítimas Feridas";"Plena Noite";"Crescente";"Céu Claro";"Dupla";"Reta";"Sim";2;0;1;1;0;0;2;1;-2,53073;-44,3068;"SR-MA";"UOP01";"DEL01"
335811;2021-01-21;"quinta";"20:00:00";"GO";70;"310";"ITAPIRAPUA";"Frear bruscamente";"Saída de leito carroçável";"Com Vítimas Feridas";"Plena Noite";"Crescente";"Nublado";"Simples";"Reta";"Não";1;0;1;0;0;0;1;1;-15,89534882;-50,44062194;"SR-GO";"UOP01";"DEL04"
335812;2021-01-21;"quinta";"20:05:00";"PR";116;"10";"COLOMBO";"Ausência de reação do condutor";"Colisão traseira";"Com Vítimas Feridas";"Plena Noite";"Decrescente";"Nublado";"Dupla";"Desvio Temporário";"Sim";2;0;1;0;1;0;1;2;-25,3716959;-49,13154602;"SR-PR";"UOP02";"DEL01"
335813;2021-01-21;"quinta";"20:40:00";"ES";101;"423.2";"ATILIO VIVACQUA";"Demais falhas mecânicas ou elétricas";"Colisão traseira";"Com Vítimas Feridas";"Plena Noite";"Decrescente";"Céu Claro";"Simples";"Curva";"Não";4;0;1;0;3;0;1;2;-20,988749;-41,11846998;"SR-ES";"UOP02";"DEL03"
335814;2021-01-21;"quinta";"21:00:00";"SC";280;"25";"ARAQUARI";"Ingestão de álcool pelo condutor";"Colisão com objeto";"Com Vítimas Feridas";"Plena Noite";"Crescente";"Garoa/Chuvisco";"Simples";"Ponte";"Não";4;0;4;0;0;0;4;2;-26,38352781;-48,72677516;"SR-SC";"UOP03";"DEL03"
335815;2021-01-21;"quinta";"17:40:00";"SC";282;"307.6";"VARGEM";"Velocidade Incompatível";"Saída de leito carroçável";"Com Vítimas Feridas";"Anoitecer";"Crescente";"Chuva";"Simples";"Não Informado";"Não";1;0;0;1;0;0;1;1;-27,495266;-50,962605;"SR-SC";"UOP06";"DEL07"
335816;2021-01-21;"quinta";"20:40:00";"MS";163;"308.7";"RIO BRILHANTE";"Ultrapassagem Indevida";"Colisão frontal";"Com Vítimas Feridas";"Plena Noite";"Crescente";"Nublado";"Simples";"Curva";"Não";5;0;2;2;1;0;4;2;-21,9108809;-54,5340003;"SR-MS";"UOP02";"DEL02"
335817;2021-01-21;"quinta";"17:55:00";"SC";282;"307.6";"VARGEM";"Pista Escorregadia";"Saída de leito carroçável";"Com Vítimas Feridas";"Pleno dia";"Crescente";"Chuva";"Simples";"Não Informado";"Não";3;0;3;0;0;0;3;1;-27,495266;-50,962605;"SR-SC";"UOP06";"DEL07"
335818;2021-01-21;"quinta";"21:00:00";"DF";20;"13";"BRASILIA";"Ingestão de álcool pelo condutor";"Colisão traseira";"Sem Vítimas";"Plena Noite";"Decrescente";"Céu Claro";"Dupla";"Reta";"Não";2;0;0;0;2;0;0;2;-15,638752;-47,749599;"SR-DF";"UOP01";"DEL02"
335820;2021-01-21;"quinta";"21:55:00";"SP";116;"273.4";"TABOAO DA SERRA";"Velocidade Incompatível";"Capotamento";"Com Vítimas Feridas";"Plena Noite";"Decrescente";"Céu Claro";"Dupla";"Reta";"Sim";3;0;1;0;2;0;1;3;-23,62809795;-46,81870306;"SR-SP";"UOP01";"DEL04"
335822;2021-01-21;"quinta";"21:00:00";"GO";158;"60.8";"BOM JARDIM DE GOIAS";"Ausência de reação do condutor";"Saída de leito carroçável";"Com Vítimas Fatais";"Plena Noite";"Crescente";"Nublado";"Simples";"Curva";"Não";1;1;0;0;0;0;0;1;-16,2805604;-51,987077;"SR-GO";"UOP01";"DEL04"
335823;2021-01-21;"quinta";"18:40:00";"PR";116;"121.5";"CURITIBA";"Ausência de reação do condutor";"Engavetamento";"Com Vítimas Feridas";"Anoitecer";"Crescente";"Nublado";"Dupla";"Desvio Temporário";"Não";3;0;1;0;2;0;1;3;-25,5599323;-49,30743945;"SR-PR";"UOP03";"DEL01"
335824;2021-01-21;"quinta";"17:20:00";"MG";262;"37.7";"MANHUACU";"Acessar a via sem observar a presença dos outros veículos";"Colisão lateral sentido oposto";"Com Vítimas Feridas";"Pleno dia";"Crescente";"Céu Claro";"Simples";"Curva";"Não";2;0;1;0;1;0;1;2;-20,25748975;-42,03048732;"SR-MG";"UOP04";"DEL06"
335825;2021-01-21;"quinta";"17:50:00";"MG";262;"32";"MANHUACU";"Condutor deixou de manter distância do veículo da frente";"Colisão traseira";"Com Vítimas Feridas";"Anoitecer";"Crescente";"Céu Claro";"Simples";"Reta";"Não";2;0;2;0;0;0;2;2;-20,25556389;-41,99814902;"SR-MG";"UOP04";"DEL06"
335826;2021-01-21;"quinta";"16:48:00";"RJ";101;"332";"RIO DE JANEIRO";"Condutor deixou de manter distância do veículo da frente";"Colisão traseira";"Com Vítimas Feridas";"Pleno dia";"Decrescente";"Céu Claro";"Dupla";"Reta";"Não";2;0;1;0;1;0;1;2;-22,87133305;-43,20407695;"SR-RJ";"UOP02";"DEL02"
335827;2021-01-21;"quinta";"14:52:00";"SC";101;"208";"SAO JOSE";"Condutor deixou de manter distância do veículo da frente";"Queda de ocupante de veículo";"Com Vítimas Feridas";"Pleno dia";"Decrescente";"Nublado";"Dupla";"Reta";"Não";1;0;1;0;0;0;1;1;-27,60327979;-48,63201818;"SR-SC";"UOP01";"DEL01"
335828;2021-01-21;"quinta";"17:50:00";"GO";153;"563.2";"PROFESSOR JAMIL";"Demais falhas mecânicas ou elétricas";"Colisão traseira";"Com Vítimas Feridas";"Anoitecer";"Decrescente";"Céu Claro";"Dupla";"Desvio Temporário";"Não";2;0;0;1;1;0;1;2;-17,2383;-49,239;"SR-GO";"UOP01";"DEL03"
335829;2021-01-21;"quinta";"20:10:00";"MG";116;"279.3";"TEOFILO OTONI";"Reação tardia ou ineficiente do condutor";"Tombamento";"Com Vítimas Feridas";"Plena Noite";"Crescente";"Céu Claro";"Simples";"Reta";"Não";2;0;0;2;0;0;2;1;-17,878311;-41,521808;"SR-MG";"UOP01";"DEL11"
335830;2021-01-21;"quinta";"21:45:00";"PR";163;"44";"PRANCHITA";"Ingestão de álcool pelo condutor";"Saída de leito carroçável";"Com Vítimas Feridas";"Plena Noite";"Decrescente";"Chuva";"Simples";"Não Informado";"Não";2;0;2;0;0;0;2;1;-25,99634;-53,722181;"SR-PR";"UOP02";"DEL02"
335831;2021-01-21;"quinta";"21:50:00";"PR";376;"499.5";"PONTA GROSSA";"Velocidade Incompatível";"Colisão traseira";"Com Vítimas Feridas";"Plena Noite";"Decrescente";"Nublado";"Dupla";"Não Informado";"Sim";2;0;0;1;1;0;1;2;-25,19475149;-50,07738945;"SR-PR";"UAP01";"DEL03"
335832;2021-01-21;"quinta";"22:20:00";"SP";381;"62";"MAIRIPORA";"Ingestão de álcool pelo condutor";"Colisão traseira";"Com Vítimas Feridas";"Plena Noite";"Crescente";"Céu Claro";"Dupla";"Curva";"Sim";5;0;4;0;1;0;4;2;-23,29437896;-46,57254696;"SR-SP";"UOP01";"DEL03"
335833;2021-01-21;"quinta";"23:00:00";"SP";116;"279.3";"EMBU DAS ARTES";"Ausência de reação do condutor";"Colisão lateral";"Com Vítimas Feridas";"Plena Noite";"Crescente";"Céu Claro";"Dupla";"Reta";"Sim";3;0;2;0;1;0;2;2;-23,66233697;-46,85292907;"SR-SP";"UOP01";"DEL04"
335834;2021-01-22;"sexta";"00:00:00";"MG";40;"603";"CONGONHAS";"Condutor deixou de manter distância do veículo da frente";"Colisão traseira";"Com Vítimas Feridas";"Plena Noite";"Decrescente";"Céu Claro";"Simples";"Não Informado";"Não";3;0;0;1;2;0;1;2;-20,44326;-43,83981;"SR-MG";"UOP02";"DEL05"
335835;2021-01-21;"quinta";"21:00:00";"RJ";101;"556";"PARATY";"Animais na Pista";"Atropelamento de Animal";"Com Vítimas Feridas";"Plena Noite";"Decrescente";"Céu Claro";"Simples";"Reta";"Não";2;0;2;0;0;0;2;1;-23,08002;-44,69802;"SR-RJ";"UOP03";"DEL03"
335836;2021-01-22;"sexta";"00:11:00";"SP";116;"541";"BARRA DO TURVO";"Chuva";"Colisão com objeto";"Com Vítimas Feridas";"Plena Noite";"Crescente";"Chuva";"Dupla";"Curva";"Não";2;0;1;0;1;0;1;1;-24,97245688;-48,39976606;"SR-SP";"UOP02";"DEL05"
335837;2021-01-22;"sexta";"00:05:00";"PR";277;"114";"CAMPO LARGO";"Demais falhas mecânicas ou elétricas";"Saída de leito carroçável";"Com Vítimas Feridas";"Plena Noite";"Decrescente";"Nublado";"Dupla";"Reta";"Sim";1;0;1;0;0;0;1;1;-25,44606705;-49,49372161;"SR-PR";"UOP06";"DEL01"
335839;2021-01-22;"sexta";"00:40:00";"RS";116;"270";"CANOAS";"Ingestão de álcool pelo condutor";"Colisão com objeto";"Com Vítimas Feridas";"Plena Noite";"Crescente";"Ignorado";"Simples";"Reta";"Não";1;0;1;0;0;0;1;1;-29,96839095;-51,17623895;"SR-RS";"UOP01";"DEL01"
335840;2021-01-22;"sexta";"01:15:00";"MG";251;"449.7";"GRAO MOGOL";"Velocidade Incompatível";"Colisão com objeto";"Com Vítimas Feridas";"Plena Noite";"Decrescente";"Céu Claro";"Simples";"Curva";"Não";1;0;1;0;0;0;1;1;-16,420528;-43,28967;"SR-MG";"UOP01";"DEL12"
335841;2021-01-22;"sexta";"00:30:00";"MS";163;"253.7";"DOURADOS";"Reação tardia ou ineficiente do condutor";"Colisão com objeto";"Sem Vítimas";"Plena Noite";"Decrescente";"Chuva";"Dupla";"Reta";"Não";1;0;0;0;0;1;0;1;-22,27885392;-54,82235352;"SR-MS";"UOP01";"DEL04"
335842;2021-01-22;"sexta";"02:45:00";"SC";101;"124";"ITAJAI";"Ingestão de álcool pelo condutor";"Colisão com objeto";"Sem Vítimas";"Plena Noite";"Decrescente";"Garoa/Chuvisco";"Dupla";"Reta";"Não";1;0;0;0;1;0;0;1;-26,94335064;-48,69198648;"SR-SC";"UOP04";"DEL04"
335843;2021-01-22;"sexta";"03:00:00";"ES";262;"195.9";"IUNA";"Problema com o freio";"Saída de leito carroçável";"Com Vítimas Feridas";"Plena Noite";"Crescente";"Céu Claro";"Simples";"Curva";"Não";2;0;0;2;0;0;2;1;-20,2846379;-41,77132778;"SR-ES";"UOP02";"DEL01"
335844;2021-01-22;"sexta";"03:05:00";"SC";101;"215.4";"PALHOCA";"Velocidade Incompatível";"Colisão com objeto";"Sem Vítimas";"Plena Noite";"Crescente";"Garoa/Chuvisco";"Múltipla";"Não Informado";"Sim";1;0;0;0;1;0;0;1;-27,65443314;-48,67803812;"SR-SC";"UOP02";"DEL01"
335845;2021-01-22;"sexta";"04:00:00";"PE";101;"62";"RECIFE";"Manobra de mudança de faixa";"Tombamento";"Com Vítimas Feridas";"Amanhecer";"Decrescente";"Vento";"Simples";"Reta";"Sim";2;0;0;2;0;0;2;1;-7,99905898;-34,93899295;"SR-PE";"UOP02";"DEL01"
335846;2021-01-22;"sexta";"03:55:00";"PE";101;"77.7";"RECIFE";"Entrada inopinada do pedestre";"Atropelamento de Pedestre";"Com Vítimas Fatais";"Plena Noite";"Decrescente";"Céu Claro";"Dupla";"Reta";"Sim";2;1;0;0;0;1;0;1;-8,130989;-34,944929;"SR-PE";"UOP01";"DEL01"
335848;2021-01-22;"sexta";"03:30:00";"MT";364;"202";"RONDONOPOLIS";"Velocidade Incompatível";"Queda de ocupante de veículo";"Com Vítimas Feridas";"Plena Noite";"Crescente";"Nevoeiro/Neblina";"Dupla";"Reta";"Sim";1;0;1;0;0;0;1;1;-16,48347324;-54,64970354;"SR-MT";"UOP01";"DEL02"
335849;2021-01-22;"sexta";"05:00:00";"ES";101;"117";"SOORETAMA";"Demais falhas mecânicas ou elétricas";"Incêndio";"Sem Vítimas";"Amanhecer";"Crescente";"Céu Claro";"Simples";"Reta";"Não";1;0;0;0;1;0;0;1;-19,11932808;-40,06302982;"SR-ES";"UOP01";"DEL04"
335850;2021-01-22;"sexta";"00:00:00";"RO";364;"46";"VILHENA";"Pedestre andava na pista";"Colisão lateral";"Com Vítimas Feridas";"Plena Noite";"Crescente";"Céu Claro";"Simples";"Reta";"Não";2;0;1;0;1;0;1;2;-12,58433298;-60,34423392;"SR-RO";"UOP01";"DEL04"
335851;2021-01-22;"sexta";"02:40:00";"SC";101;"3.4";"GARUVA";"Velocidade Incompatível";"Tombamento";"Com Vítimas Feridas";"Plena Noite";"Decrescente";"Chuva";"Dupla";"Curva";"Não";1;0;1;0;0;0;1;1;-26,00590592;-48,86695683;"SR-SC";"UOP01";"DEL03"
335852;2021-01-22;"sexta";"04:00:00";"RJ";101;"311";"SAO GONCALO";"Reação tardia ou ineficiente do condutor";"Colisão com objeto";"Sem Vítimas";"Amanhecer";"Crescente";"Céu Claro";"Dupla";"Ponte";"Não";1;0;0;0;1;0;0;1;-22,80062246;-43,05318779;"SR-RJ";"UOP02";"DEL02"
335853;2021-01-22;"sexta";"05:25:00";"PR";277;"691.8";"SAO MIGUEL DO IGUACU";"Reação tardia ou ineficiente do condutor";"Saída de leito carroçável";"Sem Vítimas";"Amanhecer";"Crescente";"Céu Claro";"Dupla";"Reta";"Não";1;0;0;0;1;0;0;1;-25,3630051;-54,25351194;"SR-PR";"UOP01";"DEL05"
335854;2021-01-22;"sexta";"06:10:00";"CE";222;"2.5";"FORTALEZA";"Condutor desrespeitou a iluminação vermelha do semáforo";"Colisão transversal";"Com Vítimas Feridas";"Pleno dia";"Crescente";"Nublado";"Múltipla";"Reta";"Sim";3;0;0;1;2;0;1;3;-3,73911117;-38,58687498;"SR-CE";"UOP01";"DEL01"
335855;2021-01-22;"sexta";"05:20:00";"PI";343;"243";"CAMPO MAIOR";"Condutor deixou de manter distância do veículo da frente";"Colisão traseira";"Com Vítimas Feridas";"Amanhecer";"Crescente";"Céu Claro";"Simples";"Reta";"Não";1;0;1;0;0;0;1;1;-4,670867;-42,075726;"SR-PI";"UOP03";"DEL01"
335856;2021-01-22;"sexta";"05:50:00";"AL";101;"194.5";"SAO SEBASTIAO";"Ausência de reação do condutor";"Saída de leito carroçável";"Com Vítimas Feridas";"Pleno dia";"Decrescente";"Céu Claro";"Simples";"Curva";"Não";3;0;1;1;1;0;2;1;-9,93595808;-36,49545203;"SR-AL";"UOP02";"DEL02"
335858;2021-01-22;"sexta";"06:35:00";"DF";40;"6.4";"BRASILIA";"Transitar no acostamento";"Colisão lateral mesmo sentido";"Com Vítimas Feridas";"Pleno dia";"Decrescente";"Céu Claro";"Dupla";"Reta";"Não";2;0;1;0;1;0;1;2;-16,033927;-47,978577;"SR-DF";"UOP01";"DEL01"
335859;2021-01-22;"sexta";"06:30:00";"RS";293;"0.9";"PELOTAS";"Desrespeitar a preferência no cruzamento";"Colisão transversal";"Sem Vítimas";"Pleno dia";"Crescente";"Céu Claro";"Múltipla";"Rotatória";"Sim";2;0;0;0;2;0;0;2;-31,760326;-52,356205;"SR-RS";"UOP01";"DEL07"
335860;2021-01-22;"sexta";"06:45:00";"SP";381;"63";"MAIRIPORA";"Condutor Dormindo";"Colisão traseira";"Com Vítimas Feridas";"Pleno dia";"Crescente";"Céu Claro";"Dupla";"Reta";"Não";2;0;1;0;1;0;1;2;-23,302805;-46,572767;"SR-SP";"UOP01";"DEL03"
335861;2021-01-22;"sexta";"07:00:00";"MG";381;"484";"BETIM";"Trafegar com motocicleta (ou similar) entre as faixas";"Tombamento";"Com Vítimas Feridas";"Pleno dia";"Decrescente";"Céu Claro";"Dupla";"Reta";"Sim";1;0;1;0;0;0;1;1;-19,95531717;-44,11722196;"SR-MG";"UOP03";"DEL01"
335862;2021-01-22;"sexta";"05:00:00";"TO";153;"401.9";"MIRANORTE";"Ausência de reação do condutor";"Eventos atípicos";"Com Vítimas Fatais";"Amanhecer";"Decrescente";"Nublado";"Simples";"Não Informado";"Não";1;1;0;0;0;0;0;1;-9,41877102;-48,57151689;"SR-TO";"UOP02";"DEL02"
335863;2021-01-22;"sexta";"06:35:00";"ES";262;"113.9";"VENDA NOVA DO IMIGRANTE";"Transitar no acostamento";"Colisão lateral";"Com Vítimas Feridas";"Pleno dia";"Decrescente";"Céu Claro";"Simples";"Reta";"Sim";2;0;0;1;0;1;1;2;-20,33171889;-41,20453016;"SR-ES";"UOP02";"DEL01"