"id";"data_inversa";"dia_semana";"horario";"uf";"br";"km";"municipio";"causa_acidente";"tipo_acidente";"classificacao_acidente";"fase_dia";"sentido_via";"condicao_metereologica";"tipo_pista";"tracado_via";"uso_solo";"pessoas";"mortos";"feridos_leves";"feridos_graves";"ilesos";"ignorados";"feridos";"veiculos";"latitude";"longitude";"regional";"delegacia";"uop"
335864;2021-01-22;"sexta";"07:20:00";"RN";101;"97.1";"NATAL";"Objeto estático sobre o leito carroçável";"Colisão com objeto";"Com Vítimas Feridas";"Pleno dia";"Decrescente";"Nublado";"Múltipla";"Desvio Temporário";"Sim";1;0;1;0;0;0;1;1;-5,85758898;-35,21271205;"SR-RN";"UOP01";"DEL01"
335865;2021-01-22;"sexta";"07:40:00";"ES";262;"6.6";"CARIACICA";"Trafegar com motocicleta (ou similar) entre as faixas";"Colisão com objeto";"Com Vítimas Feridas";"Pleno dia";"Decrescente";"Chuva";"Dupla";"Reta";"Sim";3;0;1;1;1;0;2;2;-20,34007493;-40,39451305;"SR-ES";"UOP01";"DEL01"
335866;2021-01-22;"sexta";"07:50:00";"GO";153;"502";"GOIANIA";"Manobra de mudança de faixa";"Colisão lateral";"Com Vítimas Feridas";"Pleno dia";"Decrescente";"Céu Claro";"Dupla";"Reta";"Sim";2;0;1;0;1;0;1;2;-16,7287;-49,2424;"SR-GO";"UOP01";"DEL01"
335867;2021-01-22;"sexta";"07:35:00";"RN";101;"80.9";"SAO GONCALO DO AMARANTE";"Acessar a via sem observar a presença dos outros veículos";"Colisão lateral";"Com Vítimas Feridas";"Pleno dia";"Crescente";"Nublado";"Dupla";"Rotatória";"Sim";2;0;1;0;1;0;1;2;-5,76294105;-35,28722942;"SR-RN";"UOP01";"DEL02"
335869;2021-01-22;"sexta";"07:55:00";"DF";20;"4";"BRASILIA";"Reação tardia ou ineficiente do condutor";"Colisão traseira";"Sem Vítimas";"Pleno dia";"Decrescente";"Céu Claro";"Dupla";"Não Informado";"Sim";2;0;0;0;2;0;0;2;-15,67689282;-47,82568574;"SR-DF";"UOP01";"DEL02"
335870;2021-01-22;"sexta";"07:55:00";"PR";277;"112";"CAMPO LARGO";"Frear bruscamente";"Tombamento";"Com Vítimas Feridas";"Pleno dia";"Decrescente";"Nublado";"Dupla";"Reta";"Sim";1;0;1;0;0;0;1;1;-25,44746;-49,476515;"SR-PR";"UOP06";"DEL01"
335871;2021-01-20;"quarta";"21:25:00";"PR";277;"516";"GUARANIACU";"Transitar na contramão";"Colisão lateral";"Sem Vítimas";"Pleno dia";"Crescente";"Chuva";"Simples";"Reta";"Não";2;0;0;0;1;1;0;2;-25,11722483;-52,81349172;"SR-PR";"UOP01";"DEL04"
335872;2021-01-22;"sexta";"06:55:00";"MG";381;"482.1";"BETIM";"Estacionar ou parar em local proibido";"Colisão lateral";"Com Vítimas Feridas";"Amanhecer";"Decrescente";"Céu Claro";"Múltipla";"Interseção de vias";"Sim";3;0;2;0;1;0;2;2;-19,955532;-44,097209;"SR-MG";"UOP03";"DEL01"
335873;2021-01-22;"sexta";"07:30:00";"SP";116;"174.5";"JACAREI";"Demais falhas mecânicas ou elétricas";"Colisão com objeto";"Com Vítimas Fatais";"Pleno dia";"Crescente";"Sol";"Dupla";"Desvio Temporário";"Não";1;1;0;0;0;0;0;1;-23,32057287;-46,09074403;"SR-SP";"UOP01";"DEL02"
335874;2021-01-22;"sexta";"08:20:00";"PI";343;"340.7";"TERESINA";"Condutor deixou de manter distância do veículo da frente";"Colisão traseira";"Com Vítimas Feridas";"Pleno dia";"Crescente";"Céu Claro";"Dupla";"Não Informado";"Sim";2;0;1;0;1;0;1;2;-5,0776921;-42,74312925;"SR-PI";"UOP01";"DEL01"
335875;2021-01-22;"sexta";"08:00:00";"BA";324;"578";"CANDEIAS";"Avarias e/ou desgaste excessivo no pneu";"Queda de ocupante de veículo";"Com Vítimas Feridas";"Pleno dia";"Crescente";"Nublado";"Dupla";"Reta";"Não";2;0;2;0;0;0;2;1;-12,58896655;-38,52358272;"SR-BA";"UOP01";"DEL01"
335876;2021-01-22;"sexta";"07:30:00";"MG";381;"933.2";"EXTREMA";"Condutor Dormindo";"Colisão com objeto";"Com Vítimas Fatais";"Pleno dia";"Decrescente";"Sol";"Dupla";"Reta";"Não";5;1;3;1;0;0;4;2;-22,79692847;-46,25449289;"SR-MG";"UOP03";"DEL16"
335877;2021-01-22;"sexta";"07:40:00";"PR";116;"200.9";"RIO NEGRO";"Reação tardia ou ineficiente do condutor";"Colisão traseira";"Com Vítimas Feridas";"Pleno dia";"Crescente";"Céu Claro";"Simples";"Reta";"Não";2;0;1;0;1;0;1;2;-26,03284086;-49,69000012;"SR-SC";"UOP01";"DEL06"
335879;2021-01-22;"sexta";"08:15:00";"MG";262;"755.5";"SACRAMENTO";"Acessar a via sem observar a presença dos outros veículos";"Colisão transversal";"Com Vítimas Feridas";"Pleno dia";"Decrescente";"Céu Claro";"Simples";"Rotatória";"Não";2;0;1;0;1;0;1;2;-19,64307255;-47,51054764;"SR-MG";"UOP01";"DEL13"
335881;2021-01-22;"sexta";"08:00:00";"MG";40;"82.6";"PARACATU";"Reação tardia ou ineficiente do condutor";"Saída de leito carroçável";"Com Vítimas Feridas";"Pleno dia";"Crescente";"Céu Claro";"Simples";"Reta";"Não";4;0;0;2;2;0;2;1;-17,46980649;-46,64389174;"SR-MG";"UOP01";"DEL14"
335882;2021-01-22;"sexta";"09:00:00";"BA";116;"414";"FEIRA DE SANTANA";"Desrespeitar a preferência no cruzamento";"Colisão transversal";"Com Vítimas Feridas";"Pleno dia";"Crescente";"Céu Claro";"Simples";"Não Informado";"Sim";3;0;1;1;1;0;2;2;-12,15091699;-38,96471948;"SR-BA";"UOP01";"DEL02"
335883;2021-01-22;"sexta";"08:55:00";"BA";235;"349.7";"JUAZEIRO";"Área urbana sem a presença de local apropriado para a travessia de pedestres";"Atropelamento de Pedestre";"Com Vítimas Feridas";"Pleno dia";"Decrescente";"Céu Claro";"Simples";"Reta";"Sim";3;0;0;1;2;0;1;1;-9,43174507;-40,49803816;"SR-PE";"UOP01";"DEL06"
335884;2021-01-22;"sexta";"07:20:00";"MG";50;"72";"UBERLANDIA";"Condutor deixou de manter distância do veículo da frente";"Engavetamento";"Com Vítimas Feridas";"Pleno dia";"Decrescente";"Céu Claro";"Dupla";"Reta";"Sim";4;0;3;0;1;0;3;4;-18,85140204;-48,25345932;"SR-MG";"UOP01";"DEL15"
335885;2021-01-22;"sexta";"09:00:00";"GO";50;"279";"CATALAO";"Ausência de reação do condutor";"Queda de ocupante de veículo";"Com Vítimas Feridas";"Pleno dia";"Crescente";"Céu Claro";"Simples";"Reta";"Sim";1;0;1;0;0;0;1;1;-18,1739;-47,9289;"SR-GO";"UOP01";"DEL06"
335886;2021-01-14;"quinta";"17:30:00";"MS";376;"6";"DOURADOS";"Ausência de reação do condutor";"Colisão traseira";"Com Vítimas Feridas";"Pleno dia";"Decrescente";"Céu Claro";"Simples";"Reta";"Não";2;0;1;0;1;0;1;2;-22,23642697;-54,65583896;"SR-MS";"UOP04";"DEL04"
335887;2021-01-22;"sexta";"08:20:00";"MS";163;"487.4";"CAMPO GRANDE";"Acessar a via sem observar a presença dos outros veículos";"Colisão transversal";"Com Vítimas Feridas";"Pleno dia";"Crescente";"Nublado";"Simples";"Retorno Regulamentado";"Sim";2;0;0;1;1;0;1;2;-20,420228;-54,546493;"SR-MS";"UOP02";"DEL01"
335888;2021-01-14;"quinta";"21:20:00";"MS";163;"266";"DOURADOS";"Condutor deixou de manter distância do veículo da frente";"Colisão traseira";"Com Vítimas Feridas";"Plena Noite";"Crescente";"Céu Claro";"Dupla";"Reta";"Sim";2;0;0;1;1;0;1;2;-22,21821026;-54,72287079;"SR-MS";"UOP01";"DEL04"
335890;2021-01-22;"sexta";"09:30:00";"MG";365;"604";"UBERLANDIA";"Velocidade Incompatível";"Saída de leito carroçável";"Com Vítimas Fatais";"Pleno dia";"Crescente";"Céu Claro";"Simples";"Curva";"Sim";1;1;0;0;0;0;0;1;-18,90390519;-48,16353682;"SR-MG";"UOP01";"DEL15"
335891;2021-01-22;"sexta";"09:30:00";"PE";101;"176.5";"JOAQUIM NABUCO";"Velocidade Incompatível";"Saída de leito carroçável";"Com Vítimas Fatais";"Pleno dia";"Crescente";"Sol";"Dupla";"Curva";"Não";13;3;4;4;0;2;8;1;-8,60776887;-35,5426471;"SR-PE";"UOP03";"DEL01"
335892;2021-01-22;"sexta";"08:15:00";"ES";262;"29.2";"DOMINGOS MARTINS";"Objeto estático sobre o leito carroçável";"Colisão traseira";"Com Vítimas Feridas";"Pleno dia";"Decrescente";"Chuva";"Simples";"Curva";"Não";5;0;1;0;3;1;1;5;-20,37402639;-40,5593211;"SR-ES";"UOP01";"DEL01"
335893;2021-01-22;"sexta";"09:50:00";"ES";101;"276.8";"SERRA";"Acumulo de água sobre o pavimento";"Capotamento";"Com Vítimas Feridas";"Pleno dia";"Crescente";"Chuva";"Dupla";"Reta";"Não";1;0;1;0;0;0;1;1;-20,20788726;-40,3133509;"SR-ES";"UOP01";"DEL02"
335895;2021-01-22;"sexta";"09:50:00";"MG";50;"67.2";"UBERLANDIA";"Condutor deixou de manter distância do veículo da frente";"Colisão traseira";"Com Vítimas Feridas";"Pleno dia";"Crescente";"Céu Claro";"Dupla";"Não Informado";"Sim";5;0;1;0;4;0;1;2;-18,85140204;-48,25345932;"SR-MG";"UOP02";"DEL15"
335896;2021-01-22;"sexta";"10:10:00";"PE";232;"136";"CARUARU";"Acumulo de areia ou detritos sobre o pavimento";"Saída de leito carroçável";"Com Vítimas Feridas";"Pleno dia";"Decrescente";"Céu Claro";"Dupla";"Reta";"Não";1;0;1;0;0;0;1;1;-8,31339932;-36,04175591;"SR-PE";"UOP02";"DEL02"
335897;2021-01-02;"sábado";"09:15:00";"SP";116;"541.6";"BARRA DO TURVO";"Chuva";"Colisão lateral";"Com Vítimas Feridas";"Pleno dia";"Crescente";"Chuva";"Dupla";"Curva";"Não";1;0;1;0;0;0;1;1;-24,97257881;-48,40265036;"SR-SP";"UOP02";"DEL05"
335898;2021-01-22;"sexta";"10:40:00";"GO";153;"418.3";"ANAPOLIS";"Afundamento ou ondulação no pavimento";"Capotamento";"Com Vítimas Feridas";"Pleno dia";"Decrescente";"Céu Claro";"Simples";"Reta";"Não";3;0;2;0;1;0;2;1;-16,159821;-49,04351;"SR-GO";"UOP01";"DEL02"
335899;2021-01-22;"sexta";"06:10:00";"MG";262;"5.2";"MARTINS SOARES";"Velocidade Incompatível";"Tombamento";"Com Vítimas Feridas";"Pleno dia";"Decrescente";"Céu Claro";"Simples";"Curva";"Não";1;0;1;0;0;0;1;1;-20,25760679;-41,80160407;"SR-MG";"UOP04";"DEL06"
335900;2021-01-22;"sexta";"09:30:00";"PR";158;"516.9";"PATO BRANCO";"Demais falhas mecânicas ou elétricas";"Incêndio";"Sem Vítimas";"Pleno dia";"Crescente";"Nublado";"Simples";"Reta";"Não";1;0;0;0;1;0;0;1;-26,08339816;-52,64028891;"SR-PR";"UOP01";"DEL02"
335901;2021-01-22;"sexta";"09:00:00";"BA";101;"800.3";"ITAMARAJU";"Velocidade Incompatível";"Colisão frontal";"Com Vítimas Feridas";"Pleno dia";"Decrescente";"Chuva";"Simples";"Reta";"Não";4;0;3;0;1;0;3;2;-17,14135504;-39,56892786;"SR-BA";"UOP01";"DEL09"
335902;2021-01-22;"sexta";"10:35:00";"PI";230;"302";"FLORIANO";"Condutor deixou de manter distância do veículo da frente";"Colisão lateral";"Sem Vítimas";"Pleno dia";"Decrescente";"Céu Claro";"Simples";"Reta";"Não";3;0;0;0;3;0;0;2;-6,80935231;-42,95446185;"SR-PI";"UOP01";"DEL03"
335903;2021-01-21;"quinta";"12:50:00";"MT";158;"259.8";"SAO FELIX DO ARAGUAIA";"Velocidade Incompatível";"Saída de leito carroçável";"Com Vítimas Feridas";"Pleno dia";"Decrescente";"Céu Claro";"Simples";"Reta";"Não";2;0;1;0;1;0;1;1;-11,607862;-51,699307;"SR-MT";"UOP02";"DEL07"
335904;2021-01-22;"sexta";"11:50:00";"DF";20;"9";"BRASILIA";"Condutor deixou de manter distância do veículo da frente";"Colisão traseira";"Com Vítimas Feridas";"Pleno dia";"Decrescente";"Céu Claro";"Dupla";"Reta";"Sim";2;0;1;0;1;0;1;2;-15,654671;-47,782917;"SR-DF";"UOP01";"DEL02"
335905;2021-01-22;"sexta";"11:00:00";"MT";364;"379.6";"SANTO ANTONIO DO LEVERGER";"Ausência de reação do condutor";"Saída de leito carroçável";"Com Vítimas Feridas";"Pleno dia";"Crescente";"Céu Claro";"Dupla";"Reta";"Não";1;0;0;1;0;0;1;1;-15,70357434;-55,755179;"SR-MT";"UOP02";"DEL01"
335906;2021-01-22;"sexta";"12:30:00";"RJ";116;"172";"BELFORD ROXO";"Condutor deixou de manter distância do veículo da frente";"Colisão traseira";"Com Vítimas Feridas";"Pleno dia";"Crescente";"Céu Claro";"Dupla";"Reta";"Não";2;0;1;0;1;0;1;2;-22,7759;-43,3993;"SR-RJ";"UOP02";"DEL01"
335907;2021-01-22;"sexta";"08:20:00";"SC";470;"166";"POUSO REDONDO";"Velocidade Incompatível";"Colisão frontal";"Com Vítimas Feridas";"Pleno dia";"Decrescente";"Chuva";"Simples";"Curva";"Não";5;0;2;0;3;0;2;5;-27,275208;-49,855125;"SR-SC";"UOP02";"DEL04"
335908;2021-01-22;"sexta";"09:00:00";"SC";470;"235.2";"SAO CRISTOVAO DO SUL";"Condutor deixou de manter distância do veículo da frente";"Colisão traseira";"Sem Vítimas";"Pleno dia";"Decrescente";"Chuva";"Simples";"Não Informado";"Não";2;0;0;0;2;0;0;2;-27,302292;-50,439423;"SR-SC";"UOP03";"DEL05"
335909;2021-01-22;"sexta";"09:40:00";"MG";365;"741";"ITUIUTABA";"Pista Escorregadia";"Saída de leito carroçável";"Com Vítimas Feridas";"Pleno dia";"Decrescente";"Chuva";"Simples";"Reta";"Não";2;0;1;0;1;0;1;1;-18,91363311;-49,38245598;"SR-MG";"UOP03";"DEL15"
335910;2021-01-22;"sexta";"13:30:00";"GO";153;"527";"HIDROLANDIA";"Condutor deixou de manter distância do veículo da frente";"Colisão traseira";"Com Vítimas Feridas";"Pleno dia";"Decrescente";"Sol";"Dupla";"Não Informado";"Não";4;0;2;0;2;0;2;2;-16,9457;-49,2511;"SR-GO";"UOP03";"DEL01"
335911;2021-01-22;"sexta";"13:40:00";"ES";101;"299";"VIANA";"Condutor deixou de manter distância do veículo da frente";"Colisão traseira";"Com Vítimas Feridas";"Pleno dia";"Crescente";"Sol";"Dupla";"Reta";"Sim";2;0;1;0;1;0;1;2;-20,35860628;-40,42327504;"SR-ES";"UOP01";"DEL01"
335912;2021-01-22;"sexta";"12:50:00";"GO";40;"54.7";"LUZIANIA";"Demais falhas mecânicas ou elétricas";"Incêndio";"Sem Vítimas";"Pleno dia";"Crescente";"Céu Claro";"Dupla";"Reta";"Não";1;0;0;0;1;0;0;1;-16,476451;-47,811164;"SR-DF";"UOP04";"DEL01"
335913;2021-01-22;"sexta";"10:40:00";"ES";101;"446";"MIMOSO DO SUL";"Ultrapassagem Indevida";"Colisão lateral sentido oposto";"Com Vítimas Feridas";"Pleno dia";"Crescente";"Céu Claro";"Simples";"Reta";"Não";2;0;1;0;1;0;1;2;-21,11782572;-41,26862728;"SR-ES";"UOP02";"DEL03"
335914;2021-01-22;"sexta";"13:50:00";"MG";40;"597.3";"OURO PRETO";"Frear bruscamente";"Engavetamento";"Com Vítimas Feridas";"Pleno dia";"Decrescente";"Céu Claro";"Dupla";"Interseção de vias";"Não";3;0;1;0;2;0;1;3;-20,42042719;-43,88163686;"SR-MG";"UOP02";"DEL05"
335915;2021-01-22;"sexta";"14:40:00";"BA";101;"121.3";"ALAGOINHAS";"Manobra de mudança de faixa";"Saída de leito carroçável";"Com Vítimas Feridas";"Pleno dia";"Crescente";"Chuva";"Simples";"Reta";"Não";1;0;0;1;0;0;1;1;-12,16798601;-38,57040997;"SR-BA";"UOP04";"DEL01"
335916;2021-01-22;"sexta";"14:50:00";"DF";40;"8";"BRASILIA";"Manobra de mudança de faixa";"Colisão lateral";"Com Vítimas Feridas";"Pleno dia";"Crescente";"Céu Claro";"Dupla";"Reta";"Sim";3;0;2;0;0;1;2;2;-16,038666;-47,979691;"SR-DF";"UOP01";"DEL01"
335917;2021-01-22;"sexta";"11:00:00";"MT";70;"99.2";"GENERAL CARNEIRO";"Ausência de reação do condutor";"Capotamento";"Com Vítimas Feridas";"Pleno dia";"Decrescente";"Nublado";"Simples";"Reta";"Não";4;0;4;0;0;0;4;1;-15,56218628;-52,93845991;"SR-MT";"UOP01";"DEL07"
335920;2021-01-22;"sexta";"15:20:00";"RJ";101;"307";"SAO GONCALO";"Acumulo de água sobre o pavimento";"Colisão traseira";"Com Vítimas Feridas";"Pleno dia";"Decrescente";"Chuva";"Dupla";"Reta";"Sim";5;0;2;0;3;0;2;2;-22,79115777;-43,01514205;"SR-RJ";"UOP02";"DEL02"
335922;2021-01-22;"sexta";"14:20:00";"RO";364;"433";"JARU";"Ausência de reação do condutor";"Queda de ocupante de veículo";"Com Vítimas Feridas";"Pleno dia";"Crescente";"Céu Claro";"Simples";"Reta";"Não";1;0;1;0;0;0;1;1;-10,39528019;-62,53268714;"SR-RO";"UOP02";"DEL03"
335924;2021-01-22;"sexta";"10:15:00";"RJ";393;"124";"SAPUCAIA";"Velocidade Incompatível";"Colisão lateral";"Com Vítimas Feridas";"Pleno dia";"Crescente";"Céu Claro";"Simples";"Curva";"Não";2;0;1;0;1;0;1;2;-21,94148988;-42,82319999;"SR-RJ";"UOP02";"DEL04"
335925;2021-01-22;"sexta";"14:20:00";"RJ";101;"308";"SAO GONCALO";"Chuva";"Colisão com objeto";"Com Vítimas Feridas";"Pleno dia";"Decrescente";"Chuva";"Múltipla";"Reta";"Sim";1;0;1;0;0;0;1;1;-22,79309326;-43,02479595;"SR-RJ";"UOP02";"DEL02"
335926;2021-01-22;"sexta";"10:04:00";"MG";116;"216";"CATUJI";"Transitar na contramão";"Colisão frontal";"Com Vítimas Feridas";"Pleno dia";"Decrescente";"Céu Claro";"Simples";"Reta";"Não";3;0;0;2;1;0;2;2;-17,3756538;-41,52881674;"SR-MG";"UOP01";"DEL11"
335928;2021-01-22;"sexta";"15:55:00";"RS";116;"267";"CANOAS";"Ultrapassagem Indevida";"Colisão com objeto";"Com Vítimas Feridas";"Pleno dia";"Decrescente";"Céu Claro";"Dupla";"Reta";"Sim";2;0;1;0;1;0;1;1;-29,94142398;-51,17697062;"SR-RS";"UOP01";"DEL01"
335929;2021-01-22;"sexta";"13:50:00";"RS";386;"439";"CANOAS";"Demais falhas mecânicas ou elétricas";"Colisão lateral";"Com Vítimas Feridas";"Pleno dia";"Decrescente";"Céu Claro";"Dupla";"Reta";"Sim";3;0;1;0;2;0;1;3;-29,871458;-51,248714;"SR-RS";"UOP02";"DEL04"
335930;2021-01-22;"sexta";"16:35:00";"SP";101;"51.8";"UBATUBA";"Ingestão de álcool pelo condutor";"Atropelamento de Pedestre";"Com Vítimas Fatais";"Pleno dia";"Decrescente";"Céu Claro";"Simples";"Curva";"Sim";4;1;0;1;1;1;1;1;-23,46523123;-45,06223882;"SR-SP";"UOP02";"DEL06"
335936;2021-01-22;"sexta";"15:50:00";"MG";381;"502.1";"BETIM";"Avarias e/ou desgaste excessivo no pneu";"Tombamento";"Com Vítimas Feridas";"Pleno dia";"Decrescente";"Céu Claro";"Múltipla";"Reta";"Sim";2;0;2;0;0;0;2;1;-20,01956483;-44,22836065;"SR-MG";"UOP03";"DEL01"
335938;2021-01-22;"sexta";"16:30:00";"PE";116;"82";"BELEM DE SAO FRANCISCO";"Carga excessiva e/ou mal acondicionada";"Tombamento";"Com Vítimas Feridas";"Pleno dia";"Decrescente";"Céu Claro";"Dupla";"Rotatória";"Não";2;0;1;0;1;0;1;1;-8,54875802;-39,22532777;"SR-PE";"UAP01";"DEL05"
335939;2021-01-22;"sexta";"13:40:00";"SC";101;"138.5";"BALNEARIO CAMBORIU";"Reação tardia ou ineficiente do condutor";"Colisão com objeto";"Com Vítimas Feridas";"Pleno dia";"Decrescente";"Chuva";"Dupla";"Curva";"Sim";3;0;3;0;0;0;3;1;-27,02397426;-48,60761649;"SR-SC";"UOP03";"DEL04"
335941;2021-01-22;"sexta";"17:05:00";"PR";116;"125";"FAZENDA RIO GRANDE";"Trafegar com motocicleta (ou similar) entre as faixas";"Colisão lateral mesmo sentido";"Com Vítimas Feridas";"Plena Noite";"Crescente";"Garoa/Chuvisco";"Dupla";"Reta";"Sim";2;0;1;0;1;0;1;2;-25,59505309;-49,31630659;"SR-PR";"UOP03";"DEL01"
335942;2021-01-22;"sexta";"17:00:00";"MA";135;"5.4";"SAO LUIS";"Condutor deixou de manter distância do veículo da frente";"Colisão traseira";"Sem Vítimas";"Anoitecer";"Decrescente";"Nublado";"Dupla";"Reta";"Sim";3;0;0;0;3;0;0;3;-2,62145385;-44,25797421;"SR-MA";"UOP01";"DEL01"
335943;2021-01-22;"sexta";"17:15:00";"PR";116;"99";"SAO JOSE DOS PINHAIS";"Demais falhas mecânicas ou elétricas";"Queda de ocupante de veículo";"Com Vítimas Feridas";"Pleno dia";"Crescente";"Nublado";"Dupla";"Reta";"Não";1;0;0;1;0;0;1;1;-25,56660098;-49,1583252;"SR-PR";"UOP01";"DEL01"
335944;2021-01-22;"sexta";"13:35:00";"PB";230;"480";"MARIZOPOLIS";"Acessar a via sem observar a presença dos outros veículos";"Colisão transversal";"Com Vítimas Feridas";"Pleno dia";"Decrescente";"Nublado";"Simples";"Reta";"Não";5;0;1;3;0;1;4;2;-6,8436;-38,3416;"SR-PB";"UOP03";"DEL03"
335945;2021-01-22;"sexta";"15:40:00";"RJ";465;"20";"NOVA IGUACU";"Ausência de sinalização";"Colisão transversal";"Com Vítimas Feridas";"Pleno dia";"Decrescente";"Céu Claro";"Simples";"Reta";"Não";2;0;0;1;1;0;1;2;-22,846828;-43,605339;"SR-RJ";"UOP04";"DEL01"
335947;2021-01-16;"sábado";"04:40:00";"MA";316;"419";"PERITORO";"Condutor Dormindo";"Colisão frontal";"Com Vítimas Feridas";"Plena Noite";"Crescente";"Nublado";"Simples";"Reta";"Sim";2;0;0;1;1;0;1;2;-4,346691;-44,379074;"SR-MA";"UOP01";"DEL03"
335948;2021-01-22;"sexta";"18:00:00";"SC";101;"120.7";"ITAJAI";"Trafegar com motocicleta (ou similar) entre as faixas";"Colisão lateral";"Com Vítimas Feridas";"Pleno dia";"Decrescente";"Chuva";"Múltipla";"Reta";"Sim";2;0;1;0;1;0;1;2;-26,912758;-48,711998;"SR-SC";"UOP04";"DEL04"
335949;2021-01-22;"sexta";"17:40:00";"MG";381;"517.5";"IGARAPE";"Ausência de reação do condutor";"Colisão traseira";"Com Vítimas Feridas";"Anoitecer";"Crescente";"Céu Claro";"Dupla";"Reta";"Não";2;0;1;0;1;0;1;2;-20,11382303;-44,30720801;"SR-MG";"UOP03";"DEL04"
335950;2021-01-22;"sexta";"17:40:00";"PR";376;"189.5";"MARIALVA";"Manobra de mudança de faixa";"Colisão lateral";"Com Vítimas Feridas";"Pleno dia";"Decrescente";"Céu Claro";"Dupla";"Reta";"Sim";2;0;1;0;1;0;1;2;-23,469506;-51,822522;"SR-PR";"UOP01";"DEL09"
335951;2021-01-22;"sexta";"17:20:00";"RN";101;"79.9";"SAO GONCALO DO AMARANTE";"Ingestão de álcool pelo condutor";"Colisão transversal";"Com Vítimas Feridas";"Anoitecer";"Crescente";"Céu Claro";"Dupla";"Reta";"Sim";2;0;1;0;1;0;1;2;-5,75348875;-35,28889244;"SR-RN";"UOP01";"DEL02"
335952;2021-01-22;"sexta";"12:30:00";"ES";482;"59.3";"JERONIMO MONTEIRO";"Ultrapassagem Indevida";"Colisão frontal";"Com Vítimas Feridas";"Pleno dia";"Crescente";"Sol";"Simples";"Curva";"Não";3;0;0;1;1;1;1;2;-20,80232;-41,354004;"SR-ES";"UOP02";"DEL03"
335953;2021-01-22;"sexta";"15:00:00";"MS";163;"75";"ITAQUIRAI";"Ingestão de álcool pelo condutor";"Colisão transversal";"Sem Vítimas";"Pleno dia";"Decrescente";"Céu Claro";"Simples";"Reta";"Sim";2;0;0;0;2;0;0;2;-23,50091105;-54,18729772;"SR-MS";"UOP02";"DEL09"
335954;2021-01-22;"sexta";"13:50:00";"PR";277;"2.5";"PARANAGUA";"Velocidade Incompatível";"Colisão traseira";"Com Vítimas Feridas";"Pleno dia";"Crescente";"Nublado";"Dupla";"Reta";"Sim";4;0;2;0;2;0;2;3;-25,568198;-48,615292;"SR-PR";"UOP05";"DEL01"
335955;2021-01-22;"sexta";"18:45:00";"RS";287;"267";"SANTA MARIA";"Demais falhas mecânicas ou elétricas";"Saída de leito carroçável";"Com Vítimas Feridas";"Pleno dia";"Crescente";"Céu Claro";"Simples";"Reta";"Não";2;0;2;0;0;0;2;1;-29,67151646;-54,01217104;"SR-RS";"UOP01";"DEL09"
335956;2021-01-22;"sexta";"14:01:00";"SC";470;"222.7";"SAO CRISTOVAO DO SUL";"Chuva";"Capotamento";"Com Vítimas Feridas";"Pleno dia";"Crescente";"Chuva";"Simples";"Curva";"Não";1;0;1;0;0;0;1;1;-27,316019;-50,327316;"SR-SC";"UOP03";"DEL05"
335957;2021-01-22;"sexta";"18:15:00";"PR";476;"130.5";"CURITIBA";"Condutor deixou de manter distância do veículo da frente";"Colisão traseira";"Com Vítimas Feridas";"Anoitecer";"Decrescente";"Nublado";"Simples";"Reta";"Sim";3;0;1;0;2;0;1;2;-25,449564;-49,236427;"SR-PR";"UOP03";"DEL01"
335958;2021-01-14;"quinta";"09:55:00";"AL";316;"160";"PALMEIRA DOS INDIOS";"Desrespeitar a preferência no cruzamento";"Colisão transversal";"Com Vítimas Feridas";"Pleno dia";"Crescente";"Céu Claro";"Simples";"Interseção de vias";"Não";2;0;0;1;1;0;1;2;-9,44736217;-36,60179321;"SR-AL";"UOP01";"DEL03"
335959;2021-01-22;"sexta";"18:30:00";"BA";116;"13";"VITORIA DA CONQUISTA";"Animais na Pista";"Atropelamento de Animal";"Com Vítimas Feridas";"Anoitecer";"Crescente";"Céu Claro";"Simples";"Reta";"Não";2;0;2;0;0;0;2;1;-14,851;-40,8485;"SR-BA";"UOP01";"DEL08"
335960;2021-01-22;"sexta";"19:20:00";"PE";101;"65";"RECIFE";"Reação tardia ou ineficiente do condutor";"Colisão traseira";"Com Vítimas Feridas";"Plena Noite";"Crescente";"Céu Claro";"Dupla";"Reta";"Sim";2;0;1;0;1;0;1;2;-8,02920346;-34,94308596;"SR-PE";"UOP01";"DEL01"
335961;2021-01-22;"sexta";"14:30:00";"ES";101;"157.6";"LINHARES";"Ausência de reação do condutor";"Colisão lateral";"Com Vítimas Feridas";"Pleno dia";"Crescente";"Céu Claro";"Simples";"Reta";"Não";3;0;1;0;0;2;1;2;-19,45345303;-40,09963296;"SR-ES";"UOP01";"DEL04"
335962;2021-01-22;"sexta";"18:25:00";"RO";319;"64";"PORTO VELHO";"Condutor deixou de manter distância do veículo da frente";"Colisão traseira";"Com Vítimas Feridas";"Pleno dia";"Decrescente";"Céu Claro";"Dupla";"Reta";"Sim";6;0;1;0;5;0;1;2;-8,766685;-63,884052;"SR-RO";"UOP01";"DEL01"
335963;2021-01-22;"sexta";"19:08:00";"GO";251;"30";"CRISTALINA";"Reação tardia ou ineficiente do condutor";"Colisão traseira";"Com Vítimas Feridas";"Plena Noite";"Decrescente";"Céu Claro";"Simples";"Reta";"Sim";2;0;0;1;1;0;1;2;-16,0820873;-47,52264448;"SR-DF";"UOP01";"DEL01"