"id";"data_inversa";"dia_semana";"horario";"uf";"br";"km";"municipio";"causa_acidente";"tipo_acidente";"classificacao_acidente";"fase_dia";"sentido_via";"condicao_metereologica";"tipo_pista";"tracado_via";"uso_solo";"pessoas";"mortos";"feridos_leves";"feridos_graves";"ilesos";"ignorados";"feridos";"veiculos";"latitude";"longitude";"regional";"delegacia";"uop"
336261;2021-01-24;"domingo";"03:30:00";"MG";50;"23.5";"ARAGUARI";"Condutor Dormindo";"Saída de leito carroçável";"Com Vítimas Feridas";"Plena Noite";"Crescente";"Céu Claro";"Dupla";"Desvio Temporário";"Não";24;0;1;0;23;0;1;1;-18,61017798;-48,05876;"SR-MG";"UOP02";"DEL15"
336263;2021-01-24;"domingo";"02:50:00";"RS";386;"189.1";"SANTO ANTONIO DO PLANALTO";"Ingestão de álcool pelo condutor";"Capotamento";"Com Vítimas Feridas";"Plena Noite";"Crescente";"Céu Claro";"Simples";"Reta";"Não";1;0;0;1;0;0;1;1;-28,371929;-52,705669;"SR-RS";"UOP01";"DEL08"
336264;2021-01-24;"domingo";"03:15:00";"MG";262;"409.3";"IGARATINGA";"Ingestão de álcool pelo condutor";"Saída de leito carroçável";"Com Vítimas Fatais";"Plena Noite";"Crescente";"Céu Claro";"Dupla";"Reta";"Não";1;1;0;0;0;0;0;1;-19,8901412;-44,62313102;"SR-MG";"UOP03";"DEL08"
336265;2021-01-24;"domingo";"05:40:00";"SP";153;"189";"LINS";"Ingestão de álcool pelo condutor";"Colisão traseira";"Com Vítimas Feridas";"Amanhecer";"Decrescente";"Céu Claro";"Simples";"Reta";"Não";2;0;1;0;0;1;1;2;-21,73920917;-49,84997889;"SR-SP";"UOP01";"DEL07"
336266;2021-01-24;"domingo";"05:20:00";"SC";101;"129";"BALNEARIO CAMBORIU";"Condutor deixou de manter distância do veículo da frente";"Colisão traseira";"Sem Vítimas";"Amanhecer";"Decrescente";"Chuva";"Dupla";"Reta";"Sim";2;0;0;0;0;2;0;2;-26,98064277;-48,6790679;"SR-SC";"UOP03";"DEL04"
336268;2021-01-24;"domingo";"07:30:00";"SC";101;"128";"ITAJAI";"Ingestão de álcool pelo condutor";"Colisão com objeto";"Com Vítimas Feridas";"Pleno dia";"Decrescente";"Nublado";"Dupla";"Reta";"Não";1;0;1;0;0;0;1;1;-26,97284292;-48,68299451;"SR-SC";"UOP03";"DEL04"
336269;2021-01-24;"domingo";"06:15:00";"SP";116;"272";"TABOAO DA SERRA";"Acessar a via sem observar a presença dos outros veículos";"Atropelamento de Pedestre";"Com Vítimas Feridas";"Plena Noite";"Crescente";"Nublado";"Dupla";"Reta";"Sim";2;0;0;1;0;1;1;1;-23,621691;-46,813288;"SR-SP";"UOP01";"DEL04"
336270;2021-01-23;"sábado";"17:30:00";"MT";364;"329";"CAMPO VERDE";"Avarias e/ou desgaste excessivo no pneu";"Queda de ocupante de veículo";"Com Vítimas Feridas";"Anoitecer";"Crescente";"Garoa/Chuvisco";"Dupla";"Reta";"Não";1;0;0;1;0;0;1;1;-15,81827684;-55,40282005;"SR-MT";"UOP02";"DEL05"
336271;2021-01-24;"domingo";"05:45:00";"PR";369;"148";"LONDRINA";"Ingestão de álcool pelo condutor";"Colisão traseira";"Com Vítimas Feridas";"Amanhecer";"Decrescente";"Nublado";"Dupla";"Não Informado";"Sim";4;0;1;0;3;0;1;2;-23,29305488;-51,14308208;"SR-PR";"UOP01";"DEL07"
336272;2021-01-24;"domingo";"04:00:00";"MG";153;"8";"ARAPORA";"Condutor Dormindo";"Saída de leito carroçável";"Sem Vítimas";"Amanhecer";"Decrescente";"Céu Claro";"Dupla";"Reta";"Não";2;0;0;0;2;0;0;1;-18,469534;-49,18824998;"SR-MG";"UOP03";"DEL15"
336273;2021-01-24;"domingo";"06:10:00";"MT";174;"9";"PONTES E LACERDA";"Reação tardia ou ineficiente do condutor";"Saída de leito carroçável";"Com Vítimas Feridas";"Pleno dia";"Crescente";"Nublado";"Simples";"Curva";"Sim";3;0;0;3;0;0;3;1;-15,202619;-59,367911;"SR-MT";"UOP01";"DEL03"
336274;2021-01-24;"domingo";"02:50:00";"BA";324;"260";"JACOBINA";"Velocidade Incompatível";"Colisão lateral";"Com Vítimas Fatais";"Plena Noite";"Crescente";"Nublado";"Simples";"Rotatória";"Sim";3;1;0;1;1;0;1;2;-11,139059;-40,593475;"SR-BA";"UOP02";"DEL04"
336275;2021-01-16;"sábado";"20:40:00";"RN";101;"94";"NATAL";"Velocidade Incompatível";"Colisão com objeto";"Sem Vítimas";"Plena Noite";"Crescente";"Céu Claro";"Dupla";"Reta";"Sim";1;0;0;0;0;1;0;1;-5,83176615;-35,21191342;"SR-RN";"UOP01";"DEL01"
336276;2021-01-24;"domingo";"05:30:00";"MG";50;"75";"UBERLANDIA";"Ausência de reação do condutor";"Colisão traseira";"Com Vítimas Feridas";"Amanhecer";"Crescente";"Céu Claro";"Dupla";"Reta";"Sim";3;0;0;1;1;1;1;3;-18,986906;-48,211853;"SR-MG";"UOP01";"DEL15"
336278;2021-01-24;"domingo";"07:40:00";"RS";285;"563.8";"SAO LUIZ GONZAGA";"Desrespeitar a preferência no cruzamento";"Colisão transversal";"Com Vítimas Feridas";"Pleno dia";"Decrescente";"Nublado";"Simples";"Interseção de vias";"Sim";2;0;1;0;1;0;1;2;-28,41706964;-54,93794918;"SR-RS";"UOP01";"DEL10"
336279;2021-01-24;"domingo";"08:45:00";"MG";381;"811";"CAREACU";"Condutor Dormindo";"Saída de leito carroçável";"Com Vítimas Feridas";"Pleno dia";"Decrescente";"Céu Claro";"Dupla";"Reta";"Não";2;0;2;0;0;0;2;1;-22,05313393;-45,6960471;"SR-MG";"UOP02";"DEL16"
336281;2021-01-24;"domingo";"07:50:00";"GO";153;"501.2";"GOIANIA";"Reação tardia ou ineficiente do condutor";"Colisão traseira";"Sem Vítimas";"Pleno dia";"Crescente";"Sol";"Dupla";"Reta";"Sim";2;0;0;0;2;0;0;2;-16,7189;-49,2382;"SR-GO";"UOP01";"DEL01"
336284;2021-01-23;"sábado";"13:00:00";"DF";80;"20";"BRASILIA";"Manobra de mudança de faixa";"Capotamento";"Com Vítimas Feridas";"Pleno dia";"Crescente";"Céu Claro";"Simples";"Reta";"Sim";2;0;2;0;0;0;2;1;-15,665005;-48,203583;"SR-DF";"UOP03";"DEL01"
336285;2021-01-24;"domingo";"08:00:00";"ES";259;"3";"JOAO NEIVA";"Reação tardia ou ineficiente do condutor";"Queda de ocupante de veículo";"Com Vítimas Feridas";"Pleno dia";"Decrescente";"Céu Claro";"Simples";"Reta";"Não";1;0;1;0;0;0;1;1;-19,72128119;-40,37548817;"SR-ES";"UOP01";"DEL02"
336286;2021-01-24;"domingo";"06:15:00";"BA";101;"670";"ITAPEBI";"Velocidade Incompatível";"Saída de leito carroçável";"Sem Vítimas";"Amanhecer";"Decrescente";"Céu Claro";"Simples";"Curva";"Não";3;0;0;0;3;0;0;1;-16,001768;-39,585482;"SR-BA";"UOP01";"DEL09"
336288;2021-01-24;"domingo";"07:45:00";"PR";277;"71.3";"SAO JOSE DOS PINHAIS";"Avarias e/ou desgaste excessivo no pneu";"Saída de leito carroçável";"Sem Vítimas";"Pleno dia";"Crescente";"Nublado";"Dupla";"Reta";"Sim";1;0;0;0;0;1;0;1;-25,52920381;-49,08862791;"SR-PR";"UOP01";"DEL01"
336289;2021-01-24;"domingo";"08:20:00";"SP";381;"35.1";"ATIBAIA";"Ausência de reação do condutor";"Tombamento";"Com Vítimas Feridas";"Pleno dia";"Crescente";"Sol";"Dupla";"Não Informado";"Sim";1;0;0;1;0;0;1;1;-23,088586;-46,571798;"SR-SP";"UOP01";"DEL03"
336290;2021-01-21;"quinta";"07:05:00";"SP";116;"227.5";"SAO PAULO";"Manobra de mudança de faixa";"Colisão traseira";"Com Vítimas Feridas";"Pleno dia";"Crescente";"Céu Claro";"Múltipla";"Reta";"Sim";6;0;5;0;1;0;5;2;-23,50097413;-46,56387806;"SR-SP";"UOP01";"DEL01"
336291;2021-01-24;"domingo";"09:20:00";"BA";242;"622";"MUQUEM DE SAO FRANCISCO";"Condutor deixou de manter distância do veículo da frente";"Colisão lateral mesmo sentido";"Com Vítimas Feridas";"Pleno dia";"Decrescente";"Céu Claro";"Simples";"Reta";"Não";1;0;1;0;0;0;1;1;-12,2218778;-43,492451;"SR-BA";"UOP02";"DEL10"
336292;2021-01-24;"domingo";"09:40:00";"MG";365;"627";"UBERLANDIA";"Manobra de mudança de faixa";"Colisão traseira";"Com Vítimas Feridas";"Pleno dia";"Decrescente";"Céu Claro";"Dupla";"Retorno Regulamentado";"Sim";2;0;1;0;1;0;1;2;-18,90359335;-48,34361612;"SR-MG";"UOP01";"DEL15"
336293;2021-01-24;"domingo";"09:45:00";"MG";381;"908.2";"CAMBUI";"Velocidade Incompatível";"Tombamento";"Com Vítimas Feridas";"Pleno dia";"Decrescente";"Céu Claro";"Dupla";"Curva";"Não";1;0;1;0;0;0;1;1;-22,68625119;-46,10275269;"SR-MG";"UOP03";"DEL16"
336294;2021-01-24;"domingo";"07:10:00";"MG";365;"704.5";"MONTE ALEGRE DE MINAS";"Condutor deixou de manter distância do veículo da frente";"Colisão traseira";"Com Vítimas Feridas";"Amanhecer";"Crescente";"Céu Claro";"Múltipla";"Reta";"Não";3;0;0;2;1;0;2;2;-18,88169079;-49,03599797;"SR-MG";"UOP03";"DEL15"
336295;2021-01-24;"domingo";"09:50:00";"MG";381;"367";"SAO GONCALO DO RIO ABAIXO";"Velocidade Incompatível";"Tombamento";"Com Vítimas Feridas";"Pleno dia";"Crescente";"Sol";"Simples";"Curva";"Não";2;0;1;0;1;0;1;2;-19,84959351;-43,27455396;"SR-MG";"UOP01";"DEL03"
336296;2021-01-24;"domingo";"09:30:00";"PR";376;"653";"TIJUCAS DO SUL";"Velocidade Incompatível";"Colisão com objeto";"Sem Vítimas";"Pleno dia";"Decrescente";"Chuva";"Dupla";"Curva";"Não";2;0;0;0;2;0;0;1;-25,84420191;-49,0604381;"SR-PR";"UOP04";"DEL01"
336297;2021-01-24;"domingo";"09:25:00";"SE";101;"111";"SAO CRISTOVAO";"Condutor deixou de manter distância do veículo da frente";"Colisão traseira";"Com Vítimas Feridas";"Pleno dia";"Crescente";"Céu Claro";"Dupla";"Não Informado";"Não";5;0;2;0;2;1;2;2;-10,97659898;-37,28527603;"SR-SE";"UOP01";"DEL02"
336298;2021-01-24;"domingo";"09:50:00";"MA";135;"12";"SAO LUIS";"Retorno proibido";"Saída de leito carroçável";"Com Vítimas Feridas";"Pleno dia";"Crescente";"Céu Claro";"Dupla";"Retorno Regulamentado";"Sim";2;0;1;0;1;0;1;2;-2,67223553;-44,29173767;"SR-MA";"UOP01";"DEL01"
336300;2021-01-24;"domingo";"09:20:00";"ES";101;"368.1";"ANCHIETA";"Velocidade Incompatível";"Capotamento";"Com Vítimas Feridas";"Pleno dia";"Crescente";"Céu Claro";"Simples";"Curva";"Não";2;0;2;0;0;0;2;1;-20,753749;-40,75894999;"SR-ES";"UOP01";"DEL03"
336301;2021-01-24;"domingo";"11:09:00";"PR";277;"32.2";"MORRETES";"Velocidade Incompatível";"Saída de leito carroçável";"Com Vítimas Feridas";"Pleno dia";"Crescente";"Garoa/Chuvisco";"Dupla";"Curva";"Não";1;0;1;0;0;0;1;1;-25,547373;-48,790559;"SR-PR";"UOP05";"DEL01"
336302;2021-01-24;"domingo";"09:00:00";"BA";116;"627.3";"JAGUAQUARA";"Reação tardia ou ineficiente do condutor";"Colisão traseira";"Com Vítimas Feridas";"Pleno dia";"Crescente";"Sol";"Simples";"Não Informado";"Não";2;0;1;0;1;0;1;2;-13,42604603;-40,02777878;"SR-BA";"UOP01";"DEL03"
336303;2021-01-24;"domingo";"12:15:00";"BA";101;"947";"MUCURI";"Ultrapassagem Indevida";"Queda de ocupante de veículo";"Com Vítimas Feridas";"Pleno dia";"Crescente";"Céu Claro";"Simples";"Desvio Temporário";"Não";1;0;1;0;0;0;1;1;-18,05824751;-39,87356365;"SR-BA";"UOP02";"DEL09"
336304;2021-01-24;"domingo";"10:50:00";"MT";364;"305.7";"JACIARA";"Velocidade Incompatível";"Atropelamento de Pedestre";"Com Vítimas Fatais";"Pleno dia";"Decrescente";"Céu Claro";"Dupla";"Reta";"Não";2;1;0;1;0;0;1;1;-15,82596627;-55,1950521;"SR-MT";"UOP02";"DEL05"
336306;2021-01-24;"domingo";"11:40:00";"SC";101;"235";"PALHOCA";"Chuva";"Colisão com objeto";"Com Vítimas Feridas";"Pleno dia";"Decrescente";"Chuva";"Dupla";"Curva";"Não";2;0;1;1;0;0;2;1;-27,8177775;-48,6315025;"SR-SC";"UOP02";"DEL01"
336307;2021-01-24;"domingo";"12:00:00";"MG";381;"573.5";"ITAGUARA";"Demais falhas mecânicas ou elétricas";"Incêndio";"Sem Vítimas";"Pleno dia";"Crescente";"Céu Claro";"Dupla";"Reta";"Não";1;0;0;0;1;0;0;1;-20,46009378;-44,57276625;"SR-MG";"UOP01";"DEL04"
336308;2021-01-24;"domingo";"11:30:00";"MG";251;"479";"FRANCISCO SA";"Ausência de reação do condutor";"Colisão com objeto";"Sem Vítimas";"Pleno dia";"Decrescente";"Céu Claro";"Simples";"Reta";"Não";2;0;0;0;2;0;0;2;-16,47506025;-43,50030081;"SR-MG";"UOP01";"DEL12"
336309;2021-01-24;"domingo";"08:10:00";"PR";116;"40";"CAMPINA GRANDE DO SUL";"Velocidade Incompatível";"Saída de leito carroçável";"Com Vítimas Feridas";"Pleno dia";"Decrescente";"Garoa/Chuvisco";"Dupla";"Reta";"Não";1;0;1;0;0;0;1;1;-25,16445203;-48,86237697;"SR-PR";"UOP02";"DEL01"
336310;2021-01-24;"domingo";"13:30:00";"RJ";101;"297";"SAO GONCALO";"Avarias e/ou desgaste excessivo no pneu";"Tombamento";"Com Vítimas Feridas";"Pleno dia";"Crescente";"Sol";"Simples";"Reta";"Sim";1;0;0;1;0;0;1;1;-22,76942037;-42,91873581;"SR-RJ";"UOP02";"DEL02"
336311;2021-01-24;"domingo";"12:50:00";"RJ";116;"293";"PORTO REAL";"Demais falhas mecânicas ou elétricas";"Incêndio";"Com Vítimas Feridas";"Pleno dia";"Crescente";"Céu Claro";"Dupla";"Reta";"Não";1;0;0;1;0;0;1;1;-22,44990366;-44,33034897;"SR-RJ";"UOP02";"DEL07"
336312;2021-01-24;"domingo";"12:22:00";"BA";324;"582";"CANDEIAS";"Reação tardia ou ineficiente do condutor";"Saída de leito carroçável";"Com Vítimas Feridas";"Pleno dia";"Crescente";"Céu Claro";"Dupla";"Reta";"Não";2;0;1;0;1;0;1;1;-12,60856603;-38,49390902;"SR-BA";"UOP01";"DEL01"
336313;2021-01-24;"domingo";"01:05:00";"MG";381;"204.2";"PERIQUITO";"Condutor Dormindo";"Saída de leito carroçável";"Com Vítimas Feridas";"Plena Noite";"Decrescente";"Céu Claro";"Simples";"Curva";"Não";1;0;1;0;0;0;1;1;-19,173464;-42,253041;"SR-MG";"UOP01";"DEL06"
336315;2021-01-24;"domingo";"13:15:00";"SC";101;"335.6";"TUBARAO";"Velocidade Incompatível";"Colisão com objeto";"Com Vítimas Feridas";"Pleno dia";"Crescente";"Chuva";"Dupla";"Não Informado";"Sim";3;0;2;1;0;0;3;1;-28,47882022;-49,0336132;"SR-SC";"UOP01";"DEL02"
336316;2021-01-24;"domingo";"14:00:00";"PR";277;"33";"MORRETES";"Velocidade Incompatível";"Capotamento";"Com Vítimas Feridas";"Pleno dia";"Crescente";"Chuva";"Dupla";"Curva";"Não";2;0;0;1;1;0;1;1;-25,57150455;-48,8151741;"SR-PR";"UOP05";"DEL01"
336319;2021-01-24;"domingo";"15:00:00";"RS";287;"290.4";"SAO PEDRO DO SUL";"Pista Escorregadia";"Saída de leito carroçável";"Sem Vítimas";"Pleno dia";"Crescente";"Chuva";"Simples";"Não Informado";"Não";1;0;0;0;1;0;0;1;-29,63508256;-54,27191803;"SR-RS";"UOP01";"DEL09"
336320;2021-01-24;"domingo";"15:25:00";"BA";330;"790.8";"JEQUIE";"Ingestão de álcool pelo condutor";"Colisão traseira";"Com Vítimas Feridas";"Pleno dia";"Crescente";"Céu Claro";"Simples";"Reta";"Não";4;0;2;0;2;0;2;2;-13,89884997;-40,01908984;"SR-BA";"UOP01";"DEL03"
336321;2021-01-24;"domingo";"14:30:00";"MS";163;"258.2";"DOURADOS";"Velocidade Incompatível";"Tombamento";"Sem Vítimas";"Pleno dia";"Crescente";"Céu Claro";"Dupla";"Rotatória";"Sim";2;0;0;0;2;0;0;2;-22,25859674;-54,80426788;"SR-MS";"UOP01";"DEL04"
336322;2021-01-24;"domingo";"15:20:00";"DF";70;"14.8";"BRASILIA";"Acesso irregular";"Colisão traseira";"Com Vítimas Feridas";"Pleno dia";"Decrescente";"Céu Claro";"Dupla";"Não Informado";"Não";2;0;0;1;0;1;1;2;-15,79930465;-48,1820333;"SR-DF";"UOP03";"DEL01"
336323;2021-01-24;"domingo";"15:10:00";"PI";343;"3.4";"TERESINA";"Reação tardia ou ineficiente do condutor";"Colisão transversal";"Com Vítimas Feridas";"Pleno dia";"Crescente";"Céu Claro";"Dupla";"Reta";"Sim";2;0;2;0;0;0;2;2;-5,089569;-42,802288;"SR-PI";"UOP01";"DEL01"
336324;2021-01-24;"domingo";"15:00:00";"SP";153;"86.2";"MIRASSOL";"Reação tardia ou ineficiente do condutor";"Colisão traseira";"Com Vítimas Feridas";"Pleno dia";"Decrescente";"Céu Claro";"Simples";"Não Informado";"Não";2;0;1;0;1;0;1;2;-20,94035079;-49,52635316;"SR-SP";"UOP01";"DEL09"
336325;2021-01-24;"domingo";"08:22:00";"SC";116;"310";"CAPAO ALTO";"Velocidade Incompatível";"Tombamento";"Com Vítimas Feridas";"Pleno dia";"Crescente";"Nublado";"Simples";"Curva";"Não";1;0;0;1;0;0;1;1;-28,2067337;-50,7582856;"SR-SC";"UOP02";"DEL05"
336326;2021-01-24;"domingo";"13:50:00";"MG";365;"582.7";"ARAGUARI";"Condutor Dormindo";"Saída de leito carroçável";"Sem Vítimas";"Pleno dia";"Crescente";"Céu Claro";"Simples";"Não Informado";"Não";2;0;0;0;2;0;0;1;-18,86972276;-47,97409697;"SR-MG";"UOP02";"DEL15"
336327;2021-01-24;"domingo";"11:10:00";"RO";364;"491.9";"ARIQUEMES";"Condutor deixou de manter distância do veículo da frente";"Colisão traseira";"Com Vítimas Feridas";"Pleno dia";"Crescente";"Céu Claro";"Simples";"Reta";"Não";8;0;1;0;7;0;1;2;-10,09972089;-62,95458394;"SR-RO";"UOP01";"DEL03"
336328;2021-01-24;"domingo";"15:50:00";"SP";101;"46";"UBATUBA";"Trafegar com motocicleta (ou similar) entre as faixas";"Colisão lateral mesmo sentido";"Com Vítimas Feridas";"Pleno dia";"Crescente";"Céu Claro";"Simples";"Reta";"Sim";4;0;1;0;3;0;1;2;-23,42403383;-45,07492113;"SR-SP";"UOP02";"DEL06"
336329;2021-01-24;"domingo";"16:20:00";"PR";116;"0.5";"CAMPINA GRANDE DO SUL";"Chuva";"Capotamento";"Com Vítimas Feridas";"Pleno dia";"Decrescente";"Chuva";"Dupla";"Curva";"Não";4;0;3;0;1;0;3;1;-25,0604;-48,562973;"SR-PR";"UOP02";"DEL01"
336330;2021-01-24;"domingo";"10:40:00";"MA";316;"601";"TIMON";"Ultrapassagem Indevida";"Saída de leito carroçável";"Com Vítimas Feridas";"Pleno dia";"Crescente";"Céu Claro";"Simples";"Reta";"Não";2;0;1;0;1;0;1;2;-5,029501;-42,946941;"SR-MA";"UOP02";"DEL03"
336331;2021-01-24;"domingo";"15:40:00";"PR";369;"73.1";"SANTA MARIANA";"Acessar a via sem observar a presença dos outros veículos";"Colisão traseira";"Com Vítimas Fatais";"Pleno dia";"Decrescente";"Nublado";"Simples";"Não Informado";"Sim";3;1;0;0;2;0;0;2;-23,15429495;-50,51802462;"SR-PR";"UOP01";"DEL07"
336332;2021-01-24;"domingo";"09:00:00";"ES";101;"18.5";"CONCEICAO DA BARRA";"Demais falhas mecânicas ou elétricas";"Tombamento";"Com Vítimas Feridas";"Pleno dia";"Decrescente";"Nublado";"Simples";"Curva";"Não";2;0;2;0;0;0;2;1;-18,31320539;-39,95347307;"SR-ES";"UOP02";"DEL04"
336333;2021-01-23;"sábado";"23:00:00";"PA";222;"238";"MARABA";"Ingestão de álcool pelo condutor";"Colisão transversal";"Sem Vítimas";"Plena Noite";"Decrescente";"Céu Claro";"Simples";"Reta";"Sim";1;0;0;0;1;0;0;1;-5,301523;-49,072395;"SR-PA";"UOP01";"DEL03"
336334;2021-01-24;"domingo";"16:50:00";"RJ";101;"430";"MANGARATIBA";"Reação tardia ou ineficiente do condutor";"Queda de ocupante de veículo";"Com Vítimas Feridas";"Pleno dia";"Decrescente";"Céu Claro";"Simples";"Não Informado";"Não";1;0;0;1;0;0;1;1;-22,93710123;-44,01083798;"SR-RJ";"UOP01";"DEL03"
336335;2021-01-24;"domingo";"17:00:00";"PR";116;"38";"CAMPINA GRANDE DO SUL";"Manobra de mudança de faixa";"Colisão com objeto";"Com Vítimas Feridas";"Anoitecer";"Crescente";"Garoa/Chuvisco";"Dupla";"Curva";"Não";1;0;1;0;0;0;1;1;-25,14802509;-48,85922071;"SR-PR";"UOP02";"DEL01"
336336;2021-01-24;"domingo";"16:50:00";"SP";116;"445";"REGISTRO";"Reação tardia ou ineficiente do condutor";"Colisão lateral mesmo sentido";"Com Vítimas Feridas";"Pleno dia";"Crescente";"Garoa/Chuvisco";"Dupla";"Interseção de vias";"Sim";3;0;1;0;2;0;1;2;-24,49790715;-47,84208686;"SR-SP";"UOP01";"DEL05"
336337;2021-01-24;"domingo";"17:00:00";"TO";226;"71";"WANDERLANDIA";"Problema com o freio";"Saída de leito carroçável";"Sem Vítimas";"Anoitecer";"Crescente";"Céu Claro";"Simples";"Reta";"Sim";2;0;0;0;1;1;0;2;-6,852317;-47,969551;"SR-TO";"UOP03";"DEL02"
336338;2021-01-23;"sábado";"23:05:00";"PA";10;"19";"DOM ELISEU";"Iluminação deficiente";"Eventos atípicos";"Com Vítimas Feridas";"Plena Noite";"Decrescente";"Céu Claro";"Simples";"Reta";"Não";1;0;1;0;0;0;1;1;-4,28420096;-47,55821975;"SR-PA";"UOP02";"DEL02"
336339;2021-01-24;"domingo";"16:15:00";"DF";20;"4";"BRASILIA";"Velocidade Incompatível";"Tombamento";"Com Vítimas Feridas";"Pleno dia";"Crescente";"Céu Claro";"Dupla";"Reta";"Sim";1;0;1;0;0;0;1;1;-15,675484;-47,823761;"SR-DF";"UOP01";"DEL02"
336340;2021-01-24;"domingo";"16:50:00";"TO";153;"656";"GURUPI";"Ultrapassagem Indevida";"Saída de leito carroçável";"Com Vítimas Feridas";"Pleno dia";"Crescente";"Céu Claro";"Simples";"Reta";"Não";4;0;1;0;3;0;1;1;-11,58755413;-49,03595459;"SR-TO";"UOP02";"DEL01"
336341;2021-01-24;"domingo";"17:10:00";"PR";373;"426";"CANDOI";"Acessar a via sem observar a presença dos outros veículos";"Colisão transversal";"Com Vítimas Feridas";"Anoitecer";"Crescente";"Nublado";"Simples";"Reta";"Não";3;0;1;0;2;0;1;2;-25,76976457;-52,25812733;"SR-PR";"UOP01";"DEL08"
336342;2021-01-24;"domingo";"16:45:00";"PB";101;"3.5";"MATARACA";"Manobra de mudança de faixa";"Colisão lateral";"Sem Vítimas";"Pleno dia";"Crescente";"Céu Claro";"Dupla";"Reta";"Sim";2;0;0;0;2;0;0;2;-6,53182311;-35,11546245;"SR-PB";"UOP04";"DEL01"
336343;2021-01-24;"domingo";"16:30:00";"PR";153;"460.3";"UNIAO DA VITORIA";"Velocidade Incompatível";"Tombamento";"Com Vítimas Fatais";"Pleno dia";"Decrescente";"Chuva";"Simples";"Curva";"Não";1;1;0;0;0;0;0;1;-26,179869;-50,950886;"SR-PR";"UOP03";"DEL02"
336344;2021-01-24;"domingo";"17:00:00";"AL";101;"200";"SAO SEBASTIAO";"Acessar a via sem observar a presença dos outros veículos";"Colisão transversal";"Com Vítimas Feridas";"Pleno dia";"Crescente";"Céu Claro";"Simples";"Interseção de vias";"Sim";2;0;1;0;1;0;1;2;-9,95081664;-36,54113619;"SR-AL";"UOP02";"DEL02"
336345;2021-01-24;"domingo";"17:00:00";"PR";277;"123";"CAMPO LARGO";"Acessar a via sem observar a presença dos outros veículos";"Colisão lateral";"Sem Vítimas";"Pleno dia";"Decrescente";"Nublado";"Dupla";"Reta";"Sim";4;0;0;0;4;0;0;4;-25,44558428;-49,46924586;"SR-PR";"UOP06";"DEL01"
336346;2021-01-24;"domingo";"16:15:00";"DF";60;"16";"BRASILIA";"Ingestão de álcool pelo condutor";"Tombamento";"Sem Vítimas";"Pleno dia";"Crescente";"Céu Claro";"Dupla";"Retorno Regulamentado";"Não";1;0;0;0;1;0;0;1;-15,953118;-48,17487717;"SR-DF";"UOP02";"DEL01"
336347;2021-01-24;"domingo";"16:20:00";"MG";262;"428.8";"SAO GONCALO DO PARA";"Reação tardia ou ineficiente do condutor";"Saída de leito carroçável";"Com Vítimas Feridas";"Pleno dia";"Crescente";"Céu Claro";"Dupla";"Curva";"Não";1;0;1;0;0;0;1;1;-19,88673132;-44,78673594;"SR-MG";"UOP03";"DEL08"
336348;2021-01-24;"domingo";"17:35:00";"SC";282;"1.4";"FLORIANOPOLIS";"Velocidade Incompatível";"Saída de leito carroçável";"Com Vítimas Feridas";"Pleno dia";"Crescente";"Chuva";"Múltipla";"Reta";"Sim";3;0;2;0;1;0;2;2;-27,602955;-48,580509;"SR-SC";"UOP01";"DEL01"
336349;2021-01-24;"domingo";"15:50:00";"RN";101;"35.2";"MAXARANGUAPE";"Desrespeitar a preferência no cruzamento";"Colisão transversal";"Com Vítimas Fatais";"Pleno dia";"Crescente";"Céu Claro";"Simples";"Interseção de vias";"Não";6;1;1;3;1;0;4;2;-5,408551;-35,35684;"SR-RN";"UOP01";"DEL02"
336350;2021-01-24;"domingo";"14:50:00";"MS";163;"551";"BANDEIRANTES";"Ingestão de álcool pelo condutor";"Saída de leito carroçável";"Sem Vítimas";"Pleno dia";"Crescente";"Céu Claro";"Simples";"Reta";"Não";1;0;0;0;1;0;0;1;-19,8804;-54,3733;"SR-MS";"UOP02";"DEL01"
336351;2021-01-24;"domingo";"17:50:00";"MG";381;"327";"NOVA ERA";"Desrespeitar a preferência no cruzamento";"Colisão traseira";"Com Vítimas Feridas";"Pleno dia";"Decrescente";"Sol";"Dupla";"Reta";"Não";2;0;0;1;1;0;1;2;-19,76723696;-43,04699067;"SR-MG";"UOP02";"DEL03"
336352;2021-01-24;"domingo";"15:30:00";"PR";277;"699";"SAO MIGUEL DO IGUACU";"Demais falhas mecânicas ou elétricas";"Incêndio";"Sem Vítimas";"Pleno dia";"Crescente";"Céu Claro";"Dupla";"Reta";"Não";2;0;0;0;0;2;0;2;-25,40119949;-54,31992672;"SR-PR";"UOP01";"DEL05"
336353;2021-01-24;"domingo";"17:10:00";"SC";101;"310";"LAGUNA";"Ingestão de álcool e/ou substâncias psicoativas pelo pedestre";"Saída de leito carroçável";"Com Vítimas Feridas";"Pleno dia";"Crescente";"Nublado";"Dupla";"Reta";"Sim";3;0;2;0;1;0;2;1;-28,41679416;-48,79529064;"SR-SC";"UOP01";"DEL02"
336354;2021-01-24;"domingo";"16:20:00";"MA";135;"21.1";"SAO LUIS";"Condutor desrespeitou a iluminação vermelha do semáforo";"Colisão traseira";"Sem Vítimas";"Pleno dia";"Crescente";"Chuva";"Dupla";"Reta";"Sim";4;0;0;0;4;0;0;4;-2,56253778;-44,31661069;"SR-MA";"UOP01";"DEL01"
336355;2021-01-24;"domingo";"18:15:00";"SC";101;"209.1";"SAO JOSE";"Pista esburacada";"Tombamento";"Com Vítimas Feridas";"Anoitecer";"Decrescente";"Chuva";"Múltipla";"Reta";"Sim";1;0;1;0;0;0;1;1;-27,61000542;-48,63895057;"SR-SC";"UOP01";"DEL01"