"id";"data_inversa";"dia_semana";"horario";"uf";"br";"km";"municipio";"causa_acidente";"tipo_acidente";"classificacao_acidente";"fase_dia";"sentido_via";"condicao_metereologica";"tipo_pista";"tracado_via";"uso_solo";"pessoas";"mortos";"feridos_leves";"feridos_graves";"ilesos";"ignorados";"feridos";"veiculos";"latitude";"longitude";"regional";"delegacia";"uop"
336357;2021-01-24;"domingo";"17:40:00";"MS";163;"486";"CAMPO GRANDE";"Acessar a via sem observar a presença dos outros veículos";"Colisão transversal";"Com Vítimas Feridas";"Anoitecer";"Crescente";"Céu Claro";"Simples";"Reta";"Não";2;0;2;0;0;0;2;2;-20,4336361;-54,54376745;"SR-MS";"UOP02";"DEL01"
336358;2021-01-24;"domingo";"18:10:00";"SP";116;"68.7";"APARECIDA";"Chuva";"Saída de leito carroçável";"Com Vítimas Feridas";"Anoitecer";"Decrescente";"Chuva";"Dupla";"Não Informado";"Não";2;0;2;0;0;0;2;1;-22,83354783;-45,21713313;"SR-SP";"UOP01";"DEL08"
336359;2021-01-24;"domingo";"17:30:00";"MG";40;"521";"RIBEIRAO DAS NEVES";"Acessar a via sem observar a presença dos outros veículos";"Colisão lateral";"Sem Vítimas";"Pleno dia";"Decrescente";"Céu Claro";"Dupla";"Reta";"Não";4;0;0;0;4;0;0;2;-19,85651501;-44,07213222;"SR-MG";"UOP02";"DEL01"
336360;2021-01-24;"domingo";"18:40:00";"RS";386;"440";"CANOAS";"Velocidade Incompatível";"Tombamento";"Com Vítimas Feridas";"Pleno dia";"Decrescente";"Chuva";"Dupla";"Curva";"Não";2;0;2;0;0;0;2;1;-29,878265;-51,241951;"SR-RS";"UOP01";"DEL01"
336361;2021-01-24;"domingo";"19:00:00";"PR";116;"1";"CAMPINA GRANDE DO SUL";"Deficiência do Sistema de Iluminação/Sinalização";"Incêndio";"Sem Vítimas";"Pleno dia";"Decrescente";"Céu Claro";"Dupla";"Reta";"Não";1;0;0;0;1;0;0;1;-25,06368403;-48,57051896;"SR-PR";"UOP02";"DEL01"
336362;2021-01-24;"domingo";"18:15:00";"RS";158;"181.6";"CRUZ ALTA";"Pista Escorregadia";"Saída de leito carroçável";"Com Vítimas Feridas";"Pleno dia";"Decrescente";"Nublado";"Simples";"Curva";"Não";1;0;1;0;0;0;1;1;-28,5281351049;-53,5563028738;"SR-RS";"UOP02";"DEL10"
336363;2021-01-24;"domingo";"18:40:00";"SC";101;"123.1";"ITAJAI";"Desrespeitar a preferência no cruzamento";"Colisão transversal";"Com Vítimas Feridas";"Anoitecer";"Decrescente";"Nublado";"Dupla";"Não Informado";"Sim";2;0;1;0;1;0;1;2;-26,93668609;-48,69876905;"SR-SC";"UOP04";"DEL04"
336364;2021-01-24;"domingo";"18:30:00";"MG";116;"638.3";"DIVINO";"Acessar a via sem observar a presença dos outros veículos";"Colisão transversal";"Com Vítimas Feridas";"Anoitecer";"Decrescente";"Chuva";"Simples";"Reta";"Não";4;0;2;0;1;1;2;2;-20,62913944;-42,22696066;"SR-MG";"UOP03";"DEL07"
336365;2021-01-24;"domingo";"15:30:00";"MT";364;"299";"JACIARA";"Chuva";"Saída de leito carroçável";"Com Vítimas Feridas";"Pleno dia";"Decrescente";"Chuva";"Dupla";"Reta";"Não";4;0;1;0;3;0;1;2;-15,84691555;-55,14590671;"SR-MT";"UOP02";"DEL05"
336366;2021-01-24;"domingo";"16:50:00";"MA";222;"665";"ACAILANDIA";"Ingestão de álcool pelo condutor";"Colisão transversal";"Com Vítimas Feridas";"Pleno dia";"Crescente";"Céu Claro";"Simples";"Reta";"Sim";2;0;2;0;0;0;2;2;-4,89367779;-47,38426513;"SR-MA";"UOP03";"DEL04"
336367;2021-01-24;"domingo";"18:20:00";"RJ";40;"109";"DUQUE DE CAXIAS";"Manobra de mudança de faixa";"Colisão lateral";"Com Vítimas Feridas";"Plena Noite";"Decrescente";"Céu Claro";"Múltipla";"Reta";"Sim";3;0;1;0;2;0;1;2;-22,67374628;-43,28638368;"SR-RJ";"UOP01";"DEL01"
336368;2021-01-24;"domingo";"19:10:00";"RS";116;"267";"CANOAS";"Demais falhas mecânicas ou elétricas";"Tombamento";"Com Vítimas Feridas";"Plena Noite";"Crescente";"Chuva";"Múltipla";"Reta";"Sim";2;0;2;0;0;0;2;1;-29,94142398;-51,17697062;"SR-RS";"UOP01";"DEL01"
336369;2021-01-24;"domingo";"19:05:00";"GO";40;"12";"LUZIANIA";"Entrada inopinada do pedestre";"Atropelamento de Pedestre";"Com Vítimas Feridas";"Plena Noite";"Crescente";"Céu Claro";"Dupla";"Reta";"Sim";2;0;0;1;1;0;1;1;-16,145123;-47,945382;"SR-DF";"UOP01";"DEL01"
336370;2021-01-24;"domingo";"18:30:00";"DF";40;"0.5";"BRASILIA";"Condutor deixou de manter distância do veículo da frente";"Colisão traseira";"Com Vítimas Fatais";"Anoitecer";"Decrescente";"Céu Claro";"Múltipla";"Reta";"Sim";4;1;0;0;0;3;0;2;-16,049667;-47,981299;"SR-DF";"UOP01";"DEL01"
336371;2021-01-24;"domingo";"19:00:00";"RN";110;"47.8";"MOSSORO";"Acessar a via sem observar a presença dos outros veículos";"Colisão transversal";"Com Vítimas Feridas";"Plena Noite";"Crescente";"Céu Claro";"Simples";"Reta";"Não";2;0;1;0;1;0;1;2;-5,20338376;-37,32563418;"SR-RN";"UOP01";"DEL04"
336372;2021-01-24;"domingo";"19:35:00";"MG";381;"450.7";"SABARA";"Condutor deixou de manter distância do veículo da frente";"Colisão traseira";"Com Vítimas Feridas";"Plena Noite";"Crescente";"Céu Claro";"Simples";"Reta";"Sim";5;0;2;1;2;0;3;3;-19,8289181;-43,8412106;"SR-MG";"UOP01";"DEL01"
336374;2021-01-24;"domingo";"18:30:00";"MG";40;"790.7";"JUIZ DE FORA";"Ingestão de álcool pelo condutor";"Colisão com objeto";"Sem Vítimas";"Plena Noite";"Decrescente";"Céu Claro";"Dupla";"Curva";"Não";1;0;0;0;1;0;0;1;-21,77130707;-43,43618608;"SR-MG";"UOP01";"DEL05"
336375;2021-01-24;"domingo";"18:55:00";"SP";101;"47.2";"UBATUBA";"Ausência de reação do condutor";"Colisão traseira";"Com Vítimas Feridas";"Plena Noite";"Crescente";"Céu Claro";"Simples";"Rotatória";"Sim";2;0;1;0;1;0;1;2;-23,429897;-45,082436;"SR-SP";"UOP02";"DEL06"
336376;2021-01-24;"domingo";"19:30:00";"RS";116;"504.1";"PELOTAS";"Reação tardia ou ineficiente do condutor";"Colisão traseira";"Com Vítimas Fatais";"Anoitecer";"Crescente";"Céu Claro";"Dupla";"Reta";"Não";4;1;0;0;3;0;0;2;-31,58165781;-52,27291518;"SR-RS";"UOP01";"DEL07"
336377;2021-01-24;"domingo";"20:10:00";"BA";116;"25";"VITORIA DA CONQUISTA";"Demais falhas mecânicas ou elétricas";"Tombamento";"Com Vítimas Feridas";"Plena Noite";"Crescente";"Céu Claro";"Simples";"Curva";"Sim";1;0;0;1;0;0;1;1;-14,85715985;-40,79813903;"SR-BA";"UOP01";"DEL08"
336378;2021-01-24;"domingo";"16:40:00";"BA";101;"570";"ARATACA";"Pista Escorregadia";"Saída de leito carroçável";"Com Vítimas Feridas";"Pleno dia";"Crescente";"Céu Claro";"Simples";"Curva";"Não";2;0;2;0;0;0;2;1;-15,19937005;-39,44253606;"SR-BA";"UOP02";"DEL05"
336379;2021-01-24;"domingo";"20:00:00";"BA";101;"885";"TEIXEIRA DE FREITAS";"Velocidade Incompatível";"Tombamento";"Com Vítimas Feridas";"Plena Noite";"Decrescente";"Nublado";"Simples";"Curva";"Não";2;0;1;0;1;0;1;1;-17,60036652;-39,74849224;"SR-BA";"UOP02";"DEL09"
336380;2021-01-24;"domingo";"20:00:00";"SP";116;"225.8";"GUARULHOS";"Avarias e/ou desgaste excessivo no pneu";"Colisão traseira";"Com Vítimas Feridas";"Plena Noite";"Decrescente";"Céu Claro";"Múltipla";"Reta";"Sim";3;0;1;1;1;0;2;2;-23,49181916;-46,54972136;"SR-SP";"UOP01";"DEL01"
336381;2021-01-24;"domingo";"19:20:00";"CE";20;"414";"MARACANAU";"Acessar a via sem observar a presença dos outros veículos";"Colisão transversal";"Sem Vítimas";"Plena Noite";"Crescente";"Céu Claro";"Dupla";"Não Informado";"Sim";2;0;0;0;1;1;0;2;-3,81979305;-38,63137549;"SR-CE";"UOP01";"DEL01"
336383;2021-01-16;"sábado";"13:00:00";"PR";163;"31.8";"SANTO ANTONIO DO SUDOESTE";"Chuva";"Saída de leito carroçável";"Sem Vítimas";"Pleno dia";"Decrescente";"Chuva";"Simples";"Reta";"Não";1;0;0;0;0;1;0;1;-26,12752392;-53,67997136;"SR-PR";"UOP02";"DEL02"
336384;2021-01-24;"domingo";"17:30:00";"SC";282;"363.6";"ERVAL VELHO";"Ausência de reação do condutor";"Saída de leito carroçável";"Com Vítimas Feridas";"Pleno dia";"Crescente";"Nublado";"Simples";"Reta";"Não";1;0;1;0;0;0;1;1;-27,302458;-51,390484;"SR-SC";"UOP05";"DEL07"
336385;2021-01-24;"domingo";"09:00:00";"RN";110;"109.4";"AUGUSTO SEVERO";"Demais falhas mecânicas ou elétricas";"Tombamento";"Com Vítimas Feridas";"Pleno dia";"Crescente";"Céu Claro";"Simples";"Reta";"Não";1;0;1;0;0;0;1;1;-5,71102411;-37,29304498;"SR-RN";"UOP01";"DEL04"
336387;2021-01-24;"domingo";"16:50:00";"MG";381;"938.6";"EXTREMA";"Chuva";"Capotamento";"Com Vítimas Feridas";"Pleno dia";"Crescente";"Chuva";"Dupla";"Curva";"Não";3;0;1;0;2;0;1;1;-22,83909203;-46,32850893;"SR-MG";"UOP03";"DEL16"
336388;2021-01-24;"domingo";"14:00:00";"SC";282;"307";"VARGEM";"Velocidade Incompatível";"Saída de leito carroçável";"Com Vítimas Feridas";"Pleno dia";"Decrescente";"Garoa/Chuvisco";"Simples";"Curva";"Sim";3;0;2;1;0;0;3;1;-27,48996134;-50,9787941;"SR-SC";"UOP06";"DEL07"
336389;2021-01-24;"domingo";"19:20:00";"PE";408;"82.5";"PAUDALHO";"Transitar na contramão";"Colisão frontal";"Com Vítimas Feridas";"Plena Noite";"Decrescente";"Céu Claro";"Múltipla";"Reta";"Sim";2;0;1;1;0;0;2;2;-7,94356;-35,120411;"SR-PE";"UOP01";"DEL01"
336390;2021-01-24;"domingo";"20:40:00";"RS";386;"246.6";"SOLEDADE";"Reação tardia ou ineficiente do condutor";"Saída de leito carroçável";"Com Vítimas Feridas";"Plena Noite";"Decrescente";"Nublado";"Simples";"Reta";"Não";1;0;1;0;0;0;1;1;-28,808382;-52,502323;"SR-RS";"UOP03";"DEL04"
336391;2021-01-24;"domingo";"18:30:00";"PB";230;"504.7";"CAJAZEIRAS";"Transitar na contramão";"Colisão frontal";"Com Vítimas Feridas";"Pleno dia";"Decrescente";"Céu Claro";"Simples";"Reta";"Não";2;0;1;0;1;0;1;2;-6,902;-38,56;"SR-PB";"UOP03";"DEL03"
336392;2021-01-24;"domingo";"20:35:00";"RS";392;"656.2";"CERRO LARGO";"Reação tardia ou ineficiente do condutor";"Saída de leito carroçável";"Com Vítimas Feridas";"Plena Noite";"Crescente";"Céu Claro";"Simples";"Curva";"Não";3;0;2;0;1;0;2;1;-28,11573845;-54,67763535;"SR-RS";"UOP01";"DEL10"
336393;2021-01-05;"terça";"06:00:00";"PE";408;"80";"PAUDALHO";"Acessar a via sem observar a presença dos outros veículos";"Colisão lateral";"Com Vítimas Feridas";"Pleno dia";"Crescente";"Céu Claro";"Dupla";"Reta";"Sim";2;0;0;1;0;1;1;2;-7,9310439;-35,13844295;"SR-PE";"UOP01";"DEL01"
336394;2021-01-24;"domingo";"20:00:00";"MS";163;"76";"ITAQUIRAI";"Reação tardia ou ineficiente do condutor";"Colisão traseira";"Com Vítimas Feridas";"Plena Noite";"Crescente";"Céu Claro";"Simples";"Reta";"Não";3;0;1;1;0;1;2;2;-23,4920659939;-54,1853780279;"SR-MS";"UOP01";"DEL09"
336395;2021-01-24;"domingo";"21:00:00";"SP";116;"275.4";"EMBU DAS ARTES";"Ingestão de álcool pelo condutor";"Colisão com objeto";"Com Vítimas Feridas";"Plena Noite";"Crescente";"Céu Claro";"Dupla";"Reta";"Sim";3;0;3;0;0;0;3;1;-23,62007;-46,811;"SR-SP";"UOP01";"DEL04"
336396;2021-01-24;"domingo";"03:00:00";"PI";135;"483";"MONTE ALEGRE DO PIAUI";"Acessar a via sem observar a presença dos outros veículos";"Atropelamento de Pedestre";"Com Vítimas Fatais";"Plena Noite";"Crescente";"Ignorado";"Simples";"Reta";"Não";2;1;0;0;0;1;0;1;-9,6987081;-45,13160085;"SR-PI";"UOP02";"DEL03"
336397;2021-01-24;"domingo";"20:50:00";"PB";230;"69";"SOBRADO";"Ingestão de álcool pelo condutor";"Colisão traseira";"Sem Vítimas";"Plena Noite";"Crescente";"Céu Claro";"Dupla";"Reta";"Não";4;0;0;0;4;0;0;2;-7,1887;-35,2151;"SR-PB";"UOP03";"DEL01"
336398;2021-01-24;"domingo";"18:00:00";"PR";467;"81";"CASCAVEL";"Acumulo de água sobre o pavimento";"Colisão com objeto";"Com Vítimas Feridas";"Pleno dia";"Decrescente";"Chuva";"Dupla";"Curva";"Não";2;0;1;0;1;0;1;1;-24,7961;-53,6747;"SR-PR";"UOP01";"DEL04"
336399;2021-01-24;"domingo";"21:15:00";"PR";116;"121.5";"CURITIBA";"Manobra de mudança de faixa";"Colisão lateral mesmo sentido";"Com Vítimas Feridas";"Plena Noite";"Crescente";"Nublado";"Dupla";"Não Informado";"Sim";2;0;1;0;1;0;1;2;-25,5599323;-49,30743945;"SR-PR";"UOP03";"DEL01"
336400;2021-01-24;"domingo";"20:30:00";"RJ";116;"165";"RIO DE JANEIRO";"Condutor usando celular";"Colisão com objeto";"Com Vítimas Feridas";"Plena Noite";"Crescente";"Céu Claro";"Dupla";"Reta";"Sim";1;0;1;0;0;0;1;1;-22,80983308;-43,33569158;"SR-RJ";"UOP01";"DEL01"
336401;2021-01-24;"domingo";"19:30:00";"MG";116;"529";"CARATINGA";"Afundamento ou ondulação no pavimento";"Tombamento";"Com Vítimas Feridas";"Plena Noite";"Crescente";"Céu Claro";"Dupla";"Reta";"Não";1;0;0;1;0;0;1;1;-19,80209596;-42,13678193;"SR-MG";"UOP02";"DEL06"
336402;2021-01-24;"domingo";"21:20:00";"PR";373;"395";"CANDOI";"Transitar na contramão";"Colisão lateral sentido oposto";"Com Vítimas Feridas";"Plena Noite";"Decrescente";"Chuva";"Simples";"Reta";"Não";4;0;2;0;2;0;2;2;-25,540111;-52,007823;"SR-PR";"UOP01";"DEL08"
336403;2021-01-24;"domingo";"21:45:00";"SP";101;"23";"UBATUBA";"Ingestão de álcool pelo condutor";"Colisão frontal";"Com Vítimas Feridas";"Plena Noite";"Crescente";"Nublado";"Simples";"Reta";"Não";2;0;2;0;0;0;2;2;-23,3423119;-44,93802008;"SR-SP";"UOP02";"DEL06"
336404;2021-01-24;"domingo";"20:15:00";"DF";60;"2.5";"BRASILIA";"Acessar a via sem observar a presença dos outros veículos";"Colisão transversal";"Com Vítimas Feridas";"Plena Noite";"Crescente";"Céu Claro";"Dupla";"Reta";"Sim";3;0;2;0;0;1;2;2;-15,887383;-48,077988;"SR-DF";"UOP02";"DEL01"
336405;2021-01-24;"domingo";"20:37:00";"SC";101;"163.4";"TIJUCAS";"Ingestão de álcool pelo condutor";"Tombamento";"Sem Vítimas";"Plena Noite";"Crescente";"Nublado";"Simples";"Reta";"Sim";1;0;0;0;1;0;0;1;-27,23461699;-48,63039809;"SR-SC";"UOP03";"DEL04"
336406;2021-01-24;"domingo";"21:30:00";"GO";40;"91.5";"CRISTALINA";"Ingestão de álcool pelo condutor";"Colisão lateral sentido oposto";"Com Vítimas Feridas";"Plena Noite";"Decrescente";"Céu Claro";"Simples";"Reta";"Não";4;0;2;1;1;0;3;2;-16,72736;-47,634957;"SR-DF";"UOP04";"DEL01"
336407;2021-01-24;"domingo";"19:20:00";"GO";60;"32";"ALEXANIA";"Ingestão de álcool pelo condutor";"Colisão frontal";"Sem Vítimas";"Plena Noite";"Crescente";"Céu Claro";"Dupla";"Reta";"Sim";3;0;0;0;3;0;0;3;-16,0963;-48,5202;"SR-DF";"UOP02";"DEL01"
336408;2021-01-24;"domingo";"19:10:00";"MG";50;"128";"UBERABA";"Condutor Dormindo";"Saída de leito carroçável";"Sem Vítimas";"Anoitecer";"Decrescente";"Céu Claro";"Dupla";"Reta";"Não";1;0;0;0;1;0;0;1;-19,37184398;-48,07827086;"SR-MG";"UOP01";"DEL13"
336409;2021-01-24;"domingo";"21:10:00";"CE";116;"179";"RUSSAS";"Animais na Pista";"Colisão frontal";"Com Vítimas Feridas";"Plena Noite";"Crescente";"Céu Claro";"Simples";"Reta";"Não";3;0;3;0;0;0;3;2;-5,03750487;-38,08630013;"SR-CE";"UOP01";"DEL03"
336410;2021-01-24;"domingo";"17:15:00";"TO";153;"503";"PARAISO DO TOCANTINS";"Avarias e/ou desgaste excessivo no pneu";"Queda de ocupante de veículo";"Com Vítimas Feridas";"Pleno dia";"Crescente";"Céu Claro";"Simples";"Não Informado";"Não";2;0;1;0;1;0;1;1;-10,22749198;-48,87609117;"SR-TO";"UOP01";"DEL01"
336411;2021-01-24;"domingo";"21:00:00";"AL";316;"250";"PILAR";"Velocidade Incompatível";"Colisão traseira";"Com Vítimas Feridas";"Plena Noite";"Crescente";"Nublado";"Simples";"Reta";"Não";3;0;2;0;1;0;2;2;-9,55605726;-35,97591943;"SR-AL";"UOP01";"DEL01"
336412;2021-01-24;"domingo";"21:50:00";"CE";222;"5.5";"CAUCAIA";"Acessar a via sem observar a presença dos outros veículos";"Colisão transversal";"Com Vítimas Feridas";"Plena Noite";"Crescente";"Nublado";"Dupla";"Interseção de vias";"Sim";3;0;0;2;0;1;2;2;-3,74296918;-38,61330997;"SR-CE";"UOP01";"DEL01"
336413;2021-01-05;"terça";"01:00:00";"PB";116;"3.6";"CACHOEIRA DOS INDIOS";"Pista Escorregadia";"Capotamento";"Com Vítimas Feridas";"Plena Noite";"Crescente";"Nublado";"Simples";"Curva";"Não";3;0;2;0;1;0;2;1;-6,923013;-38,728088;"SR-CE";"UOP03";"DEL05"
336414;2021-01-24;"domingo";"22:00:00";"SP";116;"78.7";"ROSEIRA";"Demais falhas mecânicas ou elétricas";"Tombamento";"Com Vítimas Feridas";"Plena Noite";"Decrescente";"Nublado";"Dupla";"Reta";"Não";2;0;2;0;0;0;2;1;-22,88893407;-45,28690695;"SR-SP";"UOP01";"DEL08"
336415;2021-01-24;"domingo";"21:20:00";"MA";316;"402.8";"ALTO ALEGRE DO MARANHAO";"Acessar a via sem observar a presença dos outros veículos";"Colisão transversal";"Com Vítimas Feridas";"Plena Noite";"Decrescente";"Nublado";"Simples";"Reta";"Sim";2;0;0;1;1;0;1;2;-4,214751;-44,4496;"SR-MA";"UOP01";"DEL03"
336416;2021-01-24;"domingo";"21:50:00";"MG";381;"349";"JOAO MONLEVADE";"Condutor deixou de manter distância do veículo da frente";"Colisão traseira";"Com Vítimas Feridas";"Plena Noite";"Crescente";"Céu Claro";"Simples";"Interseção de vias";"Não";2;0;1;0;1;0;1;2;-19,8499239;-43,14868105;"SR-MG";"UOP01";"DEL03"
336417;2021-01-24;"domingo";"20:20:00";"MT";364;"203";"RONDONOPOLIS";"Condutor deixou de manter distância do veículo da frente";"Colisão traseira";"Com Vítimas Feridas";"Plena Noite";"Decrescente";"Nublado";"Dupla";"Não Informado";"Sim";2;0;1;0;1;0;1;2;-16,47555256;-54,65344724;"SR-MT";"UOP01";"DEL02"
336418;2021-01-24;"domingo";"22:20:00";"SC";470;"51";"BLUMENAU";"Ingestão de álcool pelo condutor";"Colisão com objeto";"Sem Vítimas";"Plena Noite";"Crescente";"Nublado";"Dupla";"Reta";"Sim";2;0;0;0;2;0;0;2;-26,862339;-49,084038;"SR-SC";"UOP01";"DEL04"
336419;2021-01-24;"domingo";"20:45:00";"MG";116;"752.6";"LEOPOLDINA";"Ausência de reação do condutor";"Colisão lateral sentido oposto";"Com Vítimas Feridas";"Plena Noite";"Decrescente";"Céu Claro";"Simples";"Reta";"Não";2;0;1;0;1;0;1;2;-21,47033213;-42,55907489;"SR-MG";"UOP01";"DEL07"
336421;2021-01-24;"domingo";"23:00:00";"SC";101;"191";"BIGUACU";"Velocidade Incompatível";"Saída de leito carroçável";"Com Vítimas Feridas";"Plena Noite";"Decrescente";"Chuva";"Dupla";"Curva";"Sim";2;0;1;1;0;0;2;1;-27,47730273;-48,64127329;"SR-SC";"UOP01";"DEL01"
336422;2021-01-24;"domingo";"22:50:00";"SP";116;"221";"GUARULHOS";"Ausência de reação do condutor";"Colisão lateral mesmo sentido";"Sem Vítimas";"Plena Noite";"Crescente";"Nublado";"Múltipla";"Reta";"Não";2;0;0;0;1;1;0;2;-23,46802395;-46,50704901;"SR-SP";"UOP01";"DEL01"
336423;2021-01-24;"domingo";"22:50:00";"PE";101;"36";"ITAPISSUMA";"Condutor Dormindo";"Colisão traseira";"Com Vítimas Feridas";"Plena Noite";"Crescente";"Nublado";"Dupla";"Não Informado";"Não";2;0;0;1;0;1;1;2;-7,788367;-34,92981702;"SR-PE";"UOP02";"DEL01"
336424;2021-01-24;"domingo";"23:05:00";"PR";376;"614";"SAO JOSE DOS PINHAIS";"Ingestão de álcool pelo condutor";"Colisão traseira";"Sem Vítimas";"Plena Noite";"Decrescente";"Nublado";"Simples";"Interseção de vias";"Sim";5;0;0;0;5;0;0;5;-25,57084314;-49,19356398;"SR-PR";"UOP01";"DEL01"
336425;2021-01-24;"domingo";"22:20:00";"GO";60;"117.4";"TEREZOPOLIS DE GOIAS";"Animais na Pista";"Atropelamento de Animal";"Com Vítimas Feridas";"Plena Noite";"Decrescente";"Vento";"Dupla";"Reta";"Não";1;0;1;0;0;0;1;1;-16,4789;-49,0864;"SR-GO";"UOP01";"DEL01"
336426;2021-01-24;"domingo";"19:15:00";"RS";285;"580";"SAO LUIZ GONZAGA";"Ausência de reação do condutor";"Saída de leito carroçável";"Com Vítimas Feridas";"Anoitecer";"Decrescente";"Céu Claro";"Simples";"Reta";"Não";1;0;1;0;0;0;1;1;-28,433741;-55,095108;"SR-RS";"UOP01";"DEL12"
336427;2021-01-24;"domingo";"19:20:00";"MG";116;"526.1";"CARATINGA";"Ingestão de álcool pelo condutor";"Colisão traseira";"Sem Vítimas";"Anoitecer";"Crescente";"Céu Claro";"Simples";"Reta";"Sim";2;0;0;0;1;1;0;2;-19,77654011;-42,13327989;"SR-MG";"UOP02";"DEL06"
336428;2021-01-24;"domingo";"22:55:00";"RN";427;"99.6";"CAICO";"Desrespeitar a preferência no cruzamento";"Colisão transversal";"Com Vítimas Feridas";"Plena Noite";"Crescente";"Céu Claro";"Simples";"Reta";"Sim";3;0;2;0;0;1;2;2;-6,45929918;-37,09847983;"SR-RN";"UOP01";"DEL03"
336430;2021-01-24;"domingo";"23:30:00";"SP";116;"201.2";"ARUJA";"Ausência de reação do condutor";"Colisão com objeto";"Sem Vítimas";"Plena Noite";"Decrescente";"Céu Claro";"Múltipla";"Reta";"Sim";4;0;0;0;4;0;0;1;-23,40362877;-46,33050107;"SR-SP";"UOP01";"DEL01"
336431;2021-01-24;"domingo";"23:30:00";"PR";376;"180";"MARINGA";"Reação tardia ou ineficiente do condutor";"Colisão com objeto";"Com Vítimas Feridas";"Plena Noite";"Crescente";"Nublado";"Dupla";"Reta";"Sim";2;0;1;1;0;0;2;1;-23,42725352;-51,89512271;"SR-PR";"UOP01";"DEL09"
336432;2021-01-24;"domingo";"19:30:00";"BA";116;"574";"BREJOES";"Acessar a via sem observar a presença dos outros veículos";"Colisão transversal";"Com Vítimas Feridas";"Plena Noite";"Crescente";"Nublado";"Simples";"Reta";"Sim";2;0;0;1;0;1;1;2;-13,04175609;-39,9675933;"SR-BA";"UOP02";"DEL03"
336433;2021-01-24;"domingo";"23:00:00";"PB";361;"5";"PATOS";"Acessar a via sem observar a presença dos outros veículos";"Colisão transversal";"Com Vítimas Feridas";"Plena Noite";"Crescente";"Céu Claro";"Simples";"Reta";"Sim";3;0;2;0;1;0;2;2;-7,0342983;-37,30232718;"SR-PB";"UOP01";"DEL03"
336434;2021-01-24;"domingo";"17:50:00";"RJ";NA;"";"BARRA DO PIRAI";"Transitar na calçada";"Tombamento";"Com Vítimas Feridas";"Pleno dia";"Não Informado";"Sol";"Simples";"Reta";"Sim";1;0;1;0;0;0;1;1;-22,47793262;-44,04458642;"SR-RJ";"UOP02";"DEL05"
336435;2021-01-24;"domingo";"22:45:00";"SC";101;"447";"SANTA ROSA DO SUL";"Reação tardia ou ineficiente do condutor";"Atropelamento de Pedestre";"Com Vítimas Feridas";"Plena Noite";"Decrescente";"Nublado";"Dupla";"Não Informado";"Não";2;0;0;1;1;0;1;1;-29,15289482;-49,72792624;"SR-SC";"UOP02";"DEL02"
336436;2021-01-25;"segunda";"00:10:00";"RS";116;"263";"CANOAS";"Velocidade Incompatível";"Colisão traseira";"Com Vítimas Feridas";"Plena Noite";"Crescente";"Céu Claro";"Dupla";"Desvio Temporário";"Sim";2;0;1;0;1;0;1;2;-29,90545398;-51,17674031;"SR-RS";"UOP01";"DEL01"
336437;2021-01-24;"domingo";"22:50:00";"MG";262;"566.7";"CORREGO DANTA";"Ingestão de álcool pelo condutor";"Colisão frontal";"Com Vítimas Feridas";"Plena Noite";"Crescente";"Nublado";"Simples";"Curva";"Não";4;0;3;1;0;0;4;2;-19,74959878;-45,99005005;"SR-MG";"UOP02";"DEL08"
336439;2021-01-25;"segunda";"00:30:00";"GO";40;"3";"VALPARAISO DE GOIAS";"Ingestão de álcool e/ou substâncias psicoativas pelo pedestre";"Saída de leito carroçável";"Com Vítimas Feridas";"Plena Noite";"Crescente";"Céu Claro";"Dupla";"Reta";"Sim";2;0;2;0;0;0;2;1;-16,076081;-47,985671;"SR-DF";"UOP01";"DEL01"
336442;2021-01-24;"domingo";"23:15:00";"RJ";101;"291";"ITABORAI";"Animais na Pista";"Colisão traseira";"Sem Vítimas";"Plena Noite";"Crescente";"Céu Claro";"Dupla";"Reta";"Não";1;0;0;0;1;0;0;1;-22,76457445;-42,86989322;"SR-RJ";"UOP03";"DEL02"
336443;2021-01-25;"segunda";"00:30:00";"SC";101;"119";"ITAJAI";"Ingestão de álcool e/ou substâncias psicoativas pelo pedestre";"Colisão com objeto";"Com Vítimas Feridas";"Plena Noite";"Decrescente";"Garoa/Chuvisco";"Múltipla";"Reta";"Não";1;0;1;0;0;0;1;1;-26,9043179;-48,71555481;"SR-SC";"UOP04";"DEL04"
336444;2021-01-24;"domingo";"17:20:00";"BA";101;"869.9";"TEIXEIRA DE FREITAS";"Acostamento em desnível";"Tombamento";"Sem Vítimas";"Anoitecer";"Crescente";"Nublado";"Simples";"Não Informado";"Não";1;0;0;0;1;0;0;1;-17,28436453;-39,77426346;"SR-BA";"UOP02";"DEL09"
336445;2021-01-24;"domingo";"21:20:00";"BA";418;"88.3";"NOVA VICOSA";"Ingestão de álcool pelo condutor";"Colisão frontal";"Com Vítimas Feridas";"Plena Noite";"Decrescente";"Nublado";"Simples";"Reta";"Sim";3;0;2;0;1;0;2;2;-17,88949109;-39,82359738;"SR-BA";"UOP02";"DEL09"
336446;2021-01-24;"domingo";"23:00:00";"RR";401;"12";"CANTA";"Ausência de reação do condutor";"Saída de leito carroçável";"Com Vítimas Feridas";"Plena Noite";"Decrescente";"Nublado";"Dupla";"Reta";"Não";1;0;0;1;0;0;1;1;2,81047502;-60,61234946;"SR-RR";"UOP01";"DEL01"