"id";"data_inversa";"dia_semana";"horario";"uf";"br";"km";"municipio";"causa_acidente";"tipo_acidente";"classificacao_acidente";"fase_dia";"sentido_via";"condicao_metereologica";"tipo_pista";"tracado_via";"uso_solo";"pessoas";"mortos";"feridos_leves";"feridos_graves";"ilesos";"ignorados";"feridos";"veiculos";"latitude";"longitude";"regional";"delegacia";"uop"
336641;2021-01-25;"segunda";"19:00:00";"BA";330;"792.6";"JEQUIE";"Velocidade Incompatível";"Tombamento";"Com Vítimas Feridas";"Plena Noite";"Decrescente";"Nublado";"Simples";"Reta";"Não";1;0;1;0;0;0;1;1;-13,9122441;-40,01406707;"SR-BA";"UOP01";"DEL03"
336642;2021-01-25;"segunda";"22:10:00";"BA";324;"616";"SALVADOR";"Condutor Dormindo";"Colisão com objeto";"Com Vítimas Feridas";"Plena Noite";"Decrescente";"Chuva";"Dupla";"Reta";"Sim";1;0;1;0;0;0;1;1;-12,87957905;-38,43213893;"SR-BA";"UOP01";"DEL01"
336643;2021-01-25;"segunda";"19:50:00";"AC";364;"99";"SENADOR GUIOMARD";"Ausência de reação do condutor";"Saída de leito carroçável";"Com Vítimas Feridas";"Plena Noite";"Decrescente";"Céu Claro";"Simples";"Reta";"Não";1;0;1;0;0;0;1;1;-10,06854519;-67,58357633;"SR-AC";"UOP01";"DEL01"
336644;2021-01-25;"segunda";"22:45:00";"SC";282;"16.3";"PALHOCA";"Acessar a via sem observar a presença dos outros veículos";"Colisão transversal";"Com Vítimas Feridas";"Plena Noite";"Crescente";"Nublado";"Simples";"Reta";"Não";2;0;2;0;0;0;2;2;-27,658611;-48,681847;"SR-SC";"UOP02";"DEL01"
336645;2021-01-25;"segunda";"17:40:00";"SC";282;"611";"MARAVILHA";"Velocidade Incompatível";"Saída de leito carroçável";"Com Vítimas Feridas";"Pleno dia";"Crescente";"Chuva";"Simples";"Reta";"Não";2;0;1;1;0;0;2;1;-26,755428;-53,239933;"SR-SC";"UOP02";"DEL07"
336646;2021-01-25;"segunda";"22:30:00";"MG";262;"777.3";"UBERABA";"Ausência de reação do condutor";"Saída de leito carroçável";"Sem Vítimas";"Plena Noite";"Crescente";"Céu Claro";"Simples";"Curva";"Não";1;0;0;0;1;0;0;1;-19,73029928;-47,73733298;"SR-MG";"UOP01";"DEL13"
336647;2021-01-25;"segunda";"22:40:00";"ES";262;"21.3";"VIANA";"Iluminação deficiente";"Atropelamento de Animal";"Sem Vítimas";"Plena Noite";"Decrescente";"Céu Claro";"Simples";"Reta";"Não";3;0;0;0;1;2;0;1;-20,38054389;-40,50497908;"SR-ES";"UOP01";"DEL01"
336648;2021-01-25;"segunda";"23:15:00";"GO";153;"556.9";"PROFESSOR JAMIL";"Avarias e/ou desgaste excessivo no pneu";"Saída de leito carroçável";"Sem Vítimas";"Plena Noite";"Decrescente";"Chuva";"Dupla";"Reta";"Não";2;0;0;0;2;0;0;1;-17,1923;-49,2091;"SR-GO";"UOP01";"DEL03"
336650;2021-01-25;"segunda";"22:55:00";"SC";101;"203";"SAO JOSE";"Reação tardia ou ineficiente do condutor";"Colisão lateral";"Com Vítimas Feridas";"Plena Noite";"Decrescente";"Nublado";"Dupla";"Rotatória";"Sim";2;0;1;0;1;0;1;2;-27,5650044;-48,61460082;"SR-SC";"UOP01";"DEL01"
336651;2021-01-25;"segunda";"21:00:00";"RJ";116;"115";"MAGE";"Frear bruscamente";"Tombamento";"Com Vítimas Feridas";"Plena Noite";"Crescente";"Céu Claro";"Simples";"Reta";"Não";2;0;2;0;0;0;2;1;-22,58686665;-43,0179492;"SR-RJ";"UOP04";"DEL02"
336652;2021-01-25;"segunda";"23:15:00";"CE";222;"202";"FORQUILHA";"Reação tardia ou ineficiente do condutor";"Colisão com objeto";"Sem Vítimas";"Plena Noite";"Decrescente";"Nublado";"Simples";"Curva";"Não";1;0;0;0;1;0;0;1;-3,79695907;-40,21547705;"SR-CE";"UOP01";"DEL04"
336653;2021-01-25;"segunda";"10:00:00";"PR";153;"364.2";"RIO AZUL";"Falta de acostamento";"Saída de leito carroçável";"Com Vítimas Feridas";"Pleno dia";"Crescente";"Chuva";"Simples";"Reta";"Não";1;0;1;0;0;0;1;1;-25,70060732;-50,77890365;"SR-PR";"UOP03";"DEL03"
336654;2021-01-25;"segunda";"23:00:00";"PR";163;"283";"MARECHAL CANDIDO RONDON";"Ingestão de álcool pelo condutor";"Colisão transversal";"Com Vítimas Feridas";"Plena Noite";"Crescente";"Nublado";"Simples";"Reta";"Sim";5;0;1;0;4;0;1;2;-24,57864514;-53,99236214;"SR-PR";"UOP02";"DEL06"
336655;2021-01-25;"segunda";"21:45:00";"MA";316;"502.7";"CODO";"Obstrução na via";"Colisão com objeto";"Com Vítimas Feridas";"Plena Noite";"Crescente";"Chuva";"Simples";"Reta";"Não";2;0;1;1;0;0;2;1;-4,71737684;-43,7473762;"SR-MA";"UOP02";"DEL03"
336656;2021-01-25;"segunda";"23:20:00";"SP";153;"331.2";"SAO PEDRO DO TURVO";"Avarias e/ou desgaste excessivo no pneu";"Colisão traseira";"Com Vítimas Feridas";"Plena Noite";"Crescente";"Céu Claro";"Simples";"Reta";"Não";19;0;1;0;18;0;1;2;-22,862711;-49,88959271;"SR-SP";"UOP03";"DEL07"
336657;2021-01-26;"terça";"00:05:00";"PR";277;"328.5";"GUARAPUAVA";"Pista Escorregadia";"Colisão lateral";"Com Vítimas Feridas";"Plena Noite";"Crescente";"Ignorado";"Simples";"Curva";"Não";3;0;1;0;2;0;1;2;-25,37242804;-51,28148999;"SR-PR";"UOP01";"DEL08"
336658;2021-01-26;"terça";"01:10:00";"ES";101;"243";"SERRA";"Ultrapassagem Indevida";"Colisão frontal";"Com Vítimas Feridas";"Plena Noite";"Decrescente";"Céu Claro";"Simples";"Curva";"Não";7;0;2;4;0;1;6;2;-20,04007795;-40,39273658;"SR-ES";"UOP01";"DEL02"
336659;2021-01-25;"segunda";"23:15:00";"PI";316;"219";"VALENCA DO PIAUI";"Condutor Dormindo";"Colisão frontal";"Com Vítimas Fatais";"Plena Noite";"Decrescente";"Céu Claro";"Simples";"Reta";"Não";2;1;0;0;1;0;0;2;-6,46407203;-41,7452732;"SR-PI";"UOP02";"DEL04"
336660;2021-01-26;"terça";"00:05:00";"SC";470;"121.9";"IBIRAMA";"Pista esburacada";"Tombamento";"Com Vítimas Feridas";"Plena Noite";"Decrescente";"Garoa/Chuvisco";"Simples";"Reta";"Não";1;0;0;1;0;0;1;1;-27,095861;-49,526859;"SR-SC";"UOP02";"DEL04"
336661;2021-01-26;"terça";"00:30:00";"MT";163;"802";"VERA";"Problema na suspensão";"Saída de leito carroçável";"Sem Vítimas";"Plena Noite";"Crescente";"Céu Claro";"Simples";"Não Informado";"Não";5;0;0;0;5;0;0;1;-12,27367698;-55,55778006;"SR-MT";"UOP01";"DEL06"
336662;2021-01-26;"terça";"01:30:00";"GO";60;"137";"GOIANIA";"Reação tardia ou ineficiente do condutor";"Tombamento";"Com Vítimas Feridas";"Plena Noite";"Crescente";"Céu Claro";"Dupla";"Desvio Temporário";"Sim";1;0;0;1;0;0;1;1;-16,5959;-49,1965;"SR-GO";"UOP01";"DEL01"
336663;2021-01-25;"segunda";"22:50:00";"RJ";116;"167.5";"SAO JOAO DE MERITI";"Condutor Dormindo";"Queda de ocupante de veículo";"Com Vítimas Feridas";"Plena Noite";"Crescente";"Céu Claro";"Múltipla";"Reta";"Sim";1;0;1;0;0;0;1;1;-22,79988781;-43,35410317;"SR-RJ";"UOP01";"DEL01"
336664;2021-01-26;"terça";"02:20:00";"PR";116;"142.1";"MANDIRITUBA";"Velocidade Incompatível";"Colisão com objeto";"Sem Vítimas";"Plena Noite";"Decrescente";"Garoa/Chuvisco";"Simples";"Interseção de vias";"Sim";1;0;0;0;1;0;0;1;-25,77269253;-49,32349026;"SR-PR";"UOP03";"DEL01"
336665;2021-01-26;"terça";"02:00:00";"PI";343;"345";"TERESINA";"Desrespeitar a preferência no cruzamento";"Colisão transversal";"Sem Vítimas";"Plena Noite";"Crescente";"Chuva";"Múltipla";"Interseção de vias";"Sim";2;0;0;0;1;1;0;2;-5,102889;-42,766506;"SR-PI";"UOP01";"DEL01"
336666;2021-01-26;"terça";"02:30:00";"MG";40;"506.5";"RIBEIRAO DAS NEVES";"Animais na Pista";"Atropelamento de Animal";"Sem Vítimas";"Plena Noite";"Decrescente";"Céu Claro";"Dupla";"Reta";"Sim";1;0;0;0;1;0;0;1;-19,74962;-44,14552;"SR-MG";"UOP01";"DEL02"
336668;2021-01-25;"segunda";"23:30:00";"SC";116;"40.3";"PAPANDUVA";"Pedestre andava na pista";"Atropelamento de Pedestre";"Com Vítimas Feridas";"Plena Noite";"Decrescente";"Chuva";"Simples";"Reta";"Não";2;0;0;1;0;1;1;1;-26,34149288;-50,05296894;"SR-SC";"UOP01";"DEL06"
336669;2021-01-26;"terça";"03:40:00";"SC";470;"57";"BLUMENAU";"Ausência de reação do condutor";"Tombamento";"Com Vítimas Feridas";"Plena Noite";"Crescente";"Nublado";"Simples";"Reta";"Não";1;0;0;1;0;0;1;1;-26,880428;-49,136532;"SR-SC";"UOP01";"DEL04"
336670;2021-01-26;"terça";"02:57:00";"RJ";116;"222.4";"PIRAI";"Velocidade Incompatível";"Tombamento";"Com Vítimas Feridas";"Amanhecer";"Decrescente";"Céu Claro";"Dupla";"Curva";"Não";1;0;0;1;0;0;1;1;-22,66121836;-43,7540254;"SR-RJ";"UOP01";"DEL07"
336671;2021-01-26;"terça";"02:50:00";"RS";116;"355";"TAPES";"Demais falhas mecânicas ou elétricas";"Incêndio";"Sem Vítimas";"Plena Noite";"Decrescente";"Nublado";"Dupla";"Reta";"Não";1;0;0;0;1;0;0;1;-30,58224705;-51,53023295;"SR-RS";"UOP02";"DEL02"
336672;2021-01-26;"terça";"03:30:00";"RJ";40;"77";"PETROPOLIS";"Condutor Dormindo";"Saída de leito carroçável";"Com Vítimas Feridas";"Plena Noite";"Crescente";"Céu Claro";"Simples";"Reta";"Não";1;0;1;0;0;0;1;1;-22,48005592;-43,23543994;"SR-RJ";"UOP03";"DEL06"
336673;2021-01-26;"terça";"03:40:00";"RJ";116;"26";"SAPUCAIA";"Demais falhas mecânicas ou elétricas";"Incêndio";"Sem Vítimas";"Plena Noite";"Crescente";"Céu Claro";"Simples";"Reta";"Não";1;0;0;0;1;0;0;1;-22,04634998;-42,7844458;"SR-RJ";"UOP01";"DEL04"
336675;2021-01-26;"terça";"02:15:00";"MG";381;"710.9";"CARMO DA CACHOEIRA";"Reação tardia ou ineficiente do condutor";"Saída de leito carroçável";"Com Vítimas Feridas";"Pleno dia";"Crescente";"Céu Claro";"Dupla";"Reta";"Não";3;0;3;0;0;0;3;1;-21,38614615;-45,1948603;"SR-MG";"UOP02";"DEL04"
336676;2021-01-26;"terça";"05:30:00";"SP";153;"68.8";"SAO JOSE DO RIO PRETO";"Condutor Dormindo";"Colisão traseira";"Com Vítimas Feridas";"Amanhecer";"Crescente";"Céu Claro";"Dupla";"Não Informado";"Sim";2;0;1;0;1;0;1;2;-20,8505829;-49,383795;"SR-SP";"UOP01";"DEL09"
336677;2021-01-26;"terça";"05:40:00";"MG";381;"483.1";"BETIM";"Manobra de mudança de faixa";"Colisão lateral mesmo sentido";"Com Vítimas Feridas";"Amanhecer";"Decrescente";"Céu Claro";"Dupla";"Curva";"Sim";2;0;1;0;1;0;1;2;-19,95594491;-44,10721699;"SR-MG";"UOP03";"DEL01"
336679;2021-01-26;"terça";"06:30:00";"DF";40;"5.5";"BRASILIA";"Condutor deixou de manter distância do veículo da frente";"Colisão traseira";"Com Vítimas Feridas";"Pleno dia";"Decrescente";"Céu Claro";"Dupla";"Reta";"Sim";3;0;0;1;2;0;1;3;-16,020903;-47,980541;"SR-DF";"UOP01";"DEL01"
336680;2021-01-26;"terça";"06:20:00";"RJ";116;"165";"RIO DE JANEIRO";"Trafegar com motocicleta (ou similar) entre as faixas";"Colisão lateral mesmo sentido";"Com Vítimas Feridas";"Pleno dia";"Decrescente";"Céu Claro";"Dupla";"Reta";"Sim";4;0;1;0;3;0;1;3;-22,81548519;-43,29087405;"SR-RJ";"UOP01";"DEL01"
336681;2021-01-26;"terça";"04:45:00";"MS";163;"665.2";"RIO VERDE DE MATO GROSSO";"Condutor Dormindo";"Saída de leito carroçável";"Com Vítimas Feridas";"Amanhecer";"Crescente";"Ignorado";"Simples";"Não Informado";"Não";1;0;1;0;0;0;1;1;-19,04496622;-54,81017934;"SR-MS";"UOP02";"DEL06"
336682;2021-01-26;"terça";"06:20:00";"BA";116;"16.2";"VITORIA DA CONQUISTA";"Acessar a via sem observar a presença dos outros veículos";"Colisão frontal";"Com Vítimas Feridas";"Pleno dia";"Decrescente";"Céu Claro";"Simples";"Reta";"Sim";2;0;1;0;1;0;1;2;-14,902319;-40,847905;"SR-BA";"UOP01";"DEL08"
336683;2021-01-26;"terça";"06:28:00";"GO";40;"95";"CRISTALINA";"Reação tardia ou ineficiente do condutor";"Colisão transversal";"Com Vítimas Feridas";"Pleno dia";"Decrescente";"Céu Claro";"Simples";"Reta";"Sim";2;0;1;0;1;0;1;2;-16,750555;-47,607549;"SR-DF";"UOP04";"DEL01"
336684;2021-01-26;"terça";"05:20:00";"RJ";116;"139";"DUQUE DE CAXIAS";"Manobra de mudança de faixa";"Colisão transversal";"Com Vítimas Feridas";"Amanhecer";"Decrescente";"Céu Claro";"Dupla";"Reta";"Sim";2;0;1;0;1;0;1;2;-22,64655224;-43,20138601;"SR-RJ";"UOP01";"DEL01"
336685;2021-01-25;"segunda";"16:30:00";"MG";381;"484";"BETIM";"Manobra de mudança de faixa";"Colisão lateral";"Com Vítimas Feridas";"Pleno dia";"Crescente";"Céu Claro";"Dupla";"Curva";"Sim";2;0;1;0;1;0;1;2;-19,95531717;-44,11722196;"SR-MG";"UOP03";"DEL01"
336687;2021-01-26;"terça";"07:15:00";"RS";392;"350.1";"SANTA MARIA";"Acesso irregular";"Colisão lateral mesmo sentido";"Com Vítimas Feridas";"Pleno dia";"Crescente";"Céu Claro";"Simples";"Reta";"Sim";2;0;1;0;1;0;1;2;-29,73610908;-53,79788213;"SR-RS";"UOP01";"DEL09"
336688;2021-01-26;"terça";"06:45:00";"RN";101;"83.5";"SAO GONCALO DO AMARANTE";"Manobra de mudança de faixa";"Colisão lateral mesmo sentido";"Com Vítimas Feridas";"Pleno dia";"Crescente";"Céu Claro";"Dupla";"Reta";"Sim";2;0;0;1;1;0;1;2;-5,7710445;-35,26616981;"SR-RN";"UOP01";"DEL02"
336689;2021-01-25;"segunda";"20:00:00";"SE";101;"109.1";"SAO CRISTOVAO";"Pedestre andava na pista";"Atropelamento de Pedestre";"Com Vítimas Fatais";"Plena Noite";"Crescente";"Céu Claro";"Dupla";"Não Informado";"Não";2;1;0;0;0;1;0;1;-10,966725;-37,272139;"SR-SE";"UOP01";"DEL02"
336690;2021-01-26;"terça";"05:15:00";"BA";101;"535";"SAO JOSE DA VITORIA";"Velocidade Incompatível";"Colisão transversal";"Com Vítimas Feridas";"Amanhecer";"Decrescente";"Garoa/Chuvisco";"Simples";"Curva";"Não";3;0;3;0;0;0;3;2;-15,03291674;-39,33049044;"SR-BA";"UOP01";"DEL05"
336691;2021-01-26;"terça";"07:20:00";"PE";232;"74";"GRAVATA";"Condutor deixou de manter distância do veículo da frente";"Colisão traseira";"Com Vítimas Feridas";"Pleno dia";"Decrescente";"Céu Claro";"Dupla";"Reta";"Sim";2;0;1;0;1;0;1;2;-8,19466678;-35,51728814;"SR-PE";"UOP04";"DEL01"
336692;2021-01-26;"terça";"06:00:00";"MG";153;"53";"MONTE ALEGRE DE MINAS";"Condutor Dormindo";"Saída de leito carroçável";"Com Vítimas Feridas";"Pleno dia";"Decrescente";"Céu Claro";"Dupla";"Reta";"Não";2;0;1;0;1;0;1;2;-18,848;-49,08971;"SR-MG";"UOP03";"DEL15"
336693;2021-01-26;"terça";"07:30:00";"MG";365;"590";"ARAGUARI";"Falta de elemento de contenção que evite a saída do leito carroçável";"Saída de leito carroçável";"Com Vítimas Fatais";"Pleno dia";"Crescente";"Céu Claro";"Simples";"Não Informado";"Não";4;1;0;2;1;0;2;2;-18,88309889;-48,04310394;"SR-MG";"UOP02";"DEL15"
336694;2021-01-26;"terça";"08:20:00";"SP";116;"230";"SAO PAULO";"Manobra de mudança de faixa";"Colisão lateral mesmo sentido";"Com Vítimas Feridas";"Pleno dia";"Crescente";"Céu Claro";"Dupla";"Reta";"Sim";2;0;1;0;1;0;1;2;-23,51728604;-46,58109784;"SR-SP";"UOP01";"DEL01"
336695;2021-01-26;"terça";"07:15:00";"GO";414;"369";"COCALZINHO DE GOIAS";"Condutor Dormindo";"Saída de leito carroçável";"Com Vítimas Feridas";"Pleno dia";"Crescente";"Céu Claro";"Simples";"Curva";"Não";1;0;1;0;0;0;1;1;-15,75318615;-48,73838802;"SR-GO";"UOP01";"DEL02"
336697;2021-01-26;"terça";"08:25:00";"RJ";393;"236";"VASSOURAS";"Ultrapassagem Indevida";"Colisão lateral";"Com Vítimas Feridas";"Pleno dia";"Decrescente";"Sol";"Simples";"Retorno Regulamentado";"Sim";3;0;1;1;1;0;2;2;-22,41831937;-43,68235242;"SR-RJ";"UOP01";"DEL05"
336699;2021-01-26;"terça";"03:00:00";"RJ";101;"111";"CAMPOS DOS GOYTACAZES";"Velocidade Incompatível";"Tombamento";"Sem Vítimas";"Plena Noite";"Crescente";"Céu Claro";"Dupla";"Curva";"Não";1;0;0;0;1;0;0;1;-21,96256001;-41,64818859;"SR-RJ";"UOP02";"DEL08"
336700;2021-01-26;"terça";"07:10:00";"RS";285;"218";"CASEIROS";"Desrespeitar a preferência no cruzamento";"Colisão transversal";"Com Vítimas Feridas";"Pleno dia";"Crescente";"Nublado";"Simples";"Interseção de vias";"Sim";2;0;1;0;1;0;1;2;-28,272339;-51,690033;"SR-RS";"UOP05";"DEL08"
336701;2021-01-26;"terça";"06:30:00";"MG";267;"200";"BOM JARDIM DE MINAS";"Velocidade Incompatível";"Tombamento";"Com Vítimas Feridas";"Amanhecer";"Decrescente";"Céu Claro";"Simples";"Curva";"Não";1;0;1;0;0;0;1;1;-21,93311108;-44,08851501;"SR-MG";"UOP01";"DEL05"
336702;2021-01-26;"terça";"07:30:00";"PB";230;"26";"JOAO PESSOA";"Reação tardia ou ineficiente do condutor";"Tombamento";"Sem Vítimas";"Pleno dia";"Crescente";"Céu Claro";"Múltipla";"Reta";"Sim";2;0;0;0;2;0;0;2;-7,1693;-34,8782;"SR-PB";"UOP01";"DEL01"
336703;2021-01-26;"terça";"08:50:00";"RS";116;"263";"CANOAS";"Manobra de mudança de faixa";"Colisão lateral";"Sem Vítimas";"Pleno dia";"Crescente";"Sol";"Múltipla";"Viaduto";"Sim";2;0;0;0;2;0;0;2;-29,90545398;-51,17674031;"SR-RS";"UOP01";"DEL01"
336704;2021-01-26;"terça";"09:04:00";"MG";381;"873.6";"ESTIVA";"Objeto estático sobre o leito carroçável";"Colisão com objeto";"Com Vítimas Fatais";"Pleno dia";"Crescente";"Sol";"Dupla";"Não Informado";"Não";3;1;0;0;0;2;0;1;-22,4174159;-45,96473694;"SR-MG";"UOP01";"DEL16"
336705;2021-01-26;"terça";"10:00:00";"MG";40;"145";"JOAO PINHEIRO";"Acessar a via sem observar a presença dos outros veículos";"Colisão transversal";"Com Vítimas Feridas";"Pleno dia";"Crescente";"Céu Claro";"Simples";"Interseção de vias";"Não";3;0;1;0;2;0;1;2;-17,75566262;-46,16329585;"SR-MG";"UOP01";"DEL14"
336706;2021-01-26;"terça";"08:30:00";"MT";163;"766";"SORRISO";"Condutor deixou de manter distância do veículo da frente";"Colisão traseira";"Sem Vítimas";"Pleno dia";"Crescente";"Céu Claro";"Simples";"Reta";"Não";2;0;0;0;2;0;0;2;-12,442;-55,654;"SR-MT";"UOP01";"DEL06"
336707;2021-01-26;"terça";"09:45:00";"RJ";101;"480";"ANGRA DOS REIS";"Reação tardia ou ineficiente do condutor";"Colisão lateral mesmo sentido";"Sem Vítimas";"Pleno dia";"Decrescente";"Céu Claro";"Simples";"Curva";"Não";2;0;0;0;2;0;0;2;-23,01331268;-44,28361913;"SR-RJ";"UOP01";"DEL03"
336708;2021-01-26;"terça";"09:50:00";"SP";116;"287";"ITAPECERICA DA SERRA";"Reação tardia ou ineficiente do condutor";"Colisão com objeto";"Sem Vítimas";"Pleno dia";"Decrescente";"Céu Claro";"Simples";"Não Informado";"Não";3;0;0;0;3;0;0;1;-23,71441779;-46,87929634;"SR-SP";"UOP01";"DEL04"
336711;2021-01-26;"terça";"09:30:00";"PR";476;"144";"CURITIBA";"Velocidade Incompatível";"Tombamento";"Com Vítimas Feridas";"Pleno dia";"Crescente";"Nublado";"Dupla";"Curva";"Não";1;0;1;0;0;0;1;1;-25,542501;-49,313011;"SR-PR";"UOP03";"DEL01"
336712;2021-01-26;"terça";"07:00:00";"PR";369;"22.5";"CAMBARA";"Reação tardia ou ineficiente do condutor";"Colisão transversal";"Com Vítimas Feridas";"Pleno dia";"Crescente";"Sol";"Simples";"Interseção de vias";"Sim";2;0;1;0;1;0;1;2;-23,043231;-50,104485;"SR-PR";"UOP01";"DEL07"
336713;2021-01-26;"terça";"10:45:00";"GO";70;"8.8";"AGUAS LINDAS DE GOIAS";"Reação tardia ou ineficiente do condutor";"Atropelamento de Pedestre";"Com Vítimas Feridas";"Pleno dia";"Decrescente";"Céu Claro";"Dupla";"Reta";"Sim";3;0;2;0;0;1;2;1;-15,73733681;-48,27407468;"SR-DF";"UOP03";"DEL01"
336714;2021-01-26;"terça";"11:00:00";"SC";101;"214.5";"PALHOCA";"Reação tardia ou ineficiente do condutor";"Colisão traseira";"Com Vítimas Feridas";"Pleno dia";"Crescente";"Chuva";"Múltipla";"Reta";"Sim";3;0;2;0;1;0;2;2;-27,64443;-48,67057;"SR-SC";"UOP02";"DEL01"
336715;2021-01-26;"terça";"10:00:00";"GO";60;"102.6";"ANAPOLIS";"Demais falhas mecânicas ou elétricas";"Incêndio";"Sem Vítimas";"Pleno dia";"Decrescente";"Sol";"Dupla";"Não Informado";"Não";1;0;0;0;1;0;0;1;-16,406;-48,9831;"SR-GO";"UOP01";"DEL02"
336716;2021-01-26;"terça";"07:30:00";"RS";285;"583";"SAO LUIZ GONZAGA";"Chuva";"Saída de leito carroçável";"Com Vítimas Feridas";"Pleno dia";"Crescente";"Chuva";"Simples";"Reta";"Não";1;0;1;0;0;0;1;1;-28,450102;-55,119457;"SR-RS";"UOP01";"DEL12"
336717;2021-01-26;"terça";"08:20:00";"RJ";101;"286";"ITABORAI";"Ausência de reação do condutor";"Tombamento";"Com Vítimas Feridas";"Pleno dia";"Decrescente";"Céu Claro";"Dupla";"Curva";"Não";2;0;1;0;1;0;1;1;-22,75409331;-42,82491696;"SR-RJ";"UOP03";"DEL02"
336719;2021-01-26;"terça";"11:55:00";"SP";101;"39.4";"UBATUBA";"Acessar a via sem observar a presença dos outros veículos";"Colisão lateral mesmo sentido";"Com Vítimas Feridas";"Pleno dia";"Decrescente";"Céu Claro";"Simples";"Reta";"Não";3;0;1;0;2;0;1;2;-23,41370139;-45,02666492;"SR-SP";"UOP02";"DEL06"
336720;2021-01-26;"terça";"08:30:00";"SP";116;"315";"JUQUITIBA";"Reação tardia ou ineficiente do condutor";"Colisão traseira";"Com Vítimas Feridas";"Pleno dia";"Decrescente";"Céu Claro";"Dupla";"Reta";"Sim";3;0;2;0;1;0;2;3;-23,89701076;-46,98647618;"SR-SP";"UOP01";"DEL04"
336721;2021-01-26;"terça";"09:40:00";"BA";367;"46.6";"PORTO SEGURO";"Manobra de mudança de faixa";"Colisão frontal";"Com Vítimas Feridas";"Pleno dia";"Decrescente";"Nublado";"Simples";"Reta";"Não";5;0;0;1;4;0;1;2;-16,37147208;-39,26193802;"SR-BA";"UOP01";"DEL09"
336722;2021-01-26;"terça";"05:00:00";"MG";381;"275";"JAGUARACU";"Velocidade Incompatível";"Tombamento";"Com Vítimas Feridas";"Amanhecer";"Crescente";"Céu Claro";"Simples";"Reta";"Não";3;0;1;1;1;0;2;2;-19,54384635;-42,6906395;"SR-MG";"UOP02";"DEL03"
336723;2021-01-26;"terça";"09:30:00";"MG";116;"541.4";"SANTA RITA DE MINAS";"Ausência de reação do condutor";"Colisão transversal";"Com Vítimas Feridas";"Pleno dia";"Crescente";"Céu Claro";"Simples";"Reta";"Não";2;0;1;0;1;0;1;2;-19,89438795;-42,13395072;"SR-MG";"UOP02";"DEL06"
336725;2021-01-26;"terça";"13:00:00";"SC";101;"227";"PALHOCA";"Velocidade Incompatível";"Colisão com objeto";"Com Vítimas Feridas";"Pleno dia";"Crescente";"Chuva";"Simples";"Viaduto";"Não";1;0;1;0;0;0;1;1;-27,7509149;-48,63460277;"SR-SC";"UOP02";"DEL01"
336727;2021-01-26;"terça";"09:10:00";"BA";242;"860";"BARREIRAS";"Desrespeitar a preferência no cruzamento";"Colisão transversal";"Com Vítimas Feridas";"Pleno dia";"Decrescente";"Céu Claro";"Simples";"Retorno Regulamentado";"Não";3;0;0;1;2;0;1;2;-12,09594834;-45,37916805;"SR-BA";"UOP01";"DEL10"
336730;2021-01-26;"terça";"11:05:00";"RO";174;"15.8";"VILHENA";"Acessar a via sem observar a presença dos outros veículos";"Colisão traseira";"Com Vítimas Feridas";"Pleno dia";"Crescente";"Céu Claro";"Simples";"Interseção de vias";"Sim";2;0;0;1;1;0;1;2;-12,723321;-60,12801;"SR-RO";"UOP01";"DEL04"
336731;2021-01-26;"terça";"09:30:00";"RS";290;"89";"PORTO ALEGRE";"Mal súbito do condutor";"Colisão com objeto";"Com Vítimas Feridas";"Pleno dia";"Decrescente";"Céu Claro";"Dupla";"Reta";"Não";1;0;1;0;0;0;1;1;-29,967892;-51,147331;"SR-RS";"UOP01";"DEL01"
336733;2021-01-20;"quarta";"21:00:00";"PR";116;"47";"CAMPINA GRANDE DO SUL";"Velocidade Incompatível";"Colisão transversal";"Com Vítimas Feridas";"Anoitecer";"Crescente";"Garoa/Chuvisco";"Dupla";"Não Informado";"Não";5;0;1;0;4;0;1;2;-25,21058799;-48,89720903;"SR-PR";"UOP02";"DEL01"
336736;2021-01-26;"terça";"14:52:00";"ES";101;"297";"VIANA";"Trafegar com motocicleta (ou similar) entre as faixas";"Queda de ocupante de veículo";"Com Vítimas Feridas";"Pleno dia";"Decrescente";"Céu Claro";"Dupla";"Reta";"Não";3;0;2;0;0;1;2;2;-20,34529844;-40,41026774;"SR-ES";"UOP01";"DEL01"
336739;2021-01-26;"terça";"15:10:00";"MG";262;"444.1";"NOVA SERRANA";"Ausência de reação do condutor";"Colisão traseira";"Com Vítimas Feridas";"Pleno dia";"Decrescente";"Céu Claro";"Dupla";"Reta";"Sim";4;0;0;2;2;0;2;2;-19,88065393;-44,92197102;"SR-MG";"UOP03";"DEL08"
336740;2021-01-26;"terça";"15:25:00";"RN";101;"85.3";"SAO GONCALO DO AMARANTE";"Condutor deixou de manter distância do veículo da frente";"Colisão traseira";"Com Vítimas Feridas";"Pleno dia";"Crescente";"Céu Claro";"Dupla";"Curva";"Sim";3;0;1;0;2;0;1;3;-5,777664;-35,24937;"SR-RN";"UOP01";"DEL02"
336741;2021-01-26;"terça";"15:30:00";"PR";116;"144.5";"MANDIRITUBA";"Acessar a via sem observar a presença dos outros veículos";"Colisão lateral mesmo sentido";"Com Vítimas Feridas";"Pleno dia";"Crescente";"Nublado";"Simples";"Reta";"Não";2;0;1;0;1;0;1;2;-25,76405694;-49,32116324;"SR-PR";"UOP03";"DEL01"
336744;2021-01-26;"terça";"14:50:00";"PI";316;"5.6";"TERESINA";"Manobra de mudança de faixa";"Colisão lateral mesmo sentido";"Com Vítimas Feridas";"Pleno dia";"Crescente";"Céu Claro";"Múltipla";"Reta";"Sim";4;0;3;0;1;0;3;2;-5,14169858;-42,78157276;"SR-PI";"UOP02";"DEL01"