"id";"data_inversa";"dia_semana";"horario";"uf";"br";"km";"municipio";"causa_acidente";"tipo_acidente";"classificacao_acidente";"fase_dia";"sentido_via";"condicao_metereologica";"tipo_pista";"tracado_via";"uso_solo";"pessoas";"mortos";"feridos_leves";"feridos_graves";"ilesos";"ignorados";"feridos";"veiculos";"latitude";"longitude";"regional";"delegacia";"uop"
336745;2021-01-26;"terça";"15:10:00";"RS";386;"443";"CANOAS";"Chuva";"Saída de leito carroçável";"Com Vítimas Feridas";"Pleno dia";"Crescente";"Chuva";"Dupla";"Reta";"Não";2;0;1;0;1;0;1;1;-29,889194;-51,213398;"SR-RS";"UOP01";"DEL01"
336746;2021-01-26;"terça";"09:40:00";"MA";135;"32";"BACABEIRA";"Manobra de mudança de faixa";"Colisão lateral";"Com Vítimas Feridas";"Pleno dia";"Crescente";"Céu Claro";"Dupla";"Reta";"Sim";3;0;1;0;2;0;1;2;-2,82208;-44,37442879;"SR-MA";"UOP01";"DEL01"
336747;2021-01-26;"terça";"14:20:00";"AP";156;"322";"PORTO GRANDE";"Ultrapassagem Indevida";"Saída de leito carroçável";"Com Vítimas Feridas";"Pleno dia";"Crescente";"Nublado";"Simples";"Reta";"Não";3;0;2;0;1;0;2;1;0,56798241;-51,15425668;"SR-AP";"UOP01";"DEL01"
336748;2021-01-26;"terça";"15:15:00";"RS";392;"24.3";"RIO GRANDE";"Animais na Pista";"Saída de leito carroçável";"Com Vítimas Feridas";"Pleno dia";"Decrescente";"Nublado";"Dupla";"Reta";"Não";1;0;1;0;0;0;1;1;-32,0858159;-52,23789595;"SR-RS";"UOP02";"DEL07"
336749;2021-01-26;"terça";"16:05:00";"DF";40;"5.5";"BRASILIA";"Demais falhas mecânicas ou elétricas";"Tombamento";"Com Vítimas Feridas";"Pleno dia";"Decrescente";"Céu Claro";"Dupla";"Reta";"Não";2;0;1;1;0;0;2;1;-16,020903;-47,980541;"SR-DF";"UOP01";"DEL01"
336750;2021-01-26;"terça";"15:45:00";"SC";470;"79";"RODEIO";"Condutor deixou de manter distância do veículo da frente";"Colisão traseira";"Com Vítimas Feridas";"Pleno dia";"Crescente";"Nublado";"Simples";"Reta";"Sim";2;0;1;0;1;0;1;2;-26,951565;-49,306534;"SR-SC";"UOP01";"DEL04"
336752;2021-01-26;"terça";"15:40:00";"MS";163;"614";"SAO GABRIEL DO OESTE";"Acessar a via sem observar a presença dos outros veículos";"Colisão transversal";"Com Vítimas Feridas";"Pleno dia";"Crescente";"Céu Claro";"Simples";"Reta";"Sim";3;0;1;0;2;0;1;2;-19,40628803;-54,56100005;"SR-MS";"UOP02";"DEL06"
336753;2021-01-26;"terça";"16:45:00";"RJ";101;"60";"CAMPOS DOS GOYTACAZES";"Reação tardia ou ineficiente do condutor";"Colisão transversal";"Com Vítimas Feridas";"Pleno dia";"Crescente";"Céu Claro";"Simples";"Não Informado";"Sim";2;0;0;1;1;0;1;2;-21,72411384;-41,31946224;"SR-RJ";"UOP01";"DEL08"
336754;2021-01-26;"terça";"16:15:00";"PB";230;"23.5";"JOAO PESSOA";"Manobra de mudança de faixa";"Colisão traseira";"Com Vítimas Feridas";"Pleno dia";"Decrescente";"Sol";"Dupla";"Não Informado";"Sim";2;0;1;0;0;1;1;2;-7,1637;-34,8618;"SR-PB";"UOP01";"DEL01"
336755;2021-01-26;"terça";"15:35:00";"BA";324;"574";"SAO SEBASTIAO DO PASSE";"Reação tardia ou ineficiente do condutor";"Colisão com objeto";"Sem Vítimas";"Pleno dia";"Decrescente";"Céu Claro";"Dupla";"Não Informado";"Não";1;0;0;0;1;0;0;1;-12,57526;-38,54172;"SR-BA";"UOP01";"DEL01"
336756;2021-01-26;"terça";"17:00:00";"MA";316;"568.2";"CAXIAS";"Pista Escorregadia";"Colisão frontal";"Com Vítimas Feridas";"Pleno dia";"Crescente";"Chuva";"Simples";"Reta";"Não";5;0;1;1;2;1;2;4;-4,914432;-43,21693;"SR-MA";"UOP02";"DEL03"
336757;2021-01-26;"terça";"16:05:00";"RJ";101;"298";"ITABORAI";"Condutor Dormindo";"Colisão traseira";"Com Vítimas Feridas";"Pleno dia";"Decrescente";"Céu Claro";"Dupla";"Reta";"Sim";3;0;1;0;2;0;1;2;-22,7714;-42,92896;"SR-RJ";"UOP02";"DEL02"
336758;2021-01-26;"terça";"17:20:00";"RJ";116;"179.8";"NOVA IGUACU";"Manobra de mudança de faixa";"Colisão lateral mesmo sentido";"Com Vítimas Feridas";"Pleno dia";"Crescente";"Céu Claro";"Dupla";"Reta";"Sim";2;0;1;0;1;0;1;2;-22,769902;-43,408036;"SR-RJ";"UOP02";"DEL01"
336759;2021-01-26;"terça";"17:00:00";"SC";101;"139.3";"BALNEARIO CAMBORIU";"Manobra de mudança de faixa";"Colisão lateral mesmo sentido";"Com Vítimas Feridas";"Pleno dia";"Crescente";"Nublado";"Dupla";"Não Informado";"Não";2;0;1;0;1;0;1;2;-27,02982303;-48,60115006;"SR-SC";"UOP03";"DEL04"
336760;2021-01-26;"terça";"17:15:00";"SP";116;"155";"SAO JOSE DOS CAMPOS";"Condutor deixou de manter distância do veículo da frente";"Colisão traseira";"Com Vítimas Feridas";"Anoitecer";"Decrescente";"Céu Claro";"Múltipla";"Reta";"Não";2;0;1;0;1;0;1;2;-23,24524337;-45,92772774;"SR-SP";"UOP01";"DEL02"
336761;2021-01-26;"terça";"17:00:00";"ES";101;"302";"VIANA";"Transitar na contramão";"Colisão frontal";"Com Vítimas Feridas";"Pleno dia";"Crescente";"Nublado";"Dupla";"Não Informado";"Não";3;0;0;1;1;1;1;2;-20,36278187;-40,4401343;"SR-ES";"UOP01";"DEL01"
336762;2021-01-18;"segunda";"11:45:00";"ES";262;"31";"DOMINGOS MARTINS";"Demais falhas na via";"Queda de ocupante de veículo";"Com Vítimas Feridas";"Pleno dia";"Decrescente";"Sol";"Simples";"Curva";"Não";1;0;0;1;0;0;1;1;-20,3805123;-40,56830627;"SR-ES";"UOP01";"DEL01"
336763;2021-01-26;"terça";"13:55:00";"SC";101;"120";"ITAJAI";"Acumulo de óleo sobre o pavimento";"Tombamento";"Com Vítimas Feridas";"Pleno dia";"Crescente";"Nublado";"Simples";"Curva";"Sim";1;0;1;0;0;0;1;1;-26,912758;-48,711998;"SR-SC";"UOP04";"DEL04"
336764;2021-01-26;"terça";"17:30:00";"ES";101;"145";"LINHARES";"Reação tardia ou ineficiente do condutor";"Colisão lateral";"Com Vítimas Feridas";"Pleno dia";"Decrescente";"Céu Claro";"Dupla";"Reta";"Sim";2;0;1;0;1;0;1;2;-19,36089598;-40,06464018;"SR-ES";"UOP01";"DEL04"
336765;2021-01-26;"terça";"13:50:00";"SC";470;"2.5";"NAVEGANTES";"Retorno proibido";"Colisão lateral";"Com Vítimas Feridas";"Pleno dia";"Crescente";"Céu Claro";"Simples";"Reta";"Sim";2;0;1;0;1;0;1;2;-26,868551;-48,674831;"SR-SC";"UOP04";"DEL04"
336766;2021-01-26;"terça";"17:45:00";"RS";116;"386.3";"CAMAQUA";"Condutor Dormindo";"Colisão traseira";"Com Vítimas Feridas";"Pleno dia";"Crescente";"Chuva";"Dupla";"Reta";"Não";3;0;1;0;2;0;1;2;-30,80844437;-51,68820064;"SR-RS";"UOP02";"DEL02"
336767;2021-01-26;"terça";"13:50:00";"SC";280;"125.3";"RIO NEGRINHO";"Acessar a via sem observar a presença dos outros veículos";"Colisão transversal";"Com Vítimas Feridas";"Pleno dia";"Crescente";"Nublado";"Simples";"Não Informado";"Sim";2;0;1;0;1;0;1;2;-26,23763684;-49,48434497;"SR-SC";"UOP03";"DEL06"
336768;2021-01-26;"terça";"17:38:00";"SP";116;"322";"JUQUITIBA";"Obras na pista";"Colisão traseira";"Com Vítimas Fatais";"Pleno dia";"Crescente";"Céu Claro";"Dupla";"Reta";"Não";2;1;0;0;1;0;0;2;-23,935106;-47,026682;"SR-SP";"UOP01";"DEL04"
336769;2021-01-26;"terça";"17:20:00";"BA";324;"606";"SIMOES FILHO";"Pista Escorregadia";"Queda de ocupante de veículo";"Com Vítimas Feridas";"Pleno dia";"Crescente";"Céu Claro";"Dupla";"Reta";"Não";2;0;2;0;0;0;2;1;-12,79340512;-38,40485325;"SR-BA";"UOP01";"DEL01"
336770;2021-01-26;"terça";"17:30:00";"MG";50;"147.7";"UBERABA";"Chuva";"Saída de leito carroçável";"Com Vítimas Feridas";"Pleno dia";"Crescente";"Chuva";"Dupla";"Não Informado";"Não";1;0;1;0;0;0;1;1;-19,53778804;-48,03695932;"SR-MG";"UOP01";"DEL13"
336772;2021-01-26;"terça";"17:29:00";"PR";376;"616";"SAO JOSE DOS PINHAIS";"Acessar a via sem observar a presença dos outros veículos";"Colisão transversal";"Com Vítimas Feridas";"Pleno dia";"Decrescente";"Nublado";"Múltipla";"Não Informado";"Sim";3;0;2;0;1;0;2;2;-25,57583659;-49,17953679;"SR-PR";"UOP04";"DEL01"
336773;2021-01-26;"terça";"17:30:00";"MG";251;"331";"FRUTA DE LEITE";"Afundamento ou ondulação no pavimento";"Tombamento";"Com Vítimas Feridas";"Pleno dia";"Decrescente";"Nublado";"Simples";"Curva";"Não";2;0;0;1;1;0;1;1;-16,26364876;-42,41718899;"SR-MG";"UOP01";"DEL12"
336774;2021-01-26;"terça";"18:30:00";"SP";116;"219.7";"GUARULHOS";"Trafegar com motocicleta (ou similar) entre as faixas";"Queda de ocupante de veículo";"Com Vítimas Feridas";"Anoitecer";"Crescente";"Sol";"Múltipla";"Reta";"Sim";1;0;1;0;0;0;1;1;-23,46143954;-46,48885316;"SR-SP";"UOP01";"DEL01"
336775;2021-01-26;"terça";"18:30:00";"PE";407;"124";"PETROLINA";"Desrespeitar a preferência no cruzamento";"Colisão transversal";"Com Vítimas Feridas";"Plena Noite";"Decrescente";"Céu Claro";"Dupla";"Rotatória";"Sim";3;0;2;0;1;0;2;2;-9,36929881;-40,54137139;"SR-PE";"UOP01";"DEL06"
336776;2021-01-26;"terça";"17:50:00";"BA";101;"224";"CRUZ DAS ALMAS";"Ultrapassagem Indevida";"Colisão lateral";"Com Vítimas Feridas";"Anoitecer";"Crescente";"Céu Claro";"Simples";"Não Informado";"Não";2;0;1;0;1;0;1;2;-12,70331383;-39,15741997;"SR-BA";"UOP02";"DEL01"
336777;2021-01-26;"terça";"17:00:00";"PR";369;"150";"LONDRINA";"Desrespeitar a preferência no cruzamento";"Colisão transversal";"Com Vítimas Feridas";"Pleno dia";"Crescente";"Céu Claro";"Dupla";"Não Informado";"Sim";2;0;0;1;1;0;1;2;-23,29275656;-51,16277218;"SR-PR";"UOP01";"DEL07"
336778;2021-01-26;"terça";"19:00:00";"MG";365;"419";"PATOS DE MINAS";"Animais na Pista";"Atropelamento de Animal";"Com Vítimas Feridas";"Plena Noite";"Crescente";"Céu Claro";"Simples";"Reta";"Não";1;0;1;0;0;0;1;1;-18,69581421;-46,59448986;"SR-MG";"UOP01";"DEL10"
336779;2021-01-26;"terça";"18:15:00";"PA";230;"118";"MARABA";"Reação tardia ou ineficiente do condutor";"Colisão lateral mesmo sentido";"Com Vítimas Feridas";"Plena Noite";"Crescente";"Céu Claro";"Dupla";"Reta";"Sim";2;0;0;1;1;0;1;2;-5,35193706;-49,09794103;"SR-PA";"UOP01";"DEL03"
336780;2021-01-26;"terça";"18:55:00";"MG";50;"170";"UBERABA";"Demais falhas mecânicas ou elétricas";"Incêndio";"Sem Vítimas";"Anoitecer";"Crescente";"Céu Claro";"Dupla";"Curva";"Sim";1;0;0;0;1;0;0;1;-19,73661208;-47,98290957;"SR-MG";"UOP01";"DEL13"
336781;2021-01-26;"terça";"18:35:00";"MG";381;"453";"SABARA";"Transitar no acostamento";"Atropelamento de Pedestre";"Com Vítimas Feridas";"Amanhecer";"Decrescente";"Céu Claro";"Simples";"Não Informado";"Sim";2;0;1;0;0;1;1;1;-19,84339604;-43,88596993;"SR-MG";"UOP01";"DEL01"
336782;2021-01-26;"terça";"18:55:00";"RJ";101;"79";"CAMPOS DOS GOYTACAZES";"Demais falhas mecânicas ou elétricas";"Incêndio";"Sem Vítimas";"Plena Noite";"Decrescente";"Céu Claro";"Simples";"Reta";"Sim";1;0;0;0;1;0;0;1;-21,83685554;-41,42866013;"SR-RJ";"UOP02";"DEL08"
336783;2021-01-26;"terça";"18:40:00";"DF";60;"4.5";"BRASILIA";"Chuva";"Tombamento";"Com Vítimas Feridas";"Plena Noite";"Crescente";"Chuva";"Dupla";"Reta";"Sim";1;0;1;0;0;0;1;1;-15,892721;-48,095741;"SR-DF";"UOP02";"DEL01"
336784;2021-01-26;"terça";"19:00:00";"CE";222;"7";"CAUCAIA";"Transitar na contramão";"Colisão frontal";"Com Vítimas Feridas";"Plena Noite";"Decrescente";"Céu Claro";"Simples";"Reta";"Sim";3;0;1;1;0;1;2;2;-3,73359793;-38,69893681;"SR-CE";"UOP01";"DEL01"
336785;2021-01-26;"terça";"16:05:00";"BA";235;"416";"CASA NOVA";"Falta de acostamento";"Colisão frontal";"Com Vítimas Fatais";"Pleno dia";"Decrescente";"Céu Claro";"Simples";"Reta";"Não";2;2;0;0;0;0;0;2;-9,26064333;-41,18749688;"SR-BA";"UOP01";"DEL04"
336787;2021-01-26;"terça";"16:00:00";"MG";365;"823";"SANTA VITORIA";"Velocidade Incompatível";"Colisão com objeto";"Com Vítimas Feridas";"Pleno dia";"Crescente";"Sol";"Dupla";"Interseção de vias";"Não";1;0;1;0;0;0;1;1;-18,8765869;-50,12366004;"SR-MG";"UOP03";"DEL15"
336788;2021-01-26;"terça";"19:35:00";"DF";20;"52";"BRASILIA";"Velocidade Incompatível";"Capotamento";"Com Vítimas Feridas";"Plena Noite";"Crescente";"Céu Claro";"Dupla";"Reta";"Não";1;0;1;0;0;0;1;1;-15,580098;-47,403366;"SR-DF";"UOP01";"DEL02"
336789;2021-01-26;"terça";"19:55:00";"SP";101;"49";"UBATUBA";"Acessar a via sem observar a presença dos outros veículos";"Colisão transversal";"Com Vítimas Feridas";"Plena Noite";"Crescente";"Céu Claro";"Simples";"Reta";"Sim";2;0;0;1;0;1;1;2;-23,44410908;-45,08375708;"SR-SP";"UOP02";"DEL06"
336790;2021-01-26;"terça";"17:15:00";"MG";381;"524.5";"BRUMADINHO";"Velocidade Incompatível";"Colisão traseira";"Sem Vítimas";"Pleno dia";"Crescente";"Céu Claro";"Dupla";"Reta";"Não";2;0;0;0;2;0;0;2;-20,160736;-44,329843;"SR-MG";"UOP03";"DEL04"
336791;2021-01-26;"terça";"17:30:00";"MT";163;"788";"VERA";"Ultrapassagem Indevida";"Colisão frontal";"Com Vítimas Fatais";"Pleno dia";"Crescente";"Céu Claro";"Simples";"Reta";"Não";9;2;0;7;0;0;7;2;-12,276442;-55,558562;"SR-MT";"UOP01";"DEL06"
336792;2021-01-26;"terça";"19:05:00";"MT";364;"522";"VARZEA GRANDE";"Desrespeitar a preferência no cruzamento";"Colisão lateral";"Com Vítimas Feridas";"Plena Noite";"Decrescente";"Chuva";"Simples";"Interseção de vias";"Sim";2;0;1;0;1;0;1;2;-15,67002756;-56,18049002;"SR-MT";"UOP01";"DEL01"
336793;2021-01-26;"terça";"20:25:00";"ES";101;"255.5";"SERRA";"Desrespeitar a preferência no cruzamento";"Colisão transversal";"Com Vítimas Feridas";"Plena Noite";"Decrescente";"Céu Claro";"Simples";"Interseção de vias";"Sim";3;0;1;0;0;2;1;2;-20,11487935;-40,31943619;"SR-ES";"UOP01";"DEL02"
336794;2021-01-26;"terça";"16:30:00";"RS";285;"297.3";"PASSO FUNDO";"Condutor deixou de manter distância do veículo da frente";"Colisão traseira";"Com Vítimas Feridas";"Pleno dia";"Decrescente";"Chuva";"Simples";"Reta";"Sim";4;0;2;0;2;0;2;2;-28,235136;-52,413391;"SR-RS";"UOP03";"DEL08"
336796;2021-01-06;"quarta";"21:30:00";"GO";60;"137";"GOIANIA";"Velocidade Incompatível";"Saída de leito carroçável";"Com Vítimas Feridas";"Plena Noite";"Decrescente";"Céu Claro";"Múltipla";"Curva";"Não";1;0;1;0;0;0;1;1;-16,603;-49,2023;"SR-GO";"UOP01";"DEL01"
336797;2021-01-26;"terça";"19:00:00";"MS";463;"102";"PONTA PORA";"Ausência de reação do condutor";"Colisão traseira";"Com Vítimas Feridas";"Anoitecer";"Crescente";"Nublado";"Simples";"Reta";"Não";2;0;0;2;0;0;2;2;-22,61648914;-55,6330446;"SR-MS";"UOP03";"DEL04"
336798;2021-01-26;"terça";"19:30:00";"SC";101;"322.2";"PESCARIA BRAVA";"Ingestão de álcool pelo condutor";"Colisão traseira";"Sem Vítimas";"Plena Noite";"Decrescente";"Céu Claro";"Dupla";"Não Informado";"Sim";2;0;0;0;2;0;0;2;-28,4292622;-48,9172222;"SR-SC";"UOP01";"DEL02"
336800;2021-01-26;"terça";"20:00:00";"RN";101;"102.5";"PARNAMIRIM";"Manobra de mudança de faixa";"Colisão com objeto";"Sem Vítimas";"Plena Noite";"Crescente";"Céu Claro";"Múltipla";"Reta";"Sim";1;0;0;0;1;0;0;1;-5,8888977;-35,24248838;"SR-RN";"UOP01";"DEL01"
336801;2021-01-26;"terça";"20:30:00";"SP";116;"210";"GUARULHOS";"Manobra de mudança de faixa";"Colisão lateral";"Com Vítimas Feridas";"Plena Noite";"Crescente";"Nublado";"Dupla";"Reta";"Sim";2;0;1;0;0;1;1;2;-23,42870023;-46,41085991;"SR-SP";"UOP01";"DEL01"
336802;2021-01-26;"terça";"19:50:00";"CE";222;"2";"FORTALEZA";"Reação tardia ou ineficiente do condutor";"Atropelamento de Pedestre";"Com Vítimas Fatais";"Plena Noite";"Decrescente";"Céu Claro";"Simples";"Reta";"Sim";2;1;0;1;0;0;1;1;-3,73932287;-38,58748376;"SR-CE";"UOP01";"DEL01"
336803;2021-01-26;"terça";"12:37:00";"MS";376;"21";"FATIMA DO SUL";"Reação tardia ou ineficiente do condutor";"Saída de leito carroçável";"Com Vítimas Feridas";"Pleno dia";"Decrescente";"Céu Claro";"Simples";"Reta";"Não";1;0;0;1;0;0;1;1;-22,33650772;-54,56628069;"SR-MS";"UOP04";"DEL04"
336804;2021-01-26;"terça";"13:00:00";"MA";230;"542.7";"CAROLINA";"Condutor deixou de manter distância do veículo da frente";"Colisão traseira";"Com Vítimas Fatais";"Pleno dia";"Crescente";"Céu Claro";"Simples";"Não Informado";"Não";3;1;0;2;0;0;2;2;-7,41367564;-47,19859399;"SR-MA";"UOP01";"DEL05"
336805;2021-01-26;"terça";"12:50:00";"MS";376;"21";"FATIMA DO SUL";"Pedestre andava na pista";"Atropelamento de Pedestre";"Com Vítimas Feridas";"Pleno dia";"Decrescente";"Sol";"Simples";"Reta";"Não";2;0;0;1;1;0;1;1;-22,33650772;-54,56628069;"SR-MS";"UOP04";"DEL04"
336806;2021-01-26;"terça";"19:00:00";"MS";158;"106";"PARANAIBA";"Ingestão de substâncias psicoativas pelo condutor";"Saída de leito carroçável";"Com Vítimas Feridas";"Plena Noite";"Decrescente";"Ignorado";"Simples";"Reta";"Não";1;0;0;1;0;0;1;1;-19,75287202;-51,12588108;"SR-MS";"UOP01";"DEL08"
336807;2021-01-26;"terça";"21:10:00";"GO";40;"95";"CRISTALINA";"Ausência de reação do condutor";"Colisão traseira";"Com Vítimas Feridas";"Plena Noite";"Crescente";"Céu Claro";"Simples";"Reta";"Sim";2;0;1;0;1;0;1;2;-16,750555;-47,607549;"SR-DF";"UOP04";"DEL01"
336808;2021-01-26;"terça";"20:40:00";"GO";20;"181";"SIMOLANDIA";"Acessar a via sem observar a presença dos outros veículos";"Colisão transversal";"Com Vítimas Feridas";"Pleno dia";"Crescente";"Chuva";"Simples";"Interseção de vias";"Sim";2;0;1;0;0;1;1;2;-14,470801;-46,486183;"SR-DF";"UOP02";"DEL02"
336809;2021-01-26;"terça";"20:35:00";"MT";70;"528.7";"VARZEA GRANDE";"Reação tardia ou ineficiente do condutor";"Colisão transversal";"Com Vítimas Feridas";"Plena Noite";"Crescente";"Chuva";"Simples";"Interseção de vias";"Não";2;0;1;0;1;0;1;2;-15,65507182;-56,207968;"SR-MT";"UOP02";"DEL01"
336810;2021-01-26;"terça";"20:15:00";"MG";381;"346";"JOAO MONLEVADE";"Velocidade Incompatível";"Saída de leito carroçável";"Com Vítimas Feridas";"Plena Noite";"Crescente";"Céu Claro";"Simples";"Reta";"Não";4;0;1;0;3;0;1;1;-19,85740706;-43,12344309;"SR-MG";"UOP01";"DEL03"
336812;2021-01-26;"terça";"21:25:00";"PR";373;"175";"PONTA GROSSA";"Ingestão de álcool pelo condutor";"Colisão lateral";"Sem Vítimas";"Plena Noite";"Decrescente";"Céu Claro";"Múltipla";"Retorno Regulamentado";"Sim";3;0;0;0;2;1;0;2;-25,06515561;-50,2129707;"SR-PR";"UAP01";"DEL03"
336813;2021-01-26;"terça";"22:05:00";"SE";235;"6";"NOSSA SENHORA DO SOCORRO";"Pedestre andava na pista";"Colisão com objeto";"Com Vítimas Feridas";"Plena Noite";"Crescente";"Céu Claro";"Simples";"Não Informado";"Sim";2;0;2;0;0;0;2;2;-10,903851;-37,128677;"SR-SE";"UOP01";"DEL01"
336814;2021-01-26;"terça";"21:30:00";"RS";293;"169";"HULHA NEGRA";"Falta de acostamento";"Colisão traseira";"Com Vítimas Feridas";"Plena Noite";"Crescente";"Garoa/Chuvisco";"Simples";"Reta";"Não";2;0;1;0;1;0;1;2;-31,34749768;-53,95004479;"SR-RS";"UOP03";"DEL11"
336815;2021-01-26;"terça";"22:10:00";"RS";386;"396.4";"TRIUNFO";"Velocidade Incompatível";"Saída de leito carroçável";"Com Vítimas Feridas";"Plena Noite";"Decrescente";"Chuva";"Simples";"Não Informado";"Não";1;0;1;0;0;0;1;1;-29,732574;-51,631935;"SR-RS";"UOP02";"DEL04"
336816;2021-01-26;"terça";"21:15:00";"SC";470;"68";"INDAIAL";"Chuva";"Tombamento";"Com Vítimas Feridas";"Plena Noite";"Decrescente";"Chuva";"Simples";"Não Informado";"Sim";2;0;1;0;1;0;1;2;-26,877615;-49,239231;"SR-SC";"UOP01";"DEL04"
336817;2021-01-26;"terça";"21:00:00";"ES";262;"166";"IBATIBA";"Transitar na contramão";"Colisão lateral sentido oposto";"Com Vítimas Feridas";"Plena Noite";"Crescente";"Céu Claro";"Simples";"Não Informado";"Não";2;0;0;1;1;0;1;2;-20,2468411;-41,56027697;"SR-ES";"UOP02";"DEL01"
336819;2021-01-26;"terça";"22:40:00";"PE";110;"256";"JATOBA";"Animais na Pista";"Atropelamento de Animal";"Com Vítimas Feridas";"Plena Noite";"Crescente";"Céu Claro";"Simples";"Reta";"Não";2;0;1;0;1;0;1;1;-9,26271509;-38,23011208;"SR-BA";"UOP01";"DEL07"
336820;2021-01-26;"terça";"22:00:00";"MG";354;"752";"ITAMONTE";"Desrespeitar a preferência no cruzamento";"Colisão transversal";"Com Vítimas Feridas";"Plena Noite";"Decrescente";"Céu Claro";"Simples";"Reta";"Sim";2;0;1;0;1;0;1;2;-22,29340799;-44,86366398;"SR-MG";"UOP01";"DEL17"
336821;2021-01-26;"terça";"23:50:00";"RJ";116;"180";"NOVA IGUACU";"Velocidade Incompatível";"Colisão traseira";"Com Vítimas Feridas";"Plena Noite";"Crescente";"Céu Claro";"Dupla";"Reta";"Não";2;0;1;0;1;0;1;2;-22,7651616;-43,4154728;"SR-RJ";"UOP02";"DEL01"
336822;2021-01-26;"terça";"21:00:00";"BA";242;"420";"SEABRA";"Transitar na contramão";"Colisão frontal";"Com Vítimas Fatais";"Plena Noite";"Crescente";"Céu Claro";"Simples";"Reta";"Não";27;1;0;1;25;0;1;2;-12,42961966;-41,82821274;"SR-BA";"UOP01";"DEL06"
336823;2021-01-27;"quarta";"00:30:00";"PR";277;"592.5";"CASCAVEL";"Transitar na contramão";"Colisão frontal";"Com Vítimas Feridas";"Plena Noite";"Crescente";"Garoa/Chuvisco";"Simples";"Não Informado";"Não";3;0;2;0;1;0;2;2;-24,98285697;-53,47319399;"SR-PR";"UOP01";"DEL04"
336824;2021-01-26;"terça";"22:30:00";"BA";101;"655";"ITAPEBI";"Animais na Pista";"Tombamento";"Sem Vítimas";"Plena Noite";"Crescente";"Céu Claro";"Simples";"Desvio Temporário";"Não";1;0;0;0;0;1;0;1;-16,06032115;-39,61950067;"SR-BA";"UOP02";"DEL05"
336825;2021-01-26;"terça";"22:30:00";"SC";470;"197";"PONTE ALTA";"Ultrapassagem Indevida";"Colisão lateral";"Com Vítimas Feridas";"Pleno dia";"Crescente";"Nevoeiro/Neblina";"Simples";"Não Informado";"Não";2;0;0;1;1;0;1;2;-27,306166;-50,108849;"SR-SC";"UOP02";"DEL04"
336826;2021-01-27;"quarta";"00:30:00";"RS";290;"72.5";"GRAVATAI";"Demais falhas mecânicas ou elétricas";"Tombamento";"Sem Vítimas";"Plena Noite";"Crescente";"Nublado";"Dupla";"Reta";"Não";1;0;0;0;1;0;0;1;-29,952784;-50,976074;"SR-RS";"UOP01";"DEL03"
336827;2021-01-27;"quarta";"00:45:00";"PR";376;"2";"SAO JOSE DOS PINHAIS";"Velocidade Incompatível";"Capotamento";"Com Vítimas Feridas";"Plena Noite";"Crescente";"Céu Claro";"Dupla";"Reta";"Sim";3;0;1;0;1;1;1;1;-25,5307;-49,1958;"SR-PR";"UOP01";"DEL01"
336828;2021-01-27;"quarta";"00:30:00";"PI";343;"141";"PIRACURUCA";"Velocidade Incompatível";"Colisão transversal";"Sem Vítimas";"Plena Noite";"Decrescente";"Céu Claro";"Dupla";"Reta";"Sim";2;0;0;0;2;0;0;2;-3,929562;-41,713806;"SR-PI";"UOP01";"DEL02"
336829;2021-01-27;"quarta";"00:55:00";"MS";163;"614";"SAO GABRIEL DO OESTE";"Condutor deixou de manter distância do veículo da frente";"Colisão traseira";"Com Vítimas Feridas";"Plena Noite";"Decrescente";"Céu Claro";"Simples";"Reta";"Sim";2;0;1;0;1;0;1;2;-19,40628803;-54,56100005;"SR-MS";"UOP02";"DEL06"
336831;2021-01-26;"terça";"20:14:00";"SC";282;"464";"PONTE SERRADA";"Ingestão de álcool pelo condutor";"Colisão traseira";"Com Vítimas Feridas";"Pleno dia";"Decrescente";"Céu Claro";"Simples";"Reta";"Não";2;0;0;1;1;0;1;2;-26,852072;-52,068142;"SR-SC";"UOP04";"DEL07"
336834;2021-01-27;"quarta";"05:10:00";"SC";470;"147.1";"RIO DO SUL";"Ingestão de álcool pelo condutor";"Colisão frontal";"Sem Vítimas";"Amanhecer";"Decrescente";"Nublado";"Simples";"Reta";"Não";2;0;0;0;2;0;0;2;-27,243439;-49,690025;"SR-SC";"UOP02";"DEL04"
336835;2021-01-27;"quarta";"05:30:00";"RS";101;"22.7";"TRES CACHOEIRAS";"Reação tardia ou ineficiente do condutor";"Colisão traseira";"Com Vítimas Feridas";"Amanhecer";"Crescente";"Nublado";"Múltipla";"Não Informado";"Sim";2;0;0;1;1;0;1;2;-29,4398072;-49,90113887;"SR-RS";"UOP02";"DEL03"
336836;2021-01-27;"quarta";"05:30:00";"SP";116;"224.7";"GUARULHOS";"Condutor deixou de manter distância do veículo da frente";"Colisão transversal";"Com Vítimas Feridas";"Amanhecer";"Decrescente";"Céu Claro";"Múltipla";"Reta";"Sim";3;0;1;0;2;0;1;2;-23,48071896;-46,53271603;"SR-SP";"UOP01";"DEL01"
336837;2021-01-27;"quarta";"06:20:00";"DF";70;"16";"BRASILIA";"Velocidade Incompatível";"Tombamento";"Com Vítimas Feridas";"Amanhecer";"Decrescente";"Céu Claro";"Dupla";"Reta";"Sim";2;0;1;0;1;0;1;1;-15,796144;-48,194225;"SR-DF";"UOP03";"DEL01"