"id";"data_inversa";"dia_semana";"horario";"uf";"br";"km";"municipio";"causa_acidente";"tipo_acidente";"classificacao_acidente";"fase_dia";"sentido_via";"condicao_metereologica";"tipo_pista";"tracado_via";"uso_solo";"pessoas";"mortos";"feridos_leves";"feridos_graves";"ilesos";"ignorados";"feridos";"veiculos";"latitude";"longitude";"regional";"delegacia";"uop"
336838;2021-01-27;"quarta";"05:35:00";"PE";232;"165";"TACAIMBO";"Ultrapassagem Indevida";"Colisão frontal";"Com Vítimas Feridas";"Pleno dia";"Decrescente";"Garoa/Chuvisco";"Simples";"Não Informado";"Não";4;0;1;0;3;0;1;2;-8,33670241;-36,29834395;"SR-PE";"UOP02";"DEL02"
336839;2021-01-27;"quarta";"04:00:00";"MS";163;"390";"NOVA ALVORADA DO SUL";"Demais falhas mecânicas ou elétricas";"Incêndio";"Sem Vítimas";"Amanhecer";"Crescente";"Garoa/Chuvisco";"Simples";"Reta";"Não";41;0;0;0;41;0;0;1;-21,25455408;-54,44848227;"SR-MS";"UOP01";"DEL02"
336840;2021-01-27;"quarta";"05:50:00";"MG";381;"382";"SAO GONCALO DO RIO ABAIXO";"Velocidade Incompatível";"Colisão lateral mesmo sentido";"Com Vítimas Feridas";"Pleno dia";"Decrescente";"Céu Claro";"Simples";"Reta";"Não";3;0;1;1;1;0;2;3;-19,8203938;-43,39028183;"SR-MG";"UOP01";"DEL01"
336841;2021-01-27;"quarta";"05:30:00";"RJ";40;"51.9";"PETROPOLIS";"Condutor Dormindo";"Colisão com objeto";"Com Vítimas Feridas";"Amanhecer";"Crescente";"Nublado";"Dupla";"Reta";"Não";1;0;1;0;0;0;1;1;-22,32705315;-43,13253559;"SR-RJ";"UOP01";"DEL06"
336842;2021-01-27;"quarta";"06:48:00";"ES";101;"286.2";"CARIACICA";"Condutor deixou de manter distância do veículo da frente";"Colisão lateral mesmo sentido";"Com Vítimas Feridas";"Pleno dia";"Decrescente";"Céu Claro";"Dupla";"Não Informado";"Sim";2;0;0;1;1;0;1;2;-20,25902175;-40,37753412;"SR-ES";"UOP01";"DEL01"
336843;2021-01-27;"quarta";"06:50:00";"MG";50;"47";"ARAGUARI";"Velocidade Incompatível";"Tombamento";"Com Vítimas Feridas";"Pleno dia";"Crescente";"Céu Claro";"Dupla";"Curva";"Não";1;0;1;0;0;0;1;1;-18,72799811;-48,20659169;"SR-MG";"UOP02";"DEL15"
336845;2021-01-27;"quarta";"07:15:00";"PR";116;"6";"QUATRO BARRAS";"Reação tardia ou ineficiente do condutor";"Tombamento";"Com Vítimas Feridas";"Pleno dia";"Decrescente";"Céu Claro";"Dupla";"Reta";"Não";2;0;2;0;0;0;2;1;-25,3669;-49,0996;"SR-PR";"UOP02";"DEL01"
336846;2021-01-27;"quarta";"07:50:00";"PE";101;"26";"IGARASSU";"Acumulo de água sobre o pavimento";"Colisão lateral";"Com Vítimas Feridas";"Pleno dia";"Decrescente";"Chuva";"Dupla";"Não Informado";"Não";2;0;1;0;1;0;1;2;-7,70826223;-34,92811677;"SR-PE";"UOP02";"DEL01"
336847;2021-01-27;"quarta";"08:10:00";"MG";40;"527";"CONTAGEM";"Condutor deixou de manter distância do veículo da frente";"Colisão lateral mesmo sentido";"Com Vítimas Feridas";"Pleno dia";"Crescente";"Céu Claro";"Dupla";"Reta";"Sim";2;0;0;1;1;0;1;2;-19,90149502;-44,04938939;"SR-MG";"UOP02";"DEL01"
336848;2021-01-27;"quarta";"07:55:00";"SC";101;"36";"JOINVILLE";"Condutor deixou de manter distância do veículo da frente";"Colisão traseira";"Com Vítimas Feridas";"Pleno dia";"Crescente";"Céu Claro";"Simples";"Reta";"Não";3;0;0;1;2;0;1;3;-26,24573198;-48,9101069;"SR-SC";"UOP01";"DEL03"
336849;2021-01-27;"quarta";"07:30:00";"PB";101;"95.9";"CONDE";"Avarias e/ou desgaste excessivo no pneu";"Tombamento";"Com Vítimas Feridas";"Pleno dia";"Crescente";"Sol";"Dupla";"Não Informado";"Não";2;0;1;1;0;0;2;1;-7,22379403;-34,91488195;"SR-PB";"UOP02";"DEL01"
336850;2021-01-27;"quarta";"05:30:00";"DF";70;"9";"BRASILIA";"Acumulo de água sobre o pavimento";"Queda de ocupante de veículo";"Com Vítimas Feridas";"Amanhecer";"Crescente";"Nublado";"Dupla";"Retorno Regulamentado";"Sim";1;0;0;1;0;0;1;1;-15,784615;-48,132023;"SR-DF";"UOP03";"DEL01"
336851;2021-01-27;"quarta";"07:45:00";"PR";373;"244";"GUAMIRANGA";"Condutor deixou de manter distância do veículo da frente";"Colisão traseira";"Com Vítimas Feridas";"Pleno dia";"Decrescente";"Nublado";"Simples";"Curva";"Não";2;0;0;1;1;0;1;2;-25,1905309;-50,79562196;"SR-PR";"UAP01";"DEL03"
336852;2021-01-27;"quarta";"08:20:00";"SC";101;"327.2";"CAPIVARI DE BAIXO";"Desrespeitar a preferência no cruzamento";"Colisão transversal";"Com Vítimas Feridas";"Pleno dia";"Crescente";"Nublado";"Simples";"Rotatória";"Sim";2;0;1;0;1;0;1;2;-28,43917696;-48,96242738;"SR-SC";"UOP01";"DEL02"
336854;2021-01-27;"quarta";"09:00:00";"SC";101;"119";"ITAJAI";"Manobra de mudança de faixa";"Colisão lateral";"Sem Vítimas";"Pleno dia";"Decrescente";"Céu Claro";"Múltipla";"Reta";"Sim";3;0;0;0;3;0;0;2;-26,9043179;-48,71555481;"SR-SC";"UOP04";"DEL04"
336855;2021-01-27;"quarta";"08:20:00";"GO";20;"7";"FORMOSA";"Reação tardia ou ineficiente do condutor";"Colisão transversal";"Com Vítimas Feridas";"Pleno dia";"Crescente";"Céu Claro";"Simples";"Reta";"Não";3;0;2;0;1;0;2;2;-15,547604;-47,291592;"SR-DF";"UOP01";"DEL02"
336856;2021-01-27;"quarta";"09:00:00";"DF";40;"2.5";"BRASILIA";"Manobra de mudança de faixa";"Colisão lateral";"Com Vítimas Feridas";"Pleno dia";"Decrescente";"Céu Claro";"Dupla";"Reta";"Sim";2;0;1;0;1;0;1;2;-15,99435;-47,985947;"SR-DF";"UOP01";"DEL01"
336857;2021-01-27;"quarta";"07:30:00";"RS";386;"241";"SOLEDADE";"Avarias e/ou desgaste excessivo no pneu";"Colisão transversal";"Com Vítimas Feridas";"Pleno dia";"Crescente";"Chuva";"Simples";"Reta";"Não";2;0;1;0;1;0;1;2;-28,774895;-52,533451;"SR-RS";"UOP03";"DEL04"
336859;2021-01-26;"terça";"15:00:00";"BA";116;"581";"NOVA ITARANA";"Velocidade Incompatível";"Saída de leito carroçável";"Com Vítimas Feridas";"Pleno dia";"Crescente";"Céu Claro";"Simples";"Curva";"Não";1;0;1;0;0;0;1;1;-13,1062;-39,9953;"SR-BA";"UOP02";"DEL03"
336860;2021-01-27;"quarta";"09:30:00";"MG";40;"804.9";"MATIAS BARBOSA";"Ausência de reação do condutor";"Colisão traseira";"Com Vítimas Feridas";"Pleno dia";"Decrescente";"Sol";"Dupla";"Não Informado";"Não";2;0;0;1;1;0;1;2;-21,86313979;-43,37348589;"SR-MG";"UOP01";"DEL05"
336861;2021-01-24;"domingo";"06:45:00";"RO";364;"340";"JI-PARANA";"Condutor deixou de manter distância do veículo da frente";"Colisão traseira";"Com Vítimas Feridas";"Amanhecer";"Decrescente";"Céu Claro";"Simples";"Reta";"Não";2;0;1;0;1;0;1;2;-10,898802;-61,93046;"SR-RO";"UOP01";"DEL02"
336862;2021-01-27;"quarta";"05:30:00";"AM";319;"19";"CAREIRO DA VARZEA";"Animais na Pista";"Atropelamento de Animal";"Com Vítimas Feridas";"Plena Noite";"Decrescente";"Garoa/Chuvisco";"Simples";"Reta";"Não";1;0;1;0;0;0;1;1;-3,2419802;-59,86526628;"SR-AM";"UOP03";"DEL01"
336863;2021-01-27;"quarta";"09:25:00";"SP";381;"58";"MAIRIPORA";"Condutor deixou de manter distância do veículo da frente";"Colisão traseira";"Com Vítimas Feridas";"Pleno dia";"Crescente";"Céu Claro";"Dupla";"Não Informado";"Não";3;0;0;1;2;0;1;2;-23,27438497;-46,58530615;"SR-SP";"UOP01";"DEL03"
336866;2021-01-27;"quarta";"10:00:00";"MG";381;"717";"CARMO DA CACHOEIRA";"Objeto estático sobre o leito carroçável";"Capotamento";"Com Vítimas Feridas";"Pleno dia";"Crescente";"Céu Claro";"Dupla";"Reta";"Não";3;0;0;1;2;0;1;1;-21,43704005;-45,20756491;"SR-MG";"UOP02";"DEL04"
336867;2021-01-27;"quarta";"09:40:00";"RJ";116;"223.7";"PIRAI";"Curva acentuada";"Queda de ocupante de veículo";"Com Vítimas Feridas";"Pleno dia";"Decrescente";"Céu Claro";"Dupla";"Curva";"Não";2;0;2;0;0;0;2;1;-22,67294662;-43,82961273;"SR-RJ";"UOP01";"DEL07"
336868;2021-01-27;"quarta";"10:00:00";"MG";262;"354";"BETIM";"Velocidade Incompatível";"Tombamento";"Com Vítimas Feridas";"Pleno dia";"Crescente";"Céu Claro";"Dupla";"Reta";"Não";2;0;2;0;0;0;2;1;-19,96216513;-44,16346396;"SR-MG";"UOP03";"DEL01"
336869;2021-01-27;"quarta";"09:50:00";"SP";381;"35.5";"ATIBAIA";"Pista em desnível";"Colisão traseira";"Com Vítimas Feridas";"Pleno dia";"Crescente";"Céu Claro";"Dupla";"Reta";"Não";2;0;1;0;1;0;1;2;-23,088586;-46,571798;"SR-SP";"UOP01";"DEL03"
336870;2021-01-27;"quarta";"09:40:00";"RS";386;"417";"MONTENEGRO";"Velocidade Incompatível";"Tombamento";"Com Vítimas Feridas";"Pleno dia";"Crescente";"Garoa/Chuvisco";"Dupla";"Rotatória";"Não";1;0;1;0;0;0;1;1;-29,81978202;-51,4505142;"SR-RS";"UOP02";"DEL04"
336871;2021-01-27;"quarta";"07:00:00";"RS";287;"417.7";"SANTIAGO";"Acumulo de água sobre o pavimento";"Saída de leito carroçável";"Sem Vítimas";"Pleno dia";"Decrescente";"Chuva";"Simples";"Curva";"Não";2;0;0;0;2;0;0;1;-29,05285028;-54,98405397;"SR-RS";"UOP02";"DEL12"
336874;2021-01-27;"quarta";"08:00:00";"RJ";101;"154";"MACAE";"Transitar no acostamento";"Colisão lateral";"Com Vítimas Feridas";"Pleno dia";"Crescente";"Céu Claro";"Simples";"Curva";"Não";3;0;1;0;2;0;1;2;-22,25599488;-41,83284009;"SR-RJ";"UOP04";"DEL08"
336875;2021-01-19;"terça";"17:30:00";"MS";163;"466.3";"CAMPO GRANDE";"Chuva";"Saída de leito carroçável";"Com Vítimas Feridas";"Anoitecer";"Decrescente";"Chuva";"Dupla";"Rotatória";"Sim";1;0;1;0;0;0;1;1;-20,5823672;-54,58316987;"SR-MS";"UOP01";"DEL01"
336876;2021-01-27;"quarta";"07:55:00";"MG";116;"748.1";"LEOPOLDINA";"Ultrapassagem Indevida";"Colisão lateral mesmo sentido";"Sem Vítimas";"Pleno dia";"Decrescente";"Sol";"Simples";"Ponte";"Não";3;0;0;0;2;1;0;2;-21,43637785;-42,53060917;"SR-MG";"UOP01";"DEL07"
336877;2021-01-27;"quarta";"11:35:00";"RS";116;"503.8";"PELOTAS";"Chuva";"Colisão traseira";"Com Vítimas Fatais";"Pleno dia";"Decrescente";"Chuva";"Dupla";"Reta";"Não";2;1;0;0;1;0;0;2;-31,57478208;-52,26587692;"SR-RS";"UOP01";"DEL07"
336878;2021-01-27;"quarta";"08:10:00";"BA";116;"219";"EUCLIDES DA CUNHA";"Acumulo de areia ou detritos sobre o pavimento";"Queda de ocupante de veículo";"Com Vítimas Feridas";"Pleno dia";"Crescente";"Céu Claro";"Simples";"Reta";"Sim";2;0;0;1;1;0;1;1;-10,570782;-38,98928893;"SR-BA";"UOP02";"DEL07"
336879;2021-01-27;"quarta";"11:40:00";"GO";153;"492.5";"GOIANIA";"Manobra de mudança de faixa";"Colisão traseira";"Com Vítimas Feridas";"Pleno dia";"Decrescente";"Nublado";"Dupla";"Reta";"Sim";2;0;1;0;1;0;1;2;-16,6461;-49,2114;"SR-GO";"UOP01";"DEL01"
336880;2021-01-27;"quarta";"11:20:00";"BA";116;"579";"BREJOES";"Pista em desnível";"Tombamento";"Com Vítimas Feridas";"Pleno dia";"Decrescente";"Céu Claro";"Simples";"Reta";"Não";1;0;1;0;0;0;1;1;-13,08036903;-39,96198779;"SR-BA";"UOP02";"DEL03"
336881;2021-01-27;"quarta";"06:30:00";"MG";365;"152";"PIRAPORA";"Animais na Pista";"Atropelamento de Animal";"Com Vítimas Feridas";"Pleno dia";"Decrescente";"Céu Claro";"Simples";"Reta";"Não";1;0;0;1;0;0;1;1;-17,29807999;-44,89095301;"SR-MG";"UOP01";"DEL12"
336882;2021-01-27;"quarta";"11:20:00";"GO";40;"66.3";"CRISTALINA";"Avarias e/ou desgaste excessivo no pneu";"Saída de leito carroçável";"Com Vítimas Feridas";"Pleno dia";"Crescente";"Céu Claro";"Simples";"Não Informado";"Não";4;0;3;0;1;0;3;1;-16,57274;-47,788483;"SR-DF";"UOP04";"DEL01"
336883;2021-01-27;"quarta";"12:20:00";"SP";116;"546";"BARRA DO TURVO";"Reação tardia ou ineficiente do condutor";"Colisão lateral mesmo sentido";"Com Vítimas Feridas";"Pleno dia";"Crescente";"Nublado";"Dupla";"Reta";"Não";2;0;1;0;1;0;1;2;-24,9470862;-48,43042095;"SR-SP";"UOP02";"DEL05"
336884;2021-01-27;"quarta";"10:30:00";"BA";110;"124";"ANTAS";"Chuva";"Colisão traseira";"Sem Vítimas";"Pleno dia";"Crescente";"Garoa/Chuvisco";"Simples";"Reta";"Não";8;0;0;0;8;0;0;2;-10,48937097;-38,38406144;"SR-BA";"UOP02";"DEL07"
336885;2021-01-24;"domingo";"19:05:00";"MT";70;"131.9";"GENERAL CARNEIRO";"Acostamento em desnível";"Tombamento";"Sem Vítimas";"Anoitecer";"Crescente";"Céu Claro";"Simples";"Reta";"Não";1;0;0;0;1;0;0;1;-15,59942051;-53,20801222;"SR-MT";"UOP01";"DEL07"
336886;2021-01-27;"quarta";"11:20:00";"PB";101;"63.2";"SANTA RITA";"Manobra de mudança de faixa";"Colisão lateral mesmo sentido";"Com Vítimas Feridas";"Pleno dia";"Decrescente";"Céu Claro";"Dupla";"Curva";"Não";4;0;1;0;3;0;1;2;-7,02710902;-35,05990203;"SR-PB";"UOP04";"DEL01"
336887;2021-01-27;"quarta";"12:40:00";"PR";277;"78";"SAO JOSE DOS PINHAIS";"Velocidade Incompatível";"Tombamento";"Com Vítimas Feridas";"Pleno dia";"Decrescente";"Nublado";"Dupla";"Reta";"Não";1;0;1;0;0;0;1;1;-25,51327981;-49,12433291;"SR-PR";"UOP01";"DEL01"
336888;2021-01-27;"quarta";"13:00:00";"PE";101;"50";"ABREU E LIMA";"Acessar a via sem observar a presença dos outros veículos";"Colisão transversal";"Sem Vítimas";"Pleno dia";"Crescente";"Nublado";"Múltipla";"Reta";"Sim";2;0;0;0;2;0;0;2;-7,90938602;-34,90123228;"SR-PE";"UOP02";"DEL01"
336889;2021-01-27;"quarta";"10:45:00";"RO";364;"239.4";"CACOAL";"Velocidade Incompatível";"Colisão traseira";"Com Vítimas Feridas";"Pleno dia";"Crescente";"Nublado";"Simples";"Reta";"Sim";3;0;1;1;1;0;2;2;-11,43425083;-61,46267289;"SR-RO";"UOP02";"DEL02"
336890;2021-01-27;"quarta";"12:30:00";"SC";470;"111";"IBIRAMA";"Velocidade Incompatível";"Saída de leito carroçável";"Sem Vítimas";"Pleno dia";"Decrescente";"Céu Claro";"Simples";"Curva";"Não";1;0;0;0;1;0;0;1;-27,095388;-49,457878;"SR-SC";"UOP02";"DEL04"
336891;2021-01-27;"quarta";"11:55:00";"SP";116;"145.7";"SAO JOSE DOS CAMPOS";"Demais falhas mecânicas ou elétricas";"Colisão traseira";"Com Vítimas Feridas";"Pleno dia";"Decrescente";"Céu Claro";"Dupla";"Não Informado";"Não";4;0;1;0;3;0;1;3;-23,1869844;-45,8548078;"SR-SP";"UOP01";"DEL02"
336892;2021-01-17;"domingo";"17:00:00";"PA";230;"570";"ANAPU";"Velocidade Incompatível";"Colisão lateral sentido oposto";"Com Vítimas Feridas";"Pleno dia";"Crescente";"Céu Claro";"Simples";"Curva";"Não";3;0;0;2;1;0;2;2;-3,11843049;-51,69463008;"SR-PA";"UOP01";"DEL04"
336895;2021-01-27;"quarta";"09:20:00";"MT";163;"744.3";"SORRISO";"Acesso irregular";"Colisão traseira";"Sem Vítimas";"Pleno dia";"Decrescente";"Céu Claro";"Simples";"Reta";"Não";2;0;0;0;2;0;0;2;-12,71577635;-55,82368745;"SR-MT";"UOP01";"DEL06"
336897;2021-01-27;"quarta";"13:50:00";"SP";116;"222";"GUARULHOS";"Ausência de reação do condutor";"Colisão traseira";"Com Vítimas Feridas";"Pleno dia";"Decrescente";"Céu Claro";"Múltipla";"Reta";"Não";2;0;1;0;1;0;1;2;-23,474947;-46,52357;"SR-SP";"UOP01";"DEL01"
336899;2021-01-16;"sábado";"20:10:00";"TO";153;"334.6";"GUARAI";"Acessar a via sem observar a presença dos outros veículos";"Colisão transversal";"Com Vítimas Feridas";"Plena Noite";"Crescente";"Garoa/Chuvisco";"Dupla";"Não Informado";"Sim";3;0;1;0;1;1;1;2;-8,835718;-48,512123;"SR-TO";"UOP02";"DEL02"
336900;2021-01-27;"quarta";"13:15:00";"MG";50;"59.8";"UBERLANDIA";"Condutor deixou de manter distância do veículo da frente";"Colisão traseira";"Com Vítimas Feridas";"Pleno dia";"Crescente";"Sol";"Dupla";"Não Informado";"Não";3;0;2;0;1;0;2;2;-18,80882353;-48,24418288;"SR-MG";"UOP02";"DEL15"
336901;2021-01-27;"quarta";"14:30:00";"ES";101;"144.7";"LINHARES";"Manobra de mudança de faixa";"Colisão traseira";"Com Vítimas Feridas";"Pleno dia";"Decrescente";"Céu Claro";"Múltipla";"Reta";"Sim";2;0;1;0;1;0;1;2;-19,35188295;-40,0636685;"SR-ES";"UOP01";"DEL04"
336903;2021-01-27;"quarta";"14:00:00";"PB";230;"156.2";"CAMPINA GRANDE";"Acessar a via sem observar a presença dos outros veículos";"Colisão transversal";"Com Vítimas Feridas";"Pleno dia";"Decrescente";"Chuva";"Simples";"Reta";"Sim";3;0;1;1;1;0;2;2;-7,2693;-35,9138;"SR-PB";"UOP01";"DEL02"
336904;2021-01-27;"quarta";"13:50:00";"MS";163;"258.2";"DOURADOS";"Condutor deixou de manter distância do veículo da frente";"Colisão traseira";"Com Vítimas Feridas";"Pleno dia";"Crescente";"Chuva";"Dupla";"Rotatória";"Sim";2;0;1;0;0;1;1;2;-22,25834614;-54,78156524;"SR-MS";"UOP01";"DEL04"
336905;2021-01-27;"quarta";"14:10:00";"RS";116;"315";"BARRA DO RIBEIRO";"Ingestão de álcool pelo condutor";"Colisão traseira";"Com Vítimas Feridas";"Pleno dia";"Decrescente";"Nublado";"Dupla";"Reta";"Não";3;0;2;0;1;0;2;3;-30,24564098;-51,40594986;"SR-RS";"UOP01";"DEL02"
336906;2021-01-27;"quarta";"06:30:00";"PR";153;"307";"IMBITUVA";"Avarias e/ou desgaste excessivo no pneu";"Saída de leito carroçável";"Sem Vítimas";"Pleno dia";"Decrescente";"Céu Claro";"Simples";"Reta";"Não";1;0;0;0;1;0;0;1;-25,25961868;-50,64038734;"SR-PR";"UOP03";"DEL03"
336907;2021-01-27;"quarta";"12:00:00";"MG";354;"763";"ITAMONTE";"Demais falhas mecânicas ou elétricas";"Saída de leito carroçável";"Sem Vítimas";"Pleno dia";"Decrescente";"Céu Claro";"Simples";"Curva";"Não";2;0;0;0;2;0;0;1;-22,34102977;-44,81656705;"SR-MG";"UOP01";"DEL17"
336909;2021-01-27;"quarta";"11:00:00";"RJ";101;"321";"NITEROI";"Reação tardia ou ineficiente do condutor";"Colisão traseira";"Com Vítimas Feridas";"Pleno dia";"Crescente";"Céu Claro";"Múltipla";"Reta";"Não";4;0;1;0;3;0;1;4;-22,86981096;-43,11046465;"SR-RJ";"UOP02";"DEL02"
336910;2021-01-27;"quarta";"13:10:00";"PE";408;"105";"JABOATAO DOS GUARARAPES";"Condutor deixou de manter distância do veículo da frente";"Colisão lateral";"Com Vítimas Feridas";"Amanhecer";"Decrescente";"Nublado";"Dupla";"Reta";"Sim";2;0;1;0;1;0;1;2;-8,0730937;-34,99190714;"SR-PE";"UOP01";"DEL01"
336911;2021-01-27;"quarta";"14:43:00";"SE";235;"0.4";"ARACAJU";"Reação tardia ou ineficiente do condutor";"Atropelamento de Pedestre";"Com Vítimas Feridas";"Pleno dia";"Decrescente";"Céu Claro";"Múltipla";"Reta";"Sim";2;0;1;1;0;0;2;1;-10,9087;-37,0855;"SR-SE";"UOP01";"DEL01"
336912;2021-01-27;"quarta";"12:00:00";"SC";282;"390.5";"JOACABA";"Frear bruscamente";"Tombamento";"Com Vítimas Feridas";"Pleno dia";"Crescente";"Chuva";"Simples";"Reta";"Sim";1;0;1;0;0;0;1;1;-27,17732813;-51,54568434;"SR-SC";"UOP05";"DEL07"
336913;2021-01-27;"quarta";"14:50:00";"MG";365;"60.9";"JEQUITAI";"Objeto estático sobre o leito carroçável";"Colisão com objeto";"Sem Vítimas";"Pleno dia";"Crescente";"Céu Claro";"Simples";"Reta";"Não";1;0;0;0;1;0;0;1;-17,00982598;-44,29400505;"SR-MG";"UOP01";"DEL12"
336914;2021-01-27;"quarta";"13:30:00";"MS";163;"520.7";"JARAGUARI";"Demais falhas mecânicas ou elétricas";"Saída de leito carroçável";"Com Vítimas Feridas";"Pleno dia";"Decrescente";"Chuva";"Dupla";"Reta";"Não";2;0;2;0;0;0;2;1;-20,16179487;-54,44469725;"SR-MS";"UOP02";"DEL01"
336915;2021-01-27;"quarta";"15:35:00";"RS";116;"269";"CANOAS";"Acumulo de água sobre o pavimento";"Queda de ocupante de veículo";"Com Vítimas Feridas";"Pleno dia";"Decrescente";"Chuva";"Múltipla";"Reta";"Sim";1;0;1;0;0;0;1;1;-29,95942501;-51,17608515;"SR-RS";"UOP01";"DEL01"
336916;2021-01-27;"quarta";"13:45:00";"RJ";40;"116";"DUQUE DE CAXIAS";"Manobra de mudança de faixa";"Colisão lateral mesmo sentido";"Com Vítimas Feridas";"Pleno dia";"Decrescente";"Céu Claro";"Dupla";"Reta";"Sim";3;0;2;0;1;0;2;2;-22,73662299;-43,28858785;"SR-RJ";"UOP01";"DEL01"
336917;2021-01-27;"quarta";"14:25:00";"BA";410;"6.6";"RIBEIRA DO POMBAL";"Demais falhas mecânicas ou elétricas";"Incêndio";"Sem Vítimas";"Pleno dia";"Crescente";"Céu Claro";"Simples";"Reta";"Não";1;0;0;0;1;0;0;1;-10,8437301;-38,57591894;"SR-BA";"UOP02";"DEL07"
336919;2021-01-27;"quarta";"11:55:00";"BA";116;"801.9";"VITORIA DA CONQUISTA";"Velocidade Incompatível";"Saída de leito carroçável";"Sem Vítimas";"Pleno dia";"Decrescente";"Céu Claro";"Simples";"Reta";"Não";1;0;0;0;1;0;0;1;-14,71363335;-40,60813782;"SR-BA";"UOP02";"DEL08"
336920;2021-01-27;"quarta";"14:30:00";"RJ";101;"327";"NITEROI";"Manobra de mudança de faixa";"Colisão traseira";"Com Vítimas Feridas";"Pleno dia";"Decrescente";"Céu Claro";"Dupla";"Reta";"Sim";2;0;1;0;1;0;1;2;-22,87117393;-43,15595099;"SR-RJ";"UOP02";"DEL02"
336922;2021-01-27;"quarta";"16:30:00";"PR";376;"467.5";"PONTA GROSSA";"Velocidade Incompatível";"Saída de leito carroçável";"Com Vítimas Feridas";"Pleno dia";"Crescente";"Nublado";"Dupla";"Não Informado";"Não";3;0;1;0;2;0;1;1;-25,003893;-50,359878;"SR-PR";"UAP01";"DEL03"
336923;2021-01-27;"quarta";"15:00:00";"SC";116;"206.8";"PONTE ALTA";"Desrespeitar a preferência no cruzamento";"Colisão transversal";"Com Vítimas Feridas";"Pleno dia";"Crescente";"Céu Claro";"Simples";"Não Informado";"Sim";5;0;5;0;0;0;5;2;-27,47883;-50,38058;"SR-SC";"UOP03";"DEL05"
336924;2021-01-27;"quarta";"15:10:00";"MG";262;"875";"CAMPO FLORIDO";"Reação tardia ou ineficiente do condutor";"Colisão traseira";"Com Vítimas Feridas";"Pleno dia";"Crescente";"Céu Claro";"Simples";"Reta";"Não";2;0;1;0;1;0;1;2;-19,78014154;-48,50117611;"SR-MG";"UOP01";"DEL13"
336925;2021-01-27;"quarta";"14:50:00";"RJ";40;"61";"PETROPOLIS";"Condutor deixou de manter distância do veículo da frente";"Colisão traseira";"Sem Vítimas";"Pleno dia";"Decrescente";"Céu Claro";"Dupla";"Curva";"Não";2;0;0;0;2;0;0;2;-22,40240833;-43,13786279;"SR-RJ";"UOP01";"DEL06"
336926;2021-01-27;"quarta";"17:15:00";"RN";101;"101.2";"PARNAMIRIM";"Manobra de mudança de faixa";"Colisão traseira";"Com Vítimas Feridas";"Pleno dia";"Decrescente";"Céu Claro";"Dupla";"Reta";"Sim";3;0;1;0;2;0;1;2;-5,88681084;-35,23143404;"SR-RN";"UOP01";"DEL01"
336927;2021-01-27;"quarta";"16:45:00";"SP";116;"61";"GUARATINGUETA";"Objeto estático sobre o leito carroçável";"Tombamento";"Com Vítimas Feridas";"Pleno dia";"Crescente";"Céu Claro";"Dupla";"Reta";"Não";2;0;1;1;0;0;2;2;-22,79763613;-45,1674588;"SR-SP";"UOP01";"DEL08"
336928;2021-01-27;"quarta";"17:20:00";"PR";116;"39.9";"CAMPINA GRANDE DO SUL";"Pedestre andava na pista";"Atropelamento de Pedestre";"Com Vítimas Fatais";"Pleno dia";"Crescente";"Nublado";"Dupla";"Reta";"Não";2;1;0;0;1;0;0;1;-25,156168;-48,8613401;"SR-PR";"UOP02";"DEL01"
336929;2021-01-27;"quarta";"14:50:00";"GO";60;"14";"ALEXANIA";"Velocidade Incompatível";"Colisão traseira";"Com Vítimas Feridas";"Pleno dia";"Crescente";"Garoa/Chuvisco";"Dupla";"Não Informado";"Não";5;0;3;0;2;0;3;4;-16,11076121;-48,35503578;"SR-DF";"UOP02";"DEL01"
336930;2021-01-27;"quarta";"16:00:00";"PR";116;"153";"MANDIRITUBA";"Ingestão de álcool pelo condutor";"Colisão frontal";"Com Vítimas Feridas";"Pleno dia";"Decrescente";"Nublado";"Simples";"Curva";"Sim";2;0;1;0;1;0;1;2;-25,83828364;-49,34173104;"SR-PR";"UOP03";"DEL01"
336931;2021-01-27;"quarta";"16:40:00";"SC";101;"136.9";"BALNEARIO CAMBORIU";"Acessar a via sem observar a presença dos outros veículos";"Colisão lateral mesmo sentido";"Com Vítimas Feridas";"Pleno dia";"Crescente";"Nublado";"Simples";"Reta";"Sim";2;0;0;1;1;0;1;2;-27,008113;-48,617245;"SR-SC";"UOP03";"DEL04"
336932;2021-01-27;"quarta";"15:30:00";"RS";116;"40.3";"VACARIA";"Desrespeitar a preferência no cruzamento";"Colisão transversal";"Com Vítimas Feridas";"Pleno dia";"Crescente";"Céu Claro";"Simples";"Não Informado";"Sim";2;0;0;2;0;0;2;2;-28,51839098;-50,93942202;"SR-RS";"UOP03";"DEL05"
336933;2021-01-27;"quarta";"15:00:00";"MT";163;"631";"NOVA MUTUM";"Mal súbito do condutor";"Saída de leito carroçável";"Com Vítimas Feridas";"Pleno dia";"Decrescente";"Chuva";"Simples";"Curva";"Não";1;0;1;0;0;0;1;1;-13,63806002;-56,03477674;"SR-MT";"UOP01";"DEL01"
336934;2021-01-27;"quarta";"11:20:00";"SC";282;"562.6";"NOVA ERECHIM";"Reação tardia ou ineficiente do condutor";"Saída de leito carroçável";"Com Vítimas Feridas";"Pleno dia";"Crescente";"Nublado";"Dupla";"Curva";"Não";1;0;1;0;0;0;1;1;-26,911108;-52,865475;"SR-SC";"UOP02";"DEL07"
336935;2021-01-27;"quarta";"18:00:00";"RJ";393;"170.3";"TRES RIOS";"Reação tardia ou ineficiente do condutor";"Queda de ocupante de veículo";"Com Vítimas Feridas";"Anoitecer";"Crescente";"Céu Claro";"Simples";"Desvio Temporário";"Não";1;0;1;0;0;0;1;1;-22,121623;-43,188198;"SR-RJ";"UOP01";"DEL06"