"id";"data_inversa";"dia_semana";"horario";"uf";"br";"km";"municipio";"causa_acidente";"tipo_acidente";"classificacao_acidente";"fase_dia";"sentido_via";"condicao_metereologica";"tipo_pista";"tracado_via";"uso_solo";"pessoas";"mortos";"feridos_leves";"feridos_graves";"ilesos";"ignorados";"feridos";"veiculos";"latitude";"longitude";"regional";"delegacia";"uop"
336936;2021-01-27;"quarta";"13:00:00";"AL";101;"43.9";"FLEXEIRAS";"Carga excessiva e/ou mal acondicionada";"Tombamento";"Sem Vítimas";"Pleno dia";"Decrescente";"Nublado";"Dupla";"Curva";"Não";1;0;0;0;1;0;0;1;-9,18600296;-35,78434108;"SR-AL";"UOP02";"DEL01"
336937;2021-01-27;"quarta";"13:00:00";"MA";226;"220";"TUNTUM";"Ingestão de álcool pelo condutor";"Colisão frontal";"Com Vítimas Fatais";"Pleno dia";"Decrescente";"Céu Claro";"Simples";"Reta";"Não";2;1;0;0;1;0;0;2;-5,32077024;-44,62614906;"SR-MA";"UOP01";"DEL03"
336938;2021-01-27;"quarta";"18:20:00";"MG";365;"621";"UBERLANDIA";"Pista esburacada";"Tombamento";"Com Vítimas Feridas";"Pleno dia";"Crescente";"Céu Claro";"Dupla";"Reta";"Sim";1;0;1;0;0;0;1;1;-18,899944;-48,274197;"SR-MG";"UOP01";"DEL15"
336939;2021-01-27;"quarta";"18:05:00";"RS";290;"572";"ALEGRETE";"Demais falhas mecânicas ou elétricas";"Incêndio";"Sem Vítimas";"Pleno dia";"Crescente";"Sol";"Simples";"Reta";"Não";6;0;0;0;6;0;0;1;-29,829514;-55,70039;"SR-RS";"UOP02";"DEL13"
336940;2021-01-04;"segunda";"09:15:00";"MS";163;"256";"DOURADOS";"Acessar a via sem observar a presença dos outros veículos";"Colisão transversal";"Com Vítimas Feridas";"Pleno dia";"Crescente";"Céu Claro";"Simples";"Rotatória";"Sim";2;0;1;0;1;0;1;2;-22,258688;-54,804028;"SR-MS";"UOP01";"DEL04"
336941;2021-01-27;"quarta";"18:40:00";"SC";101;"138.1";"BALNEARIO CAMBORIU";"Acessar a via sem observar a presença dos outros veículos";"Colisão transversal";"Com Vítimas Feridas";"Anoitecer";"Crescente";"Garoa/Chuvisco";"Dupla";"Reta";"Sim";2;0;1;0;1;0;1;2;-27,02397426;-48,60761649;"SR-SC";"UOP03";"DEL04"
336943;2021-01-27;"quarta";"19:15:00";"RN";226;"4.1";"NATAL";"Acessar a via sem observar a presença dos outros veículos";"Colisão lateral sentido oposto";"Com Vítimas Feridas";"Plena Noite";"Decrescente";"Céu Claro";"Simples";"Reta";"Sim";2;0;0;1;1;0;1;2;-5,81958019;-35,25969486;"SR-RN";"UOP02";"DEL01"
336944;2021-01-27;"quarta";"18:00:00";"MG";381;"451";"SABARA";"Velocidade Incompatível";"Engavetamento";"Com Vítimas Feridas";"Anoitecer";"Crescente";"Céu Claro";"Simples";"Reta";"Sim";3;0;0;1;2;0;1;3;-19,83832024;-43,8806931;"SR-MG";"UOP01";"DEL01"
336945;2021-01-27;"quarta";"17:40:00";"PI";343;"632";"FLORIANO";"Ausência de reação do condutor";"Saída de leito carroçável";"Com Vítimas Feridas";"Anoitecer";"Decrescente";"Céu Claro";"Simples";"Reta";"Não";1;0;1;0;0;0;1;1;-6,9939;-43,304733;"SR-PI";"UOP01";"DEL03"
336946;2021-01-15;"sexta";"16:40:00";"PB";230;"156.8";"CAMPINA GRANDE";"Desrespeitar a preferência no cruzamento";"Colisão transversal";"Com Vítimas Feridas";"Pleno dia";"Decrescente";"Sol";"Simples";"Não Informado";"Sim";2;0;1;0;1;0;1;2;-7,2693;-35,9138;"SR-PB";"UOP01";"DEL02"
336947;2021-01-27;"quarta";"18:30:00";"ES";101;"176.1";"LINHARES";"Condutor deixou de manter distância do veículo da frente";"Colisão traseira";"Com Vítimas Feridas";"Plena Noite";"Crescente";"Céu Claro";"Simples";"Reta";"Não";3;0;1;0;2;0;1;2;-19,59523801;-40,19835299;"SR-ES";"UOP01";"DEL04"
336948;2021-01-27;"quarta";"19:45:00";"PR";373;"260";"PRUDENTOPOLIS";"Demais falhas mecânicas ou elétricas";"Colisão frontal";"Com Vítimas Feridas";"Plena Noite";"Decrescente";"Nublado";"Simples";"Reta";"Não";3;0;0;3;0;0;3;2;-25,20402995;-50,93289184;"SR-PR";"UAP01";"DEL03"
336949;2021-01-27;"quarta";"17:20:00";"AC";364;"124";"RIO BRANCO";"Desrespeitar a preferência no cruzamento";"Colisão lateral";"Com Vítimas Feridas";"Anoitecer";"Decrescente";"Nublado";"Simples";"Rotatória";"Sim";2;0;1;0;1;0;1;2;-10,01152469;-67,79140099;"SR-AC";"UOP01";"DEL01"
336950;2021-01-27;"quarta";"19:25:00";"SC";101;"277.8";"IMBITUBA";"Transitar na contramão";"Colisão frontal";"Com Vítimas Feridas";"Plena Noite";"Crescente";"Nublado";"Dupla";"Reta";"Não";3;0;1;1;1;0;2;2;-28,15478103;-48,69265474;"SR-SC";"UOP03";"DEL02"
336951;2021-01-27;"quarta";"19:50:00";"SC";280;"57.2";"GUARAMIRIM";"Ingestão de álcool pelo condutor";"Colisão frontal";"Com Vítimas Feridas";"Plena Noite";"Decrescente";"Garoa/Chuvisco";"Dupla";"Reta";"Sim";3;0;2;0;1;0;2;3;-26,47811421;-49,01259213;"SR-SC";"UOP03";"DEL03"
336952;2021-01-27;"quarta";"20:00:00";"CE";20;"410";"CAUCAIA";"Manobra de mudança de faixa";"Colisão lateral";"Com Vítimas Feridas";"Plena Noite";"Decrescente";"Céu Claro";"Dupla";"Reta";"Não";2;0;1;0;1;0;1;2;-3,76999035;-38,67006282;"SR-CE";"UOP01";"DEL01"
336954;2021-01-27;"quarta";"19:00:00";"PI";316;"16";"TERESINA";"Ausência de reação do condutor";"Colisão lateral sentido oposto";"Com Vítimas Feridas";"Plena Noite";"Crescente";"Nublado";"Simples";"Reta";"Não";2;0;1;0;0;1;1;2;-5,23293685;-42,74590684;"SR-PI";"UOP02";"DEL01"
336956;2021-01-27;"quarta";"20:10:00";"SP";116;"51.5";"LORENA";"Reação tardia ou ineficiente do condutor";"Capotamento";"Com Vítimas Feridas";"Plena Noite";"Decrescente";"Céu Claro";"Dupla";"Reta";"Não";3;0;3;0;0;0;3;2;-22,74157511;-45,09206392;"SR-SP";"UOP02";"DEL08"
336959;2021-01-27;"quarta";"19:30:00";"SC";282;"501.3";"XANXERE";"Condutor deixou de manter distância do veículo da frente";"Colisão traseira";"Sem Vítimas";"Plena Noite";"Decrescente";"Chuva";"Dupla";"Rotatória";"Sim";2;0;0;0;2;0;0;2;-26,882715;-52,381729;"SR-SC";"UOP01";"DEL07"
336960;2021-01-27;"quarta";"20:40:00";"SC";101;"208";"SAO JOSE";"Manobra de mudança de faixa";"Colisão com objeto";"Com Vítimas Feridas";"Plena Noite";"Decrescente";"Nublado";"Múltipla";"Reta";"Não";1;0;1;0;0;0;1;1;-27,60327979;-48,63201818;"SR-SC";"UOP01";"DEL01"
336962;2021-01-27;"quarta";"19:20:00";"RJ";101;"414";"MANGARATIBA";"Pedestre andava na pista";"Atropelamento de Pedestre";"Com Vítimas Fatais";"Plena Noite";"Decrescente";"Céu Claro";"Dupla";"Reta";"Sim";4;1;0;0;3;0;0;1;-22,90390285;-43,87258001;"SR-RJ";"UOP04";"DEL01"
336964;2021-01-27;"quarta";"19:20:00";"MA";135;"10.7";"SAO LUIS";"Entrada inopinada do pedestre";"Atropelamento de Pedestre";"Com Vítimas Feridas";"Plena Noite";"Decrescente";"Céu Claro";"Dupla";"Reta";"Sim";2;0;0;2;0;0;2;1;-2,655912;-44,28629098;"SR-MA";"UOP01";"DEL01"
336965;2021-01-27;"quarta";"21:35:00";"SC";101;"273.1";"IMBITUBA";"Pedestre andava na pista";"Atropelamento de Pedestre";"Com Vítimas Feridas";"Plena Noite";"Crescente";"Garoa/Chuvisco";"Dupla";"Reta";"Sim";2;0;1;0;1;0;1;1;-28,1359275;-48,69226456;"SR-SC";"UOP03";"DEL02"
336966;2021-01-27;"quarta";"18:45:00";"BA";242;"407";"SEABRA";"Acessar a via sem observar a presença dos outros veículos";"Colisão transversal";"Com Vítimas Feridas";"Anoitecer";"Decrescente";"Nublado";"Simples";"Reta";"Não";2;0;1;0;1;0;1;2;-12,48501799;-41,73612099;"SR-BA";"UOP01";"DEL06"
336967;2021-01-27;"quarta";"21:20:00";"RJ";101;"568";"PARATY";"Transitar na contramão";"Colisão frontal";"Com Vítimas Feridas";"Plena Noite";"Crescente";"Céu Claro";"Simples";"Reta";"Não";2;0;1;0;1;0;1;2;-23,17023697;-44,71037687;"SR-RJ";"UOP03";"DEL03"
336968;2021-01-27;"quarta";"14:40:00";"RO";364;"626";"ITAPUA DO OESTE";"Chuva";"Saída de leito carroçável";"Com Vítimas Feridas";"Pleno dia";"Decrescente";"Chuva";"Simples";"Reta";"Não";1;0;1;0;0;0;1;1;-9,07230682;-63,3369;"SR-RO";"UOP03";"DEL03"
336969;2021-01-27;"quarta";"19:30:00";"MG";116;"579.5";"MANHUACU";"Animais na Pista";"Atropelamento de Animal";"Com Vítimas Feridas";"Plena Noite";"Decrescente";"Céu Claro";"Simples";"Curva";"Não";2;0;1;0;1;0;1;1;-20,17836097;-42,18664844;"SR-MG";"UOP04";"DEL06"
336970;2021-01-27;"quarta";"14:00:00";"MG";116;"656.1";"SAO FRANCISCO DO GLORIA";"Condutor Dormindo";"Saída de leito carroçável";"Com Vítimas Feridas";"Pleno dia";"Decrescente";"Sol";"Simples";"Curva";"Não";1;0;1;0;0;0;1;1;-20,75167035;-42,29404103;"SR-MG";"UOP03";"DEL07"
336971;2021-01-27;"quarta";"20:55:00";"MG";262;"31.1";"REDUTO";"Velocidade Incompatível";"Capotamento";"Com Vítimas Feridas";"Plena Noite";"Decrescente";"Céu Claro";"Simples";"Curva";"Não";1;0;1;0;0;0;1;1;-20,2532742;-41,992629;"SR-MG";"UOP04";"DEL06"
336972;2021-01-27;"quarta";"22:15:00";"PB";230;"191.3";"POCINHOS";"Animais na Pista";"Atropelamento de Animal";"Sem Vítimas";"Plena Noite";"Crescente";"Céu Claro";"Simples";"Reta";"Não";2;0;0;0;2;0;0;1;-7,1331;-36,1616;"SR-PB";"UOP02";"DEL02"
336973;2021-01-27;"quarta";"22:30:00";"PR";376;"178.8";"MARINGA";"Velocidade Incompatível";"Colisão traseira";"Sem Vítimas";"Pleno dia";"Decrescente";"Ignorado";"Múltipla";"Reta";"Sim";2;0;0;0;2;0;0;2;-23,4192146;-51,91293985;"SR-PR";"UOP01";"DEL09"
336974;2021-01-27;"quarta";"20:05:00";"MG";116;"459.5";"ENGENHEIRO CALDAS";"Condutor deixou de manter distância do veículo da frente";"Colisão lateral";"Com Vítimas Feridas";"Plena Noite";"Crescente";"Céu Claro";"Simples";"Reta";"Não";2;0;1;0;1;0;1;2;-19,22520501;-42,05823777;"SR-MG";"UOP02";"DEL06"
336975;2021-01-27;"quarta";"22:45:00";"BA";235;"60";"JEREMOABO";"Avarias e/ou desgaste excessivo no pneu";"Colisão com objeto";"Com Vítimas Fatais";"Plena Noite";"Crescente";"Céu Claro";"Simples";"Curva";"Sim";1;1;0;0;0;0;0;1;-10,08929173;-38,18273974;"SR-SE";"UOP02";"DEL01"
336976;2021-01-27;"quarta";"23:30:00";"SC";280;"128.6";"RIO NEGRINHO";"Desrespeitar a preferência no cruzamento";"Colisão transversal";"Com Vítimas Feridas";"Plena Noite";"Crescente";"Garoa/Chuvisco";"Simples";"Desvio Temporário";"Sim";2;0;1;0;1;0;1;2;-26,24317941;-49,51320018;"SR-SC";"UOP03";"DEL06"
336977;2021-01-27;"quarta";"23:40:00";"MS";163;"841.9";"SONORA";"Ausência de reação do condutor";"Tombamento";"Com Vítimas Feridas";"Plena Noite";"Crescente";"Céu Claro";"Simples";"Reta";"Não";1;0;1;0;0;0;1;1;-17,55520696;-54,74130854;"SR-MS";"UOP01";"DEL06"
336978;2021-01-27;"quarta";"23:50:00";"CE";116;"13.6";"FORTALEZA";"Estacionar ou parar em local proibido";"Colisão traseira";"Com Vítimas Feridas";"Plena Noite";"Crescente";"Nublado";"Múltipla";"Reta";"Sim";3;0;0;1;0;2;1;2;-3,86533091;-38,49790877;"SR-CE";"UOP02";"DEL01"
336979;2021-01-28;"quinta";"01:00:00";"PR";476;"138";"CURITIBA";"Ingestão de álcool e/ou substâncias psicoativas pelo pedestre";"Saída de leito carroçável";"Com Vítimas Feridas";"Plena Noite";"Crescente";"Nublado";"Múltipla";"Curva";"Sim";2;0;2;0;0;0;2;1;-25,505564;-49,283417;"SR-PR";"UOP03";"DEL01"
336980;2021-01-27;"quarta";"20:45:00";"MG";262;"788";"UBERABA";"Condutor Dormindo";"Saída de leito carroçável";"Com Vítimas Feridas";"Plena Noite";"Crescente";"Nublado";"Simples";"Reta";"Não";1;0;1;0;0;0;1;1;-19,7588328;-47,83097803;"SR-MG";"UOP01";"DEL13"
336981;2021-01-28;"quinta";"02:00:00";"PE";101;"157";"GAMELEIRA";"Acessar a via sem observar a presença dos outros veículos";"Colisão traseira";"Sem Vítimas";"Plena Noite";"Crescente";"Nublado";"Dupla";"Reta";"Não";3;0;0;0;1;2;0;3;-8,55352976;-35,3964161;"SR-PE";"UOP03";"DEL01"
336982;2021-01-28;"quinta";"01:50:00";"GO";70;"1";"AGUAS LINDAS DE GOIAS";"Animais na Pista";"Atropelamento de Animal";"Com Vítimas Feridas";"Plena Noite";"Crescente";"Céu Claro";"Dupla";"Curva";"Sim";4;0;1;1;2;0;2;1;-15,77579351;-48,23259001;"SR-DF";"UOP03";"DEL01"
336985;2021-01-28;"quinta";"02:05:00";"PE";104;"30";"TORITAMA";"Iluminação deficiente";"Colisão frontal";"Com Vítimas Fatais";"Plena Noite";"Crescente";"Céu Claro";"Simples";"Reta";"Sim";2;1;0;0;1;0;0;2;-8,00798164;-36,06090546;"SR-PE";"UOP01";"DEL02"
336986;2021-01-28;"quinta";"02:40:00";"PE";101;"3";"GOIANA";"Condutor Dormindo";"Colisão com objeto";"Com Vítimas Feridas";"Plena Noite";"Crescente";"Nublado";"Dupla";"Curva";"Não";1;0;1;0;0;0;1;1;-7,52387351;-34,99333161;"SR-PE";"UOP02";"DEL01"
336988;2021-01-28;"quinta";"02:20:00";"SC";101;"376.1";"ICARA";"Reação tardia ou ineficiente do condutor";"Saída de leito carroçável";"Com Vítimas Feridas";"Plena Noite";"Decrescente";"Nublado";"Dupla";"Não Informado";"Não";1;0;1;0;0;0;1;1;-28,72736111;-49,24066084;"SR-SC";"UOP01";"DEL02"
336989;2021-01-28;"quinta";"01:15:00";"MG";381;"822";"CAREACU";"Ingestão de álcool e/ou substâncias psicoativas pelo pedestre";"Colisão lateral";"Sem Vítimas";"Amanhecer";"Decrescente";"Céu Claro";"Dupla";"Curva";"Não";2;0;0;0;2;0;0;2;-22,08598335;-45,70250809;"SR-MG";"UOP01";"DEL16"
336990;2021-01-28;"quinta";"01:30:00";"RJ";101;"125";"QUISSAMA";"Ausência de reação do condutor";"Colisão traseira";"Sem Vítimas";"Plena Noite";"Decrescente";"Céu Claro";"Dupla";"Reta";"Não";2;0;0;0;2;0;0;2;-22,066826;-41,685207;"SR-RJ";"UOP04";"DEL08"
336991;2021-01-28;"quinta";"00:30:00";"MG";40;"249.3";"SAO GONCALO DO ABAETE";"Condutor Dormindo";"Tombamento";"Com Vítimas Feridas";"Plena Noite";"Decrescente";"Céu Claro";"Simples";"Não Informado";"Não";1;0;1;0;0;0;1;1;-18,12048563;-45,45200399;"SR-MG";"UOP02";"DEL14"
336993;2021-01-27;"quarta";"10:30:00";"RJ";493;"115";"ITAGUAI";"Velocidade Incompatível";"Saída de leito carroçável";"Com Vítimas Feridas";"Pleno dia";"Crescente";"Céu Claro";"Dupla";"Reta";"Não";3;0;3;0;0;0;3;1;-22,8242889;-43,80523682;"SR-RJ";"UOP04";"DEL01"
336994;2021-01-28;"quinta";"05:45:00";"PR";369;"129.5";"JATAIZINHO";"Ausência de reação do condutor";"Atropelamento de Animal";"Com Vítimas Feridas";"Amanhecer";"Crescente";"Céu Claro";"Simples";"Não Informado";"Sim";1;0;1;0;0;0;1;1;-23,2602;-50,9797;"SR-PR";"UOP01";"DEL07"
336995;2021-01-28;"quinta";"06:15:00";"PE";101;"73";"RECIFE";"Manobra de mudança de faixa";"Queda de ocupante de veículo";"Com Vítimas Feridas";"Pleno dia";"Decrescente";"Céu Claro";"Dupla";"Não Informado";"Sim";1;0;1;0;0;0;1;1;-8,093761;-34,947608;"SR-PE";"UOP01";"DEL01"
336996;2021-01-23;"sábado";"13:00:00";"PR";373;"259";"PRUDENTOPOLIS";"Ingestão de álcool pelo condutor";"Saída de leito carroçável";"Com Vítimas Feridas";"Pleno dia";"Decrescente";"Nublado";"Simples";"Reta";"Não";2;0;1;0;1;0;1;1;-25,193303;-50,921154;"SR-PR";"UAP01";"DEL03"
336998;2021-01-28;"quinta";"06:40:00";"MG";365;"651.2";"UBERLANDIA";"Reação tardia ou ineficiente do condutor";"Saída de leito carroçável";"Com Vítimas Fatais";"Pleno dia";"Crescente";"Céu Claro";"Dupla";"Curva";"Não";1;1;0;0;0;0;0;1;-18,86752;-48,566768;"SR-MG";"UOP01";"DEL15"
336999;2021-01-27;"quarta";"14:20:00";"BA";101;"440";"MARAU";"Transitar no acostamento";"Saída de leito carroçável";"Sem Vítimas";"Pleno dia";"Crescente";"Céu Claro";"Simples";"Reta";"Não";1;0;0;0;1;0;0;1;-14,25408314;-39,32119086;"SR-BA";"UOP01";"DEL05"
337000;2021-01-28;"quinta";"07:10:00";"SP";116;"149.4";"SAO JOSE DOS CAMPOS";"Condutor deixou de manter distância do veículo da frente";"Tombamento";"Com Vítimas Feridas";"Pleno dia";"Decrescente";"Sol";"Múltipla";"Reta";"Sim";1;0;1;0;0;0;1;1;-23,20700047;-45,88626861;"SR-SP";"UOP01";"DEL02"
337001;2021-01-23;"sábado";"09:20:00";"ES";101;"293";"CARIACICA";"Mal súbito do condutor";"Colisão lateral";"Com Vítimas Feridas";"Pleno dia";"Decrescente";"Céu Claro";"Dupla";"Reta";"Sim";2;0;1;0;1;0;1;2;-20,31526144;-40,39567044;"SR-ES";"UOP01";"DEL01"
337002;2021-01-28;"quinta";"07:00:00";"PB";230;"28";"JOAO PESSOA";"Mal súbito do condutor";"Tombamento";"Com Vítimas Feridas";"Pleno dia";"Crescente";"Céu Claro";"Dupla";"Reta";"Sim";2;0;1;0;1;0;1;2;-7,1651;-34,8941;"SR-PB";"UOP01";"DEL01"
337003;2021-01-28;"quinta";"07:50:00";"PR";116;"149";"MANDIRITUBA";"Condutor Dormindo";"Saída de leito carroçável";"Sem Vítimas";"Pleno dia";"Crescente";"Chuva";"Simples";"Reta";"Não";1;0;0;0;1;0;0;1;-25,80786497;-49,32658092;"SR-PR";"UOP03";"DEL01"
337004;2021-01-28;"quinta";"08:00:00";"SC";101;"111";"NAVEGANTES";"Condutor deixou de manter distância do veículo da frente";"Colisão lateral";"Com Vítimas Feridas";"Pleno dia";"Crescente";"Nublado";"Dupla";"Interseção de vias";"Não";2;0;0;1;1;0;1;2;-26,83955734;-48,71418074;"SR-SC";"UOP04";"DEL04"
337005;2021-01-28;"quinta";"07:30:00";"RN";101;"131";"SAO JOSE DE MIPIBU";"Condutor deixou de manter distância do veículo da frente";"Queda de ocupante de veículo";"Com Vítimas Feridas";"Pleno dia";"Decrescente";"Céu Claro";"Dupla";"Curva";"Não";1;0;1;0;0;0;1;1;-6,12845998;-35,22884476;"SR-RN";"UOP01";"DEL01"
337006;2021-01-28;"quinta";"07:35:00";"SC";480;"127.3";"CHAPECO";"Velocidade Incompatível";"Colisão com objeto";"Com Vítimas Feridas";"Pleno dia";"Decrescente";"Chuva";"Dupla";"Reta";"Sim";1;0;1;0;0;0;1;1;-27,02885905;-52,63380035;"SR-SC";"UOP01";"DEL07"
337008;2021-01-28;"quinta";"08:25:00";"ES";101;"303";"VIANA";"Condutor deixou de manter distância do veículo da frente";"Colisão traseira";"Com Vítimas Feridas";"Pleno dia";"Crescente";"Céu Claro";"Dupla";"Reta";"Sim";3;0;2;0;1;0;2;2;-20,37695747;-40,44527144;"SR-ES";"UOP01";"DEL01"
337009;2021-01-28;"quinta";"08:30:00";"PR";376;"598";"CURITIBA";"Condutor deixou de manter distância do veículo da frente";"Colisão lateral";"Com Vítimas Feridas";"Pleno dia";"Decrescente";"Céu Claro";"Dupla";"Reta";"Sim";2;0;1;0;1;0;1;2;-25,5188802;-49,33506947;"SR-PR";"UOP01";"DEL01"
337010;2021-01-28;"quinta";"05:00:00";"MA";10;"291.7";"CIDELANDIA";"Ultrapassagem Indevida";"Colisão frontal";"Com Vítimas Feridas";"Amanhecer";"Decrescente";"Ignorado";"Simples";"Reta";"Não";2;0;2;0;0;0;2;2;-5,189614;-47,522278;"SR-MA";"UOP01";"DEL04"
337013;2021-01-28;"quinta";"08:35:00";"MG";381;"875.3";"ESTIVA";"Ausência de reação do condutor";"Colisão traseira";"Sem Vítimas";"Pleno dia";"Crescente";"Céu Claro";"Dupla";"Não Informado";"Não";3;0;0;0;2;1;0;2;-22,46421508;-46,00859853;"SR-MG";"UOP01";"DEL16"
337014;2021-01-28;"quinta";"04:40:00";"MG";40;"130.9";"JOAO PINHEIRO";"Demais falhas mecânicas ou elétricas";"Incêndio";"Sem Vítimas";"Amanhecer";"Crescente";"Céu Claro";"Simples";"Reta";"Não";1;0;0;0;1;0;0;1;-17,70612195;-46,28554299;"SR-MG";"UOP01";"DEL14"
337015;2021-01-27;"quarta";"20:45:00";"PR";163;"22";"SANTO ANTONIO DO SUDOESTE";"Transitar na contramão";"Saída de leito carroçável";"Com Vítimas Feridas";"Plena Noite";"Crescente";"Chuva";"Simples";"Desvio Temporário";"Não";2;0;1;0;1;0;1;2;-26,156179;-53,684208;"SR-PR";"UOP02";"DEL02"
337016;2021-01-28;"quinta";"08:20:00";"PA";316;"67";"CASTANHAL";"Condutor deixou de manter distância do veículo da frente";"Colisão traseira";"Com Vítimas Feridas";"Pleno dia";"Crescente";"Céu Claro";"Simples";"Reta";"Sim";2;0;0;1;1;0;1;2;-1,2948794;-47,89280703;"SR-PA";"UOP01";"DEL01"
337017;2021-01-28;"quinta";"08:30:00";"MG";40;"628";"CONSELHEIRO LAFAIETE";"Condutor deixou de manter distância do veículo da frente";"Colisão traseira";"Com Vítimas Feridas";"Pleno dia";"Crescente";"Sol";"Dupla";"Reta";"Sim";2;0;1;0;1;0;1;2;-20,647269;-43,809808;"SR-MG";"UOP02";"DEL05"
337018;2021-01-15;"sexta";"05:55:00";"PR";369;"172.5";"ROLANDIA";"Condutor deixou de manter distância do veículo da frente";"Colisão lateral mesmo sentido";"Com Vítimas Feridas";"Amanhecer";"Decrescente";"Ignorado";"Simples";"Reta";"Sim";2;0;1;0;1;0;1;2;-23,30329142;-51,36263262;"SR-PR";"UOP01";"DEL07"
337019;2021-01-28;"quinta";"08:00:00";"SC";101;"117.4";"ITAJAI";"Transitar no acostamento";"Colisão lateral";"Com Vítimas Feridas";"Pleno dia";"Crescente";"Nublado";"Múltipla";"Não Informado";"Sim";2;0;1;0;1;0;1;2;-26,88747187;-48,72252969;"SR-SC";"UOP04";"DEL04"
337022;2021-01-28;"quinta";"07:30:00";"MG";251;"357.5";"PADRE CARVALHO";"Ausência de reação do condutor";"Incêndio";"Sem Vítimas";"Pleno dia";"Crescente";"Céu Claro";"Simples";"Reta";"Não";1;0;0;0;1;0;0;1;-16,2648796;-42,58558298;"SR-MG";"UOP01";"DEL12"
337023;2021-01-28;"quinta";"07:30:00";"MG";40;"512";"RIBEIRAO DAS NEVES";"Demais falhas mecânicas ou elétricas";"Queda de ocupante de veículo";"Com Vítimas Feridas";"Pleno dia";"Crescente";"Céu Claro";"Dupla";"Não Informado";"Sim";2;0;1;1;0;0;2;1;-19,7913783333;-44,112205;"SR-MG";"UOP02";"DEL01"
337024;2021-01-28;"quinta";"07:58:00";"BA";324;"526.2";"FEIRA DE SANTANA";"Ausência de reação do condutor";"Colisão traseira";"Com Vítimas Feridas";"Pleno dia";"Crescente";"Nublado";"Dupla";"Reta";"Sim";2;0;1;0;1;0;1;2;-12,30639712;-38,89051509;"SR-BA";"UOP03";"DEL01"
337026;2021-01-28;"quinta";"08:30:00";"PR";467;"81";"CASCAVEL";"Demais falhas mecânicas ou elétricas";"Saída de leito carroçável";"Com Vítimas Feridas";"Pleno dia";"Decrescente";"Nublado";"Dupla";"Curva";"Não";5;0;1;0;4;0;1;1;-24,7961;-53,6747;"SR-PR";"UOP01";"DEL04"
337027;2021-01-28;"quinta";"09:45:00";"SC";101;"260.8";"GAROPABA";"Condutor Dormindo";"Saída de leito carroçável";"Com Vítimas Feridas";"Pleno dia";"Decrescente";"Nublado";"Simples";"Não Informado";"Não";5;0;3;0;2;0;3;1;-28,02722206;-48,70364785;"SR-SC";"UOP03";"DEL02"
337030;2021-01-28;"quinta";"08:20:00";"RJ";40;"97";"DUQUE DE CAXIAS";"Velocidade Incompatível";"Colisão traseira";"Com Vítimas Feridas";"Pleno dia";"Decrescente";"Céu Claro";"Dupla";"Curva";"Sim";2;0;1;0;0;1;1;2;-22,58639393;-43,26521385;"SR-RJ";"UOP01";"DEL01"
337031;2021-01-28;"quinta";"10:30:00";"PR";376;"470.1";"PONTA GROSSA";"Demais falhas mecânicas ou elétricas";"Tombamento";"Com Vítimas Feridas";"Pleno dia";"Decrescente";"Nublado";"Dupla";"Não Informado";"Não";2;0;2;0;0;0;2;1;-25,01715425;-50,33673235;"SR-PR";"UAP01";"DEL03"
337032;2021-01-28;"quinta";"07:40:00";"MT";70;"264";"PRIMAVERA DO LESTE";"Reação tardia ou ineficiente do condutor";"Tombamento";"Com Vítimas Feridas";"Pleno dia";"Crescente";"Céu Claro";"Simples";"Reta";"Não";1;0;1;0;0;0;1;1;-15,555876;-54,192333;"SR-MT";"UOP01";"DEL05"
337034;2021-01-28;"quinta";"10:20:00";"SC";282;"210.3";"LAGES";"Reação tardia ou ineficiente do condutor";"Colisão traseira";"Com Vítimas Feridas";"Pleno dia";"Decrescente";"Nublado";"Simples";"Não Informado";"Não";4;0;2;0;1;1;2;2;-27,778582;-50,231815;"SR-SC";"UOP01";"DEL05"
337035;2021-01-28;"quinta";"11:20:00";"SC";101;"194.6";"BIGUACU";"Condutor deixou de manter distância do veículo da frente";"Colisão traseira";"Com Vítimas Feridas";"Pleno dia";"Crescente";"Nublado";"Dupla";"Reta";"Sim";2;0;1;0;1;0;1;2;-27,50241989;-48,65283608;"SR-SC";"UOP01";"DEL01"
337036;2021-01-28;"quinta";"10:50:00";"CE";116;"3";"FORTALEZA";"Condutor deixou de manter distância do veículo da frente";"Colisão lateral";"Com Vítimas Feridas";"Pleno dia";"Crescente";"Sol";"Múltipla";"Viaduto";"Sim";2;0;1;0;1;0;1;1;-3,77866493;-38,51490171;"SR-CE";"UOP02";"DEL01"
337037;2021-01-28;"quinta";"11:30:00";"RS";386;"336.4";"MARQUES DE SOUZA";"Pista Escorregadia";"Saída de leito carroçável";"Com Vítimas Feridas";"Pleno dia";"Crescente";"Garoa/Chuvisco";"Simples";"Reta";"Não";1;0;1;0;0;0;1;1;-29,38822;-52,043156;"SR-RS";"UOP01";"DEL04"
337038;2021-01-28;"quinta";"10:05:00";"PR";163;"5.9";"BARRACAO";"Ultrapassagem Indevida";"Colisão frontal";"Com Vítimas Feridas";"Pleno dia";"Crescente";"Chuva";"Simples";"Reta";"Não";7;0;1;5;1;0;6;3;-26,25066;-53,635523;"SR-PR";"UOP02";"DEL02"