"id";"data_inversa";"dia_semana";"horario";"uf";"br";"km";"municipio";"causa_acidente";"tipo_acidente";"classificacao_acidente";"fase_dia";"sentido_via";"condicao_metereologica";"tipo_pista";"tracado_via";"uso_solo";"pessoas";"mortos";"feridos_leves";"feridos_graves";"ilesos";"ignorados";"feridos";"veiculos";"latitude";"longitude";"regional";"delegacia";"uop"
337137;2021-01-28;"quinta";"20:15:00";"MS";267;"193.2";"NOVA ALVORADA DO SUL";"Transitar na contramão";"Colisão lateral sentido oposto";"Com Vítimas Feridas";"Plena Noite";"Decrescente";"Chuva";"Simples";"Curva";"Não";2;0;1;0;1;0;1;2;-21,597109;-53,8886;"SR-MS";"UOP03";"DEL02"
337138;2021-01-28;"quinta";"21:30:00";"SP";153;"54";"SAO JOSE DO RIO PRETO";"Animais na Pista";"Atropelamento de Animal";"Com Vítimas Feridas";"Plena Noite";"Crescente";"Nublado";"Dupla";"Reta";"Sim";3;0;1;0;2;0;1;2;-20,74488916;-49,33894564;"SR-SP";"UOP01";"DEL09"
337139;2021-01-28;"quinta";"10:20:00";"AL";101;"44";"FLEXEIRAS";"Acostamento em desnível";"Tombamento";"Sem Vítimas";"Pleno dia";"Decrescente";"Chuva";"Dupla";"Curva";"Não";2;0;0;0;2;0;0;1;-9,19437805;-35,78723641;"SR-AL";"UOP02";"DEL01"
337141;2021-01-28;"quinta";"22:00:00";"SP";116;"214.5";"GUARULHOS";"Demais falhas mecânicas ou elétricas";"Colisão lateral";"Sem Vítimas";"Plena Noite";"Decrescente";"Nublado";"Múltipla";"Reta";"Sim";1;0;0;0;1;0;0;1;-23,44333014;-46,44531294;"SR-SP";"UOP01";"DEL01"
337142;2021-01-28;"quinta";"19:00:00";"SC";101;"263";"GAROPABA";"Chuva";"Saída de leito carroçável";"Com Vítimas Feridas";"Plena Noite";"Crescente";"Chuva";"Dupla";"Reta";"Sim";1;0;0;1;0;0;1;1;-28,046163;-48,714477;"SR-SC";"UOP03";"DEL02"
337143;2021-01-28;"quinta";"16:30:00";"RO";364;"515";"ARIQUEMES";"Acumulo de água sobre o pavimento";"Colisão frontal";"Com Vítimas Feridas";"Pleno dia";"Decrescente";"Nublado";"Simples";"Não Informado";"Não";5;0;3;1;1;0;4;2;-9,92497302;-63,05491046;"SR-RO";"UOP01";"DEL03"
337144;2021-01-28;"quinta";"21:30:00";"PR";277;"98";"CURITIBA";"Manobra de mudança de faixa";"Saída de leito carroçável";"Com Vítimas Feridas";"Plena Noite";"Crescente";"Chuva";"Dupla";"Não Informado";"Sim";1;0;1;0;0;0;1;1;-25,43068032;-49,35638885;"SR-PR";"UOP01";"DEL01"
337146;2021-01-28;"quinta";"22:30:00";"MG";116;"277.5";"TEOFILO OTONI";"Condutor deixou de manter distância do veículo da frente";"Colisão traseira";"Com Vítimas Feridas";"Plena Noite";"Decrescente";"Céu Claro";"Múltipla";"Reta";"Sim";3;0;1;0;1;1;1;2;-17,86376751;-41,51512384;"SR-MG";"UOP01";"DEL11"
337147;2021-01-28;"quinta";"20:30:00";"PR";476;"141";"CURITIBA";"Condutor deixou de manter distância do veículo da frente";"Colisão lateral mesmo sentido";"Com Vítimas Feridas";"Plena Noite";"Crescente";"Céu Claro";"Dupla";"Reta";"Sim";2;0;0;1;1;0;1;2;-25,528614;-49,298798;"SR-PR";"UOP03";"DEL01"
337148;2021-01-28;"quinta";"15:40:00";"MG";153;"10.5";"ARAPORA";"Demais Fenômenos da natureza";"Colisão frontal";"Com Vítimas Feridas";"Pleno dia";"Crescente";"Céu Claro";"Dupla";"Reta";"Não";3;0;1;2;0;0;3;3;-18,50602699;-49,18897335;"SR-MG";"UOP03";"DEL15"
337149;2021-01-28;"quinta";"21:30:00";"SC";280;"127.9";"RIO NEGRINHO";"Ingestão de álcool pelo condutor";"Colisão com objeto";"Sem Vítimas";"Plena Noite";"Crescente";"Nublado";"Simples";"Curva";"Não";1;0;0;0;1;0;0;1;-26,23943953;-49,50420708;"SR-SC";"UOP03";"DEL06"
337150;2021-01-28;"quinta";"20:05:00";"GO";153;"201";"URUACU";"Acessar a via sem observar a presença dos outros veículos";"Colisão transversal";"Com Vítimas Feridas";"Plena Noite";"Crescente";"Nublado";"Simples";"Reta";"Sim";3;0;0;1;1;1;1;2;-14,519629;-49,154972;"SR-GO";"UOP02";"DEL07"
337151;2021-01-28;"quinta";"22:20:00";"SP";116;"279";"EMBU DAS ARTES";"Reação tardia ou ineficiente do condutor";"Colisão traseira";"Com Vítimas Feridas";"Plena Noite";"Crescente";"Nublado";"Dupla";"Reta";"Não";2;0;1;0;1;0;1;2;-23,66233697;-46,85292907;"SR-SP";"UOP01";"DEL04"
337152;2021-01-28;"quinta";"22:30:00";"SC";101;"205";"SAO JOSE";"Acumulo de água sobre o pavimento";"Queda de ocupante de veículo";"Com Vítimas Feridas";"Plena Noite";"Crescente";"Chuva";"Dupla";"Reta";"Sim";1;0;1;0;0;0;1;1;-27,58313237;-48,61532885;"SR-SC";"UOP01";"DEL01"
337156;2021-01-28;"quinta";"19:20:00";"PE";423;"162";"AGUAS BELAS";"Mal súbito do condutor";"Saída de leito carroçável";"Com Vítimas Feridas";"Plena Noite";"Crescente";"Céu Claro";"Simples";"Reta";"Não";1;0;0;1;0;0;1;1;-9,10003012;-36,99084592;"SR-PE";"UOP01";"DEL03"
337157;2021-01-28;"quinta";"21:30:00";"GO";364;"113";"APARECIDA DO RIO DOCE";"Acessar a via sem observar a presença dos outros veículos";"Colisão transversal";"Com Vítimas Feridas";"Plena Noite";"Decrescente";"Nublado";"Simples";"Reta";"Sim";2;0;2;0;0;0;2;2;-18,307617;-51,143929;"SR-GO";"UOP02";"DEL05"
337158;2021-01-28;"quinta";"23:00:00";"SC";101;"281.8";"IMBITUBA";"Ingestão de álcool pelo condutor";"Saída de leito carroçável";"Sem Vítimas";"Plena Noite";"Decrescente";"Chuva";"Dupla";"Reta";"Sim";1;0;0;0;1;0;0;1;-28,21108786;-48,69934559;"SR-SC";"UOP03";"DEL02"
337159;2021-01-28;"quinta";"23:20:00";"SC";470;"32";"GASPAR";"Demais falhas mecânicas ou elétricas";"Saída de leito carroçável";"Com Vítimas Feridas";"Plena Noite";"Crescente";"Chuva";"Dupla";"Reta";"Não";2;0;1;1;0;0;2;1;-26,901793;-48,931812;"SR-SC";"UOP01";"DEL04"
337160;2021-01-28;"quinta";"23:50:00";"PB";101;"91";"JOAO PESSOA";"Animais na Pista";"Atropelamento de Animal";"Com Vítimas Feridas";"Plena Noite";"Decrescente";"Céu Claro";"Dupla";"Reta";"Sim";2;0;1;1;0;0;2;1;-7,19375126;-34,90469723;"SR-PB";"UOP02";"DEL01"
337161;2021-01-28;"quinta";"11:40:00";"RO";364;"350";"JI-PARANA";"Acessar a via sem observar a presença dos outros veículos";"Tombamento";"Sem Vítimas";"Pleno dia";"Crescente";"Céu Claro";"Simples";"Interseção de vias";"Não";1;0;0;0;1;0;0;1;-10,84388558;-62,00108528;"SR-RO";"UOP01";"DEL02"
337162;2021-01-29;"sexta";"00:20:00";"SC";101;"329";"TUBARAO";"Ingestão de álcool pelo condutor";"Saída de leito carroçável";"Sem Vítimas";"Plena Noite";"Decrescente";"Chuva";"Dupla";"Reta";"Não";1;0;0;0;0;1;0;1;-28,49351117;-49,04178985;"SR-SC";"UOP01";"DEL02"
337163;2021-01-29;"sexta";"00:40:00";"SC";282;"211.5";"LAGES";"Demais falhas mecânicas ou elétricas";"Incêndio";"Sem Vítimas";"Plena Noite";"Crescente";"Chuva";"Simples";"Não Informado";"Não";1;0;0;0;1;0;0;1;-27,78129112;-50,24801211;"SR-SC";"UOP01";"DEL05"
337164;2021-01-29;"sexta";"00:50:00";"SC";480;"128.5";"CHAPECO";"Ingestão de álcool pelo condutor";"Colisão frontal";"Com Vítimas Feridas";"Plena Noite";"Decrescente";"Nublado";"Simples";"Reta";"Sim";2;0;1;0;1;0;1;2;-27,03781899;-52,63432603;"SR-SC";"UOP01";"DEL07"
337165;2021-01-29;"sexta";"01:10:00";"PR";277;"643";"CEU AZUL";"Condutor Dormindo";"Colisão lateral";"Sem Vítimas";"Plena Noite";"Decrescente";"Chuva";"Simples";"Reta";"Não";2;0;0;0;1;1;0;2;-25,18289824;-53,87111011;"SR-PR";"UOP02";"DEL05"
337166;2021-01-29;"sexta";"00:30:00";"MT";163;"583";"NOVA MUTUM";"Condutor Dormindo";"Saída de leito carroçável";"Com Vítimas Feridas";"Plena Noite";"Crescente";"Nublado";"Simples";"Reta";"Não";1;0;1;0;0;0;1;1;-14,05793518;-56,09856364;"SR-MT";"UOP01";"DEL01"
337167;2021-01-29;"sexta";"01:20:00";"PB";230;"17";"JOAO PESSOA";"Ingestão de álcool pelo condutor";"Saída de leito carroçável";"Sem Vítimas";"Plena Noite";"Decrescente";"Céu Claro";"Dupla";"Reta";"Sim";1;0;0;0;0;1;0;1;-7,1121;-34,8426;"SR-PB";"UOP01";"DEL01"
337168;2021-01-29;"sexta";"00:30:00";"RJ";116;"181";"NOVA IGUACU";"Obras na pista";"Colisão traseira";"Sem Vítimas";"Plena Noite";"Crescente";"Céu Claro";"Múltipla";"Reta";"Sim";3;0;0;0;2;1;0;3;-22,761312;-43,423492;"SR-RJ";"UOP02";"DEL01"
337169;2021-01-29;"sexta";"01:40:00";"PR";163;"206.3";"CASCAVEL";"Transitar na contramão";"Colisão frontal";"Com Vítimas Feridas";"Plena Noite";"Decrescente";"Nublado";"Simples";"Reta";"Não";2;0;1;0;1;0;1;2;-24,97607012;-53,55527183;"SR-PR";"UOP04";"DEL04"
337170;2021-01-29;"sexta";"01:40:00";"MG";354;"723.2";"POUSO ALTO";"Condutor Dormindo";"Saída de leito carroçável";"Com Vítimas Fatais";"Plena Noite";"Decrescente";"Ignorado";"Simples";"Curva";"Sim";1;1;0;0;0;0;0;1;-22,11411406;-44,95693273;"SR-MG";"UOP01";"DEL17"
337171;2021-01-29;"sexta";"04:35:00";"SC";101;"105.6";"PENHA";"Condutor Dormindo";"Saída de leito carroçável";"Com Vítimas Feridas";"Plena Noite";"Decrescente";"Céu Claro";"Dupla";"Reta";"Não";3;0;3;0;0;0;3;1;-26,80844433;-48,68076324;"SR-SC";"UOP02";"DEL03"
337172;2021-01-29;"sexta";"03:50:00";"CE";222;"4.7";"CAUCAIA";"Condutor desrespeitou a iluminação vermelha do semáforo";"Colisão transversal";"Com Vítimas Feridas";"Plena Noite";"Decrescente";"Nublado";"Múltipla";"Retorno Regulamentado";"Sim";2;0;1;0;1;0;1;2;-3,74285762;-38,61209393;"SR-CE";"UOP01";"DEL01"
337173;2021-01-29;"sexta";"04:45:00";"BA";101;"196";"CONCEICAO DA FEIRA";"Animais na Pista";"Atropelamento de Animal";"Com Vítimas Feridas";"Amanhecer";"Decrescente";"Garoa/Chuvisco";"Simples";"Reta";"Sim";1;0;1;0;0;0;1;1;-12,5483645;-38,9784344;"SR-BA";"UOP03";"DEL01"
337174;2021-01-29;"sexta";"05:30:00";"MG";381;"853.8";"POUSO ALEGRE";"Velocidade Incompatível";"Capotamento";"Com Vítimas Feridas";"Amanhecer";"Crescente";"Céu Claro";"Dupla";"Não Informado";"Não";1;0;1;0;0;0;1;1;-22,26749317;-45,89263916;"SR-MG";"UOP01";"DEL16"
337175;2021-01-28;"quinta";"19:00:00";"AL";101;"44";"FLEXEIRAS";"Estacionar ou parar em local proibido";"Saída de leito carroçável";"Com Vítimas Feridas";"Plena Noite";"Decrescente";"Céu Claro";"Dupla";"Não Informado";"Não";2;0;1;0;1;0;1;2;-9,19437805;-35,78723641;"SR-AL";"UOP02";"DEL01"
337176;2021-01-29;"sexta";"02:15:00";"RO";364;"707";"PORTO VELHO";"Reação tardia ou ineficiente do condutor";"Colisão com objeto";"Com Vítimas Feridas";"Plena Noite";"Crescente";"Garoa/Chuvisco";"Dupla";"Interseção de vias";"Sim";2;0;1;0;1;0;1;1;-8,79406922;-63,84343028;"SR-RO";"UOP01";"DEL01"
337177;2021-01-29;"sexta";"05:10:00";"PE";428;"127";"PETROLINA";"Ingestão de álcool pelo condutor";"Colisão transversal";"Sem Vítimas";"Amanhecer";"Crescente";"Céu Claro";"Simples";"Interseção de vias";"Sim";2;0;0;0;2;0;0;2;-9,391376;-40,519047;"SR-PE";"UOP03";"DEL06"
337178;2021-01-29;"sexta";"03:00:00";"SC";282;"207";"LAGES";"Velocidade Incompatível";"Capotamento";"Com Vítimas Feridas";"Plena Noite";"Decrescente";"Chuva";"Simples";"Interseção de vias";"Não";5;0;1;0;3;1;1;1;-27,773464;-50,202095;"SR-SC";"UOP01";"DEL05"
337179;2021-01-29;"sexta";"05:00:00";"BA";101;"893";"CARAVELAS";"Animais na Pista";"Atropelamento de Animal";"Com Vítimas Feridas";"Pleno dia";"Crescente";"Céu Claro";"Simples";"Reta";"Não";1;0;1;0;0;0;1;1;-17,65776274;-39,77222443;"SR-BA";"UOP02";"DEL09"
337180;2021-01-29;"sexta";"06:15:00";"PR";376;"172.8";"MARINGA";"Desrespeitar a preferência no cruzamento";"Colisão transversal";"Com Vítimas Feridas";"Pleno dia";"Crescente";"Nublado";"Dupla";"Rotatória";"Sim";3;0;2;0;1;0;2;2;-23,41880345;-51,97210193;"SR-PR";"UOP01";"DEL09"
337181;2021-01-29;"sexta";"06:35:00";"DF";40;"5.3";"BRASILIA";"Manobra de mudança de faixa";"Colisão traseira";"Com Vítimas Feridas";"Pleno dia";"Decrescente";"Céu Claro";"Dupla";"Curva";"Não";2;0;1;0;1;0;1;2;-16,020903;-47,980541;"SR-DF";"UOP01";"DEL01"
337182;2021-01-29;"sexta";"06:15:00";"MG";381;"483";"BETIM";"Manobra de mudança de faixa";"Colisão com objeto";"Com Vítimas Feridas";"Pleno dia";"Decrescente";"Céu Claro";"Múltipla";"Curva";"Sim";1;0;1;0;0;0;1;1;-19,95818245;-44,07886505;"SR-MG";"UOP03";"DEL01"
337183;2021-01-28;"quinta";"22:50:00";"MG";365;"476.5";"PATROCINIO";"Reação tardia ou ineficiente do condutor";"Saída de leito carroçável";"Com Vítimas Feridas";"Plena Noite";"Decrescente";"Céu Claro";"Simples";"Rotatória";"Não";1;0;1;0;0;0;1;1;-18,92004935;-47,02856541;"SR-MG";"UOP01";"DEL10"
337184;2021-01-29;"sexta";"06:30:00";"MG";381;"851";"POUSO ALEGRE";"Velocidade Incompatível";"Colisão com objeto";"Sem Vítimas";"Pleno dia";"Decrescente";"Céu Claro";"Dupla";"Reta";"Sim";1;0;0;0;1;0;0;1;-22,25664602;-45,88889122;"SR-MG";"UOP01";"DEL16"
337185;2021-01-29;"sexta";"03:05:00";"PR";153;"94.7";"JAPIRA";"Velocidade Incompatível";"Capotamento";"Com Vítimas Feridas";"Plena Noite";"Decrescente";"Nublado";"Simples";"Curva";"Não";2;0;0;2;0;0;2;1;-23,72171405;-50,17633917;"SR-PR";"UOP03";"DEL07"
337186;2021-01-29;"sexta";"05:45:00";"RJ";116;"222.1";"PIRAI";"Carga excessiva e/ou mal acondicionada";"Tombamento";"Com Vítimas Feridas";"Amanhecer";"Decrescente";"Céu Claro";"Dupla";"Não Informado";"Não";1;0;1;0;0;0;1;1;-22,67861997;-43,8338865;"SR-RJ";"UOP01";"DEL07"
337187;2021-01-29;"sexta";"05:30:00";"RS";116;"490.5";"PELOTAS";"Ingestão de álcool pelo condutor";"Saída de leito carroçável";"Com Vítimas Feridas";"Amanhecer";"Decrescente";"Céu Claro";"Dupla";"Não Informado";"Sim";1;0;1;0;0;0;1;1;-31,47526724;-52,21275549;"SR-RS";"UOP01";"DEL07"
337188;2021-01-29;"sexta";"07:00:00";"ES";101;"248.2";"SERRA";"Demais falhas mecânicas ou elétricas";"Colisão frontal";"Com Vítimas Feridas";"Pleno dia";"Decrescente";"Céu Claro";"Simples";"Reta";"Não";3;0;0;1;2;0;1;3;-20,06899842;-40,3614491;"SR-ES";"UOP01";"DEL02"
337189;2021-01-29;"sexta";"06:40:00";"ES";101;"266.1";"SERRA";"Manobra de mudança de faixa";"Colisão lateral";"Com Vítimas Feridas";"Pleno dia";"Crescente";"Céu Claro";"Dupla";"Reta";"Sim";3;0;0;1;2;0;1;2;-20,190199;-40,26828891;"SR-ES";"UOP01";"DEL02"
337190;2021-01-28;"quinta";"22:00:00";"MG";116;"36";"CACHOEIRA DE PAJEU";"Condutor Dormindo";"Saída de leito carroçável";"Sem Vítimas";"Plena Noite";"Decrescente";"Céu Claro";"Simples";"Não Informado";"Não";1;0;0;0;1;0;0;1;-15,94950705;-41,40264747;"SR-MG";"UOP02";"DEL11"
337192;2021-01-29;"sexta";"07:30:00";"DF";70;"11";"BRASILIA";"Desrespeitar a preferência no cruzamento";"Colisão transversal";"Com Vítimas Feridas";"Pleno dia";"Decrescente";"Céu Claro";"Dupla";"Reta";"Sim";2;0;1;0;1;0;1;2;-15,789762;-48,148727;"SR-DF";"UOP03";"DEL01"
337193;2021-01-29;"sexta";"07:20:00";"GO";40;"27";"LUZIANIA";"Manobra de mudança de faixa";"Colisão lateral";"Com Vítimas Feridas";"Pleno dia";"Crescente";"Céu Claro";"Dupla";"Reta";"Não";3;0;2;0;1;0;2;2;-16,266185;-47,888241;"SR-DF";"UOP01";"DEL01"
337194;2021-01-29;"sexta";"06:50:00";"PR";116;"125";"CURITIBA";"Condutor deixou de manter distância do veículo da frente";"Colisão lateral mesmo sentido";"Com Vítimas Feridas";"Pleno dia";"Decrescente";"Nublado";"Dupla";"Reta";"Sim";2;0;1;0;1;0;1;2;-25,59505309;-49,31630659;"SR-PR";"UOP03";"DEL01"
337195;2021-01-29;"sexta";"07:20:00";"MG";381;"272";"CORONEL FABRICIANO";"Condutor Dormindo";"Saída de leito carroçável";"Sem Vítimas";"Pleno dia";"Decrescente";"Céu Claro";"Simples";"Curva";"Não";3;0;0;0;3;0;0;1;-19,52686958;-42,66866684;"SR-MG";"UOP02";"DEL03"
337196;2021-01-29;"sexta";"03:50:00";"PR";376;"395";"IMBAU";"Velocidade Incompatível";"Colisão com objeto";"Sem Vítimas";"Plena Noite";"Decrescente";"Garoa/Chuvisco";"Simples";"Curva";"Não";1;0;0;0;0;1;0;1;-24,56243075;-50,68528138;"SR-PR";"UOP02";"DEL03"
337197;2021-01-29;"sexta";"06:15:00";"GO";40;"148.1";"CRISTALINA";"Acostamento em desnível";"Colisão lateral";"Com Vítimas Feridas";"Pleno dia";"Decrescente";"Céu Claro";"Simples";"Não Informado";"Não";7;0;4;2;1;0;6;2;-17,002937;-47,227536;"SR-DF";"UOP04";"DEL01"
337198;2021-01-29;"sexta";"07:35:00";"PB";101;"89.8";"JOAO PESSOA";"Manobra de mudança de faixa";"Colisão lateral";"Com Vítimas Feridas";"Pleno dia";"Decrescente";"Sol";"Dupla";"Reta";"Sim";3;0;1;0;1;1;1;2;-7,1710694;-34,89765372;"SR-PB";"UOP02";"DEL01"
337200;2021-01-29;"sexta";"08:05:00";"CE";222;"0.3";"FORTALEZA";"Velocidade Incompatível";"Colisão lateral mesmo sentido";"Com Vítimas Feridas";"Pleno dia";"Decrescente";"Céu Claro";"Dupla";"Reta";"Sim";3;0;1;0;2;0;1;3;-3,7367737;-38,56923;"SR-CE";"UOP01";"DEL01"
337201;2021-01-29;"sexta";"08:05:00";"ES";101;"293";"CARIACICA";"Trafegar com motocicleta (ou similar) entre as faixas";"Colisão lateral";"Com Vítimas Feridas";"Pleno dia";"Decrescente";"Céu Claro";"Dupla";"Reta";"Sim";2;0;0;1;1;0;1;2;-20,31526144;-40,39567044;"SR-ES";"UOP01";"DEL01"
337202;2021-01-29;"sexta";"08:00:00";"RJ";393;"191";"PARAIBA DO SUL";"Demais falhas mecânicas ou elétricas";"Queda de ocupante de veículo";"Com Vítimas Feridas";"Pleno dia";"Crescente";"Céu Claro";"Simples";"Curva";"Não";2;0;1;0;1;0;1;1;-22,19188627;-43,35085284;"SR-RJ";"UOP01";"DEL05"
337204;2021-01-29;"sexta";"08:00:00";"PR";277;"1";"FOZ DO IGUACU";"Velocidade Incompatível";"Colisão traseira";"Com Vítimas Feridas";"Pleno dia";"Decrescente";"Nublado";"Dupla";"Reta";"Sim";2;0;0;1;1;0;1;2;-25,50115772;-54,58398342;"SR-PR";"UOP05";"DEL01"
337205;2021-01-29;"sexta";"07:20:00";"RJ";101;"309";"SAO GONCALO";"Avarias e/ou desgaste excessivo no pneu";"Tombamento";"Com Vítimas Feridas";"Pleno dia";"Decrescente";"Céu Claro";"Dupla";"Reta";"Sim";2;0;2;0;0;0;2;1;-22,79498873;-43,03446105;"SR-RJ";"UOP02";"DEL02"
337206;2021-01-29;"sexta";"08:00:00";"PE";101;"74.2";"RECIFE";"Acumulo de óleo sobre o pavimento";"Queda de ocupante de veículo";"Com Vítimas Feridas";"Pleno dia";"Crescente";"Céu Claro";"Dupla";"Reta";"Não";2;0;2;0;0;0;2;1;-8,10146485;-34,94901577;"SR-PE";"UOP01";"DEL01"
337209;2021-01-29;"sexta";"08:30:00";"RS";448;"13";"CANOAS";"Ausência de reação do condutor";"Colisão lateral";"Com Vítimas Feridas";"Pleno dia";"Crescente";"Céu Claro";"Simples";"Reta";"Não";2;0;1;0;1;0;1;2;-29,920603;-51,231792;"SR-RS";"UOP01";"DEL01"
337210;2021-01-29;"sexta";"08:20:00";"RS";116;"259";"CANOAS";"Reação tardia ou ineficiente do condutor";"Engavetamento";"Com Vítimas Feridas";"Pleno dia";"Decrescente";"Céu Claro";"Dupla";"Curva";"Sim";3;0;1;0;2;0;1;3;-29,870408;-51,179909;"SR-RS";"UOP02";"DEL01"
337211;2021-01-29;"sexta";"09:25:00";"RJ";101;"311";"SAO GONCALO";"Pedestre cruzava a pista fora da faixa";"Atropelamento de Pedestre";"Com Vítimas Feridas";"Pleno dia";"Crescente";"Céu Claro";"Dupla";"Reta";"Não";2;0;1;0;1;0;1;1;-22,80062246;-43,05318779;"SR-RJ";"UOP02";"DEL02"
337214;2021-01-29;"sexta";"07:30:00";"MT";70;"504";"CUIABA";"Condutor deixou de manter distância do veículo da frente";"Colisão traseira";"Com Vítimas Feridas";"Pleno dia";"Crescente";"Céu Claro";"Simples";"Reta";"Não";1;0;1;0;0;0;1;1;-15,66785604;-55,9564296;"SR-MT";"UOP02";"DEL01"
337217;2021-01-29;"sexta";"06:50:00";"MG";40;"293";"TRES MARIAS";"Reação tardia ou ineficiente do condutor";"Saída de leito carroçável";"Com Vítimas Feridas";"Pleno dia";"Crescente";"Céu Claro";"Simples";"Não Informado";"Não";1;0;0;1;0;0;1;1;-18,29623795;-45,12429391;"SR-MG";"UOP02";"DEL14"
337218;2021-01-29;"sexta";"07:00:00";"BA";101;"811";"ITAMARAJU";"Transitar na contramão";"Colisão frontal";"Sem Vítimas";"Pleno dia";"Crescente";"Céu Claro";"Simples";"Ponte";"Não";2;0;0;0;2;0;0;2;-17,21763389;-39,60728705;"SR-BA";"UOP02";"DEL09"
337219;2021-01-29;"sexta";"10:00:00";"RJ";101;"296";"ITABORAI";"Condutor deixou de manter distância do veículo da frente";"Colisão traseira";"Com Vítimas Feridas";"Pleno dia";"Decrescente";"Sol";"Dupla";"Reta";"Sim";3;0;1;0;2;0;1;2;-22,7670498;-42,91019601;"SR-RJ";"UOP02";"DEL02"
337220;2021-01-29;"sexta";"09:55:00";"ES";101;"269.9";"SERRA";"Condutor deixou de manter distância do veículo da frente";"Colisão traseira";"Com Vítimas Feridas";"Pleno dia";"Crescente";"Sol";"Dupla";"Reta";"Sim";2;0;1;0;1;0;1;2;-20,21740496;-40,26990578;"SR-ES";"UOP01";"DEL02"
337221;2021-01-29;"sexta";"08:05:00";"PR";369;"194";"ARAPONGAS";"Demais falhas mecânicas ou elétricas";"Saída de leito carroçável";"Com Vítimas Feridas";"Pleno dia";"Decrescente";"Garoa/Chuvisco";"Dupla";"Reta";"Sim";1;0;1;0;0;0;1;1;-23,484204;-51,423841;"SR-PR";"UAP01";"DEL07"
337222;2021-01-29;"sexta";"10:33:00";"SC";101;"326.6";"CAPIVARI DE BAIXO";"Velocidade Incompatível";"Saída de leito carroçável";"Com Vítimas Fatais";"Pleno dia";"Decrescente";"Céu Claro";"Dupla";"Não Informado";"Sim";4;2;0;0;1;1;0;2;-28,43553444;-48,95896196;"SR-SC";"UOP01";"DEL02"
337223;2021-01-29;"sexta";"09:30:00";"SC";101;"405.3";"ARARANGUA";"Reação tardia ou ineficiente do condutor";"Colisão traseira";"Sem Vítimas";"Pleno dia";"Decrescente";"Sol";"Múltipla";"Reta";"Não";2;0;0;0;2;0;0;2;-28,88548916;-49,4630158;"SR-SC";"UOP02";"DEL02"
337224;2021-01-29;"sexta";"09:30:00";"RJ";101;"433";"MANGARATIBA";"Acessar a via sem observar a presença dos outros veículos";"Colisão transversal";"Com Vítimas Feridas";"Plena Noite";"Crescente";"Céu Claro";"Simples";"Retorno Regulamentado";"Sim";2;0;2;0;0;0;2;2;-22,93842518;-44,03644001;"SR-RJ";"UOP01";"DEL03"
337226;2021-01-29;"sexta";"09:30:00";"SC";282;"505.4";"XANXERE";"Velocidade Incompatível";"Colisão traseira";"Com Vítimas Feridas";"Pleno dia";"Crescente";"Chuva";"Dupla";"Reta";"Sim";2;0;0;1;1;0;1;2;-26,885883;-52,418762;"SR-SC";"UOP01";"DEL07"
337227;2021-01-22;"sexta";"08:30:00";"SP";116;"495";"CAJATI";"Avarias e/ou desgaste excessivo no pneu";"Saída de leito carroçável";"Com Vítimas Feridas";"Pleno dia";"Crescente";"Céu Claro";"Dupla";"Curva";"Não";1;0;1;0;0;0;1;1;-24,75305728;-48,15816164;"SR-SP";"UOP01";"DEL05"
337228;2021-01-29;"sexta";"11:25:00";"SC";282;"6";"SAO JOSE";"Manobra de mudança de faixa";"Colisão transversal";"Com Vítimas Feridas";"Pleno dia";"Crescente";"Nublado";"Dupla";"Curva";"Não";2;0;1;0;1;0;1;2;-27,591936;-48,618244;"SR-SC";"UOP01";"DEL01"
337229;2021-01-29;"sexta";"11:40:00";"MG";153;"87";"PRATA";"Reação tardia ou ineficiente do condutor";"Colisão lateral";"Com Vítimas Feridas";"Pleno dia";"Decrescente";"Sol";"Simples";"Reta";"Não";2;0;1;0;1;0;1;2;-19,11737199;-48,96972196;"SR-MG";"UOP03";"DEL15"
337230;2021-01-29;"sexta";"10:30:00";"MT";163;"98";"RONDONOPOLIS";"Mal súbito do condutor";"Saída de leito carroçável";"Com Vítimas Feridas";"Pleno dia";"Decrescente";"Sol";"Dupla";"Reta";"Não";1;0;1;0;0;0;1;1;-16,67672025;-54,67299848;"SR-MT";"UOP01";"DEL02"
337231;2021-01-29;"sexta";"09:40:00";"RO";319;"59";"PORTO VELHO";"Reação tardia ou ineficiente do condutor";"Colisão traseira";"Sem Vítimas";"Pleno dia";"Decrescente";"Nublado";"Dupla";"Reta";"Sim";1;0;0;0;1;0;0;1;-8,74296064;-63,90901566;"SR-RO";"UOP01";"DEL01"
337232;2021-01-29;"sexta";"11:15:00";"PR";373;"174.5";"PONTA GROSSA";"Manobra de mudança de faixa";"Colisão lateral mesmo sentido";"Com Vítimas Feridas";"Pleno dia";"Crescente";"Nublado";"Dupla";"Reta";"Sim";2;0;0;1;1;0;1;2;-25,07215005;-50,21155357;"SR-PR";"UAP01";"DEL03"
337233;2021-01-29;"sexta";"11:40:00";"MG";262;"442.2";"NOVA SERRANA";"Pedestre cruzava a pista fora da faixa";"Atropelamento de Pedestre";"Com Vítimas Feridas";"Pleno dia";"Decrescente";"Céu Claro";"Dupla";"Reta";"Sim";4;0;0;1;1;2;1;1;-19,8806236;-44,91232265;"SR-MG";"UOP03";"DEL08"
337234;2021-01-29;"sexta";"10:30:00";"PR";369;"155.2";"LONDRINA";"Reação tardia ou ineficiente do condutor";"Saída de leito carroçável";"Sem Vítimas";"Pleno dia";"Decrescente";"Nublado";"Dupla";"Reta";"Sim";1;0;0;0;1;0;0;1;-23,29507;-51,210121;"SR-PR";"UOP01";"DEL07"