"id";"data_inversa";"dia_semana";"horario";"uf";"br";"km";"municipio";"causa_acidente";"tipo_acidente";"classificacao_acidente";"fase_dia";"sentido_via";"condicao_metereologica";"tipo_pista";"tracado_via";"uso_solo";"pessoas";"mortos";"feridos_leves";"feridos_graves";"ilesos";"ignorados";"feridos";"veiculos";"latitude";"longitude";"regional";"delegacia";"uop"
337526;2021-01-30;"sábado";"13:40:00";"RO";319;"52";"PORTO VELHO";"Acessar a via sem observar a presença dos outros veículos";"Colisão transversal";"Com Vítimas Feridas";"Pleno dia";"Decrescente";"Céu Claro";"Simples";"Reta";"Não";5;0;0;2;3;0;2;2;-8,7344222;-63,96451012;"SR-RO";"UOP01";"DEL01"
337527;2021-01-30;"sábado";"17:30:00";"SP";116;"103";"TAUBATE";"Avarias e/ou desgaste excessivo no pneu";"Queda de ocupante de veículo";"Com Vítimas Feridas";"Pleno dia";"Crescente";"Céu Claro";"Dupla";"Reta";"Não";1;0;0;1;0;0;1;1;-22,99919465;-45,49788917;"SR-SP";"UOP02";"DEL02"
337528;2021-01-30;"sábado";"15:30:00";"PR";153;"42.7";"SANTO ANTONIO DA PLATINA";"Condutor deixou de manter distância do veículo da frente";"Colisão traseira";"Com Vítimas Feridas";"Pleno dia";"Crescente";"Céu Claro";"Simples";"Reta";"Sim";3;0;0;2;1;0;2;2;-23,29512144;-50,06578041;"SR-PR";"UOP03";"DEL07"
337529;2021-01-30;"sábado";"16:50:00";"PR";376;"668";"GUARATUBA";"Problema com o freio";"Colisão lateral";"Sem Vítimas";"Pleno dia";"Crescente";"Céu Claro";"Múltipla";"Não Informado";"Não";2;0;0;0;2;0;0;2;-25,864159;-48,937538;"SR-PR";"UOP04";"DEL01"
337530;2021-01-30;"sábado";"17:30:00";"PR";476;"135";"CURITIBA";"Condutor deixou de manter distância do veículo da frente";"Colisão traseira";"Sem Vítimas";"Pleno dia";"Decrescente";"Garoa/Chuvisco";"Múltipla";"Reta";"Sim";2;0;0;0;2;0;0;2;-25,483786;-49,265808;"SR-PR";"UOP03";"DEL01"
337531;2021-01-30;"sábado";"16:10:00";"RO";319;"62";"PORTO VELHO";"Reação tardia ou ineficiente do condutor";"Saída de leito carroçável";"Sem Vítimas";"Pleno dia";"Crescente";"Céu Claro";"Múltipla";"Reta";"Sim";1;0;0;0;0;1;0;1;-8,74928647;-63,88818562;"SR-RO";"UOP01";"DEL01"
337532;2021-01-30;"sábado";"13:00:00";"RJ";116;"119";"DUQUE DE CAXIAS";"Problema na suspensão";"Colisão frontal";"Com Vítimas Feridas";"Pleno dia";"Decrescente";"Céu Claro";"Múltipla";"Reta";"Não";5;0;5;0;0;0;5;1;-22,76167422;-43,28663891;"SR-RJ";"UOP04";"DEL02"
337533;2021-01-30;"sábado";"09:50:00";"PR";277;"127";"CAMPO LARGO";"Velocidade Incompatível";"Capotamento";"Sem Vítimas";"Pleno dia";"Decrescente";"Ignorado";"Múltipla";"Reta";"Não";1;0;0;0;0;1;0;1;-25,44518045;-49,4985659;"SR-PR";"UOP06";"DEL01"
337534;2021-01-30;"sábado";"16:40:00";"PE";316;"107";"OURICURI";"Frear bruscamente";"Capotamento";"Com Vítimas Feridas";"Pleno dia";"Crescente";"Nublado";"Simples";"Reta";"Não";5;0;2;2;1;0;4;1;-7,96236583;-39,88894493;"SR-PE";"UOP02";"DEL05"
337535;2021-01-30;"sábado";"18:15:00";"PR";163;"278.7";"QUATRO PONTES";"Avarias e/ou desgaste excessivo no pneu";"Queda de ocupante de veículo";"Com Vítimas Feridas";"Pleno dia";"Crescente";"Nublado";"Dupla";"Curva";"Não";2;0;1;1;0;0;2;1;-24,60094197;-53,98016768;"SR-PR";"UOP02";"DEL06"
337536;2021-01-30;"sábado";"18:35:00";"PE";101;"68.5";"RECIFE";"Pedestre cruzava a pista fora da faixa";"Atropelamento de Pedestre";"Com Vítimas Feridas";"Plena Noite";"Crescente";"Céu Claro";"Dupla";"Reta";"Sim";2;0;0;1;1;0;1;1;-8,05074296;-34,94580619;"SR-PE";"UOP01";"DEL01"
337537;2021-01-30;"sábado";"15:00:00";"RS";472;"442";"ITAQUI";"Demais falhas mecânicas ou elétricas";"Incêndio";"Sem Vítimas";"Pleno dia";"Decrescente";"Chuva";"Simples";"Reta";"Não";1;0;0;0;0;1;0;1;-28,96053882;-56,1371852;"SR-RS";"UOP01";"DEL12"
337538;2021-01-30;"sábado";"14:45:00";"MG";364;"26";"FRUTAL";"Velocidade Incompatível";"Colisão traseira";"Com Vítimas Feridas";"Pleno dia";"Decrescente";"Céu Claro";"Simples";"Reta";"Não";3;0;0;1;2;0;1;3;-20,025185;-48,94096;"SR-MG";"UOP02";"DEL13"
337539;2021-01-30;"sábado";"14:00:00";"PE";101;"37";"IGARASSU";"Demais falhas mecânicas ou elétricas";"Saída de leito carroçável";"Com Vítimas Feridas";"Pleno dia";"Crescente";"Céu Claro";"Dupla";"Reta";"Não";3;0;3;0;0;0;3;1;-7,79726705;-34,9274932;"SR-PE";"UOP02";"DEL01"
337540;2021-01-30;"sábado";"17:15:00";"RS";386;"215";"TIO HUGO";"Condutor deixou de manter distância do veículo da frente";"Colisão lateral sentido oposto";"Com Vítimas Feridas";"Pleno dia";"Decrescente";"Céu Claro";"Simples";"Reta";"Sim";3;0;2;0;1;0;2;2;-28,57666;-52,596031;"SR-RS";"UOP03";"DEL04"
337541;2021-01-30;"sábado";"18:55:00";"PR";476;"136";"CURITIBA";"Ausência de reação do condutor";"Queda de ocupante de veículo";"Com Vítimas Feridas";"Pleno dia";"Decrescente";"Nublado";"Múltipla";"Reta";"Sim";1;0;1;0;0;0;1;1;-25,491047;-49,271679;"SR-PR";"UOP03";"DEL01"
337542;2021-01-30;"sábado";"18:40:00";"RS";290;"71";"GRAVATAI";"Reação tardia ou ineficiente do condutor";"Capotamento";"Sem Vítimas";"Pleno dia";"Decrescente";"Céu Claro";"Dupla";"Reta";"Sim";1;0;0;0;0;1;0;1;-29,951347;-50,965858;"SR-RS";"UOP01";"DEL03"
337543;2021-01-30;"sábado";"16:40:00";"MT";70;"742";"CACERES";"Ultrapassagem Indevida";"Saída de leito carroçável";"Com Vítimas Feridas";"Pleno dia";"Decrescente";"Céu Claro";"Simples";"Reta";"Não";6;0;5;0;0;1;5;2;-16,02448947;-57,73143768;"SR-MT";"UOP01";"DEL03"
337544;2021-01-30;"sábado";"18:00:00";"SP";116;"509.8";"CAJATI";"Pista Escorregadia";"Colisão com objeto";"Com Vítimas Feridas";"Pleno dia";"Decrescente";"Céu Claro";"Dupla";"Curva";"Não";2;0;2;0;0;0;2;1;-24,82178987;-48,21419034;"SR-SP";"UOP02";"DEL05"
337546;2021-01-30;"sábado";"18:15:00";"SP";116;"274";"TABOAO DA SERRA";"Ausência de reação do condutor";"Colisão lateral mesmo sentido";"Com Vítimas Feridas";"Anoitecer";"Crescente";"Céu Claro";"Dupla";"Reta";"Sim";4;0;2;0;2;0;2;2;-23,63445084;-46,82418514;"SR-SP";"UOP01";"DEL04"
337547;2021-01-30;"sábado";"19:40:00";"MG";40;"545.9";"NOVA LIMA";"Demais falhas mecânicas ou elétricas";"Colisão com objeto";"Com Vítimas Feridas";"Plena Noite";"Decrescente";"Céu Claro";"Dupla";"Reta";"Não";2;0;1;0;1;0;1;2;-20,00670404;-43,96418668;"SR-MG";"UOP02";"DEL01"
337548;2021-01-30;"sábado";"17:00:00";"MG";40;"268";"TRES MARIAS";"Mal súbito do condutor";"Saída de leito carroçável";"Com Vítimas Feridas";"Pleno dia";"Crescente";"Céu Claro";"Simples";"Curva";"Não";1;0;0;1;0;0;1;1;-18,1662113;-45,290626;"SR-MG";"UOP02";"DEL14"
337550;2021-01-30;"sábado";"18:50:00";"MS";262;"552.8";"MIRANDA";"Ingestão de álcool pelo condutor";"Colisão traseira";"Com Vítimas Feridas";"Plena Noite";"Crescente";"Céu Claro";"Simples";"Não Informado";"Não";2;0;2;0;0;0;2;2;-20,26923616;-56,33219608;"SR-MS";"UOP02";"DEL03"
337551;2021-01-30;"sábado";"19:10:00";"PR";369;"161.2";"CAMBE";"Ingestão de álcool pelo condutor";"Colisão traseira";"Com Vítimas Feridas";"Plena Noite";"Crescente";"Chuva";"Dupla";"Não Informado";"Sim";4;0;0;1;3;0;1;2;-23,288419;-51,261655;"SR-PR";"UOP01";"DEL07"
337552;2021-01-30;"sábado";"17:00:00";"PR";153;"516.1";"PAULA FREITAS";"Acumulo de água sobre o pavimento";"Saída de leito carroçável";"Com Vítimas Feridas";"Pleno dia";"Decrescente";"Chuva";"Simples";"Reta";"Não";4;0;3;0;1;0;3;1;-26,172022;-50,91258;"SR-PR";"UOP03";"DEL02"
337553;2021-01-30;"sábado";"17:40:00";"MG";146;"505.7";"BANDEIRA DO SUL";"Manobra de mudança de faixa";"Colisão transversal";"Com Vítimas Feridas";"Pleno dia";"Decrescente";"Céu Claro";"Simples";"Reta";"Não";2;0;1;0;1;0;1;2;-21,74230017;-46,40691519;"SR-MG";"UOP01";"DEL09"
337555;2021-01-30;"sábado";"16:00:00";"PA";316;"116";"SANTA MARIA DO PARA";"Acessar a via sem observar a presença dos outros veículos";"Atropelamento de Pedestre";"Com Vítimas Fatais";"Pleno dia";"Decrescente";"Céu Claro";"Simples";"Não Informado";"Sim";3;1;0;0;1;1;0;1;-1,31441706;-47,47771498;"SR-PA";"UOP02";"DEL01"
337556;2021-01-30;"sábado";"20:00:00";"GO";40;"82.4";"CRISTALINA";"Velocidade Incompatível";"Colisão traseira";"Com Vítimas Fatais";"Plena Noite";"Crescente";"Céu Claro";"Dupla";"Reta";"Não";4;1;0;0;2;1;0;3;-16,684527;-47,703036;"SR-DF";"UOP04";"DEL01"
337558;2021-01-30;"sábado";"19:30:00";"PR";476;"140";"CURITIBA";"Acessar a via sem observar a presença dos outros veículos";"Colisão transversal";"Com Vítimas Feridas";"Plena Noite";"Crescente";"Nublado";"Simples";"Interseção de vias";"Sim";2;0;1;0;1;0;1;2;-25,520693;-49,294121;"SR-PR";"UOP03";"DEL01"
337559;2021-01-30;"sábado";"19:50:00";"MG";40;"815.5";"SIMAO PEREIRA";"Velocidade Incompatível";"Colisão com objeto";"Com Vítimas Feridas";"Plena Noite";"Crescente";"Céu Claro";"Dupla";"Curva";"Não";6;0;1;2;3;0;3;1;-21,899943;-43,31155704;"SR-MG";"UOP01";"DEL05"
337560;2021-01-30;"sábado";"17:30:00";"SC";280;"24.8";"ARAQUARI";"Conversão proibida";"Colisão traseira";"Com Vítimas Feridas";"Pleno dia";"Decrescente";"Céu Claro";"Simples";"Reta";"Sim";3;0;1;0;2;0;1;2;-26,37724921;-48,71953282;"SR-SC";"UOP03";"DEL03"
337561;2021-01-30;"sábado";"20:30:00";"SC";470;"54";"BLUMENAU";"Desrespeitar a preferência no cruzamento";"Colisão transversal";"Sem Vítimas";"Pleno dia";"Decrescente";"Céu Claro";"Simples";"Curva";"Não";2;0;0;0;2;0;0;2;-26,871065;-49,110374;"SR-SC";"UOP01";"DEL04"
337562;2021-01-30;"sábado";"20:10:00";"RN";101;"96";"NATAL";"Manobra de mudança de faixa";"Colisão lateral mesmo sentido";"Com Vítimas Feridas";"Plena Noite";"Crescente";"Céu Claro";"Múltipla";"Desvio Temporário";"Sim";2;0;0;1;1;0;1;2;-5,844631;-35,209035;"SR-RN";"UOP01";"DEL01"
337563;2021-01-30;"sábado";"20:00:00";"SC";101;"203";"SAO JOSE";"Desrespeitar a preferência no cruzamento";"Colisão transversal";"Com Vítimas Feridas";"Plena Noite";"Decrescente";"Céu Claro";"Dupla";"Rotatória";"Sim";2;0;0;1;1;0;1;2;-27,5650044;-48,61460082;"SR-SC";"UOP01";"DEL01"
337564;2021-01-30;"sábado";"19:30:00";"RN";304;"24";"MOSSORO";"Velocidade Incompatível";"Saída de leito carroçável";"Com Vítimas Feridas";"Plena Noite";"Decrescente";"Céu Claro";"Simples";"Rotatória";"Não";2;0;1;0;0;1;1;1;-5,06685633;-37,33089924;"SR-RN";"UOP02";"DEL04"
337565;2021-01-30;"sábado";"16:30:00";"SP";116;"564";"BARRA DO TURVO";"Pista Escorregadia";"Colisão com objeto";"Sem Vítimas";"Pleno dia";"Crescente";"Chuva";"Dupla";"Curva";"Não";1;0;0;0;1;0;0;1;-25,03583856;-48,53776932;"SR-SP";"UOP02";"DEL05"
337566;2021-01-30;"sábado";"20:40:00";"SC";470;"70.5";"INDAIAL";"Ultrapassagem Indevida";"Colisão lateral mesmo sentido";"Com Vítimas Feridas";"Plena Noite";"Decrescente";"Nublado";"Simples";"Reta";"Não";2;0;0;1;1;0;1;2;-26,889374;-49,254478;"SR-SC";"UOP01";"DEL04"
337567;2021-01-30;"sábado";"12:05:00";"MG";365;"596.4";"UBERLANDIA";"Ausência de sinalização";"Colisão traseira";"Com Vítimas Feridas";"Pleno dia";"Decrescente";"Céu Claro";"Simples";"Reta";"Não";5;0;4;0;1;0;4;2;-18,88071533;-48,09478179;"SR-MG";"UOP01";"DEL15"
337568;2021-01-30;"sábado";"19:50:00";"RJ";101;"282";"ITABORAI";"Velocidade Incompatível";"Queda de ocupante de veículo";"Com Vítimas Feridas";"Plena Noite";"Decrescente";"Céu Claro";"Dupla";"Curva";"Sim";1;0;1;0;0;0;1;1;-22,73510272;-42,80402184;"SR-RJ";"UOP03";"DEL02"
337569;2021-01-30;"sábado";"20:00:00";"RJ";116;"188";"NOVA IGUACU";"Condutor deixou de manter distância do veículo da frente";"Engavetamento";"Sem Vítimas";"Plena Noite";"Decrescente";"Céu Claro";"Dupla";"Reta";"Sim";3;0;0;0;3;0;0;3;-22,7380709;-43,48213999;"SR-RJ";"UOP02";"DEL01"
337570;2021-01-30;"sábado";"20:00:00";"MS";262;"291";"CAMPO GRANDE";"Transitar na contramão";"Colisão transversal";"Com Vítimas Feridas";"Plena Noite";"Decrescente";"Céu Claro";"Simples";"Reta";"Não";5;0;3;0;2;0;3;2;-20,50108066;-54,24045307;"SR-MS";"UOP01";"DEL01"
337571;2021-01-30;"sábado";"19:30:00";"MG";354;"753.7";"ITAMONTE";"Acessar a via sem observar a presença dos outros veículos";"Colisão frontal";"Com Vítimas Feridas";"Plena Noite";"Decrescente";"Céu Claro";"Simples";"Reta";"Sim";4;0;1;0;3;0;1;3;-22,28389761;-44,86939967;"SR-MG";"UOP01";"DEL17"
337573;2021-01-30;"sábado";"20:40:00";"PI";343;"345.5";"TERESINA";"Condutor deixou de manter distância do veículo da frente";"Colisão traseira";"Com Vítimas Feridas";"Plena Noite";"Decrescente";"Nublado";"Múltipla";"Interseção de vias";"Sim";2;0;1;0;1;0;1;2;-5,102889;-42,766506;"SR-PI";"UOP01";"DEL01"
337574;2021-01-30;"sábado";"21:10:00";"RJ";101;"478";"ANGRA DOS REIS";"Transitar na contramão";"Colisão frontal";"Com Vítimas Fatais";"Plena Noite";"Decrescente";"Céu Claro";"Simples";"Reta";"Sim";5;1;0;1;2;1;1;4;-23,00246527;-44,27270594;"SR-RJ";"UOP01";"DEL03"
337575;2021-01-30;"sábado";"21:00:00";"RN";101;"98.5";"NATAL";"Ingestão de álcool pelo condutor";"Capotamento";"Sem Vítimas";"Plena Noite";"Crescente";"Céu Claro";"Dupla";"Viaduto";"Sim";1;0;0;0;1;0;0;1;-5,86567888;-35,21651625;"SR-RN";"UOP01";"DEL01"
337576;2021-01-30;"sábado";"19:00:00";"SC";101;"157";"PORTO BELO";"Ingestão de álcool pelo condutor";"Saída de leito carroçável";"Sem Vítimas";"Plena Noite";"Crescente";"Céu Claro";"Dupla";"Reta";"Sim";1;0;0;0;0;1;0;1;-27,181625;-48,6121179;"SR-SC";"UOP03";"DEL04"
337577;2021-01-30;"sábado";"16:30:00";"GO";70;"317";"JUSSARA";"Manobra de mudança de faixa";"Colisão lateral mesmo sentido";"Sem Vítimas";"Pleno dia";"Crescente";"Céu Claro";"Dupla";"Reta";"Sim";3;0;0;0;3;0;0;2;-15,87392989;-50,85810542;"SR-GO";"UOP01";"DEL04"
337579;2021-01-30;"sábado";"20:30:00";"GO";20;"202.8";"POSSE";"Demais falhas na via";"Colisão lateral";"Com Vítimas Feridas";"Plena Noite";"Crescente";"Garoa/Chuvisco";"Simples";"Reta";"Não";4;0;2;0;2;0;2;3;-14,298611;-46,444744;"SR-DF";"UOP02";"DEL02"
337580;2021-01-30;"sábado";"21:05:00";"PR";277;"131";"CAMPO LARGO";"Demais falhas mecânicas ou elétricas";"Saída de leito carroçável";"Com Vítimas Feridas";"Plena Noite";"Decrescente";"Garoa/Chuvisco";"Dupla";"Curva";"Não";1;0;1;0;0;0;1;1;-25,44518045;-49,4985659;"SR-PR";"UOP06";"DEL01"
337581;2021-01-30;"sábado";"20:40:00";"SP";116;"282";"EMBU DAS ARTES";"Ausência de reação do condutor";"Colisão com objeto";"Com Vítimas Fatais";"Plena Noite";"Decrescente";"Céu Claro";"Dupla";"Reta";"Sim";1;1;0;0;0;0;0;1;-23,68570216;-46,85970975;"SR-SP";"UOP01";"DEL04"
337583;2021-01-30;"sábado";"20:55:00";"MS";163;"663";"RIO VERDE DE MATO GROSSO";"Ultrapassagem Indevida";"Colisão frontal";"Com Vítimas Fatais";"Plena Noite";"Crescente";"Céu Claro";"Dupla";"Reta";"Não";4;1;0;3;0;0;3;3;-19,05900201;-54,79848701;"SR-MS";"UOP02";"DEL06"
337584;2021-01-30;"sábado";"18:40:00";"RS";153;"606";"HULHA NEGRA";"Chuva";"Tombamento";"Com Vítimas Fatais";"Anoitecer";"Crescente";"Chuva";"Simples";"Curva";"Não";6;2;2;1;1;0;3;2;-31,22752291;-53,87166216;"SR-RS";"UOP03";"DEL11"
337585;2021-01-30;"sábado";"22:40:00";"MG";381;"478";"CONTAGEM";"Manobra de mudança de faixa";"Colisão lateral";"Com Vítimas Feridas";"Plena Noite";"Crescente";"Céu Claro";"Múltipla";"Não Informado";"Sim";2;0;0;1;0;1;1;2;-19,95826094;-44,05921101;"SR-MG";"UOP03";"DEL01"
337587;2021-01-30;"sábado";"20:30:00";"DF";70;"14";"BRASILIA";"Ingestão de álcool pelo condutor";"Queda de ocupante de veículo";"Com Vítimas Feridas";"Plena Noite";"Crescente";"Céu Claro";"Dupla";"Reta";"Não";1;0;1;0;0;0;1;1;-15,797312;-48,176056;"SR-DF";"UOP03";"DEL01"
337588;2021-01-30;"sábado";"21:10:00";"RJ";101;"309";"SAO GONCALO";"Pedestre andava na pista";"Atropelamento de Pedestre";"Com Vítimas Fatais";"Plena Noite";"Crescente";"Céu Claro";"Dupla";"Reta";"Sim";2;1;0;0;1;0;0;1;-22,79498873;-43,03446105;"SR-RJ";"UOP02";"DEL02"
337589;2021-01-30;"sábado";"20:00:00";"MT";163;"833";"SINOP";"Reação tardia ou ineficiente do condutor";"Queda de ocupante de veículo";"Com Vítimas Feridas";"Plena Noite";"Decrescente";"Nublado";"Dupla";"Reta";"Sim";1;0;1;0;0;0;1;1;-12,004832;-55,51713;"SR-MT";"UOP01";"DEL06"
337590;2021-01-30;"sábado";"22:35:00";"PR";116;"122";"CURITIBA";"Ingestão de álcool pelo condutor";"Colisão traseira";"Sem Vítimas";"Plena Noite";"Crescente";"Nublado";"Dupla";"Reta";"Sim";2;0;0;0;2;0;0;2;-25,56857207;-49,31023179;"SR-PR";"UOP03";"DEL01"
337593;2021-01-30;"sábado";"22:00:00";"PE";101;"189";"PALMARES";"Velocidade Incompatível";"Colisão com objeto";"Com Vítimas Feridas";"Plena Noite";"Crescente";"Céu Claro";"Múltipla";"Curva";"Não";1;0;0;1;0;0;1;1;-8,69036647;-35,60430503;"SR-PE";"UOP03";"DEL01"
337594;2021-01-30;"sábado";"23:10:00";"GO";414;"437.5";"ANAPOLIS";"Entrada inopinada do pedestre";"Atropelamento de Pedestre";"Com Vítimas Fatais";"Plena Noite";"Decrescente";"Céu Claro";"Simples";"Não Informado";"Sim";2;1;0;0;0;1;0;1;-16,26365299;-48,93824303;"SR-GO";"UOP01";"DEL02"
337595;2021-01-30;"sábado";"22:30:00";"SE";101;"182.5";"UMBAUBA";"Acessar a via sem observar a presença dos outros veículos";"Colisão transversal";"Com Vítimas Feridas";"Plena Noite";"Crescente";"Céu Claro";"Simples";"Reta";"Sim";2;0;1;0;1;0;1;2;-11,37390377;-37,65552315;"SR-SE";"UOP03";"DEL02"
337596;2021-01-30;"sábado";"23:00:00";"PR";116;"151";"MANDIRITUBA";"Condutor deixou de manter distância do veículo da frente";"Colisão traseira";"Com Vítimas Feridas";"Plena Noite";"Crescente";"Céu Claro";"Simples";"Reta";"Sim";2;0;1;0;1;0;1;2;-25,82348404;-49,33547684;"SR-PR";"UOP03";"DEL01"
337597;2021-01-30;"sábado";"23:15:00";"DF";20;"7";"BRASILIA";"Pedestre cruzava a pista fora da faixa";"Atropelamento de Pedestre";"Com Vítimas Feridas";"Plena Noite";"Crescente";"Céu Claro";"Dupla";"Reta";"Sim";2;0;1;1;0;0;2;1;-15,662208;-47,799866;"SR-DF";"UOP01";"DEL02"
337598;2021-01-30;"sábado";"23:05:00";"SP";116;"225";"GUARULHOS";"Ingestão de álcool pelo condutor";"Colisão traseira";"Com Vítimas Feridas";"Plena Noite";"Crescente";"Nublado";"Múltipla";"Não Informado";"Sim";4;0;1;0;3;0;1;4;-23,48586772;-46,54075317;"SR-SP";"UOP01";"DEL01"
337599;2021-01-30;"sábado";"20:55:00";"PR";277;"477.4";"NOVA LARANJEIRAS";"Ingestão de álcool ou de substâncias psicoativas pelo pedestre";"Atropelamento de Pedestre";"Com Vítimas Feridas";"Plena Noite";"Crescente";"Nublado";"Simples";"Reta";"Não";2;0;1;0;0;1;1;1;-25,2994712;-52,55864812;"SR-PR";"UOP02";"DEL04"
337600;2021-01-30;"sábado";"23:10:00";"RN";101;"108.3";"PARNAMIRIM";"Demais falhas mecânicas ou elétricas";"Incêndio";"Sem Vítimas";"Plena Noite";"Decrescente";"Céu Claro";"Múltipla";"Reta";"Sim";1;0;0;0;1;0;0;1;-5,92825102;-35,26465683;"SR-RN";"UOP01";"DEL01"
337601;2021-01-22;"sexta";"15:10:00";"SC";282;"190.3";"LAGES";"Ingestão de álcool e/ou substâncias psicoativas pelo pedestre";"Atropelamento de Pedestre";"Com Vítimas Fatais";"Pleno dia";"Decrescente";"Chuva";"Simples";"Não Informado";"Não";2;1;0;0;0;1;0;1;-27,73682121;-50,03989312;"SR-SC";"UOP01";"DEL05"
337602;2021-01-30;"sábado";"20:00:00";"PI";343;"617";"FLORIANO";"Reação tardia ou ineficiente do condutor";"Saída de leito carroçável";"Com Vítimas Feridas";"Plena Noite";"Decrescente";"Nublado";"Simples";"Reta";"Não";4;0;1;3;0;0;4;1;-6,929653;-43,186806;"SR-PI";"UOP01";"DEL03"
337603;2021-01-30;"sábado";"21:30:00";"GO";153;"699";"ITUMBIARA";"Ingestão de álcool pelo condutor";"Colisão traseira";"Com Vítimas Feridas";"Plena Noite";"Crescente";"Céu Claro";"Dupla";"Reta";"Sim";2;0;1;0;1;0;1;2;-18,3862;-49,2076;"SR-GO";"UOP02";"DEL03"
337604;2021-01-30;"sábado";"23:10:00";"SP";116;"282";"EMBU DAS ARTES";"Condutor Dormindo";"Saída de leito carroçável";"Com Vítimas Feridas";"Plena Noite";"Decrescente";"Céu Claro";"Dupla";"Reta";"Sim";3;0;2;0;1;0;2;1;-23,68570216;-46,85970975;"SR-SP";"UOP01";"DEL04"
337605;2021-01-30;"sábado";"23:45:00";"SP";116;"171";"JACAREI";"Reação tardia ou ineficiente do condutor";"Colisão com objeto";"Com Vítimas Feridas";"Plena Noite";"Crescente";"Céu Claro";"Dupla";"Reta";"Não";3;0;1;0;2;0;1;3;-23,31217395;-46,06330303;"SR-SP";"UOP01";"DEL02"
337606;2021-01-30;"sábado";"23:40:00";"RS";116;"232";"ESTANCIA VELHA";"Retorno proibido";"Colisão transversal";"Sem Vítimas";"Plena Noite";"Decrescente";"Nublado";"Simples";"Reta";"Não";2;0;0;0;2;0;0;2;-29,63300002;-51,14325106;"SR-RS";"UOP02";"DEL01"
337607;2021-01-30;"sábado";"22:50:00";"RO";364;"711";"PORTO VELHO";"Reação tardia ou ineficiente do condutor";"Colisão com objeto";"Com Vítimas Feridas";"Plena Noite";"Crescente";"Nublado";"Dupla";"Interseção de vias";"Sim";1;0;1;0;0;0;1;1;-8,78153947;-63,86531369;"SR-RO";"UOP01";"DEL01"
337608;2021-01-30;"sábado";"21:55:00";"RJ";116;"129";"MAGE";"Velocidade Incompatível";"Colisão traseira";"Com Vítimas Feridas";"Plena Noite";"Crescente";"Céu Claro";"Dupla";"Reta";"Não";2;0;1;0;1;0;1;2;-22,66471224;-43,11056004;"SR-RJ";"UOP04";"DEL02"
337609;2021-01-31;"domingo";"00:05:00";"SC";101;"183";"BIGUACU";"Ausência de reação do condutor";"Colisão com objeto";"Com Vítimas Feridas";"Plena Noite";"Crescente";"Nublado";"Dupla";"Reta";"Sim";2;0;1;0;1;0;1;1;-27,40688892;-48,6285296;"SR-SC";"UOP01";"DEL01"
337610;2021-01-30;"sábado";"23:40:00";"GO";50;"224.5";"CATALAO";"Ingestão de álcool pelo condutor";"Saída de leito carroçável";"Sem Vítimas";"Plena Noite";"Crescente";"Céu Claro";"Dupla";"Reta";"Não";1;0;0;0;1;0;0;1;-17,7561;-47,7394;"SR-GO";"UOP01";"DEL06"
337611;2021-01-30;"sábado";"22:40:00";"PR";369;"149";"LONDRINA";"Condutor desrespeitou a iluminação vermelha do semáforo";"Colisão transversal";"Com Vítimas Feridas";"Plena Noite";"Decrescente";"Chuva";"Dupla";"Não Informado";"Sim";2;0;0;1;1;0;1;2;-23,29295365;-51,15391016;"SR-PR";"UOP01";"DEL07"
337612;2021-01-30;"sábado";"23:55:00";"SP";116;"271.5";"TABOAO DA SERRA";"Trafegar com motocicleta (ou similar) entre as faixas";"Colisão lateral mesmo sentido";"Com Vítimas Feridas";"Plena Noite";"Decrescente";"Céu Claro";"Dupla";"Reta";"Sim";2;0;1;0;1;0;1;2;-23,61809286;-46,80556302;"SR-SP";"UOP01";"DEL04"
337613;2021-01-30;"sábado";"22:30:00";"RJ";116;"324";"ITATIAIA";"Ingestão de álcool e/ou substâncias psicoativas pelo pedestre";"Atropelamento de Pedestre";"Com Vítimas Feridas";"Plena Noite";"Decrescente";"Nublado";"Dupla";"Reta";"Não";2;0;0;1;1;0;1;1;-22,49106419;-44,56183985;"SR-RJ";"UOP02";"DEL07"
337615;2021-01-31;"domingo";"00:40:00";"DF";40;"7.4";"BRASILIA";"Velocidade Incompatível";"Colisão lateral";"Com Vítimas Feridas";"Plena Noite";"Crescente";"Céu Claro";"Dupla";"Reta";"Não";6;0;0;1;5;0;1;3;-16,038666;-47,979691;"SR-DF";"UOP01";"DEL01"
337616;2021-01-31;"domingo";"01:00:00";"PI";343;"12.4";"PARNAIBA";"Ingestão de álcool pelo condutor";"Engavetamento";"Sem Vítimas";"Plena Noite";"Decrescente";"Céu Claro";"Dupla";"Reta";"Sim";3;0;0;0;2;1;0;3;-2,910035;-41,753662;"SR-PI";"UOP01";"DEL05"
337617;2021-01-30;"sábado";"21:20:00";"RS";153;"402.2";"CACHOEIRA DO SUL";"Objeto estático sobre o leito carroçável";"Colisão com objeto";"Com Vítimas Feridas";"Plena Noite";"Crescente";"Chuva";"Dupla";"Desvio Temporário";"Não";1;0;1;0;0;0;1;1;-30,02661403;-52,91649312;"SR-RS";"UOP03";"DEL02"
337618;2021-01-30;"sábado";"20:30:00";"RJ";101;"504";"ANGRA DOS REIS";"Transitar na contramão";"Colisão transversal";"Com Vítimas Feridas";"Plena Noite";"Crescente";"Céu Claro";"Simples";"Reta";"Sim";2;0;0;1;1;0;1;2;-22,932978;-44,393068;"SR-RJ";"UOP02";"DEL03"