"id";"data_inversa";"dia_semana";"horario";"uf";"br";"km";"municipio";"causa_acidente";"tipo_acidente";"classificacao_acidente";"fase_dia";"sentido_via";"condicao_metereologica";"tipo_pista";"tracado_via";"uso_solo";"pessoas";"mortos";"feridos_leves";"feridos_graves";"ilesos";"ignorados";"feridos";"veiculos";"latitude";"longitude";"regional";"delegacia";"uop"
337619;2021-01-31;"domingo";"00:15:00";"PR";476;"270.8";"SAO MATEUS DO SUL";"Ingestão de álcool pelo condutor";"Saída de leito carroçável";"Sem Vítimas";"Plena Noite";"Decrescente";"Nublado";"Simples";"Reta";"Não";1;0;0;0;1;0;0;1;-25,897345;-50,33913;"SR-PR";"UOP04";"DEL02"
337620;2021-01-30;"sábado";"22:30:00";"RS";386;"36.7";"FREDERICO WESTPHALEN";"Transitar na contramão";"Colisão lateral sentido oposto";"Sem Vítimas";"Plena Noite";"Decrescente";"Chuva";"Simples";"Reta";"Sim";2;0;0;0;0;2;0;2;-27,373381;-53,39772;"SR-RS";"UOP02";"DEL08"
337621;2021-01-31;"domingo";"01:00:00";"MG";146;"509.5";"POCOS DE CALDAS";"Ingestão de álcool pelo condutor";"Colisão frontal";"Com Vítimas Feridas";"Plena Noite";"Crescente";"Céu Claro";"Simples";"Curva";"Não";2;0;2;0;0;0;2;2;-21,78700262;-46,43933954;"SR-MG";"UOP01";"DEL09"
337622;2021-01-31;"domingo";"01:15:00";"PB";230;"176.5";"POCINHOS";"Transitar na contramão";"Colisão frontal";"Com Vítimas Fatais";"Plena Noite";"Crescente";"Céu Claro";"Simples";"Reta";"Não";3;1;0;0;2;0;0;2;-7,1733;-36,0333;"SR-PB";"UOP02";"DEL02"
337623;2021-01-31;"domingo";"01:30:00";"PR";116;"126";"FAZENDA RIO GRANDE";"Ingestão de álcool pelo condutor";"Colisão traseira";"Sem Vítimas";"Plena Noite";"Decrescente";"Nublado";"Dupla";"Reta";"Sim";2;0;0;0;2;0;0;2;-25,60389895;-49,31824423;"SR-PR";"UOP03";"DEL01"
337624;2021-01-30;"sábado";"19:40:00";"PI";316;"96";"BARRO DURO";"Desrespeitar a preferência no cruzamento";"Colisão transversal";"Com Vítimas Feridas";"Plena Noite";"Decrescente";"Garoa/Chuvisco";"Simples";"Reta";"Sim";2;0;0;1;1;0;1;2;-5,81557921;-42,51383316;"SR-PI";"UOP02";"DEL04"
337625;2021-01-31;"domingo";"01:00:00";"RJ";116;"178";"NOVA IGUACU";"Ingestão de álcool pelo condutor";"Colisão traseira";"Sem Vítimas";"Plena Noite";"Decrescente";"Céu Claro";"Simples";"Reta";"Sim";4;0;0;0;4;0;0;3;-22,77496393;-43,40081465;"SR-RJ";"UOP02";"DEL01"
337626;2021-01-31;"domingo";"02:00:00";"MG";40;"500";"ESMERALDAS";"Animais na Pista";"Atropelamento de Animal";"Com Vítimas Feridas";"Plena Noite";"Decrescente";"Céu Claro";"Dupla";"Reta";"Não";2;0;0;1;0;1;1;1;-19,70073502;-44,17382703;"SR-MG";"UOP01";"DEL02"
337627;2021-01-31;"domingo";"02:00:00";"ES";101;"69";"SAO MATEUS";"Velocidade Incompatível";"Colisão com objeto";"Com Vítimas Feridas";"Plena Noite";"Decrescente";"Nublado";"Simples";"Reta";"Sim";1;0;1;0;0;0;1;1;-18,73556097;-39,86069526;"SR-ES";"UOP02";"DEL04"
337628;2021-01-31;"domingo";"01:25:00";"PR";277;"339";"GUARAPUAVA";"Animais na Pista";"Atropelamento de Animal";"Sem Vítimas";"Plena Noite";"Crescente";"Nublado";"Dupla";"Reta";"Sim";1;0;0;0;1;0;0;1;-25,34632226;-51,38590684;"SR-PR";"UOP01";"DEL08"
337629;2021-01-31;"domingo";"01:40:00";"PR";277;"349";"GUARAPUAVA";"Reação tardia ou ineficiente do condutor";"Saída de leito carroçável";"Sem Vítimas";"Plena Noite";"Crescente";"Nublado";"Simples";"Não Informado";"Sim";1;0;0;0;1;0;0;1;-25,43202901;-51,65508801;"SR-PR";"UOP01";"DEL08"
337632;2021-01-30;"sábado";"23:10:00";"PI";407;"432.6";"PICOS";"Ingestão de álcool pelo condutor";"Saída de leito carroçável";"Com Vítimas Feridas";"Plena Noite";"Decrescente";"Céu Claro";"Simples";"Reta";"Não";1;0;1;0;0;0;1;1;-7,13935854;-41,37948455;"SR-PI";"UOP01";"DEL04"
337633;2021-01-31;"domingo";"02:20:00";"CE";304;"51.5";"ARACATI";"Velocidade Incompatível";"Saída de leito carroçável";"Sem Vítimas";"Plena Noite";"Decrescente";"Céu Claro";"Simples";"Curva";"Não";1;0;0;0;0;1;0;1;-4,56942301;-37,75341799;"SR-CE";"UOP03";"DEL03"
337634;2021-01-31;"domingo";"00:40:00";"MT";163;"589";"NOVA MUTUM";"Ingestão de álcool pelo condutor";"Tombamento";"Com Vítimas Feridas";"Plena Noite";"Crescente";"Céu Claro";"Simples";"Reta";"Não";1;0;1;0;0;0;1;1;-14,00516903;-56,09818679;"SR-MT";"UOP01";"DEL01"
337635;2021-01-31;"domingo";"02:15:00";"RJ";116;"141";"DUQUE DE CAXIAS";"Ausência de reação do condutor";"Saída de leito carroçável";"Sem Vítimas";"Plena Noite";"Crescente";"Céu Claro";"Dupla";"Reta";"Sim";1;0;0;0;0;1;0;1;-22,64724486;-43,22083001;"SR-RJ";"UOP01";"DEL01"
337636;2021-01-31;"domingo";"03:00:00";"PB";230;"67.8";"SAO MIGUEL DE TAIPU";"Demais falhas mecânicas ou elétricas";"Saída de leito carroçável";"Com Vítimas Feridas";"Plena Noite";"Decrescente";"Céu Claro";"Dupla";"Não Informado";"Não";3;0;1;0;2;0;1;1;-7,18805347;-35,21214187;"SR-PB";"UOP03";"DEL01"
337638;2021-01-31;"domingo";"00:48:00";"MT";70;"735.2";"CACERES";"Ingestão de álcool pelo condutor";"Colisão com objeto";"Com Vítimas Feridas";"Plena Noite";"Decrescente";"Céu Claro";"Simples";"Reta";"Sim";1;0;0;1;0;0;1;1;-16,07414952;-57,70372912;"SR-MT";"UOP01";"DEL03"
337639;2021-01-31;"domingo";"02:30:00";"PB";230;"22.1";"JOAO PESSOA";"Velocidade Incompatível";"Colisão com objeto";"Com Vítimas Fatais";"Plena Noite";"Decrescente";"Céu Claro";"Dupla";"Reta";"Sim";4;1;3;0;0;0;3;1;-7,15306842;-34,85463023;"SR-PB";"UOP01";"DEL01"
337640;2021-01-31;"domingo";"03:40:00";"SP";116;"212.5";"GUARULHOS";"Estacionar ou parar em local proibido";"Atropelamento de Pedestre";"Com Vítimas Fatais";"Plena Noite";"Decrescente";"Nublado";"Múltipla";"Reta";"Sim";6;1;1;1;2;1;2;2;-23,43608315;-46,42805094;"SR-SP";"UOP01";"DEL01"
337641;2021-01-30;"sábado";"23:50:00";"PI";407;"438";"GEMINIANO";"Acessar a via sem observar a presença dos outros veículos";"Colisão transversal";"Com Vítimas Feridas";"Plena Noite";"Decrescente";"Céu Claro";"Simples";"Reta";"Não";4;0;3;0;1;0;3;2;-7,17534668;-41,33766876;"SR-PI";"UOP01";"DEL04"
337642;2021-01-31;"domingo";"01:50:00";"RO";364;"703";"PORTO VELHO";"Velocidade Incompatível";"Colisão traseira";"Sem Vítimas";"Plena Noite";"Decrescente";"Chuva";"Dupla";"Reta";"Sim";2;0;0;0;2;0;0;2;-8,80021523;-63,79557792;"SR-RO";"UOP01";"DEL01"
337643;2021-01-31;"domingo";"02:00:00";"RJ";40;"54";"PETROPOLIS";"Ingestão de álcool pelo condutor";"Colisão com objeto";"Com Vítimas Feridas";"Plena Noite";"Crescente";"Céu Claro";"Dupla";"Não Informado";"Não";1;0;1;0;0;0;1;1;-22,352438;-43,121003;"SR-RJ";"UOP01";"DEL06"
337644;2021-01-31;"domingo";"00:30:00";"RS";386;"360";"ESTRELA";"Velocidade Incompatível";"Capotamento";"Com Vítimas Feridas";"Plena Noite";"Crescente";"Chuva";"Dupla";"Reta";"Não";1;0;1;0;0;0;1;1;-29,5476;-51,908142;"SR-RS";"UOP02";"DEL04"
337645;2021-01-31;"domingo";"02:15:00";"SC";470;"148.6";"AGRONOMICA";"Ingestão de álcool pelo condutor";"Colisão com objeto";"Com Vítimas Feridas";"Plena Noite";"Crescente";"Nublado";"Simples";"Reta";"Não";1;0;1;0;0;0;1;1;-27,246288;-49,694355;"SR-SC";"UOP02";"DEL04"
337646;2021-01-31;"domingo";"04:00:00";"SP";381;"60";"MAIRIPORA";"Reação tardia ou ineficiente do condutor";"Capotamento";"Sem Vítimas";"Plena Noite";"Crescente";"Céu Claro";"Dupla";"Não Informado";"Não";1;0;0;0;1;0;0;1;-23,28957673;-46,58729853;"SR-SP";"UOP01";"DEL03"
337647;2021-01-31;"domingo";"04:20:00";"CE";222;"4";"CAUCAIA";"Ausência de reação do condutor";"Tombamento";"Com Vítimas Feridas";"Amanhecer";"Decrescente";"Céu Claro";"Múltipla";"Reta";"Sim";1;0;1;0;0;0;1;1;-3,74164754;-38,60449792;"SR-CE";"UOP01";"DEL01"
337648;2021-01-31;"domingo";"04:00:00";"RJ";116;"129";"MAGE";"Manobra de mudança de faixa";"Queda de ocupante de veículo";"Com Vítimas Feridas";"Plena Noite";"Decrescente";"Céu Claro";"Dupla";"Reta";"Sim";1;0;1;0;0;0;1;1;-22,66471224;-43,11056004;"SR-RJ";"UOP04";"DEL02"
337649;2021-01-30;"sábado";"13:25:00";"SC";282;"2.9";"FLORIANOPOLIS";"Demais falhas mecânicas ou elétricas";"Colisão lateral mesmo sentido";"Com Vítimas Feridas";"Pleno dia";"Decrescente";"Céu Claro";"Múltipla";"Reta";"Sim";3;0;1;0;2;0;1;3;-27,603289;-48,590416;"SR-SC";"UOP01";"DEL01"
337651;2021-01-31;"domingo";"02:10:00";"RJ";101;"293";"ITABORAI";"Acumulo de areia ou detritos sobre o pavimento";"Saída de leito carroçável";"Com Vítimas Feridas";"Plena Noite";"Crescente";"Céu Claro";"Múltipla";"Curva";"Sim";1;0;0;1;0;0;1;1;-22,75498078;-42,89111853;"SR-RJ";"UOP02";"DEL02"
337652;2021-01-31;"domingo";"05:00:00";"ES";101;"289";"CARIACICA";"Velocidade Incompatível";"Capotamento";"Com Vítimas Feridas";"Pleno dia";"Crescente";"Céu Claro";"Dupla";"Não Informado";"Não";2;0;1;0;1;0;1;1;-20,28029304;-40,39302931;"SR-ES";"UOP01";"DEL01"
337653;2021-01-31;"domingo";"04:40:00";"SP";116;"220";"GUARULHOS";"Condutor deixou de manter distância do veículo da frente";"Colisão traseira";"Com Vítimas Feridas";"Plena Noite";"Crescente";"Ignorado";"Múltipla";"Reta";"Sim";2;0;1;0;1;0;1;2;-23,46472809;-46,49793962;"SR-SP";"UOP01";"DEL01"
337654;2021-01-30;"sábado";"23:05:00";"SC";282;"498.9";"XANXERE";"Ingestão de álcool e/ou substâncias psicoativas pelo pedestre";"Colisão lateral mesmo sentido";"Com Vítimas Feridas";"Plena Noite";"Crescente";"Nublado";"Simples";"Curva";"Não";2;0;1;0;1;0;1;2;-26,87978;-52,353825;"SR-SC";"UOP01";"DEL07"
337655;2021-01-31;"domingo";"02:00:00";"SC";480;"126.5";"CHAPECO";"Chuva";"Colisão com objeto";"Sem Vítimas";"Plena Noite";"Crescente";"Chuva";"Dupla";"Reta";"Não";1;0;0;0;0;1;0;1;-27,020083;-52,636024;"SR-SC";"UOP01";"DEL07"
337656;2021-01-31;"domingo";"06:10:00";"PR";376;"665";"TIJUCAS DO SUL";"Curva acentuada";"Capotamento";"Com Vítimas Feridas";"Amanhecer";"Crescente";"Nublado";"Múltipla";"Não Informado";"Não";1;0;1;0;0;0;1;1;-25,85455838;-48,95670808;"SR-PR";"UOP04";"DEL01"
337658;2021-01-31;"domingo";"06:05:00";"RS";158;"326";"SANTA MARIA";"Velocidade Incompatível";"Colisão com objeto";"Com Vítimas Feridas";"Pleno dia";"Decrescente";"Céu Claro";"Simples";"Viaduto";"Sim";1;0;1;0;0;0;1;1;-29,70975376;-53,80284617;"SR-RS";"UOP01";"DEL09"
337660;2021-01-31;"domingo";"03:50:00";"RS";470;"233.8";"CARLOS BARBOSA";"Ingestão de álcool pelo condutor";"Saída de leito carroçável";"Com Vítimas Feridas";"Plena Noite";"Crescente";"Garoa/Chuvisco";"Simples";"Não Informado";"Não";1;0;1;0;0;0;1;1;-29,30632426;-51,48598021;"SR-RS";"UOP01";"DEL06"
337661;2021-01-31;"domingo";"04:30:00";"BA";116;"162";"CANUDOS";"Transitar na contramão";"Colisão lateral";"Com Vítimas Feridas";"Plena Noite";"Crescente";"Céu Claro";"Simples";"Reta";"Não";3;0;0;1;2;0;1;2;-10,03501199;-39,15931172;"SR-BA";"UOP02";"DEL07"
337663;2021-01-31;"domingo";"05:20:00";"RJ";116;"180";"NOVA IGUACU";"Condutor deixou de manter distância do veículo da frente";"Colisão traseira";"Com Vítimas Feridas";"Amanhecer";"Crescente";"Céu Claro";"Dupla";"Reta";"Sim";3;0;1;0;0;2;1;2;-22,7651616;-43,4154728;"SR-RJ";"UOP02";"DEL01"
337664;2021-01-31;"domingo";"06:30:00";"BA";101;"40.5";"ESPLANADA";"Demais falhas na via";"Colisão lateral sentido oposto";"Com Vítimas Feridas";"Pleno dia";"Decrescente";"Céu Claro";"Simples";"Reta";"Não";2;0;1;0;1;0;1;2;-11,86680887;-38,00103709;"SR-SE";"UOP03";"DEL02"
337665;2021-01-30;"sábado";"22:00:00";"GO";153;"437";"ANAPOLIS";"Ausência de reação do condutor";"Colisão lateral";"Sem Vítimas";"Plena Noite";"Crescente";"Céu Claro";"Dupla";"Reta";"Sim";1;0;0;0;1;0;0;1;-16,286884;-48,942978;"SR-GO";"UOP01";"DEL02"
337666;2021-01-30;"sábado";"17:20:00";"MG";381;"645";"SANTO ANTONIO DO AMPARO";"Condutor Dormindo";"Saída de leito carroçável";"Com Vítimas Feridas";"Pleno dia";"Crescente";"Céu Claro";"Dupla";"Curva";"Não";3;0;2;1;0;0;3;1;-20,93585876;-44,87535815;"SR-MG";"UOP02";"DEL04"
337667;2021-01-31;"domingo";"06:20:00";"RJ";101;"324";"NITEROI";"Ausência de reação do condutor";"Colisão traseira";"Sem Vítimas";"Pleno dia";"Decrescente";"Céu Claro";"Dupla";"Reta";"Sim";2;0;0;0;2;0;0;2;-22,873052;-43,13421;"SR-RJ";"UOP02";"DEL02"
337668;2021-01-31;"domingo";"06:00:00";"MG";381;"936.3";"EXTREMA";"Ingestão de álcool pelo condutor";"Colisão com objeto";"Com Vítimas Feridas";"Pleno dia";"Crescente";"Sol";"Dupla";"Não Informado";"Não";3;0;2;0;0;1;2;1;-22,82914914;-46,31469547;"SR-MG";"UOP03";"DEL16"
337670;2021-01-31;"domingo";"04:30:00";"BA";101;"362";"GANDU";"Transitar na contramão";"Colisão frontal";"Com Vítimas Feridas";"Plena Noite";"Decrescente";"Céu Claro";"Simples";"Curva";"Não";6;0;3;1;2;0;4;2;-13,85004503;-39,49736204;"SR-BA";"UOP03";"DEL05"
337671;2021-01-31;"domingo";"03:00:00";"AP";210;"3";"MACAPA";"Transitar na contramão";"Colisão frontal";"Com Vítimas Feridas";"Amanhecer";"Crescente";"Céu Claro";"Dupla";"Reta";"Sim";2;0;1;0;0;1;1;2;0,08723365;-51,08569007;"SR-AP";"UOP01";"DEL01"
337672;2021-01-31;"domingo";"07:00:00";"MG";262;"45";"MANHUACU";"Velocidade Incompatível";"Colisão frontal";"Com Vítimas Feridas";"Pleno dia";"Crescente";"Sol";"Simples";"Curva";"Não";2;0;2;0;0;0;2;2;-20,26145201;-42,09686296;"SR-MG";"UOP04";"DEL06"
337673;2021-01-19;"terça";"15:50:00";"RS";290;"114.6";"ELDORADO DO SUL";"Transitar na contramão";"Colisão frontal";"Com Vítimas Feridas";"Pleno dia";"Crescente";"Céu Claro";"Simples";"Reta";"Não";6;0;2;2;2;0;4;3;-30,044607;-51,347553;"SR-RS";"UOP01";"DEL02"
337674;2021-01-30;"sábado";"20:00:00";"BA";101;"314";"PRESIDENTE TANCREDO NEVES";"Transitar na contramão";"Colisão frontal";"Com Vítimas Fatais";"Plena Noite";"Decrescente";"Céu Claro";"Simples";"Reta";"Não";2;1;0;0;1;0;0;2;-13,471318;-39,418303;"SR-BA";"UOP03";"DEL05"
337675;2021-01-31;"domingo";"08:15:00";"GO";60;"126.8";"GOIANIA";"Avarias e/ou desgaste excessivo no pneu";"Queda de ocupante de veículo";"Com Vítimas Feridas";"Pleno dia";"Crescente";"Sol";"Dupla";"Reta";"Não";2;0;1;0;1;0;1;1;-16,5324;-49,1473;"SR-GO";"UOP01";"DEL01"
337676;2021-01-31;"domingo";"05:30:00";"MG";116;"718.6";"MURIAE";"Condutor Dormindo";"Saída de leito carroçável";"Com Vítimas Fatais";"Amanhecer";"Crescente";"Céu Claro";"Simples";"Curva";"Não";1;1;0;0;0;0;0;1;-21,21860498;-42,39225715;"SR-MG";"UOP02";"DEL07"
337677;2021-01-31;"domingo";"07:00:00";"CE";222;"1.9";"FORTALEZA";"Condutor deixou de manter distância do veículo da frente";"Colisão traseira";"Com Vítimas Feridas";"Pleno dia";"Crescente";"Céu Claro";"Dupla";"Reta";"Sim";3;0;1;0;2;0;1;3;-3,737804;-38,578061;"SR-CE";"UOP01";"DEL01"
337679;2021-01-28;"quinta";"03:30:00";"PR";153;"39.5";"SANTO ANTONIO DA PLATINA";"Velocidade Incompatível";"Saída de leito carroçável";"Com Vítimas Feridas";"Plena Noite";"Crescente";"Chuva";"Simples";"Rotatória";"Não";2;0;2;0;0;0;2;1;-23,27231767;-50,05734289;"SR-PR";"UOP03";"DEL07"
337680;2021-01-30;"sábado";"23:00:00";"BA";110;"383";"CATU";"Condutor Dormindo";"Saída de leito carroçável";"Com Vítimas Fatais";"Plena Noite";"Crescente";"Céu Claro";"Simples";"Curva";"Não";3;2;0;0;0;1;0;1;-12,414;-38,473;"SR-BA";"UOP01";"DEL01"
337681;2021-01-31;"domingo";"07:00:00";"MG";262;"370";"JUATUBA";"Velocidade Incompatível";"Saída de leito carroçável";"Sem Vítimas";"Pleno dia";"Decrescente";"Céu Claro";"Dupla";"Curva";"Não";1;0;0;0;0;1;0;1;-19,97222641;-44,29910985;"SR-MG";"UOP03";"DEL01"
337682;2021-01-31;"domingo";"09:30:00";"PB";230;"70.2";"SOBRADO";"Demais falhas na via";"Capotamento";"Com Vítimas Feridas";"Pleno dia";"Decrescente";"Céu Claro";"Simples";"Reta";"Sim";1;0;1;0;0;0;1;1;-7,1919;-35,2261;"SR-PB";"UOP03";"DEL01"
337683;2021-01-30;"sábado";"21:30:00";"MG";116;"538.1";"SANTA RITA DE MINAS";"Reação tardia ou ineficiente do condutor";"Colisão traseira";"Com Vítimas Feridas";"Plena Noite";"Decrescente";"Céu Claro";"Simples";"Curva";"Não";3;0;2;0;1;0;2;3;-19,87457783;-42,13216953;"SR-MG";"UOP02";"DEL06"
337684;2021-01-31;"domingo";"09:20:00";"RJ";116;"110";"GUAPIMIRIM";"Velocidade Incompatível";"Colisão traseira";"Com Vítimas Fatais";"Pleno dia";"Decrescente";"Céu Claro";"Dupla";"Reta";"Não";3;1;0;1;1;0;1;2;-22,55073275;-42,98968744;"SR-RJ";"UOP04";"DEL02"
337687;2021-01-31;"domingo";"06:45:00";"RS";290;"96.5";"PORTO ALEGRE";"Avarias e/ou desgaste excessivo no pneu";"Saída de leito carroçável";"Sem Vítimas";"Pleno dia";"Decrescente";"Nublado";"Dupla";"Reta";"Sim";1;0;0;0;0;1;0;1;-29,992107;-51,204525;"SR-RS";"UOP01";"DEL01"
337689;2021-01-31;"domingo";"09:30:00";"CE";116;"44";"HORIZONTE";"Acessar a via sem observar a presença dos outros veículos";"Colisão traseira";"Com Vítimas Feridas";"Pleno dia";"Decrescente";"Céu Claro";"Dupla";"Reta";"Sim";4;0;2;0;2;0;2;3;-4,12328084;-38,48614261;"SR-CE";"UOP02";"DEL01"
337690;2021-01-31;"domingo";"09:25:00";"MS";163;"0.9";"MUNDO NOVO";"Ultrapassagem Indevida";"Colisão frontal";"Com Vítimas Fatais";"Pleno dia";"Decrescente";"Chuva";"Simples";"Reta";"Não";2;1;1;0;0;0;1;2;-24,03924443;-54,27975143;"SR-MS";"UOP02";"DEL09"
337691;2021-01-31;"domingo";"10:40:00";"MG";262;"378";"JUATUBA";"Velocidade Incompatível";"Tombamento";"Com Vítimas Feridas";"Pleno dia";"Decrescente";"Céu Claro";"Dupla";"Curva";"Não";1;0;0;1;0;0;1;1;-19,95652262;-44,3648278;"SR-MG";"UOP03";"DEL01"
337692;2021-01-31;"domingo";"10:10:00";"CE";116;"9";"FORTALEZA";"Pedestre cruzava a pista fora da faixa";"Atropelamento de Pedestre";"Com Vítimas Feridas";"Pleno dia";"Decrescente";"Sol";"Múltipla";"Reta";"Sim";2;0;1;1;0;0;2;1;-3,83143005;-38,50465113;"SR-CE";"UOP02";"DEL01"
337693;2021-01-31;"domingo";"09:30:00";"PR";376;"588";"CURITIBA";"Velocidade Incompatível";"Tombamento";"Com Vítimas Feridas";"Pleno dia";"Decrescente";"Céu Claro";"Dupla";"Curva";"Não";2;0;2;0;0;0;2;1;-25,43381713;-49,36546121;"SR-PR";"UOP01";"DEL01"
337694;2021-01-07;"quinta";"17:50:00";"SC";470;"129";"LONTRAS";"Desrespeitar a preferência no cruzamento";"Colisão transversal";"Com Vítimas Feridas";"Pleno dia";"Decrescente";"Céu Claro";"Simples";"Interseção de vias";"Não";2;0;0;1;0;1;1;2;-27,148499;-49,556137;"SR-SC";"UOP02";"DEL04"
337695;2021-01-31;"domingo";"11:05:00";"PE";232;"7";"RECIFE";"Ausência de reação do condutor";"Colisão com objeto";"Com Vítimas Feridas";"Pleno dia";"Decrescente";"Sol";"Dupla";"Reta";"Sim";3;0;2;0;1;0;2;2;-8,07333497;-34,96184301;"SR-PE";"UOP01";"DEL01"
337696;2021-01-31;"domingo";"11:20:00";"BA";324;"478";"TANQUINHO";"Velocidade Incompatível";"Colisão com objeto";"Sem Vítimas";"Pleno dia";"Decrescente";"Chuva";"Simples";"Curva";"Não";2;0;0;0;2;0;0;2;-11,98376965;-39,08483385;"SR-BA";"UOP01";"DEL02"
337697;2021-01-31;"domingo";"08:20:00";"ES";262;"133";"BREJETUBA";"Desrespeitar a preferência no cruzamento";"Colisão transversal";"Com Vítimas Fatais";"Pleno dia";"Crescente";"Sol";"Simples";"Interseção de vias";"Não";2;1;0;0;1;0;0;2;-20,24395403;-41,31727776;"SR-ES";"UOP02";"DEL01"
337698;2021-01-31;"domingo";"10:20:00";"RN";101;"97";"NATAL";"Condutor deixou de manter distância do veículo da frente";"Colisão traseira";"Sem Vítimas";"Pleno dia";"Crescente";"Céu Claro";"Dupla";"Reta";"Sim";2;0;0;0;2;0;0;2;-5,87;-35,22;"SR-RN";"UOP01";"DEL01"
337700;2021-01-31;"domingo";"12:15:00";"GO";60;"193";"GUAPO";"Condutor Dormindo";"Capotamento";"Com Vítimas Feridas";"Pleno dia";"Decrescente";"Céu Claro";"Dupla";"Reta";"Não";1;0;1;0;0;0;1;1;-16,8479;-49,5584;"SR-GO";"UOP02";"DEL01"
337704;2021-01-31;"domingo";"11:40:00";"PR";376;"502.8";"PONTA GROSSA";"Obstrução na via";"Colisão traseira";"Sem Vítimas";"Pleno dia";"Decrescente";"Nublado";"Dupla";"Reta";"Sim";2;0;0;0;2;0;0;2;-25,171783;-50,106849;"SR-PR";"UAP01";"DEL03"
337705;2021-01-31;"domingo";"11:45:00";"MT";364;"290";"JACIARA";"Pista Escorregadia";"Saída de leito carroçável";"Com Vítimas Feridas";"Pleno dia";"Decrescente";"Nublado";"Dupla";"Curva";"Não";2;0;1;0;1;0;1;1;-15,90475053;-55,09158825;"SR-MT";"UOP02";"DEL05"
337706;2021-01-31;"domingo";"09:00:00";"PR";476;"160";"ARAUCARIA";"Avarias e/ou desgaste excessivo no pneu";"Saída de leito carroçável";"Sem Vítimas";"Pleno dia";"Crescente";"Sol";"Simples";"Reta";"Não";1;0;0;0;1;0;0;1;-25,619013;-49,440125;"SR-PR";"UOP03";"DEL01"
337707;2021-01-31;"domingo";"12:00:00";"CE";116;"3.1";"FORTALEZA";"Objeto estático sobre o leito carroçável";"Colisão lateral";"Com Vítimas Feridas";"Pleno dia";"Crescente";"Sol";"Dupla";"Não Informado";"Sim";3;0;1;0;2;0;1;2;-3,78059044;-38,51557916;"SR-CE";"UOP02";"DEL01"
337708;2021-01-31;"domingo";"13:30:00";"BA";324;"555";"AMELIA RODRIGUES";"Velocidade Incompatível";"Capotamento";"Com Vítimas Feridas";"Pleno dia";"Crescente";"Nublado";"Dupla";"Reta";"Não";2;0;1;0;1;0;1;1;-12,46574407;-38,68963508;"SR-BA";"UOP03";"DEL01"
337709;2021-01-31;"domingo";"13:40:00";"MG";381;"485";"BETIM";"Acessar a via sem observar a presença dos outros veículos";"Colisão lateral mesmo sentido";"Com Vítimas Feridas";"Pleno dia";"Crescente";"Sol";"Múltipla";"Não Informado";"Sim";2;0;1;0;1;0;1;2;-19,95659361;-44,12622893;"SR-MG";"UOP03";"DEL01"
337710;2021-01-31;"domingo";"13:30:00";"MG";381;"485.1";"BETIM";"Condutor deixou de manter distância do veículo da frente";"Colisão traseira";"Com Vítimas Feridas";"Pleno dia";"Crescente";"Céu Claro";"Múltipla";"Reta";"Sim";3;0;1;0;2;0;1;2;-19,95592351;-44,10392761;"SR-MG";"UOP03";"DEL01"
337712;2021-01-31;"domingo";"13:20:00";"MT";70;"556";"NOSSA SENHORA DO LIVRAMENTO";"Demais falhas mecânicas ou elétricas";"Incêndio";"Sem Vítimas";"Pleno dia";"Decrescente";"Céu Claro";"Simples";"Reta";"Não";1;0;0;0;0;1;0;1;-15,68474514;-56,36215991;"SR-MT";"UOP02";"DEL03"
337713;2021-01-31;"domingo";"14:23:00";"SP";101;"41";"UBATUBA";"Reação tardia ou ineficiente do condutor";"Colisão lateral mesmo sentido";"Com Vítimas Feridas";"Pleno dia";"Crescente";"Céu Claro";"Simples";"Reta";"Não";3;0;3;0;0;0;3;2;-23,41971433;-45,0428663;"SR-SP";"UOP02";"DEL06"
337714;2021-01-31;"domingo";"09:50:00";"PB";412;"143.3";"MONTEIRO";"Condutor deixou de manter distância do veículo da frente";"Colisão traseira";"Com Vítimas Feridas";"Pleno dia";"Decrescente";"Sol";"Simples";"Reta";"Não";3;0;2;0;0;1;2;3;-7,885085;-37,105377;"SR-PB";"UOP02";"DEL02"
337715;2021-01-31;"domingo";"14:00:00";"MG";262;"371.4";"JUATUBA";"Manobra de mudança de faixa";"Colisão lateral mesmo sentido";"Com Vítimas Feridas";"Pleno dia";"Decrescente";"Céu Claro";"Dupla";"Curva";"Não";4;0;1;0;3;0;1;4;-19,97212126;-44,30817896;"SR-MG";"UOP03";"DEL01"
337716;2021-01-31;"domingo";"13:00:00";"SP";116;"359";"MIRACATU";"Velocidade Incompatível";"Tombamento";"Com Vítimas Feridas";"Pleno dia";"Decrescente";"Sol";"Simples";"Curva";"Não";1;0;1;0;0;0;1;1;-24,10862227;-47,26589989;"SR-SP";"UOP02";"DEL04"
337717;2021-01-31;"domingo";"14:20:00";"DF";20;"24";"BRASILIA";"Velocidade Incompatível";"Saída de leito carroçável";"Com Vítimas Feridas";"Pleno dia";"Crescente";"Céu Claro";"Dupla";"Curva";"Sim";2;0;2;0;0;0;2;1;-15,594831;-47,658615;"SR-DF";"UOP01";"DEL02"
337718;2021-01-31;"domingo";"12:20:00";"SC";470;"43.8";"GASPAR";"Objeto estático sobre o leito carroçável";"Colisão com objeto";"Com Vítimas Feridas";"Pleno dia";"Crescente";"Sol";"Múltipla";"Não Informado";"Sim";1;0;0;1;0;0;1;1;-26,874519;-49,013454;"SR-SC";"UOP01";"DEL04"