"id";"data_inversa";"dia_semana";"horario";"uf";"br";"km";"municipio";"causa_acidente";"tipo_acidente";"classificacao_acidente";"fase_dia";"sentido_via";"condicao_metereologica";"tipo_pista";"tracado_via";"uso_solo";"pessoas";"mortos";"feridos_leves";"feridos_graves";"ilesos";"ignorados";"feridos";"veiculos";"latitude";"longitude";"regional";"delegacia";"uop"
337719;2021-01-31;"domingo";"14:28:00";"PR";277;"715.2";"SANTA TEREZINHA DE ITAIPU";"Ingestão de álcool pelo condutor";"Colisão traseira";"Sem Vítimas";"Pleno dia";"Crescente";"Nublado";"Dupla";"Reta";"Não";2;0;0;0;1;1;0;2;-25,46882758;-54,45810922;"SR-PR";"UOP01";"DEL05"
337721;2021-01-31;"domingo";"13:58:00";"PI";316;"3.4";"TERESINA";"Condutor desrespeitou a iluminação vermelha do semáforo";"Colisão transversal";"Com Vítimas Feridas";"Pleno dia";"Decrescente";"Nublado";"Múltipla";"Interseção de vias";"Sim";2;0;0;1;1;0;1;2;-5,13589591;-42,78917497;"SR-PI";"UOP02";"DEL01"
337722;2021-01-31;"domingo";"14:45:00";"RN";101;"78";"NATAL";"Condutor deixou de manter distância do veículo da frente";"Colisão traseira";"Sem Vítimas";"Pleno dia";"Crescente";"Sol";"Dupla";"Retorno Regulamentado";"Sim";1;0;0;0;1;0;0;1;-5,74659899;-35,28977676;"SR-RN";"UOP01";"DEL02"
337724;2021-01-31;"domingo";"14:50:00";"MT";158;"760.6";"BARRA DO GARCAS";"Condutor Dormindo";"Saída de leito carroçável";"Com Vítimas Feridas";"Pleno dia";"Decrescente";"Céu Claro";"Simples";"Reta";"Não";3;0;3;0;0;0;3;1;-15,579607;-52,20589108;"SR-MT";"UOP01";"DEL07"
337725;2021-01-31;"domingo";"14:25:00";"RJ";101;"264";"RIO BONITO";"Condutor usando celular";"Saída de leito carroçável";"Sem Vítimas";"Pleno dia";"Crescente";"Céu Claro";"Dupla";"Reta";"Não";3;0;0;0;3;0;0;1;-22,71818337;-42,63600702;"SR-RJ";"UOP03";"DEL02"
337726;2021-01-31;"domingo";"14:30:00";"SP";381;"36";"ATIBAIA";"Condutor deixou de manter distância do veículo da frente";"Colisão lateral";"Com Vítimas Feridas";"Pleno dia";"Crescente";"Céu Claro";"Dupla";"Desvio Temporário";"Sim";3;0;1;0;1;1;1;2;-23,09707232;-46,57180706;"SR-SP";"UOP01";"DEL03"
337727;2021-01-31;"domingo";"15:20:00";"RJ";101;"271";"RIO BONITO";"Condutor deixou de manter distância do veículo da frente";"Saída de leito carroçável";"Com Vítimas Feridas";"Pleno dia";"Decrescente";"Céu Claro";"Dupla";"Reta";"Sim";2;0;1;0;1;0;1;1;-22,72443147;-42,69368143;"SR-RJ";"UOP03";"DEL02"
337728;2021-01-06;"quarta";"20:00:00";"PA";308;"195.5";"BRAGANCA";"Transitar na contramão";"Colisão frontal";"Com Vítimas Feridas";"Plena Noite";"Crescente";"Céu Claro";"Simples";"Reta";"Não";3;0;1;2;0;0;3;2;-1,06968801;-46,839318;"SR-PA";"UOP03";"DEL01"
337730;2021-01-31;"domingo";"15:45:00";"PR";277;"23";"MORRETES";"Avarias e/ou desgaste excessivo no pneu";"Saída de leito carroçável";"Com Vítimas Feridas";"Pleno dia";"Decrescente";"Céu Claro";"Dupla";"Não Informado";"Não";2;0;1;0;1;0;1;1;-25,528907;-48,733821;"SR-PR";"UOP05";"DEL01"
337731;2021-01-31;"domingo";"15:30:00";"PE";428;"184.3";"PETROLINA";"Ultrapassagem Indevida";"Colisão transversal";"Com Vítimas Feridas";"Pleno dia";"Decrescente";"Céu Claro";"Simples";"Não Informado";"Sim";5;0;1;1;3;0;2;4;-9,34327647;-40,47187328;"SR-PE";"UOP01";"DEL06"
337732;2021-01-31;"domingo";"15:39:00";"SC";101;"119.3";"ITAJAI";"Condutor deixou de manter distância do veículo da frente";"Colisão traseira";"Com Vítimas Feridas";"Pleno dia";"Decrescente";"Céu Claro";"Múltipla";"Reta";"Não";2;0;1;0;1;0;1;2;-26,9043179;-48,71555481;"SR-SC";"UOP04";"DEL04"
337733;2021-01-31;"domingo";"15:00:00";"RO";319;"62";"PORTO VELHO";"Acessar a via sem observar a presença dos outros veículos";"Colisão lateral mesmo sentido";"Com Vítimas Feridas";"Pleno dia";"Decrescente";"Céu Claro";"Dupla";"Interseção de vias";"Sim";3;0;0;1;1;1;1;2;-8,74807181;-63,8881588;"SR-RO";"UOP01";"DEL01"
337735;2021-01-31;"domingo";"16:00:00";"PR";277;"348.3";"GUARAPUAVA";"Chuva";"Tombamento";"Com Vítimas Feridas";"Pleno dia";"Decrescente";"Chuva";"Simples";"Reta";"Não";3;0;0;1;1;1;1;2;-25,33938145;-51,42868638;"SR-PR";"UOP01";"DEL08"
337736;2021-01-31;"domingo";"15:30:00";"DF";20;"17";"BRASILIA";"Acessar a via sem observar a presença dos outros veículos";"Colisão transversal";"Com Vítimas Feridas";"Pleno dia";"Decrescente";"Céu Claro";"Dupla";"Interseção de vias";"Não";6;0;3;3;0;0;6;2;-15,61559733;-47,70684242;"SR-DF";"UOP01";"DEL02"
337738;2021-01-31;"domingo";"16:30:00";"MG";40;"561";"NOVA LIMA";"Reação tardia ou ineficiente do condutor";"Colisão traseira";"Com Vítimas Feridas";"Pleno dia";"Decrescente";"Nublado";"Dupla";"Reta";"Não";6;0;3;0;3;0;3;4;-20,13588082;-43,96237943;"SR-MG";"UOP02";"DEL01"
337739;2021-01-31;"domingo";"16:00:00";"MG";40;"656.9";"CARANDAI";"Avarias e/ou desgaste excessivo no pneu";"Tombamento";"Com Vítimas Feridas";"Pleno dia";"Crescente";"Céu Claro";"Simples";"Não Informado";"Não";2;0;1;1;0;0;2;1;-20,88147085;-43,80379471;"SR-MG";"UOP02";"DEL05"
337740;2021-01-31;"domingo";"14:15:00";"MG";365;"50";"CLARO DOS POCOES";"Pedestre cruzava a pista fora da faixa";"Atropelamento de Pedestre";"Com Vítimas Fatais";"Pleno dia";"Crescente";"Sol";"Simples";"Reta";"Não";3;1;0;0;2;0;0;1;-16,930273;-44,228307;"SR-MG";"UOP01";"DEL12"
337742;2021-01-31;"domingo";"16:15:00";"PR";376;"159";"MANDAGUACU";"Velocidade Incompatível";"Colisão traseira";"Com Vítimas Feridas";"Pleno dia";"Decrescente";"Chuva";"Dupla";"Não Informado";"Não";6;0;3;2;1;0;5;2;-23,36453631;-52,08347797;"SR-PR";"UOP01";"DEL09"
337743;2021-01-31;"domingo";"16:50:00";"MG";365;"774.4";"ITUIUTABA";"Velocidade Incompatível";"Capotamento";"Com Vítimas Feridas";"Pleno dia";"Crescente";"Sol";"Simples";"Não Informado";"Não";1;0;1;0;0;0;1;1;-18,95966324;-49,65645601;"SR-MG";"UOP03";"DEL15"
337744;2021-01-31;"domingo";"17:20:00";"SE";101;"115.4";"ITAPORANGA DAJUDA";"Demais falhas mecânicas ou elétricas";"Colisão com objeto";"Com Vítimas Feridas";"Pleno dia";"Crescente";"Céu Claro";"Dupla";"Curva";"Não";2;0;1;0;1;0;1;2;-11,00451077;-37,30888444;"SR-SE";"UOP01";"DEL02"
337745;2021-01-31;"domingo";"14:45:00";"MS";163;"544.8";"BANDEIRANTES";"Condutor Dormindo";"Tombamento";"Com Vítimas Feridas";"Pleno dia";"Decrescente";"Nublado";"Simples";"Não Informado";"Não";1;0;0;1;0;0;1;1;-19,95457217;-54,37483549;"SR-MS";"UOP02";"DEL01"
337746;2021-01-31;"domingo";"17:00:00";"PE";232;"55.3";"POMBOS";"Reação tardia ou ineficiente do condutor";"Colisão traseira";"Com Vítimas Feridas";"Pleno dia";"Crescente";"Céu Claro";"Dupla";"Reta";"Não";3;0;2;0;1;0;2;2;-8,13255758;-35,36570027;"SR-PE";"UOP04";"DEL01"
337748;2021-01-31;"domingo";"16:30:00";"PI";343;"2.8";"TERESINA";"Ingestão de álcool pelo condutor";"Colisão com objeto";"Sem Vítimas";"Pleno dia";"Crescente";"Nublado";"Dupla";"Reta";"Sim";1;0;0;0;1;0;0;1;-5,089569;-42,802288;"SR-PI";"UOP01";"DEL01"
337749;2021-01-31;"domingo";"16:20:00";"PE";104;"63";"CARUARU";"Condutor deixou de manter distância do veículo da frente";"Colisão traseira";"Sem Vítimas";"Pleno dia";"Decrescente";"Sol";"Dupla";"Reta";"Sim";2;0;0;0;1;1;0;2;-8,2698;-35,9803;"SR-PE";"UOP01";"DEL02"
337750;2021-01-31;"domingo";"16:18:00";"RO";364;"195.8";"PIMENTA BUENO";"Ingestão de álcool pelo condutor";"Queda de ocupante de veículo";"Com Vítimas Feridas";"Pleno dia";"Crescente";"Céu Claro";"Simples";"Reta";"Sim";1;0;1;0;0;0;1;1;-11,6932879;-61,17742991;"SR-RO";"UOP02";"DEL02"
337751;2021-01-31;"domingo";"15:30:00";"RJ";40;"111";"DUQUE DE CAXIAS";"Velocidade Incompatível";"Colisão traseira";"Com Vítimas Feridas";"Pleno dia";"Decrescente";"Céu Claro";"Múltipla";"Reta";"Sim";3;0;1;0;2;0;1;3;-22,691868;-43,287453;"SR-RJ";"UOP01";"DEL01"
337752;2021-01-31;"domingo";"17:35:00";"SE";235;"51";"ITABAIANA";"Acesso irregular";"Tombamento";"Com Vítimas Feridas";"Pleno dia";"Crescente";"Sol";"Simples";"Reta";"Não";1;0;1;0;0;0;1;1;-10,700226;-37,431423;"SR-SE";"UOP02";"DEL01"
337754;2021-01-31;"domingo";"17:00:00";"ES";101;"116.5";"SOORETAMA";"Ultrapassagem Indevida";"Colisão frontal";"Com Vítimas Fatais";"Pleno dia";"Crescente";"Céu Claro";"Simples";"Reta";"Não";10;1;0;5;4;0;5;3;-19,11117311;-40,05900079;"SR-ES";"UOP01";"DEL04"
337755;2021-01-31;"domingo";"17:05:00";"MG";40;"499";"ESMERALDAS";"Ingestão de álcool pelo condutor";"Saída de leito carroçável";"Sem Vítimas";"Pleno dia";"Crescente";"Céu Claro";"Dupla";"Reta";"Não";2;0;0;0;2;0;0;1;-19,6931829;-44,1782999;"SR-MG";"UOP01";"DEL02"
337756;2021-01-31;"domingo";"17:20:00";"AL";416;"19.9";"COLONIA LEOPOLDINA";"Velocidade Incompatível";"Saída de leito carroçável";"Com Vítimas Fatais";"Anoitecer";"Decrescente";"Céu Claro";"Simples";"Curva";"Não";7;1;2;3;0;1;5;1;-8,91623431;-35,72858793;"SR-AL";"UOP02";"DEL01"
337757;2021-01-31;"domingo";"14:25:00";"MT";70;"2.5";"BARRA DO GARCAS";"Acostamento em desnível";"Colisão traseira";"Sem Vítimas";"Pleno dia";"Decrescente";"Sol";"Dupla";"Reta";"Sim";1;0;0;0;1;0;0;1;-15,88749699;-52,26810568;"SR-MT";"UOP01";"DEL07"
337758;2021-01-31;"domingo";"17:40:00";"SP";101;"51.5";"UBATUBA";"Ingestão de álcool pelo condutor";"Colisão transversal";"Com Vítimas Feridas";"Pleno dia";"Decrescente";"Céu Claro";"Simples";"Rotatória";"Sim";2;0;1;0;1;0;1;2;-23,46289203;-45,06394386;"SR-SP";"UOP02";"DEL06"
337759;2021-01-31;"domingo";"17:50:00";"BA";116;"516";"ITATIM";"Velocidade Incompatível";"Colisão traseira";"Com Vítimas Feridas";"Plena Noite";"Crescente";"Céu Claro";"Simples";"Reta";"Não";2;0;1;0;1;0;1;2;-12,66883787;-39,64652606;"SR-BA";"UOP02";"DEL03"
337760;2021-01-31;"domingo";"17:49:00";"SP";116;"220";"GUARULHOS";"Reação tardia ou ineficiente do condutor";"Colisão com objeto";"Com Vítimas Feridas";"Pleno dia";"Crescente";"Céu Claro";"Múltipla";"Reta";"Sim";2;0;1;0;1;0;1;1;-23,46472809;-46,49793962;"SR-SP";"UOP01";"DEL01"
337761;2021-01-31;"domingo";"16:10:00";"PI";343;"469";"ANGICAL DO PIAUI";"Ingestão de álcool pelo condutor";"Colisão frontal";"Com Vítimas Feridas";"Pleno dia";"Crescente";"Céu Claro";"Simples";"Reta";"Não";3;0;1;2;0;0;3;2;-6,08096;-42,730766;"SR-PI";"UOP02";"DEL01"
337762;2021-01-31;"domingo";"16:10:00";"SC";470;"60.9";"BLUMENAU";"Transitar na contramão";"Colisão frontal";"Com Vítimas Feridas";"Pleno dia";"Decrescente";"Nublado";"Simples";"Curva";"Sim";2;0;0;1;1;0;1;2;-26,88138;-49,164543;"SR-SC";"UOP01";"DEL04"
337763;2021-01-31;"domingo";"15:30:00";"SC";116;"144";"SANTA CECILIA";"Velocidade Incompatível";"Tombamento";"Sem Vítimas";"Anoitecer";"Crescente";"Céu Claro";"Simples";"Curva";"Não";1;0;0;0;1;0;0;1;-26,99398389;-50,39844506;"SR-SC";"UOP02";"DEL06"
337764;2021-01-31;"domingo";"18:38:00";"MG";50;"36";"ARAGUARI";"Reação tardia ou ineficiente do condutor";"Tombamento";"Com Vítimas Feridas";"Anoitecer";"Crescente";"Céu Claro";"Múltipla";"Retorno Regulamentado";"Sim";2;0;2;0;0;0;2;1;-18,65453092;-48,14727203;"SR-MG";"UOP02";"DEL15"
337765;2021-01-31;"domingo";"16:30:00";"ES";101;"447.9";"MIMOSO DO SUL";"Velocidade Incompatível";"Tombamento";"Com Vítimas Feridas";"Pleno dia";"Crescente";"Sol";"Simples";"Curva";"Não";1;0;1;0;0;0;1;1;-21,12405791;-41,27538314;"SR-ES";"UOP02";"DEL03"
337766;2021-01-31;"domingo";"05:00:00";"SC";470;"59";"BLUMENAU";"Mal súbito do condutor";"Saída de leito carroçável";"Com Vítimas Feridas";"Amanhecer";"Crescente";"Céu Claro";"Simples";"Curva";"Sim";2;0;1;1;0;0;2;1;-26,882948;-49,156003;"SR-SC";"UOP01";"DEL04"
337767;2021-01-31;"domingo";"18:10:00";"PB";101;"87";"JOAO PESSOA";"Ingestão de álcool e/ou substâncias psicoativas pelo pedestre";"Saída de leito carroçável";"Sem Vítimas";"Plena Noite";"Crescente";"Céu Claro";"Dupla";"Reta";"Sim";1;0;0;0;1;0;0;1;-7,15675752;-34,90710681;"SR-PB";"UOP01";"DEL01"
337768;2021-01-31;"domingo";"18:20:00";"MG";40;"677.7";"CARANDAI";"Transitar na contramão";"Colisão frontal";"Com Vítimas Feridas";"Anoitecer";"Crescente";"Céu Claro";"Simples";"Reta";"Não";5;0;1;4;0;0;5;3;-21,0343588;-43,77459526;"SR-MG";"UOP02";"DEL05"
337769;2021-01-31;"domingo";"18:00:00";"RS";116;"142";"CAXIAS DO SUL";"Condutor desrespeitou a iluminação vermelha do semáforo";"Colisão transversal";"Com Vítimas Feridas";"Anoitecer";"Decrescente";"Chuva";"Dupla";"Interseção de vias";"Sim";3;0;1;0;2;0;1;2;-29,11727;-51,115208;"SR-RS";"UOP01";"DEL05"
337770;2021-01-31;"domingo";"17:30:00";"MT";364;"266.2";"SAO PEDRO DA CIPA";"Velocidade Incompatível";"Saída de leito carroçável";"Com Vítimas Feridas";"Anoitecer";"Decrescente";"Céu Claro";"Dupla";"Reta";"Não";4;0;3;0;1;0;3;1;-15,995969;-54,92259699;"SR-MT";"UOP01";"DEL02"
337771;2021-01-31;"domingo";"15:00:00";"CE";116;"168.8";"RUSSAS";"Avarias e/ou desgaste excessivo no pneu";"Saída de leito carroçável";"Sem Vítimas";"Pleno dia";"Decrescente";"Céu Claro";"Simples";"Reta";"Não";2;0;0;0;0;2;0;1;-4,97562655;-38,01382028;"SR-CE";"UOP01";"DEL03"
337772;2021-01-31;"domingo";"08:10:00";"BA";101;"771";"ITAMARAJU";"Velocidade Incompatível";"Colisão frontal";"Com Vítimas Fatais";"Pleno dia";"Crescente";"Céu Claro";"Simples";"Curva";"Não";2;1;0;0;1;0;0;2;-16,91561807;-39,52897099;"SR-BA";"UOP01";"DEL09"
337773;2021-01-31;"domingo";"18:50:00";"PE";423;"94.9";"GARANHUNS";"Deficiência do Sistema de Iluminação/Sinalização";"Colisão transversal";"Com Vítimas Feridas";"Plena Noite";"Decrescente";"Nublado";"Simples";"Curva";"Sim";3;0;1;1;1;0;2;2;-8,87932637;-36,47995234;"SR-PE";"UOP01";"DEL03"
337774;2021-01-31;"domingo";"18:00:00";"MG";381;"943";"EXTREMA";"Manobra de mudança de faixa";"Colisão transversal";"Com Vítimas Feridas";"Anoitecer";"Crescente";"Chuva";"Dupla";"Reta";"Sim";3;0;2;0;0;1;2;2;-22,87018424;-46,3581479;"SR-MG";"UOP03";"DEL16"
337775;2021-01-31;"domingo";"19:10:00";"RJ";116;"83";"TERESOPOLIS";"Ausência de reação do condutor";"Atropelamento de Pedestre";"Com Vítimas Feridas";"Plena Noite";"Decrescente";"Céu Claro";"Simples";"Reta";"Sim";2;0;2;0;0;0;2;1;-22,437078;-42,95014;"SR-RJ";"UOP01";"DEL04"
337776;2021-01-31;"domingo";"18:00:00";"RO";319;"63.4";"PORTO VELHO";"Condutor desrespeitou a iluminação vermelha do semáforo";"Colisão transversal";"Com Vítimas Feridas";"Anoitecer";"Crescente";"Nublado";"Dupla";"Reta";"Sim";2;0;0;1;1;0;1;2;-8,766685;-63,884052;"SR-RO";"UOP01";"DEL01"
337777;2021-01-31;"domingo";"18:44:00";"SC";101;"84";"BARRA VELHA";"Pedestre cruzava a pista fora da faixa";"Atropelamento de Pedestre";"Com Vítimas Feridas";"Anoitecer";"Decrescente";"Céu Claro";"Dupla";"Reta";"Não";2;0;0;1;1;0;1;1;-26,62404682;-48,71394986;"SR-SC";"UOP02";"DEL03"
337778;2021-01-31;"domingo";"10:00:00";"PR";153;"146";"VENTANIA";"Velocidade Incompatível";"Colisão traseira";"Com Vítimas Feridas";"Pleno dia";"Decrescente";"Céu Claro";"Simples";"Reta";"Não";7;0;1;0;6;0;1;3;-24,12557916;-50,23718319;"SR-PR";"UOP03";"DEL07"
337779;2021-01-31;"domingo";"18:50:00";"PR";116;"131";"MANDIRITUBA";"Reação tardia ou ineficiente do condutor";"Colisão traseira";"Com Vítimas Feridas";"Anoitecer";"Crescente";"Céu Claro";"Dupla";"Reta";"Não";2;0;1;0;1;0;1;2;-25,648307;-49,31251207;"SR-PR";"UOP03";"DEL01"
337780;2021-01-31;"domingo";"18:30:00";"BA";116;"820";"VITORIA DA CONQUISTA";"Ausência de reação do condutor";"Tombamento";"Com Vítimas Feridas";"Plena Noite";"Crescente";"Céu Claro";"Simples";"Reta";"Não";2;0;1;0;1;0;1;2;-14,7949317;-40,76373916;"SR-BA";"UOP01";"DEL08"
337783;2021-01-31;"domingo";"19:00:00";"BA";116;"413.9";"FEIRA DE SANTANA";"Ingestão de álcool e/ou substâncias psicoativas pelo pedestre";"Colisão traseira";"Com Vítimas Feridas";"Plena Noite";"Crescente";"Céu Claro";"Simples";"Reta";"Não";5;0;2;2;1;0;4;3;-12,15496878;-38,96490097;"SR-BA";"UOP01";"DEL02"
337785;2021-01-31;"domingo";"16:30:00";"RJ";116;"138";"DUQUE DE CAXIAS";"Área urbana sem a presença de local apropriado para a travessia de pedestres";"Atropelamento de Pedestre";"Com Vítimas Fatais";"Pleno dia";"Crescente";"Céu Claro";"Dupla";"Reta";"Sim";2;1;0;0;0;1;0;1;-22,64697319;-43,19165101;"SR-RJ";"UOP04";"DEL02"
337787;2021-01-31;"domingo";"19:30:00";"BA";330;"818";"JITAUNA";"Ingestão de álcool pelo condutor";"Colisão frontal";"Com Vítimas Fatais";"Plena Noite";"Decrescente";"Céu Claro";"Simples";"Reta";"Não";5;2;1;2;0;0;3;2;-14,01029155;-39,85674891;"SR-BA";"UOP01";"DEL03"
337789;2021-01-31;"domingo";"19:45:00";"SE";101;"65.8";"ROSARIO DO CATETE";"Acostamento em desnível";"Colisão frontal";"Com Vítimas Feridas";"Plena Noite";"Decrescente";"Nublado";"Simples";"Reta";"Não";9;0;1;7;1;0;8;2;-10,70533792;-37,05328008;"SR-SE";"UOP02";"DEL02"
337790;2021-01-31;"domingo";"14:10:00";"SC";101;"338.4";"TUBARAO";"Reação tardia ou ineficiente do condutor";"Colisão transversal";"Com Vítimas Feridas";"Pleno dia";"Crescente";"Céu Claro";"Simples";"Reta";"Não";2;0;0;1;1;0;1;2;-28,51727111;-49,05292511;"SR-SC";"UOP01";"DEL02"
337791;2021-01-31;"domingo";"19:25:00";"GO";153;"531.1";"HIDROLANDIA";"Demais falhas mecânicas ou elétricas";"Incêndio";"Sem Vítimas";"Plena Noite";"Decrescente";"Céu Claro";"Dupla";"Reta";"Sim";1;0;0;0;1;0;0;1;-16,9761;-49,2302;"SR-GO";"UOP03";"DEL01"
337792;2021-01-31;"domingo";"19:35:00";"SP";101;"49";"UBATUBA";"Velocidade Incompatível";"Colisão traseira";"Com Vítimas Feridas";"Plena Noite";"Crescente";"Chuva";"Simples";"Reta";"Sim";2;0;1;0;1;0;1;2;-23,44410908;-45,08375708;"SR-SP";"UOP02";"DEL06"
337793;2021-01-31;"domingo";"19:50:00";"PR";277;"692.7";"SAO MIGUEL DO IGUACU";"Condutor deixou de manter distância do veículo da frente";"Colisão traseira";"Com Vítimas Feridas";"Plena Noite";"Crescente";"Nublado";"Dupla";"Não Informado";"Não";3;0;1;0;1;1;1;3;-25,36774473;-54,26181715;"SR-PR";"UOP01";"DEL05"
337794;2021-01-31;"domingo";"20:25:00";"PR";476;"171";"CONTENDA";"Velocidade Incompatível";"Colisão com objeto";"Com Vítimas Feridas";"Plena Noite";"Crescente";"Nublado";"Dupla";"Reta";"Não";3;0;3;0;0;0;3;1;-25,672495;-49,510612;"SR-PR";"UOP03";"DEL01"
337796;2021-01-31;"domingo";"19:20:00";"SC";282;"46";"AGUAS MORNAS";"Problema com o freio";"Colisão traseira";"Com Vítimas Feridas";"Anoitecer";"Decrescente";"Céu Claro";"Simples";"Desvio Temporário";"Não";4;0;1;0;3;0;1;3;-27,721041;-48,925152;"SR-SC";"UOP03";"DEL01"
337797;2021-01-31;"domingo";"20:00:00";"MG";262;"836";"UBERABA";"Condutor Dormindo";"Saída de leito carroçável";"Com Vítimas Feridas";"Plena Noite";"Decrescente";"Nublado";"Simples";"Reta";"Não";1;0;1;0;0;0;1;1;-19,75218091;-48,23839106;"SR-MG";"UOP01";"DEL13"
337798;2021-01-31;"domingo";"20:50:00";"RS";392;"343.1";"SANTA MARIA";"Ausência de reação do condutor";"Colisão com objeto";"Com Vítimas Feridas";"Plena Noite";"Crescente";"Céu Claro";"Simples";"Reta";"Não";2;0;1;0;1;0;1;1;-29,79634608;-53,77914426;"SR-RS";"UOP01";"DEL09"
337799;2021-01-31;"domingo";"15:30:00";"PR";163;"24.2";"SANTO ANTONIO DO SUDOESTE";"Ultrapassagem Indevida";"Colisão frontal";"Com Vítimas Feridas";"Pleno dia";"Crescente";"Chuva";"Simples";"Reta";"Não";4;0;3;0;1;0;3;2;-26,182581;-53,662252;"SR-PR";"UOP02";"DEL02"
337801;2021-01-31;"domingo";"19:30:00";"SC";282;"463";"PONTE SERRADA";"Desrespeitar a preferência no cruzamento";"Colisão transversal";"Com Vítimas Feridas";"Plena Noite";"Crescente";"Céu Claro";"Simples";"Rotatória";"Sim";5;0;2;1;2;0;3;2;-26,85595853;-52,03217268;"SR-SC";"UOP04";"DEL07"
337802;2021-01-31;"domingo";"20:20:00";"PI";343;"344.5";"TERESINA";"Reação tardia ou ineficiente do condutor";"Engavetamento";"Com Vítimas Feridas";"Plena Noite";"Decrescente";"Céu Claro";"Simples";"Reta";"Sim";4;0;2;0;1;1;2;3;-5,094729;-42,762775;"SR-PI";"UOP01";"DEL01"
337803;2021-01-31;"domingo";"19:20:00";"PA";316;"71.2";"CASTANHAL";"Manobra de mudança de faixa";"Colisão com objeto";"Com Vítimas Feridas";"Plena Noite";"Decrescente";"Nublado";"Simples";"Reta";"Não";8;0;2;4;2;0;6;4;-1,29062917;-47,85733898;"SR-PA";"UOP01";"DEL01"
337804;2021-01-31;"domingo";"20:00:00";"MT";163;"834";"SINOP";"Pista Escorregadia";"Queda de ocupante de veículo";"Com Vítimas Feridas";"Plena Noite";"Crescente";"Chuva";"Simples";"Reta";"Sim";1;0;0;1;0;0;1;1;-11,867;-55,497;"SR-MT";"UOP01";"DEL06"
337805;2021-01-31;"domingo";"18:30:00";"MT";70;"618";"POCONE";"Transitar na contramão";"Colisão frontal";"Sem Vítimas";"Anoitecer";"Decrescente";"Garoa/Chuvisco";"Simples";"Curva";"Não";3;0;0;0;2;1;0;3;-15,88001302;-56,87024499;"SR-MT";"UOP02";"DEL03"
337806;2021-01-31;"domingo";"21:05:00";"CE";116;"11.9";"FORTALEZA";"Ausência de reação do condutor";"Colisão com objeto";"Com Vítimas Feridas";"Pleno dia";"Decrescente";"Céu Claro";"Dupla";"Reta";"Sim";1;0;0;1;0;0;1;1;-3,84394724;-38,49891546;"SR-CE";"UOP02";"DEL01"
337807;2021-01-31;"domingo";"21:25:00";"MG";381;"438.5";"SABARA";"Obstrução na via";"Colisão traseira";"Sem Vítimas";"Plena Noite";"Crescente";"Céu Claro";"Simples";"Curva";"Sim";3;0;0;0;3;0;0;2;-19,80076606;-43,75187159;"SR-MG";"UOP01";"DEL01"
337808;2021-01-31;"domingo";"17:50:00";"MS";262;"351";"CAMPO GRANDE";"Ausência de reação do condutor";"Saída de leito carroçável";"Sem Vítimas";"Anoitecer";"Crescente";"Céu Claro";"Dupla";"Reta";"Não";1;0;0;0;1;0;0;1;-20,56994516;-54,64056096;"SR-MS";"UOP03";"DEL01"
337809;2021-01-31;"domingo";"20:10:00";"GO";153;"701";"ITUMBIARA";"Reação tardia ou ineficiente do condutor";"Saída de leito carroçável";"Sem Vítimas";"Plena Noite";"Decrescente";"Céu Claro";"Dupla";"Reta";"Sim";1;0;0;0;1;0;0;1;-18,4034;-49,202;"SR-GO";"UOP02";"DEL03"
337810;2021-01-31;"domingo";"21:18:00";"SC";101;"101.1";"BALNEARIO PICARRAS";"Reação tardia ou ineficiente do condutor";"Queda de ocupante de veículo";"Com Vítimas Feridas";"Plena Noite";"Crescente";"Nublado";"Simples";"Reta";"Sim";2;0;2;0;0;0;2;1;-26,76404198;-48,68657667;"SR-SC";"UOP02";"DEL03"
337811;2021-01-31;"domingo";"20:20:00";"PB";104;"108.5";"SAO SEBASTIAO DE LAGOA DE  ROCA";"Transitar na contramão";"Colisão lateral";"Sem Vítimas";"Plena Noite";"Decrescente";"Céu Claro";"Simples";"Reta";"Não";2;0;0;0;1;1;0;2;-7,111897;-35,867443;"SR-PB";"UOP04";"DEL02"
337814;2021-01-31;"domingo";"21:11:00";"SC";101;"240.7";"PALHOCA";"Reação tardia ou ineficiente do condutor";"Colisão com objeto";"Com Vítimas Feridas";"Plena Noite";"Crescente";"Nublado";"Dupla";"Curva";"Não";1;0;1;0;0;0;1;1;-27,85825092;-48,64383119;"SR-SC";"UOP02";"DEL01"
337815;2021-01-31;"domingo";"18:20:00";"ES";262;"32";"DOMINGOS MARTINS";"Condutor Dormindo";"Saída de leito carroçável";"Com Vítimas Feridas";"Anoitecer";"Crescente";"Céu Claro";"Dupla";"Curva";"Não";1;0;1;0;0;0;1;1;-20,37885575;-40,577728;"SR-ES";"UOP01";"DEL01"
337816;2021-01-31;"domingo";"20:00:00";"MT";163;"959";"NOVA SANTA HELENA";"Ingestão de álcool e/ou substâncias psicoativas pelo pedestre";"Saída de leito carroçável";"Sem Vítimas";"Plena Noite";"Crescente";"Céu Claro";"Simples";"Reta";"Não";2;0;0;0;2;0;0;1;-10,81564835;-55,17352626;"SR-MT";"UOP02";"DEL06"
337817;2021-01-31;"domingo";"22:00:00";"SP";116;"181";"GUARAREMA";"Ausência de sinalização";"Colisão traseira";"Com Vítimas Feridas";"Plena Noite";"Crescente";"Garoa/Chuvisco";"Dupla";"Reta";"Sim";5;0;4;0;1;0;4;2;-23,34071022;-46,15361889;"SR-SP";"UOP01";"DEL01"