"id";"data_inversa";"dia_semana";"horario";"uf";"br";"km";"municipio";"causa_acidente";"tipo_acidente";"classificacao_acidente";"fase_dia";"sentido_via";"condicao_metereologica";"tipo_pista";"tracado_via";"uso_solo";"pessoas";"mortos";"feridos_leves";"feridos_graves";"ilesos";"ignorados";"feridos";"veiculos";"latitude";"longitude";"regional";"delegacia";"uop"
337818;2021-01-31;"domingo";"18:51:00";"MG";381;"921.5";"CAMANDUCAIA";"Velocidade Incompatível";"Colisão com objeto";"Com Vítimas Feridas";"Plena Noite";"Crescente";"Chuva";"Dupla";"Não Informado";"Sim";3;0;2;0;1;0;2;1;-22,7680939;-46,20854399;"SR-MG";"UOP03";"DEL16"
337819;2021-01-31;"domingo";"21:35:00";"PE";232;"80";"GRAVATA";"Manobra de mudança de faixa";"Colisão lateral sentido oposto";"Com Vítimas Feridas";"Plena Noite";"Crescente";"Céu Claro";"Simples";"Reta";"Sim";2;0;0;1;1;0;1;2;-8,195698;-35,569609;"SR-PE";"UOP04";"DEL01"
337820;2021-01-31;"domingo";"21:30:00";"PE";232;"130";"CARUARU";"Entrada inopinada do pedestre";"Atropelamento de Pedestre";"Com Vítimas Feridas";"Plena Noite";"Crescente";"Céu Claro";"Dupla";"Não Informado";"Sim";2;0;0;1;1;0;1;1;-8,29983303;-35,989662;"SR-PE";"UOP02";"DEL02"
337821;2021-01-31;"domingo";"20:40:00";"PE";423;"151";"IATI";"Transitar na contramão";"Colisão lateral sentido oposto";"Com Vítimas Feridas";"Plena Noite";"Crescente";"Céu Claro";"Simples";"Desvio Temporário";"Não";4;0;2;0;1;1;2;2;-9,0414635;-36,91156637;"SR-PE";"UOP01";"DEL03"
337822;2021-01-31;"domingo";"19:10:00";"GO";153;"699";"ITUMBIARA";"Ausência de reação do condutor";"Queda de ocupante de veículo";"Com Vítimas Feridas";"Plena Noite";"Crescente";"Chuva";"Múltipla";"Reta";"Não";1;0;1;0;0;0;1;1;-18,3862;-49,2076;"SR-GO";"UOP02";"DEL03"
337823;2021-01-31;"domingo";"20:10:00";"RR";174;"503";"BOA VISTA";"Acessar a via sem observar a presença dos outros veículos";"Colisão traseira";"Com Vítimas Feridas";"Plena Noite";"Decrescente";"Céu Claro";"Dupla";"Reta";"Sim";2;0;1;0;1;0;1;2;2,794901;-60,698441;"SR-RR";"UOP01";"DEL01"
337824;2021-01-31;"domingo";"20:04:00";"SC";101;"83.4";"BARRA VELHA";"Condutor deixou de manter distância do veículo da frente";"Colisão traseira";"Sem Vítimas";"Plena Noite";"Decrescente";"Céu Claro";"Múltipla";"Reta";"Sim";3;0;0;0;3;0;0;3;-26,61865655;-48,71834126;"SR-SC";"UOP02";"DEL03"
337825;2021-01-31;"domingo";"22:00:00";"MA";135;"13";"SAO LUIS";"Ausência de reação do condutor";"Colisão traseira";"Com Vítimas Feridas";"Plena Noite";"Decrescente";"Céu Claro";"Dupla";"Reta";"Sim";2;0;1;0;0;1;1;2;-2,68053538;-44,29512283;"SR-MA";"UOP01";"DEL01"
337826;2021-01-08;"sexta";"09:50:00";"PA";230;"654";"ALTAMIRA";"Reação tardia ou ineficiente do condutor";"Saída de leito carroçável";"Com Vítimas Feridas";"Pleno dia";"Crescente";"Chuva";"Dupla";"Curva";"Não";2;0;1;0;0;1;1;1;-3,22542812;-52,29639288;"SR-PA";"UOP01";"DEL04"
337827;2021-01-31;"domingo";"21:25:00";"RN";110;"44.8";"MOSSORO";"Animais na Pista";"Atropelamento de Animal";"Com Vítimas Feridas";"Plena Noite";"Crescente";"Céu Claro";"Simples";"Reta";"Sim";1;0;1;0;0;0;1;1;-5,18717768;-37,30390524;"SR-RN";"UOP01";"DEL04"
337828;2021-01-31;"domingo";"20:30:00";"CE";222;"186.1";"SOBRAL";"Pedestre andava na pista";"Atropelamento de Pedestre";"Com Vítimas Fatais";"Plena Noite";"Crescente";"Céu Claro";"Simples";"Reta";"Sim";6;1;0;0;5;0;0;1;-3,76195983;-40,09672202;"SR-CE";"UOP01";"DEL04"
337829;2021-01-31;"domingo";"22:45:00";"MG";50;"174";"UBERABA";"Condutor deixou de manter distância do veículo da frente";"Colisão traseira";"Com Vítimas Feridas";"Plena Noite";"Crescente";"Nublado";"Dupla";"Reta";"Sim";4;0;1;0;2;1;1;3;-19,770817;-47,973434;"SR-MG";"UOP01";"DEL13"
337830;2021-01-31;"domingo";"18:30:00";"SC";116;"172.8";"SAO CRISTOVAO DO SUL";"Velocidade Incompatível";"Saída de leito carroçável";"Sem Vítimas";"Pleno dia";"Decrescente";"Nublado";"Simples";"Não Informado";"Não";2;0;0;0;2;0;0;1;-27,21708277;-50,46677113;"SR-SC";"UOP03";"DEL05"
337831;2021-01-31;"domingo";"22:30:00";"SP";116;"145";"SAO JOSE DOS CAMPOS";"Ausência de reação do condutor";"Atropelamento de Pedestre";"Com Vítimas Feridas";"Plena Noite";"Decrescente";"Chuva";"Dupla";"Não Informado";"Não";2;0;1;1;0;0;2;2;-23,1869844;-45,8548078;"SR-SP";"UOP01";"DEL02"
337832;2021-01-31;"domingo";"23:00:00";"RS";468;"20.4";"PALMEIRA DAS MISSOES";"Manobra de mudança de faixa";"Colisão frontal";"Com Vítimas Fatais";"Plena Noite";"Crescente";"Chuva";"Simples";"Não Informado";"Não";4;2;0;1;1;0;1;2;-27,77641779;-53,43749455;"SR-RS";"UOP01";"DEL08"
337833;2021-01-31;"domingo";"21:45:00";"RJ";116;"255.5";"PIRAI";"Reação tardia ou ineficiente do condutor";"Tombamento";"Com Vítimas Feridas";"Plena Noite";"Decrescente";"Nublado";"Dupla";"Desvio Temporário";"Não";1;0;0;1;0;0;1;1;-22,58171235;-43,99533787;"SR-RJ";"UOP02";"DEL07"
337836;2021-01-31;"domingo";"20:50:00";"ES";101;"76.6";"SAO MATEUS";"Frear bruscamente";"Colisão traseira";"Com Vítimas Feridas";"Plena Noite";"Crescente";"Céu Claro";"Simples";"Reta";"Não";3;0;1;0;2;0;1;2;-18,79220409;-39,88463988;"SR-ES";"UOP02";"DEL04"
337837;2021-01-31;"domingo";"22:30:00";"PE";232;"80.7";"GRAVATA";"Ausência de reação do condutor";"Colisão com objeto";"Com Vítimas Feridas";"Plena Noite";"Decrescente";"Céu Claro";"Dupla";"Reta";"Sim";1;0;1;0;0;0;1;1;-8,19579864;-35,56962305;"SR-PE";"UOP04";"DEL01"
337838;2021-01-31;"domingo";"17:30:00";"BA";242;"352";"LENCOIS";"Velocidade Incompatível";"Tombamento";"Sem Vítimas";"Plena Noite";"Decrescente";"Céu Claro";"Simples";"Curva";"Não";1;0;0;0;1;0;0;1;-12,49857081;-41,33159186;"SR-BA";"UOP01";"DEL06"
337839;2021-01-31;"domingo";"22:25:00";"MG";116;"762.3";"LEOPOLDINA";"Manobra de mudança de faixa";"Colisão frontal";"Com Vítimas Feridas";"Plena Noite";"Crescente";"Céu Claro";"Simples";"Curva";"Não";2;0;0;1;1;0;1;2;-21,52887723;-42,62360898;"SR-MG";"UOP01";"DEL07"
337841;2021-02-01;"segunda";"00:32:00";"PE";104;"37";"CARUARU";"Ingestão de álcool pelo condutor";"Colisão com objeto";"Sem Vítimas";"Plena Noite";"Decrescente";"Céu Claro";"Dupla";"Curva";"Não";1;0;0;0;1;0;0;1;-8,061599;-36,047626;"SR-PE";"UOP01";"DEL02"
337842;2021-01-31;"domingo";"00:10:00";"BA";116;"29";"VITORIA DA CONQUISTA";"Reação tardia ou ineficiente do condutor";"Colisão traseira";"Com Vítimas Feridas";"Plena Noite";"Crescente";"Céu Claro";"Simples";"Reta";"Sim";2;0;0;2;0;0;2;1;-14,851;-40,8485;"SR-BA";"UOP01";"DEL08"
337843;2021-01-31;"domingo";"23:30:00";"GO";153;"498.7";"GOIANIA";"Ingestão de álcool e/ou substâncias psicoativas pelo pedestre";"Saída de leito carroçável";"Sem Vítimas";"Plena Noite";"Crescente";"Nublado";"Dupla";"Reta";"Sim";1;0;0;0;1;0;0;1;-16,6939;-49,2321;"SR-GO";"UOP01";"DEL01"
337844;2021-01-31;"domingo";"22:20:00";"PR";476;"119";"COLOMBO";"Reação tardia ou ineficiente do condutor";"Saída de leito carroçável";"Com Vítimas Feridas";"Plena Noite";"Crescente";"Nublado";"Múltipla";"Reta";"Sim";3;0;0;1;1;1;1;1;-25,364202;-49,185825;"SR-PR";"UOP02";"DEL01"
337845;2021-01-31;"domingo";"22:30:00";"BA";101;"481";"URUCUCA";"Ingestão de álcool pelo condutor";"Colisão lateral sentido oposto";"Sem Vítimas";"Plena Noite";"Crescente";"Céu Claro";"Simples";"Reta";"Não";4;0;0;0;4;0;0;3;-14,6219586;-39,3312854;"SR-BA";"UOP01";"DEL05"
337846;2021-02-01;"segunda";"00:35:00";"SC";282;"217.5";"LAGES";"Velocidade Incompatível";"Colisão com objeto";"Com Vítimas Feridas";"Plena Noite";"Decrescente";"Garoa/Chuvisco";"Dupla";"Interseção de vias";"Sim";3;0;1;2;0;0;3;1;-27,797916;-50,302944;"SR-SC";"UOP01";"DEL05"
337847;2021-01-31;"domingo";"20:40:00";"PA";230;"504";"ANAPU";"Condutor deixou de manter distância do veículo da frente";"Colisão lateral";"Com Vítimas Fatais";"Plena Noite";"Decrescente";"Céu Claro";"Simples";"Reta";"Não";5;2;1;1;0;1;2;3;-3,423439;-51,249233;"SR-PA";"UOP01";"DEL04"
337848;2021-02-01;"segunda";"00:45:00";"SP";116;"136";"SAO JOSE DOS CAMPOS";"Ingestão de álcool pelo condutor";"Colisão lateral mesmo sentido";"Sem Vítimas";"Plena Noite";"Decrescente";"Céu Claro";"Dupla";"Reta";"Não";2;0;0;0;2;0;0;2;-23,14874471;-45,77863714;"SR-SP";"UOP01";"DEL02"
337849;2021-01-31;"domingo";"20:30:00";"GO";452;"120";"BOM JESUS DE GOIAS";"Ausência de reação do condutor";"Colisão traseira";"Com Vítimas Feridas";"Plena Noite";"Crescente";"Céu Claro";"Simples";"Reta";"Não";1;0;0;1;0;0;1;1;-18,19594169;-49,82867903;"SR-GO";"UOP02";"DEL03"
337850;2021-02-01;"segunda";"00:00:00";"RJ";101;"268";"RIO BONITO";"Chuva";"Atropelamento de Pedestre";"Com Vítimas Fatais";"Plena Noite";"Decrescente";"Céu Claro";"Dupla";"Reta";"Não";2;1;0;0;1;0;0;1;-22,7112997;-42,66922613;"SR-RJ";"UOP03";"DEL02"
337852;2021-01-31;"domingo";"21:00:00";"RO";364;"236";"CACOAL";"Ingestão de álcool pelo condutor";"Colisão com objeto";"Com Vítimas Feridas";"Plena Noite";"Crescente";"Nublado";"Simples";"Reta";"Sim";1;0;1;0;0;0;1;1;-11,44587672;-61,43784993;"SR-RO";"UOP02";"DEL02"
337853;2021-01-31;"domingo";"21:15:00";"ES";101;"385";"RIO NOVO DO SUL";"Ultrapassagem Indevida";"Saída de leito carroçável";"Com Vítimas Feridas";"Plena Noite";"Decrescente";"Céu Claro";"Simples";"Reta";"Sim";1;0;1;0;0;0;1;1;-20,83675912;-40,86790091;"SR-ES";"UOP01";"DEL03"
337854;2021-01-31;"domingo";"23:40:00";"BA";101;"145.6";"TEODORO SAMPAIO";"Condutor Dormindo";"Saída de leito carroçável";"Com Vítimas Feridas";"Pleno dia";"Crescente";"Céu Claro";"Simples";"Reta";"Não";1;0;1;0;0;0;1;1;-12,269235;-38,675192;"SR-BA";"UOP04";"DEL01"
337855;2021-02-01;"segunda";"01:10:00";"GO";50;"159";"CAMPO ALEGRE DE GOIAS";"Demais falhas mecânicas ou elétricas";"Saída de leito carroçável";"Sem Vítimas";"Plena Noite";"Decrescente";"Céu Claro";"Dupla";"Reta";"Não";1;0;0;0;1;0;0;1;-17,2456;-47,7647;"SR-GO";"UOP01";"DEL06"
337856;2021-02-01;"segunda";"01:40:00";"MG";381;"634.6";"OLIVEIRA";"Condutor Dormindo";"Saída de leito carroçável";"Com Vítimas Fatais";"Plena Noite";"Decrescente";"Nublado";"Dupla";"Curva";"Não";1;1;0;0;0;0;0;1;-20,87602422;-44,84695195;"SR-MG";"UOP01";"DEL04"
337857;2021-02-01;"segunda";"01:30:00";"PB";104;"118.2";"LAGOA SECA";"Ingestão de álcool pelo condutor";"Capotamento";"Com Vítimas Feridas";"Plena Noite";"Decrescente";"Céu Claro";"Simples";"Não Informado";"Não";4;0;3;0;1;0;3;1;-7,19637839;-35,87571339;"SR-PB";"UOP04";"DEL02"
337858;2021-01-31;"domingo";"18:00:00";"MA";135;"92.2";"ITAPECURU MIRIM";"Mal súbito do condutor";"Colisão lateral sentido oposto";"Com Vítimas Feridas";"Anoitecer";"Decrescente";"Nublado";"Simples";"Reta";"Não";2;0;1;0;1;0;1;2;-3,30760501;-44,42451199;"SR-MA";"UOP02";"DEL01"
337859;2021-02-01;"segunda";"00:10:00";"BA";242;"730";"CRISTOPOLIS";"Acumulo de água sobre o pavimento";"Capotamento";"Sem Vítimas";"Plena Noite";"Crescente";"Chuva";"Simples";"Reta";"Não";2;0;0;0;2;0;0;1;-12,1997501;-44,48247313;"SR-BA";"UOP01";"DEL10"
337860;2021-02-01;"segunda";"02:00:00";"GO";153;"504.3";"APARECIDA DE GOIANIA";"Manobra de mudança de faixa";"Saída de leito carroçável";"Com Vítimas Feridas";"Plena Noite";"Decrescente";"Chuva";"Dupla";"Reta";"Sim";2;0;2;0;0;0;2;1;-16,7451;-49,2408;"SR-GO";"UOP01";"DEL01"
337861;2021-02-01;"segunda";"03:35:00";"MG";50;"121";"UBERABA";"Velocidade Incompatível";"Saída de leito carroçável";"Com Vítimas Feridas";"Plena Noite";"Decrescente";"Céu Claro";"Dupla";"Reta";"Não";3;0;3;0;0;0;3;1;-19,31647807;-48,10645516;"SR-MG";"UOP01";"DEL13"
337862;2021-02-01;"segunda";"04:20:00";"GO";40;"21";"LUZIANIA";"Mal súbito do condutor";"Queda de ocupante de veículo";"Com Vítimas Feridas";"Plena Noite";"Decrescente";"Céu Claro";"Dupla";"Reta";"Sim";1;0;0;1;0;0;1;1;-16,21854813;-47,91549683;"SR-DF";"UOP01";"DEL01"
337863;2021-02-01;"segunda";"01:10:00";"SC";101;"388";"CRICIUMA";"Velocidade Incompatível";"Saída de leito carroçável";"Com Vítimas Feridas";"Plena Noite";"Decrescente";"Chuva";"Dupla";"Reta";"Não";2;0;0;1;1;0;1;1;-28,78529329;-49,33739925;"SR-SC";"UOP02";"DEL02"
337864;2021-02-01;"segunda";"04:00:00";"RS";116;"143.4";"CAXIAS DO SUL";"Velocidade Incompatível";"Colisão com objeto";"Sem Vítimas";"Amanhecer";"Crescente";"Nublado";"Dupla";"Curva";"Sim";1;0;0;0;1;0;0;1;-29,1201739;-51,12260651;"SR-RS";"UOP01";"DEL05"
337866;2021-02-01;"segunda";"05:50:00";"ES";101;"297";"VIANA";"Reação tardia ou ineficiente do condutor";"Colisão lateral";"Com Vítimas Feridas";"Amanhecer";"Crescente";"Céu Claro";"Múltipla";"Reta";"Sim";1;0;0;1;0;0;1;1;-20,34529844;-40,41026774;"SR-ES";"UOP01";"DEL01"
337867;2021-02-01;"segunda";"00:20:00";"SC";101;"264";"GAROPABA";"Animais na Pista";"Atropelamento de Animal";"Com Vítimas Feridas";"Plena Noite";"Crescente";"Garoa/Chuvisco";"Dupla";"Curva";"Não";5;0;1;0;4;0;1;2;-28,05555697;-48,71771428;"SR-SC";"UOP03";"DEL02"
337868;2021-02-01;"segunda";"05:30:00";"SC";282;"3";"FLORIANOPOLIS";"Ingestão de álcool pelo condutor";"Saída de leito carroçável";"Com Vítimas Feridas";"Amanhecer";"Crescente";"Chuva";"Múltipla";"Curva";"Sim";2;0;2;0;0;0;2;1;-27,600384;-48,599705;"SR-SC";"UOP01";"DEL01"
337869;2021-01-31;"domingo";"21:20:00";"BA";367;"50";"PORTO SEGURO";"Conversão proibida";"Colisão transversal";"Com Vítimas Feridas";"Plena Noite";"Decrescente";"Nublado";"Simples";"Curva";"Não";2;0;1;0;1;0;1;2;-16,37330881;-39,29852716;"SR-BA";"UOP01";"DEL09"
337870;2021-02-01;"segunda";"05:50:00";"PB";230;"35.1";"SANTA RITA";"Ausência de reação do condutor";"Colisão traseira";"Com Vítimas Feridas";"Pleno dia";"Decrescente";"Sol";"Dupla";"Não Informado";"Sim";3;0;1;0;1;1;1;2;-7,1268;-34,9412;"SR-PB";"UOP01";"DEL01"
337871;2021-02-01;"segunda";"04:55:00";"RO";319;"64";"PORTO VELHO";"Condutor desrespeitou a iluminação vermelha do semáforo";"Colisão transversal";"Com Vítimas Feridas";"Plena Noite";"Decrescente";"Céu Claro";"Dupla";"Interseção de vias";"Sim";2;0;1;0;1;0;1;2;-8,76734943;-63,88388872;"SR-RO";"UOP01";"DEL01"
337872;2021-02-01;"segunda";"06:15:00";"PI";343;"345.5";"TERESINA";"Condutor desrespeitou a iluminação vermelha do semáforo";"Colisão transversal";"Com Vítimas Feridas";"Pleno dia";"Decrescente";"Sol";"Simples";"Interseção de vias";"Sim";2;0;1;0;1;0;1;2;-5,102889;-42,766506;"SR-PI";"UOP01";"DEL01"
337873;2021-02-01;"segunda";"05:50:00";"PI";316;"44";"LAGOA DO PIAUI";"Condutor deixou de manter distância do veículo da frente";"Colisão traseira";"Com Vítimas Feridas";"Amanhecer";"Decrescente";"Nevoeiro/Neblina";"Simples";"Reta";"Não";8;0;6;1;1;0;7;3;-5,43754797;-42,63447174;"SR-PI";"UOP02";"DEL01"
337874;2021-02-01;"segunda";"06:00:00";"PI";343;"288";"ALTOS";"Acessar a via sem observar a presença dos outros veículos";"Colisão lateral mesmo sentido";"Com Vítimas Feridas";"Pleno dia";"Decrescente";"Céu Claro";"Simples";"Reta";"Não";1;0;0;1;0;0;1;1;-4,94159;-42,329639;"SR-PI";"UOP03";"DEL01"
337876;2021-02-01;"segunda";"05:30:00";"MS";262;"356";"CAMPO GRANDE";"Acessar a via sem observar a presença dos outros veículos";"Colisão transversal";"Com Vítimas Feridas";"Amanhecer";"Crescente";"Sol";"Simples";"Desvio Temporário";"Não";2;0;1;0;1;0;1;2;-20,54745913;-54,68046404;"SR-MS";"UOP03";"DEL01"
337879;2021-02-01;"segunda";"06:20:00";"MG";381;"399";"BOM JESUS DO AMPARO";"Transitar na contramão";"Colisão frontal";"Com Vítimas Feridas";"Pleno dia";"Crescente";"Céu Claro";"Simples";"Rotatória";"Sim";2;0;1;0;1;0;1;2;-19,73901885;-43,50727826;"SR-MG";"UOP01";"DEL01"
337880;2021-02-01;"segunda";"06:50:00";"RJ";116;"168";"SAO JOAO DE MERITI";"Reação tardia ou ineficiente do condutor";"Colisão lateral";"Sem Vítimas";"Pleno dia";"Crescente";"Céu Claro";"Múltipla";"Reta";"Sim";3;0;0;0;3;0;0;3;-22,79796033;-43,35872546;"SR-RJ";"UOP01";"DEL01"
337881;2021-02-01;"segunda";"06:15:00";"CE";116;"63.6";"CHOROZINHO";"Ingestão de álcool pelo condutor";"Colisão lateral mesmo sentido";"Sem Vítimas";"Pleno dia";"Crescente";"Céu Claro";"Simples";"Não Informado";"Não";2;0;0;0;2;0;0;2;-4,27263318;-38,49159144;"SR-CE";"UOP02";"DEL03"
337882;2021-02-01;"segunda";"07:08:00";"SP";116;"142.1";"SAO JOSE DOS CAMPOS";"Avarias e/ou desgaste excessivo no pneu";"Tombamento";"Com Vítimas Feridas";"Pleno dia";"Crescente";"Céu Claro";"Dupla";"Reta";"Sim";2;0;1;0;1;0;1;1;-23,17426078;-45,82940111;"SR-SP";"UOP01";"DEL02"
337883;2021-02-01;"segunda";"06:58:00";"MG";381;"850.3";"POUSO ALEGRE";"Acumulo de areia ou detritos sobre o pavimento";"Queda de ocupante de veículo";"Com Vítimas Feridas";"Pleno dia";"Crescente";"Chuva";"Simples";"Curva";"Não";1;0;1;0;0;0;1;1;-22,2786871;-45,89472262;"SR-MG";"UOP01";"DEL16"
337884;2021-02-01;"segunda";"07:40:00";"MG";40;"506.8";"RIBEIRAO DAS NEVES";"Avarias e/ou desgaste excessivo no pneu";"Colisão com objeto";"Com Vítimas Feridas";"Pleno dia";"Crescente";"Nublado";"Dupla";"Reta";"Não";2;0;1;1;0;0;2;1;-19,7517093;-44,14384961;"SR-MG";"UOP01";"DEL02"
337885;2021-02-01;"segunda";"07:25:00";"SC";101;"210";"SAO JOSE";"Velocidade Incompatível";"Queda de ocupante de veículo";"Com Vítimas Feridas";"Pleno dia";"Crescente";"Nublado";"Múltipla";"Reta";"Sim";2;0;2;0;0;0;2;1;-27,6167305;-48,6457265;"SR-SC";"UOP01";"DEL01"
337886;2021-02-01;"segunda";"05:30:00";"BA";101;"151";"CORACAO DE MARIA";"Condutor deixou de manter distância do veículo da frente";"Colisão traseira";"Com Vítimas Feridas";"Amanhecer";"Decrescente";"Nublado";"Simples";"Reta";"Não";3;0;3;0;0;0;3;2;-12,295666;-38,715592;"SR-BA";"UOP03";"DEL01"
337887;2021-02-01;"segunda";"07:30:00";"DF";40;"3.8";"BRASILIA";"Área urbana sem a presença de local apropriado para a travessia de pedestres";"Atropelamento de Pedestre";"Com Vítimas Feridas";"Pleno dia";"Decrescente";"Sol";"Dupla";"Reta";"Sim";2;0;1;0;1;0;1;1;-16,003145;-47,983944;"SR-DF";"UOP01";"DEL01"
337888;2021-02-01;"segunda";"07:30:00";"RS";116;"154.2";"CAXIAS DO SUL";"Acessar a via sem observar a presença dos outros veículos";"Colisão transversal";"Com Vítimas Feridas";"Amanhecer";"Decrescente";"Céu Claro";"Simples";"Interseção de vias";"Sim";2;0;1;0;1;0;1;2;-29,19266833;-51,18000269;"SR-RS";"UOP01";"DEL05"
337889;2021-02-01;"segunda";"07:10:00";"RS";116;"247.9";"SAO LEOPOLDO";"Condutor desrespeitou a iluminação vermelha do semáforo";"Colisão lateral";"Com Vítimas Feridas";"Pleno dia";"Crescente";"Céu Claro";"Dupla";"Interseção de vias";"Sim";2;0;1;0;1;0;1;2;-29,772477;-51,154331;"SR-RS";"UOP02";"DEL01"
337890;2021-02-01;"segunda";"07:10:00";"MG";116;"278";"TEOFILO OTONI";"Acessar a via sem observar a presença dos outros veículos";"Colisão transversal";"Com Vítimas Feridas";"Pleno dia";"Decrescente";"Céu Claro";"Simples";"Não Informado";"Sim";2;0;1;0;1;0;1;2;-17,86846089;-41,5171394;"SR-MG";"UOP01";"DEL11"
337892;2021-02-01;"segunda";"06:40:00";"PB";230;"289";"SANTA LUZIA";"Transitar na contramão";"Colisão frontal";"Com Vítimas Feridas";"Pleno dia";"Crescente";"Céu Claro";"Simples";"Desvio Temporário";"Não";3;0;3;0;0;0;3;2;-6,8816;-36,9002;"SR-PB";"UOP01";"DEL03"
337894;2021-02-01;"segunda";"07:15:00";"PE";423;"67.3";"JUPI";"Demais falhas mecânicas ou elétricas";"Saída de leito carroçável";"Com Vítimas Feridas";"Pleno dia";"Crescente";"Céu Claro";"Simples";"Reta";"Não";10;0;6;0;0;4;6;1;-8,66219547;-36,34708912;"SR-PE";"UOP01";"DEL03"
337895;2021-02-01;"segunda";"07:20:00";"BA";101;"722.5";"EUNAPOLIS";"Ingestão de álcool e/ou substâncias psicoativas pelo pedestre";"Tombamento";"Com Vítimas Feridas";"Pleno dia";"Crescente";"Céu Claro";"Simples";"Curva";"Não";1;0;1;0;0;0;1;1;-16,39971031;-39,58002269;"SR-BA";"UOP01";"DEL09"
337896;2021-02-01;"segunda";"07:30:00";"MG";262;"442";"NOVA SERRANA";"Velocidade Incompatível";"Colisão traseira";"Com Vítimas Feridas";"Pleno dia";"Crescente";"Nublado";"Dupla";"Reta";"Sim";2;0;1;0;1;0;1;2;-19,8806236;-44,91232265;"SR-MG";"UOP03";"DEL08"
337897;2021-02-01;"segunda";"08:30:00";"GO";364;"258";"JATAI";"Ultrapassagem Indevida";"Tombamento";"Com Vítimas Feridas";"Pleno dia";"Decrescente";"Céu Claro";"Simples";"Reta";"Não";1;0;1;0;0;0;1;1;-17,679964;-52,210014;"SR-GO";"UOP01";"DEL05"
337898;2021-02-01;"segunda";"08:10:00";"MG";381;"804";"SAO GONCALO DO SAPUCAI";"Condutor Dormindo";"Colisão com objeto";"Com Vítimas Feridas";"Pleno dia";"Crescente";"Nublado";"Dupla";"Reta";"Não";1;0;1;0;0;0;1;1;-21,996186;-45,6744899;"SR-MG";"UOP02";"DEL16"
337899;2021-02-01;"segunda";"08:40:00";"RJ";116;"95";"GUAPIMIRIM";"Reação tardia ou ineficiente do condutor";"Colisão traseira";"Com Vítimas Feridas";"Pleno dia";"Decrescente";"Sol";"Simples";"Reta";"Não";2;0;0;1;1;0;1;2;-22,47374702;-43,00117923;"SR-RJ";"UOP04";"DEL02"
337901;2021-02-01;"segunda";"07:30:00";"ES";101;"430";"ATILIO VIVACQUA";"Velocidade Incompatível";"Queda de ocupante de veículo";"Com Vítimas Feridas";"Pleno dia";"Decrescente";"Céu Claro";"Simples";"Curva";"Não";1;0;1;0;0;0;1;1;-21,02753855;-41,1671887;"SR-ES";"UOP02";"DEL03"
337902;2021-02-01;"segunda";"00:10:00";"PB";NA;"";"QUEIMADAS";"Ingestão de álcool pelo condutor";"Colisão com objeto";"Com Vítimas Feridas";"Plena Noite";"Não Informado";"Céu Claro";"Simples";"Reta";"Não";1;0;1;0;0;0;1;1;-7,414346;-35,879702;"SR-PB";"DEL02";"PB"
337904;2021-02-01;"segunda";"05:20:00";"PI";222;"2";"SAO JOAO DA FRONTEIRA";"Manobra de mudança de faixa";"Colisão frontal";"Com Vítimas Feridas";"Amanhecer";"Crescente";"Céu Claro";"Simples";"Reta";"Não";3;0;2;0;1;0;2;2;-3,92222284;-41,2487882;"SR-PI";"UOP01";"DEL02"
337905;2021-02-01;"segunda";"07:45:00";"RO";364;"238.1";"CACOAL";"Acessar a via sem observar a presença dos outros veículos";"Colisão transversal";"Com Vítimas Feridas";"Pleno dia";"Decrescente";"Céu Claro";"Simples";"Reta";"Sim";2;0;1;0;1;0;1;2;-11,43802783;-61,45611405;"SR-RO";"UOP02";"DEL02"
337907;2021-02-01;"segunda";"03:30:00";"MG";381;"384";"SAO GONCALO DO RIO ABAIXO";"Velocidade Incompatível";"Tombamento";"Com Vítimas Feridas";"Plena Noite";"Decrescente";"Nublado";"Simples";"Não Informado";"Não";1;0;1;0;0;0;1;1;-19,8350761;-43,3636912;"SR-MG";"UOP01";"DEL01"
337908;2021-02-01;"segunda";"05:00:00";"BA";242;"873";"LUIS EDUARDO MAGALHAES";"Reação tardia ou ineficiente do condutor";"Colisão traseira";"Com Vítimas Fatais";"Amanhecer";"Crescente";"Ignorado";"Simples";"Reta";"Não";1;1;0;0;0;0;0;1;-12,0782;-45,6958;"SR-BA";"UOP01";"DEL10"
337909;2021-02-01;"segunda";"07:10:00";"AC";364;"133";"RIO BRANCO";"Condutor deixou de manter distância do veículo da frente";"Colisão traseira";"Sem Vítimas";"Pleno dia";"Crescente";"Céu Claro";"Dupla";"Reta";"Sim";2;0;0;0;2;0;0;2;-10,002488;-67,84954;"SR-AC";"UOP01";"DEL01"
337910;2021-02-01;"segunda";"07:30:00";"RJ";40;"116";"DUQUE DE CAXIAS";"Ultrapassagem Indevida";"Colisão traseira";"Com Vítimas Feridas";"Pleno dia";"Decrescente";"Céu Claro";"Dupla";"Reta";"Sim";4;0;1;0;1;2;1;2;-22,73662299;-43,28858785;"SR-RJ";"UOP01";"DEL01"
337911;2021-02-01;"segunda";"08:55:00";"RN";304;"47.5";"MOSSORO";"Reação tardia ou ineficiente do condutor";"Colisão traseira";"Com Vítimas Feridas";"Pleno dia";"Decrescente";"Nublado";"Dupla";"Reta";"Sim";2;0;1;0;1;0;1;2;-5,22737496;-37,32287407;"SR-RN";"UOP01";"DEL04"