"id";"data_inversa";"dia_semana";"horario";"uf";"br";"km";"municipio";"causa_acidente";"tipo_acidente";"classificacao_acidente";"fase_dia";"sentido_via";"condicao_metereologica";"tipo_pista";"tracado_via";"uso_solo";"pessoas";"mortos";"feridos_leves";"feridos_graves";"ilesos";"ignorados";"feridos";"veiculos";"latitude";"longitude";"regional";"delegacia";"uop"
337912;2021-02-01;"segunda";"09:20:00";"BA";20;"183";"LUIS EDUARDO MAGALHAES";"Manobra de mudança de faixa";"Colisão frontal";"Com Vítimas Fatais";"Pleno dia";"Decrescente";"Céu Claro";"Simples";"Reta";"Não";7;2;1;4;0;0;5;2;-12,339637;-45,856913;"SR-BA";"UOP01";"DEL10"
337913;2021-02-01;"segunda";"09:15:00";"SP";116;"219";"GUARULHOS";"Velocidade Incompatível";"Colisão traseira";"Com Vítimas Feridas";"Pleno dia";"Crescente";"Céu Claro";"Múltipla";"Reta";"Sim";2;0;1;0;1;0;1;2;-23,46143954;-46,48885316;"SR-SP";"UOP01";"DEL01"
337914;2021-02-01;"segunda";"07:40:00";"SC";470;"233";"SAO CRISTOVAO DO SUL";"Conversão proibida";"Colisão transversal";"Com Vítimas Feridas";"Pleno dia";"Decrescente";"Céu Claro";"Simples";"Reta";"Sim";3;0;1;0;2;0;1;2;-27,301607;-50,421268;"SR-SC";"UOP03";"DEL05"
337917;2021-02-01;"segunda";"09:15:00";"ES";262;"1.8";"CARIACICA";"Pedestre andava na pista";"Queda de ocupante de veículo";"Com Vítimas Feridas";"Pleno dia";"Crescente";"Céu Claro";"Dupla";"Reta";"Sim";4;0;1;0;3;0;1;1;-20,32955204;-40,35492602;"SR-ES";"UOP01";"DEL01"
337918;2021-02-01;"segunda";"10:00:00";"GO";153;"506";"APARECIDA DE GOIANIA";"Reação tardia ou ineficiente do condutor";"Colisão traseira";"Com Vítimas Feridas";"Pleno dia";"Decrescente";"Céu Claro";"Dupla";"Retorno Regulamentado";"Sim";2;0;1;0;1;0;1;2;-16,7633;-49,24;"SR-GO";"UOP01";"DEL01"
337919;2021-01-15;"sexta";"20:20:00";"MG";116;"654.8";"FERVEDOURO";"Desrespeitar a preferência no cruzamento";"Colisão transversal";"Com Vítimas Feridas";"Plena Noite";"Crescente";"Nublado";"Simples";"Interseção de vias";"Sim";2;0;1;0;1;0;1;2;-20,74986018;-42,29241383;"SR-MG";"UOP03";"DEL07"
337921;2021-02-01;"segunda";"09:20:00";"RJ";101;"322";"NITEROI";"Condutor deixou de manter distância do veículo da frente";"Colisão lateral";"Com Vítimas Feridas";"Pleno dia";"Crescente";"Céu Claro";"Dupla";"Reta";"Sim";2;0;1;0;1;0;1;2;-22,878923;-43,110676;"SR-RJ";"UOP02";"DEL02"
337922;2021-02-01;"segunda";"07:45:00";"PR";277;"670.6";"MEDIANEIRA";"Avarias e/ou desgaste excessivo no pneu";"Saída de leito carroçável";"Com Vítimas Feridas";"Pleno dia";"Decrescente";"Nublado";"Dupla";"Reta";"Sim";2;0;1;1;0;0;2;1;-25,28037085;-54,07911108;"SR-PR";"UOP02";"DEL05"
337924;2021-02-01;"segunda";"06:00:00";"BA";242;"364";"LENCOIS";"Velocidade Incompatível";"Capotamento";"Com Vítimas Feridas";"Pleno dia";"Decrescente";"Nublado";"Simples";"Curva";"Não";2;0;1;0;1;0;1;1;-12,4615682;-41,42170104;"SR-BA";"UOP01";"DEL06"
337925;2021-02-01;"segunda";"11:00:00";"MG";40;"360";"FELIXLANDIA";"Mal súbito do condutor";"Colisão com objeto";"Com Vítimas Feridas";"Pleno dia";"Decrescente";"Céu Claro";"Simples";"Rotatória";"Não";1;0;1;0;0;0;1;1;-18,74935288;-44,85229988;"SR-MG";"UOP01";"DEL02"
337928;2021-02-01;"segunda";"11:45:00";"CE";20;"429.5";"FORTALEZA";"Ausência de reação do condutor";"Colisão lateral mesmo sentido";"Com Vítimas Feridas";"Pleno dia";"Decrescente";"Céu Claro";"Simples";"Curva";"Sim";1;0;1;0;0;0;1;1;-3,87044176;-38,49954844;"SR-CE";"UOP02";"DEL01"
337930;2021-01-26;"terça";"07:45:00";"MG";365;"552";"ESTRELA DO SUL";"Demais falhas mecânicas ou elétricas";"Incêndio";"Sem Vítimas";"Pleno dia";"Crescente";"Céu Claro";"Simples";"Reta";"Não";1;0;0;0;1;0;0;1;-18,93028161;-47,70423897;"SR-MG";"UOP02";"DEL15"
337931;2021-02-01;"segunda";"09:40:00";"AC";364;"228";"SENA MADUREIRA";"Velocidade Incompatível";"Saída de leito carroçável";"Com Vítimas Feridas";"Pleno dia";"Crescente";"Céu Claro";"Simples";"Desvio Temporário";"Não";1;0;0;1;0;0;1;1;-9,4012525;-68,43571045;"SR-AC";"UOP01";"DEL01"
337932;2021-02-01;"segunda";"13:00:00";"SP";381;"86";"SAO PAULO";"Velocidade Incompatível";"Saída de leito carroçável";"Com Vítimas Feridas";"Pleno dia";"Decrescente";"Nublado";"Múltipla";"Reta";"Sim";2;0;1;0;0;1;1;1;-23,45930499;-46,57161179;"SR-SP";"UOP01";"DEL03"
337933;2021-02-01;"segunda";"11:10:00";"MS";267;"13.8";"BATAGUASSU";"Obras na pista";"Eventos atípicos";"Com Vítimas Feridas";"Pleno dia";"Crescente";"Céu Claro";"Dupla";"Reta";"Sim";2;0;1;0;1;0;1;1;-21,7253133;-52,2679407;"SR-MS";"UOP04";"DEL02"
337934;2021-02-01;"segunda";"11:30:00";"RS";386;"130";"SARANDI";"Demais falhas mecânicas ou elétricas";"Incêndio";"Sem Vítimas";"Pleno dia";"Crescente";"Céu Claro";"Simples";"Reta";"Sim";1;0;0;0;1;0;0;1;-27,937862;-52,948528;"SR-RS";"UOP01";"DEL08"
337935;2021-02-01;"segunda";"12:10:00";"CE";222;"217";"SOBRAL";"Conversão proibida";"Colisão transversal";"Com Vítimas Fatais";"Pleno dia";"Decrescente";"Céu Claro";"Simples";"Reta";"Não";3;1;0;1;1;0;1;2;-3,75648758;-40,30235011;"SR-CE";"UOP01";"DEL04"
337936;2021-02-01;"segunda";"10:00:00";"MG";116;"113.4";"ITAOBIM";"Demais falhas mecânicas ou elétricas";"Saída de leito carroçável";"Com Vítimas Fatais";"Pleno dia";"Decrescente";"Céu Claro";"Simples";"Reta";"Não";4;1;1;2;0;0;3;1;-16,53940705;-41,50576515;"SR-MG";"UOP02";"DEL11"
337937;2021-02-01;"segunda";"11:55:00";"MS";163;"476.9";"CAMPO GRANDE";"Ausência de reação do condutor";"Engavetamento";"Com Vítimas Feridas";"Pleno dia";"Crescente";"Céu Claro";"Simples";"Não Informado";"Não";6;0;1;0;5;0;1;3;-20,51162825;-54,56030973;"SR-MS";"UOP01";"DEL01"
337939;2021-02-01;"segunda";"12:15:00";"RO";364;"13.5";"VILHENA";"Condutor deixou de manter distância do veículo da frente";"Colisão traseira";"Com Vítimas Feridas";"Pleno dia";"Decrescente";"Céu Claro";"Simples";"Reta";"Sim";2;0;1;0;1;0;1;2;-12,74140004;-60,13026401;"SR-RO";"UOP01";"DEL04"
337940;2021-02-01;"segunda";"12:40:00";"AL";423;"100";"DELMIRO GOUVEIA";"Acessar a via sem observar a presença dos outros veículos";"Colisão transversal";"Sem Vítimas";"Pleno dia";"Decrescente";"Céu Claro";"Simples";"Interseção de vias";"Não";2;0;0;0;2;0;0;2;-9,3903726;-38,1574192;"SR-BA";"UOP01";"DEL07"
337941;2021-02-01;"segunda";"12:20:00";"SC";470;"141.5";"RIO DO SUL";"Transitar na contramão";"Tombamento";"Com Vítimas Feridas";"Pleno dia";"Decrescente";"Sol";"Simples";"Não Informado";"Sim";1;0;1;0;0;0;1;1;-27,21039437;-49,65185165;"SR-SC";"UOP02";"DEL04"
337944;2021-02-01;"segunda";"09:00:00";"RJ";101;"505";"ANGRA DOS REIS";"Desrespeitar a preferência no cruzamento";"Colisão lateral";"Com Vítimas Feridas";"Pleno dia";"Decrescente";"Nublado";"Simples";"Curva";"Sim";2;0;0;1;1;0;1;2;-22,93561595;-44,39617909;"SR-RJ";"UOP02";"DEL03"
337945;2021-02-01;"segunda";"13:55:00";"RN";304;"34";"MOSSORO";"Pista esburacada";"Tombamento";"Com Vítimas Feridas";"Pleno dia";"Crescente";"Sol";"Dupla";"Reta";"Sim";1;0;1;0;0;0;1;1;-5,15255798;-37,34873808;"SR-RN";"UOP02";"DEL04"
337947;2021-02-01;"segunda";"11:30:00";"PI";230;"299";"FLORIANO";"Demais falhas mecânicas ou elétricas";"Tombamento";"Com Vítimas Feridas";"Pleno dia";"Crescente";"Sol";"Simples";"Reta";"Não";1;0;1;0;0;0;1;1;-6,81967598;-42,92922299;"SR-PI";"UOP01";"DEL03"
337951;2021-02-01;"segunda";"13:20:00";"GO";364;"268";"MINEIROS";"Velocidade Incompatível";"Saída de leito carroçável";"Com Vítimas Feridas";"Pleno dia";"Decrescente";"Sol";"Simples";"Reta";"Não";2;0;1;0;1;0;1;1;-17,67066;-52,293964;"SR-GO";"UOP01";"DEL05"
337952;2021-02-01;"segunda";"14:30:00";"RS";116;"238.4";"NOVO HAMBURGO";"Manobra de mudança de faixa";"Colisão traseira";"Com Vítimas Feridas";"Pleno dia";"Crescente";"Céu Claro";"Dupla";"Interseção de vias";"Sim";2;0;1;0;1;0;1;2;-29,68739789;-51,14197352;"SR-RS";"UOP02";"DEL01"
337953;2021-02-01;"segunda";"14:55:00";"PR";376;"284.3";"MARILANDIA DO SUL";"Velocidade Incompatível";"Saída de leito carroçável";"Com Vítimas Feridas";"Pleno dia";"Crescente";"Chuva";"Dupla";"Curva";"Não";3;0;1;2;0;0;3;1;-23,88545266;-51,24323845;"SR-PR";"UAP01";"DEL07"
337954;2021-02-01;"segunda";"12:20:00";"DF";70;"11";"BRASILIA";"Falta de elemento de contenção que evite a saída do leito carroçável";"Capotamento";"Com Vítimas Feridas";"Pleno dia";"Crescente";"Céu Claro";"Dupla";"Reta";"Sim";1;0;0;1;0;0;1;1;-15,789762;-48,148727;"SR-DF";"UOP03";"DEL01"
337956;2021-02-01;"segunda";"14:30:00";"PB";230;"36.8";"JOAO PESSOA";"Reação tardia ou ineficiente do condutor";"Colisão com objeto";"Com Vítimas Feridas";"Pleno dia";"Crescente";"Céu Claro";"Dupla";"Reta";"Sim";1;0;1;0;0;0;1;1;-7,1246;-34,9473;"SR-PB";"UOP03";"DEL01"
337957;2021-02-01;"segunda";"14:40:00";"RN";304;"44";"MOSSORO";"Acessar a via sem observar a presença dos outros veículos";"Colisão lateral sentido oposto";"Sem Vítimas";"Pleno dia";"Crescente";"Céu Claro";"Dupla";"Interseção de vias";"Sim";2;0;0;0;1;1;0;2;-5,22351428;-37,35781214;"SR-RN";"UOP01";"DEL04"
337958;2021-02-01;"segunda";"14:30:00";"SP";381;"41";"ATIBAIA";"Demais falhas mecânicas ou elétricas";"Incêndio";"Sem Vítimas";"Pleno dia";"Decrescente";"Nublado";"Múltipla";"Reta";"Sim";1;0;0;0;1;0;0;1;-23,13863999;-46,57584088;"SR-SP";"UOP01";"DEL03"
337959;2021-02-01;"segunda";"06:45:00";"RO";435;"92";"COLORADO DO OESTE";"Transitar na contramão";"Colisão frontal";"Com Vítimas Feridas";"Pleno dia";"Decrescente";"Nublado";"Simples";"Curva";"Não";2;0;1;0;1;0;1;2;-13,188104;-60,544846;"SR-RO";"UOP02";"DEL04"
337960;2021-02-01;"segunda";"12:10:00";"SP";116;"412";"JUQUIA";"Ausência de reação do condutor";"Colisão traseira";"Com Vítimas Feridas";"Pleno dia";"Decrescente";"Céu Claro";"Dupla";"Reta";"Não";2;0;1;0;1;0;1;2;-24,33094086;-47,61325097;"SR-SP";"UOP01";"DEL05"
337961;2021-02-01;"segunda";"14:50:00";"BA";116;"22";"VITORIA DA CONQUISTA";"Velocidade Incompatível";"Saída de leito carroçável";"Com Vítimas Feridas";"Pleno dia";"Crescente";"Sol";"Simples";"Curva";"Não";2;0;1;0;1;0;1;1;-14,87820697;-40,79957712;"SR-BA";"UOP01";"DEL08"
337962;2021-02-01;"segunda";"15:40:00";"AL";316;"243";"ATALAIA";"Velocidade Incompatível";"Tombamento";"Com Vítimas Feridas";"Pleno dia";"Decrescente";"Sol";"Simples";"Não Informado";"Não";1;0;1;0;0;0;1;1;-9,50948818;-36,01302293;"SR-AL";"UOP01";"DEL01"
337964;2021-02-01;"segunda";"15:20:00";"MT";364;"1154";"CAMPOS DE JULIO";"Velocidade Incompatível";"Saída de leito carroçável";"Com Vítimas Feridas";"Pleno dia";"Crescente";"Chuva";"Simples";"Reta";"Não";2;0;2;0;0;0;2;1;-13,55163299;-59,034863;"SR-MT";"UOP01";"DEL04"
337965;2021-02-01;"segunda";"16:20:00";"RN";101;"101.4";"PARNAMIRIM";"Avarias e/ou desgaste excessivo no pneu";"Queda de ocupante de veículo";"Com Vítimas Feridas";"Pleno dia";"Decrescente";"Céu Claro";"Múltipla";"Reta";"Sim";1;0;1;0;0;0;1;1;-5,88681084;-35,23143404;"SR-RN";"UOP01";"DEL01"
337966;2021-02-01;"segunda";"16:30:00";"PR";376;"355";"ORTIGUEIRA";"Chuva";"Saída de leito carroçável";"Com Vítimas Feridas";"Pleno dia";"Decrescente";"Chuva";"Simples";"Curva";"Não";2;0;1;0;1;0;1;1;-24,2397;-50,9198;"SR-PR";"UAP01";"DEL07"
337967;2021-02-01;"segunda";"16:29:00";"RS";116;"242";"SAO LEOPOLDO";"Reação tardia ou ineficiente do condutor";"Colisão com objeto";"Com Vítimas Feridas";"Pleno dia";"Decrescente";"Céu Claro";"Dupla";"Reta";"Sim";3;0;1;0;2;0;1;3;-29,72297087;-51,14858729;"SR-RS";"UOP02";"DEL01"
337969;2021-02-01;"segunda";"15:00:00";"MT";364;"265";"SAO PEDRO DA CIPA";"Acessar a via sem observar a presença dos outros veículos";"Colisão traseira";"Com Vítimas Feridas";"Pleno dia";"Crescente";"Céu Claro";"Dupla";"Reta";"Sim";3;0;2;0;1;0;2;2;-16,00440488;-54,92002387;"SR-MT";"UOP01";"DEL02"
337970;2021-02-01;"segunda";"16:00:00";"MG";381;"932.5";"EXTREMA";"Avarias e/ou desgaste excessivo no pneu";"Colisão com objeto";"Com Vítimas Feridas";"Pleno dia";"Decrescente";"Chuva";"Dupla";"Curva";"Não";1;0;1;0;0;0;1;1;-22,79250629;-46,25081906;"SR-MG";"UOP03";"DEL16"
337971;2021-02-01;"segunda";"17:50:00";"RS";158;"194.8";"CRUZ ALTA";"Reação tardia ou ineficiente do condutor";"Colisão traseira";"Sem Vítimas";"Pleno dia";"Crescente";"Céu Claro";"Simples";"Interseção de vias";"Não";2;0;0;0;2;0;0;2;-28,63883986;-53,57203169;"SR-RS";"UOP02";"DEL10"
337972;2021-02-01;"segunda";"16:40:00";"RS";472;"156.5";"SANTA ROSA";"Acessar a via sem observar a presença dos outros veículos";"Colisão transversal";"Com Vítimas Feridas";"Pleno dia";"Decrescente";"Nublado";"Simples";"Interseção de vias";"Não";3;0;0;2;1;0;2;2;-27,83631124;-54,43075203;"SR-RS";"UOP01";"DEL10"
337973;2021-02-01;"segunda";"14:00:00";"SP";116;"479";"JACUPIRANGA";"Acessar a via sem observar a presença dos outros veículos";"Colisão transversal";"Com Vítimas Feridas";"Pleno dia";"Crescente";"Céu Claro";"Dupla";"Reta";"Não";2;0;2;0;0;0;2;2;-24,70935401;-48,01820699;"SR-SP";"UOP01";"DEL05"
337974;2021-02-01;"segunda";"15:00:00";"MG";116;"275.8";"TEOFILO OTONI";"Acessar a via sem observar a presença dos outros veículos";"Colisão transversal";"Com Vítimas Feridas";"Pleno dia";"Decrescente";"Céu Claro";"Simples";"Reta";"Sim";2;0;0;1;1;0;1;2;-17,84235093;-41,51410418;"SR-MG";"UOP01";"DEL11"
337975;2021-02-01;"segunda";"17:45:00";"SP";153;"109";"JOSE BONIFACIO";"Acessar a via sem observar a presença dos outros veículos";"Colisão transversal";"Com Vítimas Feridas";"Pleno dia";"Crescente";"Céu Claro";"Simples";"Reta";"Não";2;0;1;0;1;0;1;2;-21,0881994;-49,67457717;"SR-SP";"UOP01";"DEL09"
337976;2021-01-08;"sexta";"12:16:00";"PA";316;"51.2";"CASTANHAL";"Demais falhas mecânicas ou elétricas";"Saída de leito carroçável";"Sem Vítimas";"Pleno dia";"Crescente";"Céu Claro";"Dupla";"Reta";"Não";1;0;0;0;1;0;0;1;-1,30696138;-48,03478;"SR-PA";"UOP01";"DEL01"
337977;2021-02-01;"segunda";"17:50:00";"DF";20;"21";"BRASILIA";"Acumulo de óleo sobre o pavimento";"Tombamento";"Com Vítimas Feridas";"Pleno dia";"Crescente";"Céu Claro";"Dupla";"Reta";"Sim";1;0;1;0;0;0;1;1;-15,603384;-47,684692;"SR-DF";"UOP01";"DEL02"
337978;2021-02-01;"segunda";"17:50:00";"BA";242;"736";"CATOLANDIA";"Chuva";"Saída de leito carroçável";"Com Vítimas Feridas";"Anoitecer";"Decrescente";"Chuva";"Simples";"Reta";"Não";1;0;1;0;0;0;1;1;-12,179934;-44,526716;"SR-BA";"UOP01";"DEL10"
337979;2021-02-01;"segunda";"17:50:00";"RJ";116;"92";"GUAPIMIRIM";"Pista Escorregadia";"Queda de ocupante de veículo";"Com Vítimas Feridas";"Anoitecer";"Decrescente";"Garoa/Chuvisco";"Múltipla";"Curva";"Não";1;0;1;0;0;0;1;1;-22,47236037;-43,00095539;"SR-RJ";"UOP04";"DEL02"
337980;2021-02-01;"segunda";"17:41:00";"SC";101;"209.8";"SAO JOSE";"Desrespeitar a preferência no cruzamento";"Colisão transversal";"Com Vítimas Feridas";"Pleno dia";"Decrescente";"Sol";"Dupla";"Interseção de vias";"Sim";2;0;1;0;1;0;1;2;-27,61000542;-48,63895057;"SR-SC";"UOP01";"DEL01"
337981;2021-02-01;"segunda";"17:30:00";"MG";40;"556";"NOVA LIMA";"Condutor deixou de manter distância do veículo da frente";"Colisão traseira";"Com Vítimas Feridas";"Pleno dia";"Decrescente";"Nublado";"Dupla";"Reta";"Não";4;0;1;0;3;0;1;3;-20,09356202;-43,97554136;"SR-MG";"UOP02";"DEL01"
337982;2021-02-01;"segunda";"17:25:00";"MG";251;"518.6";"MONTES CLAROS";"Condutor Dormindo";"Colisão transversal";"Sem Vítimas";"Pleno dia";"Decrescente";"Céu Claro";"Simples";"Reta";"Não";2;0;0;0;2;0;0;2;-16,66257909;-43,76892799;"SR-MG";"UOP01";"DEL12"
337983;2021-02-01;"segunda";"12:10:00";"MG";153;"48";"MONTE ALEGRE DE MINAS";"Ausência de reação do condutor";"Saída de leito carroçável";"Com Vítimas Feridas";"Pleno dia";"Crescente";"Nublado";"Dupla";"Reta";"Não";1;0;1;0;0;0;1;1;-18,80471613;-49,08293767;"SR-MG";"UOP03";"DEL15"
337984;2021-02-01;"segunda";"17:30:00";"RO";364;"230.6";"CACOAL";"Velocidade Incompatível";"Colisão frontal";"Com Vítimas Fatais";"Pleno dia";"Crescente";"Nublado";"Simples";"Reta";"Não";2;1;0;0;1;0;0;2;-11,47694099;-61,39322799;"SR-RO";"UOP02";"DEL02"
337985;2021-02-01;"segunda";"18:50:00";"GO";153;"505.5";"APARECIDA DE GOIANIA";"Pista Escorregadia";"Queda de ocupante de veículo";"Com Vítimas Feridas";"Anoitecer";"Crescente";"Chuva";"Dupla";"Reta";"Sim";2;0;1;0;1;0;1;1;-16,7537;-49,2411;"SR-GO";"UOP01";"DEL01"
337986;2021-02-01;"segunda";"18:25:00";"SC";101;"209.4";"SAO JOSE";"Demais falhas mecânicas ou elétricas";"Incêndio";"Sem Vítimas";"Pleno dia";"Decrescente";"Nublado";"Múltipla";"Reta";"Sim";1;0;0;0;1;0;0;1;-27,61000542;-48,63895057;"SR-SC";"UOP01";"DEL01"
337987;2021-02-01;"segunda";"18:45:00";"PR";277;"589.5";"CASCAVEL";"Reação tardia ou ineficiente do condutor";"Tombamento";"Com Vítimas Feridas";"Pleno dia";"Crescente";"Nublado";"Simples";"Reta";"Sim";1;0;0;1;0;0;1;1;-24,97777319;-53,44688591;"SR-PR";"UOP01";"DEL04"
337988;2021-02-01;"segunda";"18:00:00";"PR";116;"28";"CAMPINA GRANDE DO SUL";"Velocidade Incompatível";"Tombamento";"Com Vítimas Feridas";"Pleno dia";"Decrescente";"Céu Claro";"Dupla";"Curva";"Não";1;0;1;0;0;0;1;1;-25,10670298;-48,80405799;"SR-PR";"UOP02";"DEL01"
337989;2021-02-01;"segunda";"18:55:00";"SE";235;"47.4";"ITABAIANA";"Animais na Pista";"Atropelamento de Animal";"Com Vítimas Feridas";"Pleno dia";"Crescente";"Céu Claro";"Simples";"Reta";"Não";1;0;1;0;0;0;1;1;-10,731889;-37,411335;"SR-SE";"UOP02";"DEL01"
337990;2021-02-01;"segunda";"18:20:00";"RS";392;"690.6";"ROQUE GONZALES";"Acessar a via sem observar a presença dos outros veículos";"Colisão transversal";"Com Vítimas Feridas";"Pleno dia";"Crescente";"Nublado";"Simples";"Não Informado";"Não";4;0;3;0;1;0;3;2;-28,10686447;-55,02242267;"SR-RS";"UOP01";"DEL10"
337991;2021-02-01;"segunda";"17:50:00";"RN";304;"48";"MOSSORO";"Velocidade Incompatível";"Colisão traseira";"Com Vítimas Feridas";"Plena Noite";"Crescente";"Céu Claro";"Dupla";"Retorno Regulamentado";"Sim";2;0;0;1;1;0;1;2;-5,22868577;-37,32203081;"SR-RN";"UOP01";"DEL04"
337992;2021-02-01;"segunda";"18:25:00";"GO";414;"358";"COCALZINHO DE GOIAS";"Ultrapassagem Indevida";"Colisão lateral sentido oposto";"Com Vítimas Feridas";"Anoitecer";"Crescente";"Céu Claro";"Simples";"Desvio Temporário";"Não";7;0;5;2;0;0;7;2;-15,6881368;-48,7056176;"SR-GO";"UOP01";"DEL02"
337993;2021-02-01;"segunda";"17:30:00";"RO";364;"710";"PORTO VELHO";"Acessar a via sem observar a presença dos outros veículos";"Colisão lateral";"Com Vítimas Feridas";"Pleno dia";"Decrescente";"Nublado";"Dupla";"Reta";"Sim";2;0;0;1;1;0;1;2;-8,78621576;-63,85712687;"SR-RO";"UOP01";"DEL01"
337994;2021-02-01;"segunda";"18:45:00";"ES";101;"147";"LINHARES";"Ausência de reação do condutor";"Colisão transversal";"Com Vítimas Feridas";"Plena Noite";"Crescente";"Céu Claro";"Simples";"Interseção de vias";"Sim";3;0;1;0;2;0;1;2;-19,37887202;-40,06657892;"SR-ES";"UOP01";"DEL04"
337996;2021-02-01;"segunda";"18:30:00";"RJ";101;"509";"ANGRA DOS REIS";"Velocidade Incompatível";"Atropelamento de Pedestre";"Com Vítimas Feridas";"Anoitecer";"Crescente";"Nublado";"Simples";"Curva";"Não";2;0;1;0;1;0;1;1;-22,944515;-44,431107;"SR-RJ";"UOP02";"DEL03"
337997;2021-02-01;"segunda";"19:00:00";"PA";316;"48";"SANTA IZABEL DO PARA";"Ausência de sinalização";"Colisão traseira";"Com Vítimas Feridas";"Plena Noite";"Crescente";"Chuva";"Dupla";"Reta";"Sim";2;0;1;0;1;0;1;2;-1,29155307;-48,05614099;"SR-PA";"UOP01";"DEL01"
337999;2021-02-01;"segunda";"19:30:00";"BA";324;"521";"FEIRA DE SANTANA";"Demais falhas mecânicas ou elétricas";"Incêndio";"Sem Vítimas";"Plena Noite";"Decrescente";"Céu Claro";"Dupla";"Reta";"Sim";1;0;0;0;1;0;0;1;-12,27918591;-38,92645693;"SR-BA";"UOP03";"DEL01"
338000;2021-02-01;"segunda";"20:00:00";"GO";20;"55";"FORMOSA";"Reação tardia ou ineficiente do condutor";"Tombamento";"Com Vítimas Feridas";"Plena Noite";"Crescente";"Céu Claro";"Simples";"Não Informado";"Não";1;0;1;0;0;0;1;1;-15,289079;-47,151413;"SR-DF";"UOP01";"DEL02"
338001;2021-02-01;"segunda";"17:35:00";"SC";470;"38";"GASPAR";"Condutor deixou de manter distância do veículo da frente";"Colisão traseira";"Com Vítimas Feridas";"Pleno dia";"Decrescente";"Céu Claro";"Simples";"Não Informado";"Não";3;0;1;0;2;0;1;2;-26,904108;-48,980164;"SR-SC";"UOP01";"DEL04"
338003;2021-02-01;"segunda";"20:00:00";"BA";324;"521";"FEIRA DE SANTANA";"Reação tardia ou ineficiente do condutor";"Colisão lateral";"Sem Vítimas";"Plena Noite";"Decrescente";"Céu Claro";"Dupla";"Reta";"Sim";2;0;0;0;2;0;0;2;-12,27918591;-38,92645693;"SR-BA";"UOP03";"DEL01"
338004;2021-02-01;"segunda";"20:15:00";"PB";101;"88";"JOAO PESSOA";"Pista esburacada";"Tombamento";"Com Vítimas Feridas";"Plena Noite";"Decrescente";"Céu Claro";"Simples";"Interseção de vias";"Não";1;0;0;1;0;0;1;1;-7,16470016;-34,89993643;"SR-PB";"UOP01";"DEL01"
338007;2021-02-01;"segunda";"20:30:00";"MG";381;"449.9";"SABARA";"Área urbana sem a presença de local apropriado para a travessia de pedestres";"Atropelamento de Pedestre";"Com Vítimas Feridas";"Plena Noite";"Decrescente";"Céu Claro";"Simples";"Não Informado";"Sim";2;0;0;1;0;1;1;1;-19,84164036;-43,86232683;"SR-MG";"UOP01";"DEL01"
338008;2021-02-01;"segunda";"19:20:00";"SC";101;"316.9";"LAGUNA";"Manobra de mudança de faixa";"Colisão lateral";"Com Vítimas Feridas";"Plena Noite";"Crescente";"Nublado";"Múltipla";"Reta";"Sim";3;0;2;0;1;0;2;2;-28,4280767;-48,86721432;"SR-SC";"UOP01";"DEL02"
338009;2021-02-01;"segunda";"20:14:00";"TO";242;"378";"GURUPI";"Ingestão de álcool pelo condutor";"Queda de ocupante de veículo";"Com Vítimas Feridas";"Plena Noite";"Decrescente";"Céu Claro";"Simples";"Reta";"Não";1;0;1;0;0;0;1;1;-11,73417488;-49,04745001;"SR-TO";"UOP02";"DEL01"
338010;2021-01-30;"sábado";"19:30:00";"RJ";101;"64";"CAMPOS DOS GOYTACAZES";"Acessar a via sem observar a presença dos outros veículos";"Colisão lateral mesmo sentido";"Com Vítimas Feridas";"Plena Noite";"Decrescente";"Céu Claro";"Simples";"Ponte";"Sim";4;0;1;0;3;0;1;3;-21,742022;-41,33021;"SR-RJ";"UOP02";"DEL08"
338011;2021-02-01;"segunda";"20:40:00";"ES";262;"7";"CARIACICA";"Acessar a via sem observar a presença dos outros veículos";"Atropelamento de Pedestre";"Com Vítimas Feridas";"Pleno dia";"Decrescente";"Céu Claro";"Dupla";"Reta";"Não";3;0;1;0;1;1;1;1;-20,34283738;-40,40434616;"SR-ES";"UOP01";"DEL01"
338012;2021-02-01;"segunda";"19:20:00";"RS";392;"351.7";"SANTA MARIA";"Reação tardia ou ineficiente do condutor";"Colisão transversal";"Com Vítimas Feridas";"Anoitecer";"Decrescente";"Nublado";"Simples";"Interseção de vias";"Sim";2;0;1;0;1;0;1;2;-29,7272006;-53,80452275;"SR-RS";"UOP01";"DEL09"
338013;2021-02-01;"segunda";"19:45:00";"RJ";101;"585";"PARATY";"Velocidade Incompatível";"Colisão com objeto";"Com Vítimas Feridas";"Amanhecer";"Decrescente";"Céu Claro";"Simples";"Curva";"Não";1;0;1;0;0;0;1;1;-23,27179821;-44,68485182;"SR-RJ";"UOP03";"DEL03"
338014;2021-02-01;"segunda";"21:50:00";"SP";101;"40.2";"UBATUBA";"Transitar no acostamento";"Colisão traseira";"Com Vítimas Feridas";"Plena Noite";"Decrescente";"Céu Claro";"Simples";"Reta";"Não";2;0;0;2;0;0;2;2;-23,41495528;-45,03516778;"SR-SP";"UOP02";"DEL06"
338015;2021-02-01;"segunda";"20:45:00";"RS";448;"15";"CANOAS";"Velocidade Incompatível";"Colisão com objeto";"Sem Vítimas";"Plena Noite";"Crescente";"Nublado";"Múltipla";"Reta";"Não";2;0;0;0;0;2;0;1;-29,927263;-51,217751;"SR-RS";"UOP01";"DEL01"