"id";"data_inversa";"dia_semana";"horario";"uf";"br";"km";"municipio";"causa_acidente";"tipo_acidente";"classificacao_acidente";"fase_dia";"sentido_via";"condicao_metereologica";"tipo_pista";"tracado_via";"uso_solo";"pessoas";"mortos";"feridos_leves";"feridos_graves";"ilesos";"ignorados";"feridos";"veiculos";"latitude";"longitude";"regional";"delegacia";"uop"
338016;2021-02-01;"segunda";"19:45:00";"GO";153;"581";"PROFESSOR JAMIL";"Ausência de sinalização";"Colisão traseira";"Sem Vítimas";"Plena Noite";"Decrescente";"Chuva";"Dupla";"Reta";"Não";2;0;0;0;2;0;0;2;-17,3907;-49,2271;"SR-GO";"UOP01";"DEL03"
338017;2021-02-01;"segunda";"16:30:00";"MG";116;"553.4";"SANTA BARBARA DO LESTE";"Reação tardia ou ineficiente do condutor";"Colisão lateral";"Com Vítimas Fatais";"Pleno dia";"Decrescente";"Céu Claro";"Simples";"Reta";"Não";4;1;0;0;1;2;0;2;-19,99361802;-42,14392077;"SR-MG";"UOP02";"DEL06"
338018;2021-02-01;"segunda";"09:30:00";"BA";415;"54";"ITABUNA";"Acessar a via sem observar a presença dos outros veículos";"Colisão lateral sentido oposto";"Com Vítimas Feridas";"Pleno dia";"Decrescente";"Céu Claro";"Simples";"Reta";"Sim";2;0;1;0;1;0;1;2;-14,81574494;-39,29612388;"SR-BA";"UOP01";"DEL05"
338019;2021-02-01;"segunda";"22:25:00";"SP";381;"62";"MAIRIPORA";"Reação tardia ou ineficiente do condutor";"Capotamento";"Sem Vítimas";"Plena Noite";"Crescente";"Nublado";"Múltipla";"Curva";"Sim";1;0;0;0;1;0;0;1;-23,29437896;-46,57254696;"SR-SP";"UOP01";"DEL03"
338020;2021-02-01;"segunda";"20:35:00";"MG";381;"924.5";"ITAPEVA";"Velocidade Incompatível";"Colisão com objeto";"Com Vítimas Feridas";"Plena Noite";"Crescente";"Chuva";"Dupla";"Curva";"Não";3;0;1;0;2;0;1;1;-22,77006727;-46,19548371;"SR-MG";"UOP03";"DEL16"
338021;2021-02-01;"segunda";"22:30:00";"BA";116;"28.1";"VITORIA DA CONQUISTA";"Pedestre andava na pista";"Atropelamento de Pedestre";"Com Vítimas Fatais";"Plena Noite";"Decrescente";"Céu Claro";"Simples";"Reta";"Sim";2;1;0;0;0;1;0;1;-14,84057908;-40,8181572;"SR-BA";"UOP01";"DEL08"
338022;2021-02-01;"segunda";"07:45:00";"RJ";101;"304";"SAO GONCALO";"Condutor deixou de manter distância do veículo da frente";"Colisão traseira";"Sem Vítimas";"Pleno dia";"Crescente";"Céu Claro";"Dupla";"Reta";"Sim";8;0;0;0;8;0;0;8;-22,78491869;-42,98627706;"SR-RJ";"UOP02";"DEL02"
338023;2021-02-01;"segunda";"23:00:00";"PR";116;"50";"CAMPINA GRANDE DO SUL";"Velocidade Incompatível";"Tombamento";"Com Vítimas Feridas";"Anoitecer";"Decrescente";"Nublado";"Dupla";"Reta";"Não";1;0;1;0;0;0;1;1;-25,23481696;-48,90807771;"SR-PR";"UOP02";"DEL01"
338024;2021-02-01;"segunda";"21:00:00";"PR";376;"491";"PONTA GROSSA";"Ausência de reação do condutor";"Queda de ocupante de veículo";"Com Vítimas Feridas";"Plena Noite";"Crescente";"Céu Claro";"Dupla";"Reta";"Não";1;0;0;1;0;0;1;1;-25,15130703;-50,1421625;"SR-PR";"UAP01";"DEL03"
338025;2021-02-01;"segunda";"20:20:00";"MG";267;"254.5";"SERITINGA";"Chuva";"Colisão frontal";"Com Vítimas Feridas";"Plena Noite";"Crescente";"Chuva";"Simples";"Curva";"Não";2;0;1;0;1;0;1;2;-21,933821;-44,519087;"SR-MG";"UOP01";"DEL17"
338026;2021-02-01;"segunda";"21:50:00";"SC";101;"208.1";"SAO JOSE";"Manobra de mudança de faixa";"Tombamento";"Com Vítimas Feridas";"Plena Noite";"Decrescente";"Céu Claro";"Múltipla";"Reta";"Sim";1;0;1;0;0;0;1;1;-27,60327979;-48,63201818;"SR-SC";"UOP01";"DEL01"
338028;2021-02-01;"segunda";"23:45:00";"BA";101;"499";"ITABUNA";"Entrada inopinada do pedestre";"Atropelamento de Pedestre";"Com Vítimas Fatais";"Plena Noite";"Crescente";"Céu Claro";"Simples";"Reta";"Não";2;1;0;0;1;0;0;1;-14,898916;-39,28881392;"SR-BA";"UOP01";"DEL05"
338029;2021-02-01;"segunda";"20:45:00";"SC";282;"461.4";"PONTE SERRADA";"Pedestre cruzava a pista fora da faixa";"Atropelamento de Pedestre";"Com Vítimas Fatais";"Plena Noite";"Crescente";"Céu Claro";"Simples";"Não Informado";"Sim";2;1;0;0;0;1;0;1;-26,86736739;-52,02208757;"SR-SC";"UOP04";"DEL07"
338053;2021-02-01;"segunda";"22:00:00";"RS";471;"149.7";"SANTA CRUZ DO SUL";"Velocidade Incompatível";"Saída de leito carroçável";"Sem Vítimas";"Plena Noite";"Decrescente";"Céu Claro";"Simples";"Reta";"Não";1;0;0;0;0;1;0;1;-29,77242385;-52,42034197;"SR-RS";"UOP03";"DEL02"
338054;2021-02-01;"segunda";"19:10:00";"SC";101;"424.5";"ARARANGUA";"Velocidade Incompatível";"Colisão traseira";"Com Vítimas Feridas";"Anoitecer";"Crescente";"Céu Claro";"Simples";"Reta";"Não";2;0;2;0;0;0;2;2;-29,01601155;-49,58269226;"SR-SC";"UOP02";"DEL02"
338076;2021-02-02;"terça";"00:20:00";"ES";101;"207.3";"IBIRACU";"Ultrapassagem Indevida";"Colisão lateral";"Sem Vítimas";"Plena Noite";"Decrescente";"Nublado";"Dupla";"Reta";"Não";2;0;0;0;2;0;0;2;-19,77204724;-40,37105854;"SR-ES";"UOP01";"DEL02"
338077;2021-02-01;"segunda";"20:20:00";"PI";343;"467.4";"ANGICAL DO PIAUI";"Ausência de reação do condutor";"Tombamento";"Com Vítimas Fatais";"Plena Noite";"Decrescente";"Céu Claro";"Simples";"Reta";"Não";2;1;0;0;0;1;0;2;-6,054723;-42,735241;"SR-PI";"UOP02";"DEL01"
338078;2021-02-02;"terça";"01:45:00";"SC";282;"5.2";"SAO JOSE";"Ingestão de álcool pelo condutor";"Saída de leito carroçável";"Com Vítimas Feridas";"Plena Noite";"Decrescente";"Nublado";"Múltipla";"Curva";"Sim";1;0;1;0;0;0;1;1;-27,588425;-48,612919;"SR-SC";"UOP01";"DEL01"
338080;2021-02-02;"terça";"04:00:00";"AL";423;"49.2";"INHAPI";"Ausência de reação do condutor";"Colisão com objeto";"Sem Vítimas";"Amanhecer";"Decrescente";"Céu Claro";"Simples";"Reta";"Não";1;0;0;0;0;1;0;1;-9,258784;-37,713577;"SR-AL";"UOP02";"DEL03"
338081;2021-02-02;"terça";"05:20:00";"PB";230;"28";"JOAO PESSOA";"Acumulo de óleo sobre o pavimento";"Tombamento";"Com Vítimas Feridas";"Pleno dia";"Crescente";"Céu Claro";"Dupla";"Curva";"Sim";2;0;2;0;0;0;2;1;-7,1651;-34,8941;"SR-PB";"UOP01";"DEL01"
338082;2021-02-02;"terça";"05:32:00";"CE";222;"25.5";"CAUCAIA";"Condutor deixou de manter distância do veículo da frente";"Colisão traseira";"Com Vítimas Feridas";"Amanhecer";"Crescente";"Sol";"Simples";"Reta";"Não";2;0;1;0;1;0;1;2;-3,7266762;-38,77703408;"SR-CE";"UOP01";"DEL01"
338083;2021-02-02;"terça";"03:50:00";"MG";40;"445.5";"PARAOPEBA";"Velocidade Incompatível";"Colisão traseira";"Com Vítimas Feridas";"Plena Noite";"Crescente";"Céu Claro";"Dupla";"Reta";"Não";2;0;2;0;0;0;2;2;-19,28815;-44,392;"SR-MG";"UOP01";"DEL02"
338084;2021-02-02;"terça";"04:40:00";"SP";381;"22";"BRAGANCA PAULISTA";"Reação tardia ou ineficiente do condutor";"Colisão traseira";"Com Vítimas Feridas";"Amanhecer";"Decrescente";"Nublado";"Dupla";"Reta";"Não";4;0;0;3;1;0;3;2;-22,99697186;-46,5163051;"SR-SP";"UOP01";"DEL03"
338085;2021-02-02;"terça";"05:00:00";"PB";101;"60.8";"SANTA RITA";"Ausência de reação do condutor";"Saída de leito carroçável";"Com Vítimas Feridas";"Amanhecer";"Decrescente";"Nublado";"Dupla";"Não Informado";"Não";1;0;0;1;0;0;1;1;-7,00141407;-35,06459811;"SR-PB";"UOP04";"DEL01"
338086;2021-02-02;"terça";"06:15:00";"CE";222;"14";"CAUCAIA";"Demais falhas mecânicas ou elétricas";"Queda de ocupante de veículo";"Com Vítimas Feridas";"Pleno dia";"Crescente";"Céu Claro";"Simples";"Reta";"Não";2;0;1;1;0;0;2;1;-3,76168497;-38,68641099;"SR-CE";"UOP01";"DEL01"
338087;2021-02-02;"terça";"04:30:00";"MA";135;"5";"SAO LUIS";"Condutor deixou de manter distância do veículo da frente";"Colisão traseira";"Sem Vítimas";"Amanhecer";"Decrescente";"Céu Claro";"Dupla";"Reta";"Não";2;0;0;0;1;1;0;2;-2,62145385;-44,25797421;"SR-MA";"UOP01";"DEL01"
338088;2021-02-02;"terça";"06:40:00";"PE";101;"54";"PAULISTA";"Reação tardia ou ineficiente do condutor";"Colisão lateral";"Com Vítimas Feridas";"Pleno dia";"Crescente";"Céu Claro";"Dupla";"Reta";"Sim";3;0;1;0;1;1;1;3;-7,93961103;-34,90356584;"SR-PE";"UOP02";"DEL01"
338089;2021-02-02;"terça";"07:00:00";"PR";116;"32";"CAMPINA GRANDE DO SUL";"Chuva";"Queda de ocupante de veículo";"Com Vítimas Feridas";"Pleno dia";"Crescente";"Chuva";"Dupla";"Não Informado";"Não";2;0;2;0;0;0;2;1;-25,10497579;-48,83973903;"SR-PR";"UOP02";"DEL01"
338090;2021-02-02;"terça";"06:50:00";"CE";304;"53.3";"ARACATI";"Conversão proibida";"Colisão traseira";"Com Vítimas Feridas";"Amanhecer";"Crescente";"Nublado";"Dupla";"Interseção de vias";"Não";3;0;2;0;1;0;2;2;-4,57402355;-37,73636121;"SR-CE";"UOP03";"DEL03"
338091;2021-02-02;"terça";"06:10:00";"SP";116;"401.9";"MIRACATU";"Mal súbito do condutor";"Capotamento";"Com Vítimas Feridas";"Pleno dia";"Decrescente";"Céu Claro";"Dupla";"Reta";"Não";2;0;1;0;1;0;1;1;-24,31051469;-47,50995275;"SR-SP";"UOP02";"DEL04"
338092;2021-02-02;"terça";"06:40:00";"RJ";393;"238";"VASSOURAS";"Condutor Dormindo";"Saída de leito carroçável";"Sem Vítimas";"Pleno dia";"Decrescente";"Sol";"Simples";"Interseção de vias";"Não";1;0;0;0;1;0;0;1;-22,40095658;-43,66442518;"SR-RJ";"UOP01";"DEL05"
338093;2021-02-02;"terça";"06:50:00";"SC";101;"404.5";"ARARANGUA";"Condutor deixou de manter distância do veículo da frente";"Colisão traseira";"Com Vítimas Feridas";"Pleno dia";"Crescente";"Céu Claro";"Dupla";"Não Informado";"Não";4;0;2;1;1;0;3;2;-28,87801417;-49,45745479;"SR-SC";"UOP02";"DEL02"
338094;2021-02-02;"terça";"07:40:00";"BA";101;"125";"TEODORO SAMPAIO";"Velocidade Incompatível";"Tombamento";"Com Vítimas Feridas";"Amanhecer";"Crescente";"Céu Claro";"Simples";"Curva";"Não";1;0;0;1;0;0;1;1;-12,1952576;-38,59267504;"SR-BA";"UOP04";"DEL01"
338095;2021-02-02;"terça";"08:00:00";"PE";101;"72";"RECIFE";"Manobra de mudança de faixa";"Colisão traseira";"Com Vítimas Feridas";"Pleno dia";"Decrescente";"Céu Claro";"Dupla";"Curva";"Sim";2;0;1;0;1;0;1;2;-8,08493106;-34,9450639;"SR-PE";"UOP01";"DEL01"
338096;2021-02-02;"terça";"08:00:00";"ES";101;"268.3";"SERRA";"Manobra de mudança de faixa";"Colisão traseira";"Com Vítimas Feridas";"Pleno dia";"Crescente";"Sol";"Múltipla";"Reta";"Sim";2;0;1;0;1;0;1;2;-20,20842;-40,269405;"SR-ES";"UOP01";"DEL02"
338097;2021-02-02;"terça";"08:00:00";"PE";101;"58";"PAULISTA";"Demais falhas mecânicas ou elétricas";"Queda de ocupante de veículo";"Com Vítimas Feridas";"Pleno dia";"Decrescente";"Céu Claro";"Dupla";"Reta";"Não";2;0;2;0;0;0;2;1;-7,97063209;-34,92064675;"SR-PE";"UOP02";"DEL01"
338098;2021-02-02;"terça";"08:20:00";"GO";153;"514";"APARECIDA DE GOIANIA";"Transitar na contramão";"Colisão com objeto";"Com Vítimas Feridas";"Pleno dia";"Decrescente";"Sol";"Dupla";"Curva";"Sim";2;0;1;0;1;0;1;1;-16,8315;-49,2434;"SR-GO";"UOP03";"DEL01"
338099;2021-02-02;"terça";"08:10:00";"SE";235;"100.5";"CARIRA";"Ultrapassagem Indevida";"Colisão frontal";"Com Vítimas Feridas";"Pleno dia";"Decrescente";"Céu Claro";"Simples";"Reta";"Não";4;0;3;0;1;0;3;2;-10,41873;-37,675865;"SR-SE";"UOP02";"DEL01"
338100;2021-02-02;"terça";"08:00:00";"GO";60;"116";"TEREZOPOLIS DE GOIAS";"Reação tardia ou ineficiente do condutor";"Queda de ocupante de veículo";"Com Vítimas Feridas";"Pleno dia";"Crescente";"Céu Claro";"Dupla";"Curva";"Não";1;0;0;1;0;0;1;1;-16,4732;-49,0789;"SR-GO";"UOP01";"DEL01"
338101;2021-02-02;"terça";"06:05:00";"AC";364;"136";"RIO BRANCO";"Reação tardia ou ineficiente do condutor";"Colisão lateral mesmo sentido";"Com Vítimas Feridas";"Pleno dia";"Decrescente";"Céu Claro";"Dupla";"Rotatória";"Sim";3;0;0;1;2;0;1;2;-9,977578;-67,8489;"SR-AC";"UOP01";"DEL01"
338102;2021-02-02;"terça";"08:20:00";"RJ";393;"236.4";"VASSOURAS";"Reação tardia ou ineficiente do condutor";"Colisão traseira";"Com Vítimas Feridas";"Pleno dia";"Crescente";"Sol";"Simples";"Retorno Regulamentado";"Sim";4;0;1;0;3;0;1;3;-22,38996804;-43,64928296;"SR-RJ";"UOP01";"DEL05"
338104;2021-02-02;"terça";"07:45:00";"GO";153;"499.9";"GOIANIA";"Condutor deixou de manter distância do veículo da frente";"Colisão traseira";"Com Vítimas Feridas";"Pleno dia";"Crescente";"Céu Claro";"Dupla";"Reta";"Não";5;0;1;0;4;0;1;4;-16,7033;-49,2311;"SR-GO";"UOP01";"DEL01"
338105;2021-02-02;"terça";"08:00:00";"RJ";116;"139";"DUQUE DE CAXIAS";"Reação tardia ou ineficiente do condutor";"Colisão traseira";"Com Vítimas Fatais";"Pleno dia";"Decrescente";"Céu Claro";"Dupla";"Reta";"Não";2;1;0;0;1;0;0;2;-22,64655224;-43,20138601;"SR-RJ";"UOP01";"DEL01"
338106;2021-02-02;"terça";"07:50:00";"SC";470;"136.3";"RIO DO SUL";"Desrespeitar a preferência no cruzamento";"Colisão transversal";"Com Vítimas Feridas";"Pleno dia";"Decrescente";"Céu Claro";"Simples";"Interseção de vias";"Sim";2;0;1;0;1;0;1;2;-27,194323;-49,624554;"SR-SC";"UOP02";"DEL04"
338107;2021-02-02;"terça";"08:15:00";"MG";381;"939";"EXTREMA";"Desvio temporário";"Queda de ocupante de veículo";"Com Vítimas Feridas";"Pleno dia";"Crescente";"Céu Claro";"Dupla";"Não Informado";"Não";1;0;1;0;0;0;1;1;-22,84701434;-46,33321175;"SR-MG";"UOP03";"DEL16"
338109;2021-02-02;"terça";"07:10:00";"TO";153;"687.8";"GURUPI";"Ultrapassagem Indevida";"Capotamento";"Com Vítimas Feridas";"Pleno dia";"Decrescente";"Céu Claro";"Simples";"Reta";"Não";2;0;2;0;0;0;2;1;-11,84661586;-49,14494829;"SR-TO";"UOP02";"DEL01"
338111;2021-02-02;"terça";"07:20:00";"SC";101;"134";"BALNEARIO CAMBORIU";"Acessar a via sem observar a presença dos outros veículos";"Colisão transversal";"Com Vítimas Feridas";"Pleno dia";"Crescente";"Céu Claro";"Dupla";"Reta";"Não";2;0;2;0;0;0;2;2;-27,00218;-48,636433;"SR-SC";"UOP03";"DEL04"
338112;2021-02-02;"terça";"09:00:00";"ES";262;"0.3";"VITORIA";"Reação tardia ou ineficiente do condutor";"Colisão transversal";"Com Vítimas Feridas";"Pleno dia";"Decrescente";"Céu Claro";"Múltipla";"Ponte";"Sim";3;0;0;1;2;0;1;3;-20,320793;-40,353315;"SR-ES";"UOP01";"DEL01"
338113;2021-01-15;"sexta";"17:15:00";"SC";470;"169.9";"POUSO REDONDO";"Reação tardia ou ineficiente do condutor";"Colisão transversal";"Com Vítimas Feridas";"Pleno dia";"Decrescente";"Nublado";"Simples";"Curva";"Não";2;0;1;0;1;0;1;2;-27,265471;-49,882442;"SR-SC";"UOP02";"DEL04"
338114;2021-02-02;"terça";"09:40:00";"ES";101;"291.6";"CARIACICA";"Condutor deixou de manter distância do veículo da frente";"Colisão traseira";"Sem Vítimas";"Pleno dia";"Decrescente";"Céu Claro";"Dupla";"Reta";"Sim";2;0;0;0;2;0;0;2;-20,29755744;-40,39445616;"SR-ES";"UOP01";"DEL01"
338115;2021-01-29;"sexta";"12:45:00";"BA";324;"585";"CANDEIAS";"Condutor Dormindo";"Saída de leito carroçável";"Com Vítimas Feridas";"Pleno dia";"Crescente";"Céu Claro";"Dupla";"Reta";"Não";1;0;1;0;0;0;1;1;-12,63012705;-38,47968619;"SR-BA";"UOP01";"DEL01"
338116;2021-01-10;"domingo";"02:45:00";"GO";60;"35";"ALEXANIA";"Ingestão de álcool ou de substâncias psicoativas pelo pedestre";"Atropelamento de Pedestre";"Com Vítimas Feridas";"Plena Noite";"Crescente";"Garoa/Chuvisco";"Dupla";"Reta";"Não";3;0;1;0;0;2;1;1;-16,1045;-48,5242;"SR-DF";"UOP02";"DEL01"
338119;2021-02-02;"terça";"10:00:00";"DF";20;"9";"BRASILIA";"Manobra de mudança de faixa";"Colisão lateral";"Sem Vítimas";"Pleno dia";"Decrescente";"Céu Claro";"Dupla";"Retorno Regulamentado";"Sim";2;0;0;0;2;0;0;2;-15,654671;-47,782917;"SR-DF";"UOP01";"DEL02"
338120;2021-02-02;"terça";"10:55:00";"GO";60;"95";"ANAPOLIS";"Manobra de mudança de faixa";"Colisão transversal";"Com Vítimas Feridas";"Pleno dia";"Decrescente";"Céu Claro";"Dupla";"Reta";"Sim";3;0;2;1;0;0;3;2;-16,3679;-48,939;"SR-GO";"UOP01";"DEL02"
338121;2021-02-02;"terça";"11:15:00";"GO";40;"18.5";"LUZIANIA";"Manobra de mudança de faixa";"Capotamento";"Com Vítimas Feridas";"Pleno dia";"Decrescente";"Céu Claro";"Dupla";"Reta";"Sim";2;0;1;0;1;0;1;1;-16,198145;-47,922995;"SR-DF";"UOP01";"DEL01"
338122;2021-02-02;"terça";"11:45:00";"RS";116;"261";"CANOAS";"Velocidade Incompatível";"Saída de leito carroçável";"Com Vítimas Feridas";"Pleno dia";"Crescente";"Céu Claro";"Simples";"Curva";"Sim";1;0;1;0;0;0;1;1;-29,89265447;-51,17788576;"SR-RS";"UOP01";"DEL01"
338123;2021-02-02;"terça";"12:15:00";"RS";285;"418.8";"PANAMBI";"Ausência de reação do condutor";"Colisão traseira";"Com Vítimas Fatais";"Pleno dia";"Crescente";"Céu Claro";"Simples";"Reta";"Não";6;2;2;1;1;0;3;2;-28,350788;-53,49990847;"SR-RS";"UOP01";"DEL10"
338124;2021-02-02;"terça";"11:45:00";"PR";116;"44";"CAMPINA GRANDE DO SUL";"Manobra de mudança de faixa";"Capotamento";"Com Vítimas Feridas";"Pleno dia";"Crescente";"Céu Claro";"Dupla";"Não Informado";"Não";4;0;1;1;2;0;2;1;-25,1882321;-48,88492529;"SR-PR";"UOP02";"DEL01"
338125;2021-02-02;"terça";"12:30:00";"BA";101;"103";"ALAGOINHAS";"Reação tardia ou ineficiente do condutor";"Queda de ocupante de veículo";"Com Vítimas Feridas";"Pleno dia";"Decrescente";"Céu Claro";"Dupla";"Não Informado";"Sim";1;0;1;0;0;0;1;1;-12,15963868;-38,41162324;"SR-BA";"UOP04";"DEL01"
338126;2021-02-02;"terça";"12:30:00";"RS";158;"326.9";"SANTA MARIA";"Conversão proibida";"Colisão lateral";"Com Vítimas Feridas";"Pleno dia";"Decrescente";"Nublado";"Simples";"Não Informado";"Sim";2;0;2;0;0;0;2;2;-29,71351826;-53,81570404;"SR-RS";"UOP01";"DEL09"
338127;2021-02-02;"terça";"12:30:00";"BA";242;"890";"LUIS EDUARDO MAGALHAES";"Acostamento em desnível";"Saída de leito carroçável";"Com Vítimas Fatais";"Pleno dia";"Crescente";"Sol";"Simples";"Reta";"Não";1;1;0;0;0;0;0;1;-12,07230549;-45,65158394;"SR-BA";"UOP01";"DEL10"
338128;2021-02-02;"terça";"12:30:00";"MG";40;"777";"JUIZ DE FORA";"Velocidade Incompatível";"Tombamento";"Sem Vítimas";"Pleno dia";"Crescente";"Céu Claro";"Simples";"Curva";"Não";1;0;0;0;0;1;0;1;-21,65915396;-43,43351652;"SR-MG";"UOP01";"DEL05"
338129;2021-02-02;"terça";"11:00:00";"SC";101;"331.1";"TUBARAO";"Sinalização mal posicionada";"Colisão traseira";"Com Vítimas Feridas";"Pleno dia";"Decrescente";"Céu Claro";"Dupla";"Não Informado";"Sim";3;0;1;0;2;0;1;2;-28,465;-48,994;"SR-SC";"UOP01";"DEL02"
338130;2021-02-02;"terça";"11:50:00";"MS";60;"398";"SIDROLANDIA";"Acessar a via sem observar a presença dos outros veículos";"Colisão lateral mesmo sentido";"Com Vítimas Feridas";"Pleno dia";"Crescente";"Céu Claro";"Simples";"Reta";"Não";5;0;3;0;2;0;3;2;-20,78194804;-54,79259283;"SR-MS";"UOP04";"DEL01"
338131;2021-02-01;"segunda";"20:30:00";"MG";365;"490";"PATROCINIO";"Demais falhas mecânicas ou elétricas";"Saída de leito carroçável";"Com Vítimas Feridas";"Plena Noite";"Decrescente";"Nublado";"Simples";"Curva";"Não";1;0;1;0;0;0;1;1;-18,90321656;-47,14132732;"SR-MG";"UOP01";"DEL10"
338132;2021-02-02;"terça";"12:00:00";"TO";153;"494";"PARAISO DO TOCANTINS";"Desrespeitar a preferência no cruzamento";"Colisão transversal";"Com Vítimas Feridas";"Pleno dia";"Crescente";"Céu Claro";"Simples";"Reta";"Sim";2;0;0;1;1;0;1;2;-10,15679116;-48,88263755;"SR-TO";"UOP01";"DEL01"
338133;2021-02-02;"terça";"12:48:00";"SC";470;"67";"INDAIAL";"Acesso irregular";"Colisão lateral mesmo sentido";"Com Vítimas Feridas";"Pleno dia";"Crescente";"Céu Claro";"Simples";"Reta";"Sim";2;0;1;0;1;0;1;2;-26,872158;-49,23127;"SR-SC";"UOP01";"DEL04"
338134;2021-02-02;"terça";"10:45:00";"SC";101;"333.7";"TUBARAO";"Desrespeitar a preferência no cruzamento";"Colisão transversal";"Com Vítimas Feridas";"Pleno dia";"Decrescente";"Sol";"Simples";"Interseção de vias";"Sim";2;0;1;0;1;0;1;2;-28,469581;-49,014928;"SR-SC";"UOP01";"DEL02"
338135;2021-02-02;"terça";"12:40:00";"PR";476;"355.9";"UNIAO DA VITORIA";"Condutor deixou de manter distância do veículo da frente";"Saída de leito carroçável";"Com Vítimas Feridas";"Pleno dia";"Crescente";"Céu Claro";"Simples";"Reta";"Não";1;0;0;1;0;0;1;1;-26,196117;-51,022423;"SR-PR";"UOP03";"DEL02"
338136;2021-02-02;"terça";"12:35:00";"PB";230;"157.2";"CAMPINA GRANDE";"Acessar a via sem observar a presença dos outros veículos";"Colisão transversal";"Com Vítimas Feridas";"Pleno dia";"Decrescente";"Céu Claro";"Simples";"Reta";"Sim";2;0;1;0;1;0;1;2;-7,264;-35,9199;"SR-PB";"UOP01";"DEL02"
338137;2021-02-02;"terça";"13:00:00";"SP";116;"271";"TABOAO DA SERRA";"Estacionar ou parar em local proibido";"Colisão traseira";"Com Vítimas Feridas";"Pleno dia";"Decrescente";"Chuva";"Dupla";"Reta";"Sim";6;0;3;0;3;0;3;2;-23,61809286;-46,80556302;"SR-SP";"UOP01";"DEL04"
338138;2021-02-02;"terça";"13:00:00";"PB";230;"42";"SANTA RITA";"Problema na suspensão";"Capotamento";"Com Vítimas Feridas";"Pleno dia";"Decrescente";"Céu Claro";"Dupla";"Reta";"Não";4;0;4;0;0;0;4;1;-7,1426;-34,9956;"SR-PB";"UOP03";"DEL01"
338140;2021-02-02;"terça";"12:02:00";"GO";50;"279";"CATALAO";"Transitar no acostamento";"Colisão traseira";"Com Vítimas Feridas";"Pleno dia";"Decrescente";"Céu Claro";"Simples";"Reta";"Não";2;0;0;1;1;0;1;2;-18,1739;-47,9289;"SR-GO";"UOP01";"DEL06"
338144;2021-02-02;"terça";"14:25:00";"PR";277;"51";"SAO JOSE DOS PINHAIS";"Velocidade Incompatível";"Saída de leito carroçável";"Com Vítimas Feridas";"Pleno dia";"Decrescente";"Garoa/Chuvisco";"Dupla";"Não Informado";"Não";2;0;2;0;0;0;2;1;-25,59515989;-48,90700787;"SR-PR";"UOP05";"DEL01"
338145;2021-02-02;"terça";"11:00:00";"PR";376;"491.4";"PONTA GROSSA";"Demais falhas mecânicas ou elétricas";"Incêndio";"Sem Vítimas";"Pleno dia";"Decrescente";"Céu Claro";"Simples";"Curva";"Não";1;0;0;0;0;1;0;1;-25,15130703;-50,1421625;"SR-PR";"UAP01";"DEL03"
338146;2021-02-02;"terça";"13:59:00";"PR";277;"0.5";"PARANAGUA";"Desrespeitar a preferência no cruzamento";"Colisão transversal";"Com Vítimas Feridas";"Pleno dia";"Crescente";"Céu Claro";"Simples";"Reta";"Sim";2;0;0;1;1;0;1;2;-25,568198;-48,615292;"SR-PR";"UOP05";"DEL01"
338147;2021-02-02;"terça";"13:35:00";"RO";364;"236";"CACOAL";"Desrespeitar a preferência no cruzamento";"Colisão lateral mesmo sentido";"Com Vítimas Feridas";"Pleno dia";"Decrescente";"Nublado";"Simples";"Não Informado";"Não";3;0;1;0;2;0;1;2;-11,44587672;-61,43784993;"SR-RO";"UOP02";"DEL02"
338149;2021-02-02;"terça";"14:20:00";"MG";381;"709.8";"NEPOMUCENO";"Condutor Dormindo";"Saída de leito carroçável";"Com Vítimas Feridas";"Pleno dia";"Crescente";"Nublado";"Dupla";"Não Informado";"Não";2;0;1;0;1;0;1;1;-21,35249985;-45,18097401;"SR-MG";"UOP02";"DEL04"
338150;2021-02-02;"terça";"14:25:00";"SE";101;"152.4";"ESTANCIA";"Acessar a via sem observar a presença dos outros veículos";"Colisão transversal";"Com Vítimas Feridas";"Pleno dia";"Crescente";"Céu Claro";"Simples";"Reta";"Sim";3;0;1;0;2;0;1;2;-11,27406095;-37,44792938;"SR-SE";"UOP01";"DEL02"
338151;2021-01-26;"terça";"12:15:00";"GO";153;"646.5";"MORRINHOS";"Ausência de reação do condutor";"Colisão lateral";"Com Vítimas Feridas";"Pleno dia";"Crescente";"Nublado";"Dupla";"Reta";"Não";2;0;0;1;1;0;1;2;-17,932;-49,2444;"SR-GO";"UOP01";"DEL03"
338152;2021-02-02;"terça";"13:20:00";"MS";376;"31.9";"FATIMA DO SUL";"Transitar no acostamento";"Colisão lateral mesmo sentido";"Com Vítimas Feridas";"Pleno dia";"Crescente";"Nublado";"Simples";"Reta";"Não";3;0;3;0;0;0;3;2;-22,38576072;-54,493495;"SR-MS";"UOP04";"DEL04"
338155;2021-02-02;"terça";"13:20:00";"RS";386;"48";"SEBERI";"Desrespeitar a preferência no cruzamento";"Colisão transversal";"Com Vítimas Feridas";"Pleno dia";"Decrescente";"Sol";"Simples";"Interseção de vias";"Sim";4;0;2;0;2;0;2;3;-27,474958;-53,399574;"SR-RS";"UOP02";"DEL08"