"id";"data_inversa";"dia_semana";"horario";"uf";"br";"km";"municipio";"causa_acidente";"tipo_acidente";"classificacao_acidente";"fase_dia";"sentido_via";"condicao_metereologica";"tipo_pista";"tracado_via";"uso_solo";"pessoas";"mortos";"feridos_leves";"feridos_graves";"ilesos";"ignorados";"feridos";"veiculos";"latitude";"longitude";"regional";"delegacia";"uop"
338156;2021-02-02;"terça";"13:45:00";"MG";381;"478";"CONTAGEM";"Velocidade Incompatível";"Queda de ocupante de veículo";"Com Vítimas Fatais";"Pleno dia";"Crescente";"Céu Claro";"Dupla";"Interseção de vias";"Sim";1;1;0;0;0;0;0;1;-19,95835389;-44,0581584;"SR-MG";"UOP03";"DEL01"
338157;2021-02-02;"terça";"15:00:00";"PE";101;"80";"JABOATAO DOS GUARARAPES";"Área urbana sem a presença de local apropriado para a travessia de pedestres";"Atropelamento de Pedestre";"Com Vítimas Feridas";"Pleno dia";"Crescente";"Céu Claro";"Dupla";"Não Informado";"Sim";2;0;1;0;0;1;1;1;-8,15112589;-34,9428866;"SR-PE";"UOP03";"DEL01"
338158;2021-02-02;"terça";"12:50:00";"SC";282;"374.6";"ERVAL VELHO";"Ultrapassagem Indevida";"Colisão lateral sentido oposto";"Com Vítimas Feridas";"Pleno dia";"Decrescente";"Céu Claro";"Simples";"Curva";"Sim";3;0;0;1;1;1;1;2;-27,236115;-51,452618;"SR-SC";"UOP05";"DEL07"
338159;2021-02-02;"terça";"13:57:00";"BA";101;"511.5";"ITABUNA";"Pista Escorregadia";"Colisão com objeto";"Com Vítimas Fatais";"Pleno dia";"Decrescente";"Chuva";"Simples";"Curva";"Não";6;1;3;2;0;0;5;1;-14,98960501;-39,33695319;"SR-BA";"UOP01";"DEL05"
338160;2021-02-02;"terça";"11:40:00";"AC";317;"54";"SENADOR GUIOMARD";"Velocidade Incompatível";"Saída de leito carroçável";"Com Vítimas Feridas";"Pleno dia";"Decrescente";"Céu Claro";"Simples";"Curva";"Não";2;0;2;0;0;0;2;1;-9,98172195;-67,49464594;"SR-AC";"UOP01";"DEL01"
338161;2021-02-02;"terça";"15:20:00";"SP";116;"217";"GUARULHOS";"Ultrapassagem Indevida";"Colisão lateral";"Com Vítimas Feridas";"Pleno dia";"Decrescente";"Chuva";"Múltipla";"Reta";"Sim";3;0;1;0;0;2;1;3;-23,45423824;-46,47119028;"SR-SP";"UOP01";"DEL01"
338162;2021-02-02;"terça";"11:20:00";"SC";101;"18.4";"JOINVILLE";"Reação tardia ou ineficiente do condutor";"Colisão lateral mesmo sentido";"Com Vítimas Feridas";"Pleno dia";"Decrescente";"Céu Claro";"Dupla";"Reta";"Não";2;0;1;0;1;0;1;2;-26,128553;-48,888776;"SR-SC";"UOP01";"DEL03"
338163;2021-02-02;"terça";"15:30:00";"MG";40;"497.2";"ESMERALDAS";"Acessar a via sem observar a presença dos outros veículos";"Colisão traseira";"Com Vítimas Feridas";"Pleno dia";"Decrescente";"Sol";"Dupla";"Não Informado";"Não";3;0;2;0;1;0;2;2;-19,678997;-44,187161;"SR-MG";"UOP01";"DEL02"
338165;2021-02-02;"terça";"15:00:00";"PB";230;"204.4";"SOLEDADE";"Reação tardia ou ineficiente do condutor";"Colisão transversal";"Com Vítimas Feridas";"Pleno dia";"Crescente";"Céu Claro";"Simples";"Desvio Temporário";"Não";2;0;1;0;1;0;1;2;-7,09405;-36,270814;"SR-PB";"UOP02";"DEL02"
338166;2021-02-02;"terça";"15:00:00";"PR";277;"106";"CAMPO LARGO";"Acumulo de água sobre o pavimento";"Saída de leito carroçável";"Com Vítimas Feridas";"Pleno dia";"Decrescente";"Chuva";"Dupla";"Reta";"Sim";5;0;2;0;3;0;2;1;-25,45026;-49,594335;"SR-PR";"UOP01";"DEL01"
338167;2021-02-02;"terça";"12:02:00";"SC";101;"242.9";"PALHOCA";"Pedestre andava na pista";"Atropelamento de Pedestre";"Com Vítimas Feridas";"Pleno dia";"Crescente";"Céu Claro";"Múltipla";"Reta";"Não";2;0;1;0;0;1;1;1;-27,87545797;-48,64678433;"SR-SC";"UOP02";"DEL01"
338168;2021-02-02;"terça";"16:15:00";"RN";101;"79";"NATAL";"Desrespeitar a preferência no cruzamento";"Colisão transversal";"Com Vítimas Feridas";"Pleno dia";"Decrescente";"Céu Claro";"Dupla";"Reta";"Sim";3;0;1;0;2;0;1;2;-5,7535528;-35,28875297;"SR-RN";"UOP01";"DEL02"
338169;2021-02-02;"terça";"16:50:00";"MG";381;"797.4";"SAO GONCALO DO SAPUCAI";"Reação tardia ou ineficiente do condutor";"Colisão traseira";"Com Vítimas Feridas";"Pleno dia";"Decrescente";"Nublado";"Dupla";"Reta";"Não";4;0;3;0;1;0;3;2;-21,95493798;-45,62329389;"SR-MG";"UOP02";"DEL16"
338170;2021-02-02;"terça";"16:00:00";"SP";116;"192";"SANTA ISABEL";"Acumulo de água sobre o pavimento";"Colisão com objeto";"Com Vítimas Feridas";"Pleno dia";"Decrescente";"Chuva";"Dupla";"Curva";"Não";2;0;1;0;1;0;1;1;-23,376923;-46,249733;"SR-SP";"UOP01";"DEL01"
338171;2021-02-02;"terça";"10:50:00";"SC";153;"20";"AGUA DOCE";"Afundamento ou ondulação no pavimento";"Saída de leito carroçável";"Com Vítimas Feridas";"Pleno dia";"Decrescente";"Céu Claro";"Simples";"Reta";"Não";1;0;0;1;0;0;1;1;-26,721537;-51,624969;"SR-SC";"UOP05";"DEL07"
338172;2021-02-02;"terça";"17:00:00";"PR";153;"507";"GENERAL CARNEIRO";"Reação tardia ou ineficiente do condutor";"Saída de leito carroçável";"Com Vítimas Feridas";"Pleno dia";"Crescente";"Céu Claro";"Simples";"Reta";"Não";1;0;1;0;0;0;1;1;-26,538413;-51,419128;"SR-PR";"UOP03";"DEL02"
338173;2021-02-02;"terça";"13:40:00";"MT";364;"326";"CAMPO VERDE";"Chuva";"Saída de leito carroçável";"Com Vítimas Feridas";"Pleno dia";"Decrescente";"Chuva";"Dupla";"Não Informado";"Não";2;0;2;0;0;0;2;1;-15,81122112;-55,37690901;"SR-MT";"UOP02";"DEL05"
338174;2021-02-02;"terça";"14:30:00";"RJ";393;"268";"BARRA DO PIRAI";"Acessar a via sem observar a presença dos outros veículos";"Colisão transversal";"Com Vítimas Feridas";"Pleno dia";"Crescente";"Céu Claro";"Simples";"Interseção de vias";"Sim";3;0;1;1;1;0;2;2;-22,47639598;-43,94496918;"SR-RJ";"UOP02";"DEL05"
338175;2021-02-02;"terça";"06:40:00";"SC";153;"25.5";"AGUA DOCE";"Pista esburacada";"Saída de leito carroçável";"Com Vítimas Feridas";"Pleno dia";"Crescente";"Céu Claro";"Simples";"Não Informado";"Não";2;0;0;2;0;0;2;1;-26,750452;-51,662422;"SR-SC";"UOP05";"DEL07"
338176;2021-02-02;"terça";"17:00:00";"SP";116;"224";"GUARULHOS";"Trafegar com motocicleta (ou similar) entre as faixas";"Tombamento";"Com Vítimas Feridas";"Pleno dia";"Decrescente";"Nublado";"Múltipla";"Reta";"Sim";1;0;1;0;0;0;1;1;-23,48071896;-46,53271603;"SR-SP";"UOP01";"DEL01"
338178;2021-02-02;"terça";"14:20:00";"RN";226;"396";"ALMINO AFONSO";"Ingestão de álcool pelo condutor";"Saída de leito carroçável";"Com Vítimas Feridas";"Pleno dia";"Crescente";"Céu Claro";"Simples";"Reta";"Não";1;0;1;0;0;0;1;1;-6,14853905;-37,75282299;"SR-RN";"UOP02";"DEL04"
338179;2021-02-02;"terça";"11:00:00";"SC";101;"1.9";"GARUVA";"Reação tardia ou ineficiente do condutor";"Colisão traseira";"Com Vítimas Feridas";"Pleno dia";"Crescente";"Sol";"Dupla";"Reta";"Não";2;0;0;1;1;0;1;2;-25,99715455;-48,87881756;"SR-SC";"UOP01";"DEL03"
338180;2021-02-02;"terça";"17:38:00";"PR";277;"83";"CURITIBA";"Pedestre andava na pista";"Atropelamento de Pedestre";"Com Vítimas Feridas";"Pleno dia";"Crescente";"Sol";"Dupla";"Reta";"Sim";2;0;1;0;1;0;1;1;-25,568939;-49,181978;"SR-PR";"UOP01";"DEL01"
338182;2021-02-02;"terça";"17:40:00";"GO";60;"128.1";"GOIANAPOLIS";"Chuva";"Saída de leito carroçável";"Com Vítimas Feridas";"Pleno dia";"Crescente";"Chuva";"Dupla";"Não Informado";"Não";4;0;3;0;1;0;3;1;-16,5498;-49,1518;"SR-GO";"UOP01";"DEL01"
338183;2021-02-02;"terça";"17:40:00";"SC";470;"55.5";"BLUMENAU";"Ultrapassagem Indevida";"Colisão transversal";"Com Vítimas Feridas";"Pleno dia";"Decrescente";"Nublado";"Simples";"Reta";"Sim";2;0;0;1;1;0;1;2;-26,875601;-49,117992;"SR-SC";"UOP01";"DEL04"
338184;2021-02-02;"terça";"17:20:00";"SC";470;"140.6";"RIO DO SUL";"Reação tardia ou ineficiente do condutor";"Colisão lateral";"Com Vítimas Feridas";"Pleno dia";"Crescente";"Sol";"Simples";"Reta";"Sim";2;0;1;0;1;0;1;2;-27,222485;-49,662827;"SR-SC";"UOP02";"DEL04"
338185;2021-02-02;"terça";"16:00:00";"RN";304;"165";"ANGICOS";"Demais falhas mecânicas ou elétricas";"Saída de leito carroçável";"Com Vítimas Feridas";"Pleno dia";"Decrescente";"Céu Claro";"Simples";"Desvio Temporário";"Não";2;0;1;0;1;0;1;1;-5,67868348;-36,47269905;"SR-RN";"UOP03";"DEL01"
338186;2021-02-02;"terça";"17:30:00";"PR";376;"3";"SAO JOSE DOS PINHAIS";"Pedestre cruzava a pista fora da faixa";"Atropelamento de Pedestre";"Com Vítimas Feridas";"Pleno dia";"Decrescente";"Nublado";"Dupla";"Reta";"Sim";2;0;0;1;1;0;1;1;-25,5307;-49,1958;"SR-PR";"UOP01";"DEL01"
338188;2021-02-02;"terça";"17:55:00";"DF";40;"4.2";"BRASILIA";"Manobra de mudança de faixa";"Colisão lateral mesmo sentido";"Com Vítimas Feridas";"Pleno dia";"Crescente";"Céu Claro";"Dupla";"Reta";"Sim";2;0;1;0;1;0;1;2;-16,012033;-47,982124;"SR-DF";"UOP01";"DEL01"
338189;2021-02-02;"terça";"16:20:00";"MG";40;"701.2";"BARBACENA";"Manobra de mudança de faixa";"Tombamento";"Com Vítimas Feridas";"Pleno dia";"Crescente";"Sol";"Simples";"Curva";"Sim";2;0;1;0;1;0;1;2;-21,21908362;-43,74400827;"SR-MG";"UOP02";"DEL05"
338190;2021-02-02;"terça";"16:10:00";"SP";116;"541";"BARRA DO TURVO";"Velocidade Incompatível";"Colisão com objeto";"Com Vítimas Feridas";"Pleno dia";"Crescente";"Chuva";"Dupla";"Reta";"Não";4;0;2;0;2;0;2;3;-24,97245688;-48,39976606;"SR-SP";"UOP02";"DEL05"
338191;2021-02-02;"terça";"18:15:00";"SC";470;"60.1";"BLUMENAU";"Acesso irregular";"Colisão transversal";"Com Vítimas Feridas";"Pleno dia";"Crescente";"Nublado";"Simples";"Retorno Regulamentado";"Sim";3;0;1;2;0;0;3;2;-26,88049562;-49,16767228;"SR-SC";"UOP01";"DEL04"
338192;2021-02-02;"terça";"18:30:00";"SC";280;"23.2";"ARAQUARI";"Acessar a via sem observar a presença dos outros veículos";"Colisão transversal";"Com Vítimas Feridas";"Pleno dia";"Decrescente";"Céu Claro";"Simples";"Reta";"Não";2;0;1;0;1;0;1;2;-26,37146;-48,711887;"SR-SC";"UOP03";"DEL03"
338193;2021-02-02;"terça";"17:45:00";"GO";251;"38";"CRISTALINA";"Velocidade Incompatível";"Colisão traseira";"Com Vítimas Feridas";"Anoitecer";"Decrescente";"Céu Claro";"Simples";"Reta";"Não";4;0;0;3;1;0;3;2;-16,05818539;-47,53431704;"SR-DF";"UOP03";"DEL01"
338195;2021-02-02;"terça";"17:05:00";"RJ";116;"171";"SAO JOAO DE MERITI";"Problema com o freio";"Colisão com objeto";"Sem Vítimas";"Pleno dia";"Crescente";"Sol";"Dupla";"Curva";"Sim";1;0;0;0;1;0;0;1;-22,8060415;-43,34289573;"SR-RJ";"UOP02";"DEL01"
338196;2021-02-02;"terça";"16:45:00";"PR";116;"38";"CAMPINA GRANDE DO SUL";"Chuva";"Colisão lateral mesmo sentido";"Com Vítimas Feridas";"Pleno dia";"Decrescente";"Chuva";"Dupla";"Curva";"Não";2;0;1;0;1;0;1;2;-25,14802509;-48,85922071;"SR-PR";"UOP02";"DEL01"
338197;2021-02-02;"terça";"17:50:00";"SC";101;"366.5";"ICARA";"Demais falhas mecânicas ou elétricas";"Incêndio";"Sem Vítimas";"Pleno dia";"Crescente";"Céu Claro";"Dupla";"Não Informado";"Não";1;0;0;0;1;0;0;1;-28,68718511;-49,15621795;"SR-SC";"UOP01";"DEL02"
338198;2021-02-02;"terça";"18:15:00";"PR";277;"125";"BALSA NOVA";"Pedestre andava na pista";"Atropelamento de Pedestre";"Com Vítimas Feridas";"Pleno dia";"Crescente";"Céu Claro";"Simples";"Reta";"Não";3;0;2;0;0;1;2;1;-25,45026;-49,594335;"SR-PR";"UOP06";"DEL01"
338200;2021-02-02;"terça";"18:00:00";"ES";101;"1";"SERRA";"Condutor deixou de manter distância do veículo da frente";"Tombamento";"Com Vítimas Feridas";"Anoitecer";"Decrescente";"Céu Claro";"Dupla";"Reta";"Não";3;0;0;1;1;1;1;2;-20,22662056;-40,27075088;"SR-ES";"UOP02";"DEL04"
338201;2021-02-02;"terça";"17:45:00";"SC";282;"567";"NOVA ERECHIM";"Acessar a via sem observar a presença dos outros veículos";"Colisão frontal";"Com Vítimas Feridas";"Pleno dia";"Crescente";"Céu Claro";"Simples";"Interseção de vias";"Não";2;0;2;0;0;0;2;2;-26,905023;-52,903838;"SR-SC";"UOP02";"DEL07"
338203;2021-02-02;"terça";"18:14:00";"SP";116;"419";"JUQUIA";"Ausência de reação do condutor";"Colisão com objeto";"Com Vítimas Feridas";"Anoitecer";"Crescente";"Garoa/Chuvisco";"Dupla";"Curva";"Não";4;0;2;0;2;0;2;1;-24,35575938;-47,66795511;"SR-SP";"UOP01";"DEL05"
338206;2021-02-02;"terça";"17:30:00";"RS";470;"217";"BENTO GONCALVES";"Manobra de mudança de faixa";"Colisão lateral mesmo sentido";"Com Vítimas Feridas";"Pleno dia";"Crescente";"Céu Claro";"Dupla";"Reta";"Sim";3;0;2;0;1;0;2;2;-29,17368235;-51,5243591;"SR-RS";"UOP01";"DEL06"
338207;2021-02-02;"terça";"16:40:00";"MG";262;"748";"PERDIZES";"Demais falhas mecânicas ou elétricas";"Colisão lateral";"Com Vítimas Feridas";"Pleno dia";"Decrescente";"Garoa/Chuvisco";"Simples";"Não Informado";"Não";3;0;1;0;2;0;1;2;-19,61251372;-47,44754791;"SR-MG";"UOP01";"DEL13"
338209;2021-02-02;"terça";"09:30:00";"BA";418;"121";"MUCURI";"Ultrapassagem Indevida";"Saída de leito carroçável";"Com Vítimas Feridas";"Pleno dia";"Decrescente";"Céu Claro";"Simples";"Reta";"Não";5;0;4;0;1;0;4;1;-17,866183;-40,147645;"SR-BA";"UOP02";"DEL09"
338210;2021-02-02;"terça";"18:55:00";"RR";401;"3";"CANTA";"Pista esburacada";"Tombamento";"Com Vítimas Feridas";"Plena Noite";"Decrescente";"Céu Claro";"Simples";"Curva";"Não";1;0;1;0;0;0;1;1;2,79386178;-60,66665958;"SR-RR";"UOP01";"DEL01"
338211;2021-02-02;"terça";"19:30:00";"RS";116;"221";"DOIS IRMAOS";"Conversão proibida";"Colisão transversal";"Com Vítimas Feridas";"Plena Noite";"Crescente";"Céu Claro";"Simples";"Reta";"Sim";2;0;1;0;1;0;1;2;-29,57244205;-51,09624556;"SR-RS";"UOP02";"DEL01"
338212;2021-02-02;"terça";"19:20:00";"GO";70;"1.3";"AGUAS LINDAS DE GOIAS";"Pista Escorregadia";"Colisão com objeto";"Com Vítimas Feridas";"Plena Noite";"Crescente";"Chuva";"Dupla";"Reta";"Sim";1;0;1;0;0;0;1;1;-15,77579351;-48,23259001;"SR-DF";"UOP03";"DEL01"
338213;2021-02-02;"terça";"15:15:00";"SC";101;"381";"ICARA";"Manobra de mudança de faixa";"Colisão com objeto";"Com Vítimas Feridas";"Pleno dia";"Decrescente";"Céu Claro";"Múltipla";"Desvio Temporário";"Sim";2;0;2;0;0;0;2;1;-28,75478409;-49,27732095;"SR-SC";"UOP02";"DEL02"
338214;2021-02-02;"terça";"19:10:00";"RO";NA;"";"VILHENA";"Velocidade Incompatível";"Queda de ocupante de veículo";"Com Vítimas Feridas";"Plena Noite";"Não Informado";"Céu Claro";"Simples";"Reta";"Não";2;0;1;0;1;0;1;1;-12,75186942;-60,10654449;"SR-RO";"UOP01";"DEL04"
338215;2021-02-02;"terça";"20:00:00";"GO";60;"1.3";"SANTO ANTONIO DO DESCOBERTO";"Reação tardia ou ineficiente do condutor";"Saída de leito carroçável";"Com Vítimas Feridas";"Plena Noite";"Crescente";"Garoa/Chuvisco";"Dupla";"Curva";"Não";3;0;2;0;1;0;2;1;-16,07154768;-48,26619029;"SR-DF";"UOP02";"DEL01"
338216;2021-02-02;"terça";"20:00:00";"BA";110;"1";"PAULO AFONSO";"Ingestão de álcool pelo condutor";"Queda de ocupante de veículo";"Com Vítimas Feridas";"Plena Noite";"Decrescente";"Céu Claro";"Simples";"Reta";"Sim";2;0;1;0;0;1;1;1;-9,46296001;-38,20357992;"SR-BA";"UOP01";"DEL07"
338217;2021-02-02;"terça";"19:50:00";"SC";280;"77";"JARAGUA DO SUL";"Pista Escorregadia";"Colisão com objeto";"Com Vítimas Feridas";"Plena Noite";"Decrescente";"Garoa/Chuvisco";"Simples";"Curva";"Não";2;0;2;0;0;0;2;1;-26,45514314;-49,18726132;"SR-SC";"UOP03";"DEL03"
338218;2021-02-02;"terça";"18:30:00";"PR";369;"415.1";"JURANDA";"Desrespeitar a preferência no cruzamento";"Colisão transversal";"Com Vítimas Feridas";"Anoitecer";"Crescente";"Nublado";"Simples";"Reta";"Não";2;0;0;1;1;0;1;2;-24,3645595;-52,75612235;"SR-PR";"UOP03";"DEL09"
338219;2021-02-02;"terça";"19:30:00";"RJ";354;"26";"RESENDE";"Ausência de reação do condutor";"Atropelamento de Pedestre";"Com Vítimas Feridas";"Plena Noite";"Crescente";"Céu Claro";"Simples";"Interseção de vias";"Sim";2;0;1;0;1;0;1;1;-22,501583;-44,669376;"SR-RJ";"UOP02";"DEL07"
338220;2021-02-02;"terça";"20:10:00";"RS";158;"141.9";"PANAMBI";"Entrada inopinada do pedestre";"Colisão frontal";"Com Vítimas Feridas";"Plena Noite";"Crescente";"Céu Claro";"Simples";"Curva";"Não";2;0;1;0;1;0;1;2;-28,209461;-53,47060389;"SR-RS";"UOP02";"DEL10"
338221;2021-02-02;"terça";"20:50:00";"MG";267;"171";"LIMA DUARTE";"Chuva";"Saída de leito carroçável";"Com Vítimas Fatais";"Plena Noite";"Decrescente";"Chuva";"Simples";"Reta";"Não";2;1;0;1;0;0;1;1;-21,86295111;-43,87591763;"SR-MG";"UOP01";"DEL05"
338222;2021-02-02;"terça";"19:40:00";"MS";163;"485";"CAMPO GRANDE";"Reação tardia ou ineficiente do condutor";"Tombamento";"Com Vítimas Feridas";"Plena Noite";"Crescente";"Céu Claro";"Simples";"Reta";"Sim";1;0;1;0;0;0;1;1;-20,44233707;-54,54201834;"SR-MS";"UOP02";"DEL01"
338223;2021-02-02;"terça";"18:00:00";"MG";116;"178.6";"PADRE PARAISO";"Área urbana sem a presença de local apropriado para a travessia de pedestres";"Atropelamento de Pedestre";"Com Vítimas Feridas";"Anoitecer";"Decrescente";"Nublado";"Simples";"Ponte";"Sim";2;0;1;0;0;1;1;1;-17,06871893;-41,48246709;"SR-MG";"UOP02";"DEL11"
338224;2021-02-02;"terça";"21:20:00";"RJ";101;"119";"CAMPOS DOS GOYTACAZES";"Objeto estático sobre o leito carroçável";"Colisão com objeto";"Com Vítimas Feridas";"Plena Noite";"Crescente";"Céu Claro";"Dupla";"Reta";"Não";5;0;0;5;0;0;5;1;-22,023224;-41,689924;"SR-RJ";"UOP02";"DEL08"
338225;2021-02-02;"terça";"20:00:00";"RS";470;"178.3";"VERANOPOLIS";"Acessar a via sem observar a presença dos outros veículos";"Colisão lateral mesmo sentido";"Com Vítimas Feridas";"Plena Noite";"Decrescente";"Céu Claro";"Simples";"Reta";"Não";2;0;1;0;1;0;1;2;-28,94753484;-51,55413312;"SR-RS";"UOP02";"DEL06"
338226;2021-02-02;"terça";"18:00:00";"BA";242;"737";"CRISTOPOLIS";"Chuva";"Colisão lateral sentido oposto";"Sem Vítimas";"Anoitecer";"Decrescente";"Garoa/Chuvisco";"Simples";"Reta";"Não";3;0;0;0;3;0;0;2;-12,22313286;-44,335884;"SR-BA";"UOP01";"DEL10"
338227;2021-02-02;"terça";"19:30:00";"RS";158;"135.9";"CONDOR";"Velocidade Incompatível";"Colisão traseira";"Com Vítimas Fatais";"Anoitecer";"Decrescente";"Céu Claro";"Simples";"Reta";"Não";4;1;0;1;2;0;1;3;-28,15852593;-53,46802722;"SR-RS";"UOP02";"DEL08"
338228;2021-02-02;"terça";"20:15:00";"SC";470;"22";"ILHOTA";"Acesso irregular";"Saída de leito carroçável";"Com Vítimas Feridas";"Plena Noite";"Crescente";"Céu Claro";"Simples";"Não Informado";"Não";1;0;1;0;0;0;1;1;-26,880066;-48,836224;"SR-SC";"UOP04";"DEL04"
338229;2021-02-02;"terça";"19:50:00";"MG";459;"105.9";"POUSO ALEGRE";"Ausência de reação do condutor";"Colisão frontal";"Com Vítimas Feridas";"Plena Noite";"Crescente";"Nublado";"Simples";"Curva";"Não";2;0;1;0;1;0;1;2;-22,24121747;-45,8809073;"SR-MG";"UOP01";"DEL16"
338230;2021-02-02;"terça";"16:40:00";"BA";367;"82";"EUNAPOLIS";"Ultrapassagem Indevida";"Colisão lateral";"Com Vítimas Feridas";"Pleno dia";"Decrescente";"Céu Claro";"Simples";"Reta";"Sim";2;0;1;0;0;1;1;2;-16,37205962;-39,56163401;"SR-BA";"UOP01";"DEL09"
338231;2021-02-02;"terça";"21:10:00";"RS";293;"13.6";"CAPAO DO LEAO";"Chuva";"Saída de leito carroçável";"Com Vítimas Feridas";"Plena Noite";"Crescente";"Chuva";"Simples";"Interseção de vias";"Sim";1;0;1;0;0;0;1;1;-31,7543548;-52,45089496;"SR-RS";"UOP01";"DEL07"
338232;2021-02-02;"terça";"20:30:00";"MG";40;"36";"PARACATU";"Mal súbito do condutor";"Tombamento";"Com Vítimas Feridas";"Plena Noite";"Decrescente";"Céu Claro";"Dupla";"Curva";"Não";1;0;1;0;0;0;1;1;-17,196358;-46,909396;"SR-MG";"UOP01";"DEL14"
338233;2021-02-02;"terça";"21:00:00";"PE";101;"119";"ESCADA";"Pedestre andava na pista";"Atropelamento de Pedestre";"Com Vítimas Feridas";"Plena Noite";"Decrescente";"Céu Claro";"Dupla";"Reta";"Não";2;0;0;1;1;0;1;1;-8,35291472;-35,16929901;"SR-PE";"UOP03";"DEL01"
338234;2021-02-02;"terça";"12:30:00";"SC";163;"3";"DIONISIO CERQUEIRA";"Acessar a via sem observar a presença dos outros veículos";"Colisão transversal";"Com Vítimas Feridas";"Pleno dia";"Crescente";"Chuva";"Simples";"Reta";"Sim";2;0;2;0;0;0;2;2;-26,2613;-53,6206;"SR-SC";"UOP03";"DEL07"
338235;2021-02-02;"terça";"19:45:00";"SC";282;"607.1";"MARAVILHA";"Desrespeitar a preferência no cruzamento";"Colisão transversal";"Com Vítimas Feridas";"Plena Noite";"Decrescente";"Céu Claro";"Simples";"Não Informado";"Sim";2;0;1;0;1;0;1;2;-26,778643;-53,198692;"SR-SC";"UOP02";"DEL07"
338237;2021-02-02;"terça";"21:10:00";"RO";174;"17.6";"VILHENA";"Retorno proibido";"Colisão traseira";"Com Vítimas Feridas";"Plena Noite";"Crescente";"Céu Claro";"Simples";"Reta";"Sim";3;0;3;0;0;0;3;2;-12,70804152;-60,12319565;"SR-RO";"UOP01";"DEL04"
338238;2021-02-02;"terça";"22:00:00";"ES";101;"270.7";"SERRA";"Demais falhas mecânicas ou elétricas";"Tombamento";"Com Vítimas Feridas";"Plena Noite";"Crescente";"Céu Claro";"Dupla";"Reta";"Sim";1;0;0;1;0;0;1;1;-20,22662056;-40,27075088;"SR-ES";"UOP01";"DEL02"
338239;2021-02-02;"terça";"22:25:00";"MG";40;"613.6";"CONGONHAS";"Ingestão de álcool ou de substâncias psicoativas pelo pedestre";"Atropelamento de Pedestre";"Com Vítimas Feridas";"Plena Noite";"Crescente";"Chuva";"Simples";"Reta";"Sim";2;0;0;1;1;0;1;1;-20,52319889;-43,8291359;"SR-MG";"UOP02";"DEL05"
338240;2021-02-02;"terça";"21:00:00";"BA";101;"608";"MASCOTE";"Transitar na contramão";"Colisão lateral sentido oposto";"Com Vítimas Feridas";"Plena Noite";"Crescente";"Nublado";"Simples";"Reta";"Não";5;0;3;0;2;0;3;2;-15,71817664;-39,4534904;"SR-BA";"UOP02";"DEL05"
338241;2021-02-02;"terça";"18:45:00";"MT";70;"537.5";"VARZEA GRANDE";"Ausência de reação do condutor";"Colisão lateral sentido oposto";"Com Vítimas Feridas";"Plena Noite";"Crescente";"Nublado";"Simples";"Reta";"Não";4;0;1;0;3;0;1;4;-15,679389;-56,276164;"SR-MT";"UOP02";"DEL01"
338243;2021-02-02;"terça";"22:30:00";"RJ";116;"306";"RESENDE";"Ingestão de álcool pelo condutor";"Colisão frontal";"Sem Vítimas";"Plena Noite";"Decrescente";"Nublado";"Dupla";"Reta";"Sim";2;0;0;0;2;0;0;2;-22,45645538;-44,40259093;"SR-RJ";"UOP02";"DEL07"
338244;2021-02-02;"terça";"19:20:00";"MA";135;"199";"ALTO ALEGRE DO MARANHAO";"Iluminação deficiente";"Colisão traseira";"Com Vítimas Feridas";"Plena Noite";"Crescente";"Céu Claro";"Simples";"Reta";"Não";3;0;0;2;1;0;2;2;-4,190713;-44,46783407;"SR-MA";"UOP01";"DEL03"
338245;2021-02-02;"terça";"23:10:00";"SC";101;"34.1";"JOINVILLE";"Condutor deixou de manter distância do veículo da frente";"Colisão traseira";"Com Vítimas Feridas";"Plena Noite";"Decrescente";"Céu Claro";"Dupla";"Reta";"Sim";3;0;1;0;2;0;1;3;-26,23667403;-48,91486706;"SR-SC";"UOP01";"DEL03"
338246;2021-01-30;"sábado";"03:00:00";"SC";470;"49";"BLUMENAU";"Ausência de reação do condutor";"Colisão com objeto";"Sem Vítimas";"Plena Noite";"Crescente";"Céu Claro";"Dupla";"Não Informado";"Sim";1;0;0;0;1;0;0;1;-26,860662;-49,065159;"SR-SC";"UOP01";"DEL04"
338247;2021-02-02;"terça";"23:30:00";"PR";116;"5";"QUATRO BARRAS";"Velocidade Incompatível";"Colisão com objeto";"Sem Vítimas";"Plena Noite";"Decrescente";"Nublado";"Dupla";"Reta";"Sim";1;0;0;0;0;1;0;1;-25,3653;-49,0906;"SR-PR";"UOP02";"DEL01"
338248;2021-02-02;"terça";"20:00:00";"RS";470;"155.4";"NOVA PRATA";"Transitar na contramão";"Colisão frontal";"Com Vítimas Feridas";"Plena Noite";"Decrescente";"Céu Claro";"Simples";"Curva";"Não";2;0;1;0;1;0;1;2;-28,78243906;-51,61511825;"SR-RS";"UOP02";"DEL06"
338249;2021-02-02;"terça";"22:25:00";"SC";470;"128.2";"LONTRAS";"Transitar na contramão";"Colisão frontal";"Com Vítimas Fatais";"Plena Noite";"Crescente";"Céu Claro";"Simples";"Curva";"Não";3;1;0;0;1;1;0;2;-27,143742;-49,548897;"SR-SC";"UOP02";"DEL04"
338251;2021-02-03;"quarta";"03:45:00";"RJ";101;"269";"RIO BONITO";"Reação tardia ou ineficiente do condutor";"Colisão com objeto";"Sem Vítimas";"Plena Noite";"Decrescente";"Céu Claro";"Dupla";"Reta";"Não";1;0;0;0;1;0;0;1;-22,71495082;-42,67804708;"SR-RJ";"UOP03";"DEL02"