"id";"data_inversa";"dia_semana";"horario";"uf";"br";"km";"municipio";"causa_acidente";"tipo_acidente";"classificacao_acidente";"fase_dia";"sentido_via";"condicao_metereologica";"tipo_pista";"tracado_via";"uso_solo";"pessoas";"mortos";"feridos_leves";"feridos_graves";"ilesos";"ignorados";"feridos";"veiculos";"latitude";"longitude";"regional";"delegacia";"uop"
338252;2021-02-03;"quarta";"04:30:00";"RS";116;"469.5";"SAO LOURENCO DO SUL";"Reação tardia ou ineficiente do condutor";"Colisão traseira";"Sem Vítimas";"Plena Noite";"Crescente";"Céu Claro";"Simples";"Reta";"Não";2;0;0;0;2;0;0;2;-31,34542978;-52,06081719;"SR-RS";"UOP01";"DEL07"
338253;2021-02-03;"quarta";"05:40:00";"SC";101;"205";"SAO JOSE";"Ingestão de álcool pelo condutor";"Queda de ocupante de veículo";"Com Vítimas Feridas";"Amanhecer";"Crescente";"Céu Claro";"Múltipla";"Curva";"Sim";1;0;1;0;0;0;1;1;-27,58313237;-48,61532885;"SR-SC";"UOP01";"DEL01"
338254;2021-02-03;"quarta";"03:40:00";"GO";153;"703";"ITUMBIARA";"Velocidade Incompatível";"Tombamento";"Sem Vítimas";"Plena Noite";"Decrescente";"Céu Claro";"Dupla";"Reta";"Sim";1;0;0;0;1;0;0;1;-18,411018;-49,195927;"SR-GO";"UOP02";"DEL03"
338255;2021-02-02;"terça";"22:15:00";"AL";101;"212";"SAO SEBASTIAO";"Velocidade Incompatível";"Colisão lateral mesmo sentido";"Com Vítimas Feridas";"Plena Noite";"Decrescente";"Céu Claro";"Dupla";"Não Informado";"Não";2;0;1;0;1;0;1;2;-10,01748316;-36,61993072;"SR-AL";"UOP02";"DEL02"
338257;2021-02-03;"quarta";"04:55:00";"PR";476;"297.6";"SAO MATEUS DO SUL";"Desrespeitar a preferência no cruzamento";"Colisão transversal";"Com Vítimas Feridas";"Pleno dia";"Crescente";"Nevoeiro/Neblina";"Simples";"Reta";"Não";2;0;1;0;1;0;1;2;-25,969906;-50,538979;"SR-PR";"UOP04";"DEL02"
338258;2021-02-02;"terça";"21:00:00";"RJ";116;"63";"TERESOPOLIS";"Ausência de reação do condutor";"Tombamento";"Com Vítimas Feridas";"Plena Noite";"Crescente";"Céu Claro";"Simples";"Curva";"Sim";1;0;1;0;0;0;1;1;-22,26074391;-42,92305911;"SR-RJ";"UOP01";"DEL04"
338260;2021-02-03;"quarta";"06:50:00";"AL";423;"100";"DELMIRO GOUVEIA";"Desrespeitar a preferência no cruzamento";"Colisão lateral";"Com Vítimas Feridas";"Pleno dia";"Crescente";"Céu Claro";"Simples";"Interseção de vias";"Não";3;0;0;1;2;0;1;2;-9,39631079;-38,168993;"SR-BA";"UOP01";"DEL07"
338261;2021-02-03;"quarta";"06:30:00";"MG";40;"531";"BELO HORIZONTE";"Condutor deixou de manter distância do veículo da frente";"Colisão traseira";"Com Vítimas Feridas";"Pleno dia";"Crescente";"Nublado";"Dupla";"Reta";"Sim";3;0;3;0;0;0;3;2;-19,91962483;-44,02522683;"SR-MG";"UOP02";"DEL01"
338263;2021-02-03;"quarta";"07:25:00";"RS";116;"245";"SAO LEOPOLDO";"Desrespeitar a preferência no cruzamento";"Colisão transversal";"Com Vítimas Feridas";"Pleno dia";"Decrescente";"Sol";"Dupla";"Rotatória";"Sim";2;0;1;0;1;0;1;2;-29,74499426;-51,15034819;"SR-RS";"UOP02";"DEL01"
338264;2021-02-03;"quarta";"07:25:00";"PE";428;"186.7";"PETROLINA";"Acessar a via sem observar a presença dos outros veículos";"Tombamento";"Com Vítimas Feridas";"Pleno dia";"Crescente";"Céu Claro";"Simples";"Reta";"Sim";2;0;1;0;1;0;1;2;-9,34807826;-40,47441248;"SR-PE";"UOP01";"DEL06"
338265;2021-02-03;"quarta";"05:45:00";"RJ";101;"107";"CAMPOS DOS GOYTACAZES";"Condutor Dormindo";"Tombamento";"Sem Vítimas";"Pleno dia";"Decrescente";"Céu Claro";"Dupla";"Reta";"Não";1;0;0;0;1;0;0;1;-21,93299612;-41,6270108;"SR-RJ";"UOP02";"DEL08"
338266;2021-02-03;"quarta";"00:30:00";"GO";364;"2";"SAO SIMAO";"Avarias e/ou desgaste excessivo no pneu";"Saída de leito carroçável";"Com Vítimas Feridas";"Plena Noite";"Decrescente";"Nublado";"Simples";"Reta";"Não";2;0;1;0;1;0;1;1;-19,03413;-50,515717;"SR-GO";"UOP02";"DEL05"
338269;2021-02-03;"quarta";"07:30:00";"RS";386;"422.8";"MONTENEGRO";"Condutor Dormindo";"Saída de leito carroçável";"Com Vítimas Feridas";"Pleno dia";"Crescente";"Céu Claro";"Dupla";"Curva";"Sim";2;0;1;0;1;0;1;1;-29,815111;-51,402634;"SR-RS";"UOP02";"DEL04"
338270;2021-02-03;"quarta";"07:45:00";"ES";101;"2";"VITORIA";"Trafegar com motocicleta (ou similar) entre as faixas";"Colisão lateral";"Com Vítimas Feridas";"Pleno dia";"Crescente";"Céu Claro";"Dupla";"Reta";"Sim";2;0;1;0;1;0;1;2;-20,246132;-40,283561;"SR-ES";"UOP02";"DEL04"
338271;2021-02-03;"quarta";"07:00:00";"SP";116;"163";"JACAREI";"Objeto estático sobre o leito carroçável";"Incêndio";"Sem Vítimas";"Pleno dia";"Decrescente";"Sol";"Dupla";"Reta";"Não";1;0;0;0;1;0;0;1;-23,28649584;-45,9919851;"SR-SP";"UOP01";"DEL02"
338272;2021-02-03;"quarta";"07:30:00";"SC";470;"42";"GASPAR";"Transitar no acostamento";"Colisão lateral mesmo sentido";"Com Vítimas Feridas";"Pleno dia";"Decrescente";"Céu Claro";"Simples";"Reta";"Sim";2;0;1;0;1;0;1;2;-26,875719;-49,003746;"SR-SC";"UOP01";"DEL04"
338273;2021-02-03;"quarta";"08:00:00";"RS";290;"476.8";"ROSARIO DO SUL";"Ingestão de álcool pelo condutor";"Saída de leito carroçável";"Sem Vítimas";"Pleno dia";"Decrescente";"Chuva";"Simples";"Reta";"Não";1;0;0;0;1;0;0;1;-30,24036;-54,878563;"SR-RS";"UOP02";"DEL11"
338274;2021-02-03;"quarta";"07:00:00";"MT";163;"1033";"MATUPA";"Reação tardia ou ineficiente do condutor";"Queda de ocupante de veículo";"Com Vítimas Feridas";"Pleno dia";"Crescente";"Nublado";"Simples";"Reta";"Não";1;0;1;0;0;0;1;1;-10,19228349;-54,95121002;"SR-MT";"UOP02";"DEL06"
338276;2021-02-03;"quarta";"08:35:00";"PR";277;"76";"SAO JOSE DOS PINHAIS";"Reação tardia ou ineficiente do condutor";"Colisão traseira";"Com Vítimas Feridas";"Pleno dia";"Crescente";"Céu Claro";"Dupla";"Reta";"Não";2;0;1;0;1;0;1;2;-25,51327981;-49,12433291;"SR-PR";"UOP01";"DEL01"
338277;2021-02-03;"quarta";"08:30:00";"PR";277;"77";"SAO JOSE DOS PINHAIS";"Trafegar com motocicleta (ou similar) entre as faixas";"Colisão traseira";"Com Vítimas Feridas";"Pleno dia";"Crescente";"Sol";"Dupla";"Reta";"Sim";2;0;1;0;1;0;1;2;-25,51327981;-49,12433291;"SR-PR";"UOP01";"DEL01"
338279;2021-02-03;"quarta";"08:55:00";"PB";230;"17.8";"JOAO PESSOA";"Acessar a via sem observar a presença dos outros veículos";"Colisão transversal";"Com Vítimas Feridas";"Pleno dia";"Crescente";"Céu Claro";"Dupla";"Reta";"Sim";2;0;0;1;1;0;1;2;-7,1121;-34,8426;"SR-PB";"UOP01";"DEL01"
338280;2021-02-03;"quarta";"08:00:00";"ES";101;"2.3";"VITORIA";"Trafegar com motocicleta (ou similar) entre as faixas";"Colisão traseira";"Sem Vítimas";"Pleno dia";"Crescente";"Céu Claro";"Dupla";"Reta";"Sim";2;0;0;0;2;0;0;2;-20,25174436;-40,28486431;"SR-ES";"UOP01";"DEL02"
338281;2021-02-03;"quarta";"08:30:00";"GO";60;"38.5";"ALEXANIA";"Velocidade Incompatível";"Tombamento";"Com Vítimas Feridas";"Pleno dia";"Crescente";"Céu Claro";"Dupla";"Não Informado";"Não";1;0;1;0;0;0;1;1;-16,1148;-48,5476;"SR-DF";"UOP02";"DEL01"
338282;2021-02-03;"quarta";"08:00:00";"MS";267;"305";"RIO BRILHANTE";"Acessar a via sem observar a presença dos outros veículos";"Colisão traseira";"Com Vítimas Feridas";"Pleno dia";"Decrescente";"Céu Claro";"Simples";"Curva";"Não";4;0;1;1;2;0;2;2;-21,716267;-54,641756;"SR-MS";"UOP02";"DEL02"
338283;2021-02-03;"quarta";"08:45:00";"SC";101;"149.8";"ITAPEMA";"Reação tardia ou ineficiente do condutor";"Colisão transversal";"Com Vítimas Feridas";"Pleno dia";"Crescente";"Céu Claro";"Simples";"Reta";"Sim";3;0;1;1;1;0;2;2;-27,1089649;-48,61277586;"SR-SC";"UOP03";"DEL04"
338284;2021-02-03;"quarta";"09:20:00";"RJ";116;"169";"SAO JOAO DE MERITI";"Ausência de reação do condutor";"Colisão traseira";"Com Vítimas Feridas";"Pleno dia";"Decrescente";"Céu Claro";"Dupla";"Reta";"Sim";3;0;1;0;2;0;1;3;-22,816206;-43,324463;"SR-RJ";"UOP02";"DEL01"
338285;2021-02-03;"quarta";"09:20:00";"SP";116;"271";"TABOAO DA SERRA";"Reação tardia ou ineficiente do condutor";"Colisão traseira";"Com Vítimas Feridas";"Pleno dia";"Decrescente";"Sol";"Múltipla";"Reta";"Sim";2;0;0;1;1;0;1;2;-23,61809286;-46,80556302;"SR-SP";"UOP01";"DEL04"
338286;2021-02-03;"quarta";"09:45:00";"SE";235;"51.5";"ITABAIANA";"Conversão proibida";"Colisão transversal";"Com Vítimas Feridas";"Pleno dia";"Decrescente";"Céu Claro";"Simples";"Reta";"Sim";2;0;0;1;1;0;1;2;-10,700226;-37,431423;"SR-SE";"UOP02";"DEL01"
338287;2021-02-03;"quarta";"09:00:00";"PE";232;"5.3";"RECIFE";"Trafegar com motocicleta (ou similar) entre as faixas";"Colisão lateral mesmo sentido";"Com Vítimas Feridas";"Pleno dia";"Decrescente";"Nublado";"Dupla";"Reta";"Sim";2;0;1;0;1;0;1;2;-8,06795766;-34,94535414;"SR-PE";"UOP01";"DEL01"
338288;2021-02-03;"quarta";"10:00:00";"RS";290;"92";"PORTO ALEGRE";"Acessar a via sem observar a presença dos outros veículos";"Colisão lateral mesmo sentido";"Com Vítimas Feridas";"Pleno dia";"Crescente";"Nublado";"Dupla";"Reta";"Sim";2;0;1;0;1;0;1;2;-29,971916;-51,176838;"SR-RS";"UOP01";"DEL01"
338289;2021-02-03;"quarta";"08:54:00";"MS";163;"482.7";"CAMPO GRANDE";"Transitar no acostamento";"Colisão traseira";"Com Vítimas Feridas";"Pleno dia";"Decrescente";"Céu Claro";"Simples";"Reta";"Sim";3;0;0;1;2;0;1;2;-20,46271123;-54,55411122;"SR-MS";"UOP02";"DEL01"
338290;2021-02-03;"quarta";"09:25:00";"SC";282;"374";"ERVAL VELHO";"Condutor Dormindo";"Saída de leito carroçável";"Com Vítimas Feridas";"Pleno dia";"Crescente";"Nublado";"Dupla";"Não Informado";"Não";1;0;1;0;0;0;1;1;-27,236115;-51,452618;"SR-SC";"UOP05";"DEL07"
338291;2021-02-03;"quarta";"09:55:00";"GO";364;"323";"PORTELANDIA";"Retorno proibido";"Colisão transversal";"Com Vítimas Fatais";"Pleno dia";"Decrescente";"Céu Claro";"Simples";"Não Informado";"Não";5;2;0;1;1;1;1;2;-17,400496;-52,652561;"SR-GO";"UOP01";"DEL05"
338292;2021-01-09;"sábado";"17:30:00";"GO";40;"4";"VALPARAISO DE GOIAS";"Condutor deixou de manter distância do veículo da frente";"Colisão traseira";"Sem Vítimas";"Pleno dia";"Decrescente";"Nublado";"Dupla";"Reta";"Sim";2;0;0;0;2;0;0;2;-16,085241;-47,986752;"SR-DF";"UOP01";"DEL01"
338293;2021-02-03;"quarta";"07:30:00";"BA";407;"172";"PONTO NOVO";"Reação tardia ou ineficiente do condutor";"Colisão traseira";"Com Vítimas Feridas";"Pleno dia";"Decrescente";"Céu Claro";"Simples";"Reta";"Sim";4;0;1;0;3;0;1;2;-10,85708513;-40,11203125;"SR-BA";"UOP02";"DEL04"
338294;2021-02-03;"quarta";"10:10:00";"PE";101;"42.4";"IGARASSU";"Avarias e/ou desgaste excessivo no pneu";"Colisão lateral";"Sem Vítimas";"Pleno dia";"Crescente";"Céu Claro";"Múltipla";"Reta";"Sim";2;0;0;0;2;0;0;2;-7,83887431;-34,91196739;"SR-PE";"UOP02";"DEL01"
338295;2021-02-03;"quarta";"09:45:00";"PI";316;"313.5";"PICOS";"Problema com o freio";"Colisão traseira";"Sem Vítimas";"Pleno dia";"Decrescente";"Céu Claro";"Simples";"Reta";"Sim";2;0;0;0;2;0;0;2;-7,07959049;-41,44975182;"SR-PI";"UOP01";"DEL04"
338296;2021-02-03;"quarta";"08:40:00";"MG";459;"103.3";"POUSO ALEGRE";"Velocidade Incompatível";"Tombamento";"Com Vítimas Feridas";"Pleno dia";"Crescente";"Céu Claro";"Dupla";"Não Informado";"Não";3;0;1;0;0;2;1;1;-22,23135785;-45,9004283;"SR-MG";"UOP01";"DEL16"
338297;2021-02-03;"quarta";"08:20:00";"RJ";116;"317";"ITATIAIA";"Transitar na contramão";"Colisão frontal";"Com Vítimas Feridas";"Pleno dia";"Decrescente";"Céu Claro";"Simples";"Reta";"Não";4;0;0;2;2;0;2;2;-22,46708478;-44,50067002;"SR-RJ";"UOP02";"DEL07"
338298;2021-02-03;"quarta";"07:00:00";"GO";414;"367.3";"COCALZINHO DE GOIAS";"Acumulo de água sobre o pavimento";"Saída de leito carroçável";"Com Vítimas Feridas";"Pleno dia";"Decrescente";"Nublado";"Simples";"Curva";"Não";2;0;1;0;1;0;1;1;-15,746268;-48,72468901;"SR-GO";"UOP01";"DEL02"
338299;2021-02-03;"quarta";"11:15:00";"MG";381;"747.8";"TRES CORACOES";"Reação tardia ou ineficiente do condutor";"Colisão com objeto";"Com Vítimas Feridas";"Pleno dia";"Crescente";"Céu Claro";"Dupla";"Reta";"Não";4;0;4;0;0;0;4;1;-21,62636894;-45,269279;"SR-MG";"UOP02";"DEL16"
338300;2021-02-03;"quarta";"10:00:00";"MT";163;"752.9";"SORRISO";"Ausência de reação do condutor";"Colisão traseira";"Com Vítimas Feridas";"Pleno dia";"Decrescente";"Céu Claro";"Dupla";"Interseção de vias";"Sim";2;0;1;0;1;0;1;2;-12,55087;-55,71353;"SR-MT";"UOP01";"DEL06"
338301;2021-02-03;"quarta";"11:00:00";"PR";116;"102";"SAO JOSE DOS PINHAIS";"Condutor deixou de manter distância do veículo da frente";"Colisão traseira";"Com Vítimas Feridas";"Pleno dia";"Crescente";"Sol";"Dupla";"Reta";"Sim";2;0;1;0;1;0;1;2;-25,550639;-49,15025;"SR-PR";"UOP01";"DEL01"
338302;2021-02-03;"quarta";"10:35:00";"MT";163;"953";"NOVA SANTA HELENA";"Demais falhas mecânicas ou elétricas";"Saída de leito carroçável";"Com Vítimas Feridas";"Pleno dia";"Decrescente";"Nublado";"Simples";"Curva";"Não";1;0;1;0;0;0;1;1;-10,869014;-55,195945;"SR-MT";"UOP02";"DEL06"
338304;2021-02-03;"quarta";"09:40:00";"DF";60;"7.2";"BRASILIA";"Velocidade Incompatível";"Colisão traseira";"Com Vítimas Fatais";"Pleno dia";"Decrescente";"Céu Claro";"Dupla";"Não Informado";"Não";2;1;0;0;1;0;0;2;-15,901237;-48,122334;"SR-DF";"UOP02";"DEL01"
338305;2021-02-03;"quarta";"09:25:00";"SC";280;"30.2";"ARAQUARI";"Acessar a via sem observar a presença dos outros veículos";"Colisão transversal";"Com Vítimas Feridas";"Pleno dia";"Decrescente";"Céu Claro";"Simples";"Reta";"Sim";2;0;1;0;1;0;1;2;-26,414616;-48,763817;"SR-SC";"UOP03";"DEL03"
338306;2021-02-03;"quarta";"11:50:00";"PR";116;"12.9";"COLOMBO";"Velocidade Incompatível";"Colisão lateral mesmo sentido";"Com Vítimas Feridas";"Pleno dia";"Decrescente";"Sol";"Múltipla";"Reta";"Sim";4;0;1;0;2;1;1;2;-25,3755;-49,1496;"SR-PR";"UOP02";"DEL01"
338308;2021-02-03;"quarta";"11:50:00";"PE";232;"137";"CARUARU";"Manobra de mudança de faixa";"Colisão transversal";"Com Vítimas Fatais";"Pleno dia";"Decrescente";"Céu Claro";"Dupla";"Reta";"Não";3;1;0;1;1;0;1;2;-8,31589863;-36,05040211;"SR-PE";"UOP02";"DEL02"
338309;2021-02-03;"quarta";"12:10:00";"PB";230;"8";"CABEDELO";"Acessar a via sem observar a presença dos outros veículos";"Colisão transversal";"Com Vítimas Feridas";"Pleno dia";"Decrescente";"Céu Claro";"Dupla";"Não Informado";"Sim";2;0;1;0;1;0;1;2;-7,0355;-34,8429;"SR-PB";"UOP01";"DEL01"
338310;2021-02-03;"quarta";"12:10:00";"PR";369;"142.3";"IBIPORA";"Pedestre cruzava a pista fora da faixa";"Atropelamento de Pedestre";"Com Vítimas Feridas";"Pleno dia";"Crescente";"Céu Claro";"Simples";"Reta";"Sim";2;0;0;1;1;0;1;1;-23,28315988;-51,07104063;"SR-PR";"UOP01";"DEL07"
338311;2021-02-03;"quarta";"12:25:00";"CE";116;"3";"FORTALEZA";"Condutor deixou de manter distância do veículo da frente";"Colisão traseira";"Com Vítimas Feridas";"Pleno dia";"Crescente";"Céu Claro";"Dupla";"Reta";"Sim";2;0;0;1;1;0;1;2;-3,77866493;-38,51490171;"SR-CE";"UOP02";"DEL01"
338312;2021-02-03;"quarta";"11:40:00";"SP";116;"108";"TAUBATE";"Manobra de mudança de faixa";"Colisão lateral mesmo sentido";"Com Vítimas Feridas";"Pleno dia";"Decrescente";"Céu Claro";"Dupla";"Reta";"Não";3;0;2;0;1;0;2;2;-23,0233097;-45,53763622;"SR-SP";"UOP02";"DEL02"
338313;2021-02-03;"quarta";"13:00:00";"SC";470;"71.1";"INDAIAL";"Acesso irregular";"Colisão transversal";"Com Vítimas Feridas";"Pleno dia";"Crescente";"Nublado";"Simples";"Não Informado";"Sim";2;0;1;0;1;0;1;2;-26,895243;-49,262104;"SR-SC";"UOP01";"DEL04"
338314;2021-02-03;"quarta";"12:40:00";"TO";153;"735";"ALVORADA";"Ausência de reação do condutor";"Colisão lateral sentido oposto";"Com Vítimas Fatais";"Pleno dia";"Crescente";"Sol";"Simples";"Desvio Temporário";"Não";5;1;3;0;1;0;3;2;-12,253217;-49,15904193;"SR-TO";"UOP02";"DEL01"
338315;2021-02-03;"quarta";"13:30:00";"ES";101;"159.2";"LINHARES";"Desrespeitar a preferência no cruzamento";"Colisão transversal";"Com Vítimas Feridas";"Pleno dia";"Crescente";"Céu Claro";"Simples";"Interseção de vias";"Sim";2;0;0;1;1;0;1;2;-19,4684012;-40,1102557;"SR-ES";"UOP01";"DEL04"
338316;2021-02-03;"quarta";"13:10:00";"BA";101;"280";"LAJE";"Acumulo de água sobre o pavimento";"Capotamento";"Com Vítimas Feridas";"Pleno dia";"Decrescente";"Chuva";"Simples";"Reta";"Não";4;0;3;0;1;0;3;1;-13,0863096;-39,2808858;"SR-BA";"UOP02";"DEL01"
338317;2021-02-03;"quarta";"13:20:00";"BA";101;"277";"LAJE";"Ausência de reação do condutor";"Colisão traseira";"Sem Vítimas";"Pleno dia";"Crescente";"Chuva";"Simples";"Desvio Temporário";"Sim";2;0;0;0;1;1;0;2;-13,15872508;-39,30239337;"SR-BA";"UOP02";"DEL01"
338318;2021-02-03;"quarta";"08:30:00";"MA";230;"315.9";"SAO RAIMUNDO DAS MANGABEIRAS";"Acessar a via sem observar a presença dos outros veículos";"Colisão lateral";"Com Vítimas Feridas";"Pleno dia";"Decrescente";"Céu Claro";"Simples";"Não Informado";"Sim";3;0;2;0;1;0;2;2;-7,02680745;-45,48909237;"SR-MA";"UOP01";"DEL05"
338319;2021-02-03;"quarta";"11:55:00";"PR";376;"355";"ORTIGUEIRA";"Acessar a via sem observar a presença dos outros veículos";"Colisão transversal";"Com Vítimas Feridas";"Pleno dia";"Crescente";"Sol";"Simples";"Reta";"Não";3;0;1;0;2;0;1;2;-24,278906;-50,885281;"SR-PR";"UAP01";"DEL07"
338320;2021-02-03;"quarta";"13:09:00";"RN";226;"4";"NATAL";"Acessar a via sem observar a presença dos outros veículos";"Colisão transversal";"Com Vítimas Feridas";"Pleno dia";"Decrescente";"Céu Claro";"Simples";"Curva";"Sim";2;0;1;0;1;0;1;2;-5,81922512;-35,26339889;"SR-RN";"UOP02";"DEL01"
338321;2021-02-03;"quarta";"12:40:00";"MT";364;"393";"CUIABA";"Condutor Dormindo";"Saída de leito carroçável";"Com Vítimas Feridas";"Pleno dia";"Crescente";"Céu Claro";"Dupla";"Reta";"Não";2;0;1;1;0;0;2;1;-15,68021428;-55,92742866;"SR-MT";"UOP02";"DEL01"
338324;2021-02-03;"quarta";"13:40:00";"PR";153;"477";"PORTO VITORIA";"Demais falhas mecânicas ou elétricas";"Incêndio";"Sem Vítimas";"Pleno dia";"Crescente";"Céu Claro";"Simples";"Reta";"Não";1;0;0;0;1;0;0;1;-26,16260985;-51,22429937;"SR-PR";"UOP03";"DEL02"
338325;2021-02-03;"quarta";"13:30:00";"RS";290;"448.7";"SAO GABRIEL";"Velocidade Incompatível";"Saída de leito carroçável";"Com Vítimas Feridas";"Pleno dia";"Crescente";"Chuva";"Simples";"Curva";"Não";2;0;2;0;0;0;2;1;-30,246874;-54,597851;"SR-RS";"UOP02";"DEL11"
338326;2021-02-03;"quarta";"14:20:00";"PR";277;"79.2";"CURITIBA";"Condutor deixou de manter distância do veículo da frente";"Colisão traseira";"Com Vítimas Feridas";"Pleno dia";"Crescente";"Céu Claro";"Dupla";"Reta";"Sim";4;0;1;0;2;1;1;3;-25,47148351;-49,21257019;"SR-PR";"UOP01";"DEL01"
338327;2021-02-03;"quarta";"06:00:00";"MG";40;"505.3";"RIBEIRAO DAS NEVES";"Reação tardia ou ineficiente do condutor";"Saída de leito carroçável";"Com Vítimas Feridas";"Amanhecer";"Crescente";"Céu Claro";"Dupla";"Reta";"Não";3;0;3;0;0;0;3;1;-19,73838088;-44,14935661;"SR-MG";"UOP01";"DEL02"
338328;2021-02-03;"quarta";"11:57:00";"MG";381;"510";"SAO JOAQUIM DE BICAS";"Velocidade Incompatível";"Capotamento";"Sem Vítimas";"Pleno dia";"Decrescente";"Céu Claro";"Dupla";"Reta";"Sim";3;0;0;0;0;3;0;1;-20,07738209;-44,30434488;"SR-MG";"UOP03";"DEL01"
338329;2021-02-03;"quarta";"08:20:00";"ES";262;"177";"IBATIBA";"Mal súbito do condutor";"Queda de ocupante de veículo";"Sem Vítimas";"Pleno dia";"Crescente";"Céu Claro";"Simples";"Reta";"Não";1;0;0;0;0;1;0;1;-20,28062181;-41,64687634;"SR-ES";"UOP02";"DEL01"
338330;2021-02-03;"quarta";"07:30:00";"BA";242;"363";"LENCOIS";"Condutor Dormindo";"Capotamento";"Com Vítimas Feridas";"Pleno dia";"Decrescente";"Nublado";"Simples";"Curva";"Não";1;0;0;1;0;0;1;1;-12,46727769;-41,4150469;"SR-BA";"UOP01";"DEL06"
338331;2021-02-03;"quarta";"12:15:00";"MG";267;"28";"ARGIRITA";"Velocidade Incompatível";"Tombamento";"Com Vítimas Feridas";"Pleno dia";"Decrescente";"Céu Claro";"Simples";"Curva";"Não";1;0;1;0;0;0;1;1;-21,62799078;-42,83040926;"SR-MG";"UOP01";"DEL07"
338332;2021-02-03;"quarta";"14:10:00";"MT";158;"570";"AGUA BOA";"Ingestão de álcool pelo condutor";"Saída de leito carroçável";"Sem Vítimas";"Pleno dia";"Decrescente";"Sol";"Simples";"Curva";"Sim";1;0;0;0;1;0;0;1;-14,07336599;-52,15323316;"SR-MT";"UOP02";"DEL07"
338333;2021-02-03;"quarta";"12:10:00";"RO";364;"345";"JI-PARANA";"Deficiência do Sistema de Iluminação/Sinalização";"Colisão transversal";"Com Vítimas Feridas";"Pleno dia";"Decrescente";"Céu Claro";"Dupla";"Interseção de vias";"Sim";2;0;1;0;1;0;1;2;-10,87030131;-61,95769787;"SR-RO";"UOP01";"DEL02"
338334;2021-02-03;"quarta";"09:00:00";"MG";50;"176";"UBERABA";"Condutor deixou de manter distância do veículo da frente";"Colisão traseira";"Com Vítimas Feridas";"Pleno dia";"Decrescente";"Céu Claro";"Dupla";"Reta";"Sim";2;0;1;0;1;0;1;2;-19,77919981;-47,960032;"SR-MG";"UOP01";"DEL13"
338335;2021-02-03;"quarta";"13:40:00";"RS";470;"265";"SAO JOSE DO SUL";"Condutor Dormindo";"Saída de leito carroçável";"Sem Vítimas";"Pleno dia";"Decrescente";"Chuva";"Simples";"Reta";"Não";2;0;0;0;1;1;0;1;-29,49668307;-51,49151692;"SR-RS";"UOP02";"DEL04"
338336;2021-02-03;"quarta";"15:15:00";"PR";376;"137.9";"NOVA ESPERANCA";"Condutor Dormindo";"Saída de leito carroçável";"Com Vítimas Feridas";"Pleno dia";"Decrescente";"Nublado";"Dupla";"Reta";"Não";2;0;2;0;0;0;2;1;-23,21631106;-52,18536405;"SR-PR";"UOP02";"DEL09"
338337;2021-02-03;"quarta";"14:00:00";"MT";70;"5.5";"BARRA DO GARCAS";"Condutor deixou de manter distância do veículo da frente";"Colisão traseira";"Sem Vítimas";"Pleno dia";"Crescente";"Nublado";"Dupla";"Desvio Temporário";"Sim";4;0;0;0;4;0;0;2;-15,87814789;-52,296134;"SR-MT";"UOP01";"DEL07"
338338;2021-02-03;"quarta";"15:00:00";"PI";316;"4.1";"TERESINA";"Ingestão de álcool pelo condutor";"Colisão lateral mesmo sentido";"Sem Vítimas";"Pleno dia";"Decrescente";"Céu Claro";"Múltipla";"Curva";"Sim";2;0;0;0;2;0;0;2;-5,13655894;-42,78900388;"SR-PI";"UOP02";"DEL01"
338339;2021-02-03;"quarta";"15:10:00";"SP";116;"411";"JUQUIA";"Velocidade Incompatível";"Colisão lateral mesmo sentido";"Sem Vítimas";"Pleno dia";"Crescente";"Céu Claro";"Dupla";"Não Informado";"Não";2;0;0;0;2;0;0;2;-24,33308537;-47,60360609;"SR-SP";"UOP01";"DEL05"
338340;2021-02-03;"quarta";"14:00:00";"SC";101;"76.6";"ARAQUARI";"Reação tardia ou ineficiente do condutor";"Saída de leito carroçável";"Com Vítimas Feridas";"Pleno dia";"Decrescente";"Sol";"Dupla";"Curva";"Não";1;0;1;0;0;0;1;1;-26,55954801;-48,72063404;"SR-SC";"UOP02";"DEL03"
338342;2021-02-03;"quarta";"14:30:00";"SC";101;"318";"LAGUNA";"Obras na pista";"Colisão traseira";"Com Vítimas Feridas";"Pleno dia";"Decrescente";"Céu Claro";"Dupla";"Reta";"Sim";2;0;1;0;1;0;1;2;-28,4266481;-48,86160099;"SR-SC";"UOP01";"DEL02"
338343;2021-02-03;"quarta";"15:45:00";"CE";116;"23";"ITAITINGA";"Objeto estático sobre o leito carroçável";"Colisão com objeto";"Com Vítimas Feridas";"Pleno dia";"Crescente";"Céu Claro";"Simples";"Reta";"Não";2;0;1;0;1;0;1;2;-3,94905489;-38,51212845;"SR-CE";"UOP02";"DEL01"
338344;2021-02-03;"quarta";"14:10:00";"SC";101;"57.6";"ARAQUARI";"Reação tardia ou ineficiente do condutor";"Colisão transversal";"Com Vítimas Feridas";"Pleno dia";"Decrescente";"Céu Claro";"Dupla";"Curva";"Não";2;0;1;0;1;0;1;2;-26,44045074;-48,80161285;"SR-SC";"UOP01";"DEL03"
338345;2021-02-03;"quarta";"15:50:00";"ES";101;"392.2";"RIO NOVO DO SUL";"Conversão proibida";"Colisão transversal";"Com Vítimas Feridas";"Pleno dia";"Crescente";"Céu Claro";"Simples";"Reta";"Não";2;0;1;0;1;0;1;2;-20,86733567;-40,90426608;"SR-ES";"UOP02";"DEL03"