"id";"data_inversa";"dia_semana";"horario";"uf";"br";"km";"municipio";"causa_acidente";"tipo_acidente";"classificacao_acidente";"fase_dia";"sentido_via";"condicao_metereologica";"tipo_pista";"tracado_via";"uso_solo";"pessoas";"mortos";"feridos_leves";"feridos_graves";"ilesos";"ignorados";"feridos";"veiculos";"latitude";"longitude";"regional";"delegacia";"uop"
338535;2021-02-04;"quinta";"16:25:00";"SC";101;"397.7";"MARACAJA";"Avarias e/ou desgaste excessivo no pneu";"Tombamento";"Com Vítimas Feridas";"Pleno dia";"Decrescente";"Nublado";"Dupla";"Reta";"Não";2;0;2;0;0;0;2;1;-28,84698549;-49,43339109;"SR-SC";"UOP02";"DEL02"
338537;2021-02-04;"quinta";"16:00:00";"SP";116;"217.5";"GUARULHOS";"Condutor deixou de manter distância do veículo da frente";"Colisão traseira";"Com Vítimas Feridas";"Pleno dia";"Crescente";"Nublado";"Múltipla";"Reta";"Não";3;0;2;0;1;0;2;2;-23,45423824;-46,47119028;"SR-SP";"UOP01";"DEL01"
338539;2021-02-04;"quinta";"15:00:00";"MG";365;"49";"CLARO DOS POCOES";"Chuva";"Saída de leito carroçável";"Com Vítimas Feridas";"Pleno dia";"Decrescente";"Chuva";"Simples";"Reta";"Não";1;0;0;1;0;0;1;1;-16,93286996;-44,23666404;"SR-MG";"UOP01";"DEL12"
338540;2021-02-04;"quinta";"16:50:00";"ES";101;"203.9";"JOAO NEIVA";"Pedestre cruzava a pista fora da faixa";"Atropelamento de Pedestre";"Com Vítimas Feridas";"Pleno dia";"Crescente";"Sol";"Simples";"Reta";"Sim";3;0;0;2;1;0;2;2;-19,74448248;-40,37263506;"SR-ES";"UOP01";"DEL02"
338541;2021-02-04;"quinta";"15:00:00";"PB";230;"22.6";"JOAO PESSOA";"Condutor deixou de manter distância do veículo da frente";"Colisão traseira";"Com Vítimas Feridas";"Pleno dia";"Crescente";"Sol";"Dupla";"Reta";"Sim";2;0;0;1;1;0;1;2;-7,1495;-34,8517;"SR-PB";"UOP01";"DEL01"
338542;2021-02-04;"quinta";"16:20:00";"ES";101;"203.7";"JOAO NEIVA";"Velocidade Incompatível";"Tombamento";"Com Vítimas Feridas";"Pleno dia";"Decrescente";"Sol";"Múltipla";"Rotatória";"Sim";2;0;1;0;1;0;1;1;-19,74448248;-40,37263506;"SR-ES";"UOP01";"DEL02"
338544;2021-02-04;"quinta";"17:27:00";"RS";386;"376";"PAVERAMA";"Manobra de mudança de faixa";"Colisão lateral";"Com Vítimas Feridas";"Pleno dia";"Decrescente";"Nublado";"Simples";"Reta";"Não";3;0;1;0;2;0;1;2;-29,620808;-51,777538;"SR-RS";"UOP02";"DEL04"
338545;2021-02-04;"quinta";"16:57:00";"GO";20;"2";"FORMOSA";"Acessar a via sem observar a presença dos outros veículos";"Colisão lateral";"Com Vítimas Feridas";"Pleno dia";"Crescente";"Chuva";"Simples";"Retorno Regulamentado";"Sim";3;0;1;2;0;0;3;2;-15,57387;-47,327488;"SR-DF";"UOP01";"DEL02"
338546;2021-02-04;"quinta";"16:16:00";"MG";381;"387";"SAO GONCALO DO RIO ABAIXO";"Acostamento em desnível";"Tombamento";"Com Vítimas Feridas";"Pleno dia";"Decrescente";"Céu Claro";"Simples";"Curva";"Sim";1;0;1;0;0;0;1;1;-19,79575004;-43,42574708;"SR-MG";"UOP01";"DEL01"
338547;2021-02-04;"quinta";"13:50:00";"AL";316;"83";"SANTANA DO IPANEMA";"Acessar a via sem observar a presença dos outros veículos";"Colisão lateral";"Com Vítimas Feridas";"Pleno dia";"Decrescente";"Céu Claro";"Simples";"Interseção de vias";"Sim";2;0;1;0;1;0;1;2;-9,36681348;-37,25183498;"SR-AL";"UOP02";"DEL03"
338548;2021-02-04;"quinta";"17:40:00";"SC";101;"196.9";"BIGUACU";"Ausência de reação do condutor";"Colisão traseira";"Sem Vítimas";"Pleno dia";"Crescente";"Céu Claro";"Múltipla";"Curva";"Não";2;0;0;0;2;0;0;2;-27,51101091;-48,64322292;"SR-SC";"UOP01";"DEL01"
338549;2021-02-04;"quinta";"16:35:00";"SP";459;"16.2";"PIQUETE";"Acessar a via sem observar a presença dos outros veículos";"Colisão transversal";"Com Vítimas Feridas";"Pleno dia";"Crescente";"Nublado";"Simples";"Reta";"Sim";2;0;1;0;1;0;1;2;-22,62031;-45,164268;"SR-SP";"UOP02";"DEL08"
338550;2021-02-04;"quinta";"17:30:00";"CE";116;"17.1";"EUSEBIO";"Acesso irregular";"Colisão transversal";"Com Vítimas Feridas";"Anoitecer";"Crescente";"Céu Claro";"Dupla";"Reta";"Não";5;0;1;0;4;0;1;2;-3,89724756;-38,50319851;"SR-CE";"UOP02";"DEL01"
338551;2021-02-04;"quinta";"17:00:00";"PR";476;"104.6";"COLOMBO";"Pista Escorregadia";"Colisão lateral";"Com Vítimas Feridas";"Pleno dia";"Crescente";"Nublado";"Simples";"Reta";"Não";3;0;2;0;0;1;2;2;-25,271278;-49,140888;"SR-PR";"UOP02";"DEL01"
338552;2021-02-04;"quinta";"17:40:00";"RJ";40;"123.6";"DUQUE DE CAXIAS";"Pedestre andava na pista";"Atropelamento de Pedestre";"Com Vítimas Feridas";"Pleno dia";"Decrescente";"Céu Claro";"Dupla";"Reta";"Sim";2;0;0;1;0;1;1;1;-22,79907687;-43,29015739;"SR-RJ";"UOP01";"DEL01"
338553;2021-02-04;"quinta";"17:30:00";"SC";470;"45";"BLUMENAU";"Desrespeitar a preferência no cruzamento";"Colisão transversal";"Com Vítimas Feridas";"Pleno dia";"Crescente";"Nublado";"Simples";"Reta";"Não";2;0;1;0;1;0;1;2;-26,867064;-49,031109;"SR-SC";"UOP01";"DEL04"
338555;2021-02-04;"quinta";"17:20:00";"RN";101;"99";"PARNAMIRIM";"Acessar a via sem observar a presença dos outros veículos";"Colisão transversal";"Sem Vítimas";"Anoitecer";"Decrescente";"Céu Claro";"Simples";"Reta";"Sim";2;0;0;0;2;0;0;2;-5,87359183;-35,22063023;"SR-RN";"UOP01";"DEL01"
338556;2021-02-04;"quinta";"17:20:00";"RJ";116;"195";"QUEIMADOS";"Acumulo de água sobre o pavimento";"Capotamento";"Sem Vítimas";"Pleno dia";"Decrescente";"Chuva";"Dupla";"Reta";"Sim";1;0;0;0;1;0;0;1;-22,73573614;-43,54749701;"SR-RJ";"UOP02";"DEL01"
338557;2021-02-04;"quinta";"18:25:00";"SP";116;"230";"SAO PAULO";"Manobra de mudança de faixa";"Colisão lateral mesmo sentido";"Com Vítimas Feridas";"Pleno dia";"Crescente";"Nublado";"Múltipla";"Reta";"Sim";2;0;1;0;1;0;1;2;-23,522373;-46,58578;"SR-SP";"UOP01";"DEL01"
338558;2021-02-04;"quinta";"18:00:00";"RS";116;"222";"DOIS IRMAOS";"Problema com o freio";"Colisão traseira";"Com Vítimas Feridas";"Pleno dia";"Crescente";"Chuva";"Simples";"Desvio Temporário";"Sim";6;0;1;0;5;0;1;6;-29,58096695;-51,09515511;"SR-RS";"UOP02";"DEL01"
338559;2021-02-04;"quinta";"18:10:00";"PI";316;"309.5";"PICOS";"Desrespeitar a preferência no cruzamento";"Colisão transversal";"Com Vítimas Feridas";"Plena Noite";"Crescente";"Céu Claro";"Simples";"Reta";"Sim";2;0;0;1;1;0;1;2;-7,07778744;-41,48370094;"SR-PI";"UOP01";"DEL04"
338562;2021-02-04;"quinta";"17:05:00";"PB";230;"36.2";"SANTA RITA";"Demais falhas na via";"Tombamento";"Com Vítimas Feridas";"Pleno dia";"Crescente";"Céu Claro";"Dupla";"Curva";"Sim";1;0;1;0;0;0;1;1;-7,1246;-34,9473;"SR-PB";"UOP03";"DEL01"
338563;2021-02-04;"quinta";"18:10:00";"RS";116;"2";"PORTO ALEGRE";"Manobra de mudança de faixa";"Colisão traseira";"Com Vítimas Feridas";"Pleno dia";"Decrescente";"Céu Claro";"Dupla";"Reta";"Sim";2;0;1;0;1;0;1;2;-29,969988;-51,1711294;"SR-RS";"UOP03";"DEL05"
338565;2021-02-03;"quarta";"20:00:00";"PE";407;"23.9";"AFRANIO";"Ausência de reação do condutor";"Capotamento";"Com Vítimas Feridas";"Plena Noite";"Crescente";"Ignorado";"Simples";"Curva";"Não";1;0;0;1;0;0;1;1;-8,62237203;-40,99588613;"SR-PE";"UOP02";"DEL06"
338566;2021-02-04;"quinta";"18:30:00";"RN";101;"81.3";"NATAL";"Reação tardia ou ineficiente do condutor";"Colisão lateral";"Com Vítimas Feridas";"Plena Noite";"Decrescente";"Céu Claro";"Dupla";"Reta";"Sim";2;0;1;0;1;0;1;2;-5,76469466;-35,28295988;"SR-RN";"UOP01";"DEL02"
338567;2021-02-04;"quinta";"18:30:00";"SC";470;"145";"RIO DO SUL";"Condutor deixou de manter distância do veículo da frente";"Colisão traseira";"Com Vítimas Feridas";"Pleno dia";"Decrescente";"Céu Claro";"Simples";"Reta";"Não";3;0;0;1;2;0;1;3;-27,22888518;-49,6685065;"SR-SC";"UOP02";"DEL04"
338568;2021-02-04;"quinta";"18:30:00";"CE";116;"14";"FORTALEZA";"Manobra de mudança de faixa";"Colisão lateral";"Com Vítimas Feridas";"Plena Noite";"Decrescente";"Céu Claro";"Dupla";"Viaduto";"Sim";2;0;1;0;1;0;1;2;-3,86973356;-38,49827361;"SR-CE";"UOP02";"DEL01"
338569;2021-02-04;"quinta";"16:57:00";"SC";116;"3";"MAFRA";"Ausência de reação do condutor";"Tombamento";"Com Vítimas Feridas";"Pleno dia";"Decrescente";"Céu Claro";"Simples";"Reta";"Sim";1;0;1;0;0;0;1;1;-26,13073161;-49,79922442;"SR-SC";"UOP01";"DEL06"
338570;2021-02-04;"quinta";"18:30:00";"CE";222;"4";"CAUCAIA";"Entrada inopinada do pedestre";"Atropelamento de Pedestre";"Com Vítimas Feridas";"Plena Noite";"Decrescente";"Céu Claro";"Múltipla";"Reta";"Sim";2;0;1;1;0;0;2;1;-3,74164754;-38,60449792;"SR-CE";"UOP01";"DEL01"
338571;2021-02-04;"quinta";"18:45:00";"GO";60;"173";"ABADIA DE GOIAS";"Reação tardia ou ineficiente do condutor";"Capotamento";"Com Vítimas Feridas";"Anoitecer";"Decrescente";"Céu Claro";"Dupla";"Reta";"Não";2;0;2;0;0;0;2;1;-16,7423;-49,415;"SR-GO";"UOP02";"DEL01"
338572;2021-02-04;"quinta";"18:05:00";"RS";470;"218";"BENTO GONCALVES";"Acessar a via sem observar a presença dos outros veículos";"Colisão transversal";"Com Vítimas Feridas";"Anoitecer";"Crescente";"Chuva";"Simples";"Retorno Regulamentado";"Sim";2;0;1;0;1;0;1;2;-29,17292214;-51,52424936;"SR-RS";"UOP01";"DEL06"
338573;2021-02-04;"quinta";"16:40:00";"BA";367;"23.2";"PORTO SEGURO";"Acessar a via sem observar a presença dos outros veículos";"Colisão frontal";"Com Vítimas Feridas";"Pleno dia";"Crescente";"Sol";"Dupla";"Reta";"Sim";2;0;1;0;1;0;1;2;-16,4357;-39,074354;"SR-BA";"UOP01";"DEL09"
338574;2021-02-04;"quinta";"18:30:00";"ES";101;"296.3";"CARIACICA";"Pista Escorregadia";"Queda de ocupante de veículo";"Com Vítimas Feridas";"Anoitecer";"Crescente";"Nublado";"Dupla";"Curva";"Sim";2;0;2;0;0;0;2;1;-20,34261502;-40,40548325;"SR-ES";"UOP01";"DEL01"
338575;2021-02-04;"quinta";"18:56:00";"SC";101;"110.5";"ITAJAI";"Condutor deixou de manter distância do veículo da frente";"Queda de ocupante de veículo";"Com Vítimas Feridas";"Anoitecer";"Decrescente";"Céu Claro";"Dupla";"Curva";"Não";1;0;1;0;0;0;1;1;-26,83477;-48,706151;"SR-SC";"UOP04";"DEL04"
338576;2021-02-04;"quinta";"19:05:00";"GO";70;"9";"AGUAS LINDAS DE GOIAS";"Ingestão de álcool pelo condutor";"Colisão traseira";"Sem Vítimas";"Plena Noite";"Crescente";"Céu Claro";"Dupla";"Reta";"Sim";3;0;0;0;3;0;0;2;-15,73576731;-48,28288046;"SR-DF";"UOP03";"DEL01"
338577;2021-02-04;"quinta";"17:55:00";"MG";381;"324";"NOVA ERA";"Velocidade Incompatível";"Tombamento";"Com Vítimas Feridas";"Anoitecer";"Crescente";"Nublado";"Simples";"Não Informado";"Não";1;0;1;0;0;0;1;1;-19,759028;-43,028651;"SR-MG";"UOP02";"DEL03"
338578;2021-02-04;"quinta";"19:00:00";"SP";116;"500.4";"CAJATI";"Pista Escorregadia";"Colisão traseira";"Com Vítimas Feridas";"Anoitecer";"Decrescente";"Garoa/Chuvisco";"Simples";"Curva";"Não";2;0;1;0;0;1;1;2;-24,7854488;-48,18624973;"SR-SP";"UOP02";"DEL05"
338579;2021-02-04;"quinta";"19:50:00";"ES";101;"290.6";"CARIACICA";"Desrespeitar a preferência no cruzamento";"Colisão transversal";"Com Vítimas Feridas";"Plena Noite";"Crescente";"Céu Claro";"Dupla";"Reta";"Sim";6;0;1;1;4;0;2;2;-20,29407948;-40,39312363;"SR-ES";"UOP01";"DEL01"
338580;2021-02-04;"quinta";"15:10:00";"MG";116;"398";"GOVERNADOR VALADARES";"Ultrapassagem Indevida";"Saída de leito carroçável";"Com Vítimas Feridas";"Pleno dia";"Crescente";"Céu Claro";"Simples";"Reta";"Não";2;0;1;0;1;0;1;1;-18,75214231;-41,98521182;"SR-MG";"UOP01";"DEL06"
338581;2021-02-04;"quinta";"19:50:00";"SC";101;"218";"PALHOCA";"Afundamento ou ondulação no pavimento";"Tombamento";"Com Vítimas Feridas";"Plena Noite";"Crescente";"Céu Claro";"Dupla";"Reta";"Sim";1;0;1;0;0;0;1;1;-27,6758601;-48,67052525;"SR-SC";"UOP02";"DEL01"
338582;2021-02-04;"quinta";"18:10:00";"BA";330;"805";"IBIRAPITANGA";"Manobra de mudança de faixa";"Colisão frontal";"Com Vítimas Feridas";"Anoitecer";"Crescente";"Nublado";"Simples";"Curva";"Sim";4;0;1;2;1;0;3;2;-14,2219451;-39,5105409;"SR-BA";"UOP01";"DEL03"
338583;2021-02-04;"quinta";"19:50:00";"BA";101;"582";"CAMACAN";"Pedestre cruzava a pista fora da faixa";"Colisão transversal";"Com Vítimas Fatais";"Plena Noite";"Decrescente";"Céu Claro";"Simples";"Reta";"Sim";2;1;0;0;0;1;0;2;-15,53161234;-39,42312335;"SR-BA";"UOP02";"DEL05"
338584;2021-02-04;"quinta";"20:00:00";"SP";116;"106.1";"TAUBATE";"Chuva";"Colisão com objeto";"Com Vítimas Feridas";"Plena Noite";"Crescente";"Chuva";"Dupla";"Reta";"Sim";2;0;2;0;0;0;2;1;-23,01250593;-45,52256005;"SR-SP";"UOP02";"DEL02"
338585;2021-02-04;"quinta";"19:00:00";"PR";376;"315";"ORTIGUEIRA";"Ultrapassagem Indevida";"Colisão lateral mesmo sentido";"Com Vítimas Feridas";"Plena Noite";"Crescente";"Céu Claro";"Simples";"Não Informado";"Não";2;0;1;0;1;0;1;2;-24,02668686;-51,09740947;"SR-PR";"UAP01";"DEL07"
338586;2021-02-04;"quinta";"18:10:00";"PB";104;"115.8";"LAGOA SECA";"Reação tardia ou ineficiente do condutor";"Queda de ocupante de veículo";"Com Vítimas Feridas";"Plena Noite";"Decrescente";"Céu Claro";"Simples";"Reta";"Não";1;0;1;0;0;0;1;1;-7,172018;-35,85983397;"SR-PB";"UOP04";"DEL02"
338588;2021-02-04;"quinta";"20:20:00";"SP";116;"283.9";"EMBU DAS ARTES";"Reação tardia ou ineficiente do condutor";"Colisão com objeto";"Com Vítimas Feridas";"Plena Noite";"Crescente";"Céu Claro";"Dupla";"Reta";"Sim";2;0;0;1;1;0;1;2;-23,69297005;-46,86352786;"SR-SP";"UOP01";"DEL04"
338589;2021-02-04;"quinta";"16:20:00";"MT";70;"714";"CACERES";"Condutor deixou de manter distância do veículo da frente";"Colisão traseira";"Sem Vítimas";"Pleno dia";"Crescente";"Céu Claro";"Simples";"Curva";"Não";3;0;0;0;3;0;0;3;-16,2430093;-57,54684912;"SR-MT";"UOP01";"DEL03"
338590;2021-02-04;"quinta";"17:20:00";"PR";376;"455.8";"TIBAGI";"Velocidade Incompatível";"Colisão frontal";"Sem Vítimas";"Pleno dia";"Decrescente";"Chuva";"Dupla";"Reta";"Não";2;0;0;0;2;0;0;2;-24,97197186;-50,3825899;"SR-PR";"UOP02";"DEL03"
338591;2021-01-08;"sexta";"03:20:00";"PR";376;"386.3";"IMBAU";"Ausência de reação do condutor";"Colisão com objeto";"Com Vítimas Feridas";"Plena Noite";"Decrescente";"Céu Claro";"Dupla";"Reta";"Sim";1;0;1;0;0;0;1;1;-24,45007963;-50,75906754;"SR-PR";"UOP02";"DEL03"
338592;2021-02-04;"quinta";"19:30:00";"SC";470;"56";"BLUMENAU";"Desrespeitar a preferência no cruzamento";"Colisão transversal";"Com Vítimas Feridas";"Anoitecer";"Crescente";"Céu Claro";"Simples";"Interseção de vias";"Sim";3;0;2;0;1;0;2;2;-26,87674;-49,127743;"SR-SC";"UOP01";"DEL04"
338593;2021-02-04;"quinta";"19:15:00";"BA";367;"83.8";"EUNAPOLIS";"Velocidade Incompatível";"Saída de leito carroçável";"Com Vítimas Feridas";"Plena Noite";"Crescente";"Céu Claro";"Simples";"Reta";"Sim";1;0;0;1;0;0;1;1;-16,37394;-39,575667;"SR-BA";"UOP01";"DEL09"
338594;2021-02-04;"quinta";"20:35:00";"RS";116;"151.4";"CAXIAS DO SUL";"Ingestão de álcool ou de substâncias psicoativas pelo pedestre";"Atropelamento de Pedestre";"Com Vítimas Feridas";"Plena Noite";"Decrescente";"Céu Claro";"Dupla";"Curva";"Sim";2;0;0;1;0;1;1;1;-29,17694502;-51,16173896;"SR-RS";"UOP01";"DEL05"
338595;2021-02-04;"quinta";"20:50:00";"RN";110;"37.7";"MOSSORO";"Manobra de mudança de faixa";"Saída de leito carroçável";"Com Vítimas Feridas";"Plena Noite";"Crescente";"Céu Claro";"Simples";"Reta";"Não";2;0;2;0;0;0;2;1;-5,16901854;-37,24433401;"SR-RN";"UOP01";"DEL04"
338596;2021-02-04;"quinta";"20:50:00";"PR";376;"170.8";"MARINGA";"Velocidade Incompatível";"Tombamento";"Com Vítimas Feridas";"Plena Noite";"Crescente";"Céu Claro";"Simples";"Rotatória";"Sim";2;0;0;1;1;0;1;1;-23,41595703;-51,97950402;"SR-PR";"UOP01";"DEL09"
338597;2021-02-04;"quinta";"20:50:00";"RJ";101;"408";"ITAGUAI";"Ausência de reação do condutor";"Colisão traseira";"Com Vítimas Feridas";"Plena Noite";"Crescente";"Céu Claro";"Dupla";"Reta";"Sim";2;0;0;1;1;0;1;2;-22,88087914;-43,82441392;"SR-RJ";"UOP04";"DEL01"
338599;2021-02-04;"quinta";"20:00:00";"MT";364;"290";"JACIARA";"Pista esburacada";"Saída de leito carroçável";"Com Vítimas Feridas";"Plena Noite";"Crescente";"Nublado";"Dupla";"Reta";"Não";1;0;1;0;0;0;1;1;-15,90475053;-55,09158825;"SR-MT";"UOP02";"DEL05"
338600;2021-02-04;"quinta";"21:00:00";"SP";116;"307";"SAO LOURENCO DA SERRA";"Iluminação deficiente";"Atropelamento de Pedestre";"Com Vítimas Feridas";"Plena Noite";"Crescente";"Céu Claro";"Dupla";"Reta";"Não";2;0;0;1;1;0;1;1;-23,85630016;-46,94096988;"SR-SP";"UOP01";"DEL04"
338601;2021-02-04;"quinta";"20:30:00";"PR";277;"96";"CURITIBA";"Desrespeitar a preferência no cruzamento";"Colisão transversal";"Sem Vítimas";"Plena Noite";"Decrescente";"Nublado";"Dupla";"Interseção de vias";"Sim";2;0;0;0;1;1;0;2;-25,43098928;-49,33389187;"SR-PR";"UOP01";"DEL01"
338602;2021-02-04;"quinta";"17:50:00";"MS";267;"40.1";"BATAGUASSU";"Velocidade Incompatível";"Colisão com objeto";"Sem Vítimas";"Anoitecer";"Crescente";"Chuva";"Simples";"Não Informado";"Não";2;0;0;0;2;0;0;1;-21,77764699;-52,50613502;"SR-MS";"UOP04";"DEL02"
338603;2021-02-04;"quinta";"20:00:00";"MT";163;"736";"SORRISO";"Ingestão de álcool pelo condutor";"Tombamento";"Sem Vítimas";"Plena Noite";"Decrescente";"Céu Claro";"Simples";"Reta";"Não";1;0;0;0;1;0;0;1;-12,78531298;-55,83736483;"SR-MT";"UOP01";"DEL06"
338604;2021-02-04;"quinta";"19:20:00";"RO";319;"59";"PORTO VELHO";"Desrespeitar a preferência no cruzamento";"Colisão traseira";"Com Vítimas Feridas";"Plena Noite";"Decrescente";"Céu Claro";"Dupla";"Não Informado";"Sim";4;0;1;0;2;1;1;2;-8,741521;-63,89836;"SR-RO";"UOP01";"DEL01"
338605;2021-02-04;"quinta";"13:20:00";"RJ";101;"144";"MACAE";"Velocidade Incompatível";"Tombamento";"Com Vítimas Feridas";"Pleno dia";"Crescente";"Céu Claro";"Simples";"Rotatória";"Não";1;0;1;0;0;0;1;1;-22,21328005;-41,75426573;"SR-RJ";"UOP04";"DEL08"
338606;2021-02-04;"quinta";"15:40:00";"RO";435;"62";"COLORADO DO OESTE";"Demais falhas mecânicas ou elétricas";"Colisão lateral";"Sem Vítimas";"Pleno dia";"Decrescente";"Garoa/Chuvisco";"Simples";"Reta";"Não";3;0;0;0;3;0;0;3;-13,0696202;-60,38731328;"SR-RO";"UOP02";"DEL04"
338607;2021-02-04;"quinta";"22:20:00";"GO";40;"2";"VALPARAISO DE GOIAS";"Reação tardia ou ineficiente do condutor";"Tombamento";"Com Vítimas Feridas";"Plena Noite";"Crescente";"Nublado";"Dupla";"Reta";"Sim";1;0;1;0;0;0;1;1;-16,067129;-47,984235;"SR-DF";"UOP01";"DEL01"
338608;2021-02-04;"quinta";"19:30:00";"MG";267;"139.6";"JUIZ DE FORA";"Obstrução na via";"Saída de leito carroçável";"Com Vítimas Feridas";"Plena Noite";"Crescente";"Garoa/Chuvisco";"Simples";"Ponte";"Não";2;0;0;1;1;0;1;1;-21,79755218;-43,68025194;"SR-MG";"UOP01";"DEL05"
338609;2021-02-04;"quinta";"20:50:00";"GO";60;"180.1";"ABADIA DE GOIAS";"Avarias e/ou desgaste excessivo no pneu";"Colisão lateral mesmo sentido";"Com Vítimas Feridas";"Plena Noite";"Decrescente";"Nublado";"Dupla";"Desvio Temporário";"Não";3;0;0;2;0;1;2;3;-16,7666;-49,4751;"SR-GO";"UOP02";"DEL01"
338610;2021-02-04;"quinta";"21:00:00";"SP";381;"87.5";"GUARULHOS";"Demais falhas mecânicas ou elétricas";"Incêndio";"Sem Vítimas";"Plena Noite";"Decrescente";"Céu Claro";"Múltipla";"Reta";"Sim";2;0;0;0;2;0;0;1;-23,46885001;-46,56996601;"SR-SP";"UOP01";"DEL03"
338611;2021-02-04;"quinta";"12:00:00";"PA";155;"271";"ELDORADO DO CARAJAS";"Condutor deixou de manter distância do veículo da frente";"Colisão traseira";"Sem Vítimas";"Pleno dia";"Decrescente";"Céu Claro";"Simples";"Reta";"Não";2;0;0;0;1;1;0;2;-5,97341309;-49,22814974;"SR-PA";"UOP01";"DEL03"
338612;2021-02-04;"quinta";"20:50:00";"SC";280;"128.2";"RIO NEGRINHO";"Acessar a via sem observar a presença dos outros veículos";"Colisão transversal";"Com Vítimas Feridas";"Plena Noite";"Crescente";"Nublado";"Simples";"Interseção de vias";"Sim";2;0;1;0;1;0;1;2;-26,24317941;-49,51320018;"SR-SC";"UOP03";"DEL06"
338613;2021-02-04;"quinta";"22:45:00";"ES";101;"308.3";"VIANA";"Acessar a via sem observar a presença dos outros veículos";"Atropelamento de Pedestre";"Com Vítimas Fatais";"Plena Noite";"Crescente";"Céu Claro";"Dupla";"Reta";"Sim";2;1;0;0;0;1;0;1;-20,40809191;-40,45835336;"SR-ES";"UOP01";"DEL01"
338614;2021-02-04;"quinta";"22:30:00";"BA";116;"615";"JAGUAQUARA";"Iluminação deficiente";"Colisão traseira";"Com Vítimas Feridas";"Plena Noite";"Decrescente";"Céu Claro";"Simples";"Reta";"Não";2;0;1;1;0;0;2;2;-13,321861;-40,01699509;"SR-BA";"UOP01";"DEL03"
338615;2021-02-04;"quinta";"23:10:00";"MG";251;"490.2";"FRANCISCO SA";"Ausência de reação do condutor";"Colisão traseira";"Com Vítimas Feridas";"Plena Noite";"Crescente";"Céu Claro";"Simples";"Reta";"Não";6;0;2;0;4;0;2;2;-16,53065068;-43,5834233;"SR-MG";"UOP01";"DEL12"
338616;2021-02-04;"quinta";"10:40:00";"SC";101;"298";"IMBITUBA";"Pedestre cruzava a pista fora da faixa";"Atropelamento de Pedestre";"Com Vítimas Feridas";"Pleno dia";"Crescente";"Céu Claro";"Simples";"Reta";"Não";2;0;0;1;1;0;1;1;-28,32102597;-48,72829906;"SR-SC";"UOP03";"DEL02"
338617;2021-02-04;"quinta";"23:40:00";"RS";158;"276";"JULIO DE CASTILHOS";"Condutor Dormindo";"Saída de leito carroçável";"Com Vítimas Feridas";"Plena Noite";"Crescente";"Céu Claro";"Simples";"Reta";"Não";1;0;1;0;0;0;1;1;-29,34313999;-53,67364987;"SR-RS";"UOP01";"DEL09"
338618;2021-02-04;"quinta";"22:45:00";"AP";210;"3";"MACAPA";"Acessar a via sem observar a presença dos outros veículos";"Atropelamento de Pedestre";"Com Vítimas Feridas";"Plena Noite";"Crescente";"Céu Claro";"Dupla";"Reta";"Sim";1;0;0;1;0;0;1;1;0,08723365;-51,08569007;"SR-AP";"UOP01";"DEL01"
338619;2021-02-04;"quinta";"22:40:00";"CE";116;"86.8";"CASCAVEL";"Ingestão de álcool pelo condutor";"Queda de ocupante de veículo";"Sem Vítimas";"Plena Noite";"Crescente";"Céu Claro";"Simples";"Reta";"Não";1;0;0;0;1;0;0;1;-4,43667971;-38,39141167;"SR-CE";"UOP02";"DEL03"
338620;2021-02-05;"sexta";"00:00:00";"MG";262;"359.5";"BETIM";"Condutor Dormindo";"Colisão traseira";"Com Vítimas Feridas";"Plena Noite";"Crescente";"Céu Claro";"Dupla";"Reta";"Não";2;0;1;0;0;1;1;2;-19,9798021;-44,25258636;"SR-MG";"UOP03";"DEL01"
338621;2021-02-04;"quinta";"23:30:00";"BA";116;"855";"VITORIA DA CONQUISTA";"Condutor deixou de manter distância do veículo da frente";"Colisão traseira";"Com Vítimas Feridas";"Plena Noite";"Crescente";"Nublado";"Simples";"Reta";"Não";1;0;1;0;0;0;1;1;-15,02658192;-40,95520409;"SR-BA";"UOP01";"DEL08"
338622;2021-02-05;"sexta";"00:10:00";"SP";116;"307";"SAO LOURENCO DA SERRA";"Velocidade Incompatível";"Saída de leito carroçável";"Sem Vítimas";"Plena Noite";"Crescente";"Céu Claro";"Dupla";"Reta";"Não";1;0;0;0;0;1;0;1;-23,85630016;-46,94096988;"SR-SP";"UOP01";"DEL04"
338623;2021-02-05;"sexta";"01:20:00";"MG";50;"98";"UBERLANDIA";"Ausência de reação do condutor";"Saída de leito carroçável";"Com Vítimas Feridas";"Plena Noite";"Decrescente";"Céu Claro";"Múltipla";"Reta";"Não";4;0;3;0;1;0;3;1;-19,11861301;-48,17588405;"SR-MG";"UOP01";"DEL15"
338624;2021-02-05;"sexta";"01:23:00";"PA";316;"74.8";"SAO FRANCISCO DO PARA";"Reação tardia ou ineficiente do condutor";"Saída de leito carroçável";"Com Vítimas Feridas";"Plena Noite";"Crescente";"Nevoeiro/Neblina";"Simples";"Reta";"Não";3;0;2;0;0;1;2;2;-1,29131621;-47,83082209;"SR-PA";"UOP01";"DEL01"
338625;2021-02-05;"sexta";"01:40:00";"RJ";40;"124";"DUQUE DE CAXIAS";"Transitar na contramão";"Colisão frontal";"Com Vítimas Feridas";"Plena Noite";"Crescente";"Céu Claro";"Múltipla";"Reta";"Sim";5;0;1;1;3;0;2;2;-22,80859454;-43,28893304;"SR-RJ";"UOP01";"DEL01"