"id";"data_inversa";"dia_semana";"horario";"uf";"br";"km";"municipio";"causa_acidente";"tipo_acidente";"classificacao_acidente";"fase_dia";"sentido_via";"condicao_metereologica";"tipo_pista";"tracado_via";"uso_solo";"pessoas";"mortos";"feridos_leves";"feridos_graves";"ilesos";"ignorados";"feridos";"veiculos";"latitude";"longitude";"regional";"delegacia";"uop"
338815;2021-02-05;"sexta";"21:15:00";"PR";376;"329";"ORTIGUEIRA";"Falta de elemento de contenção que evite a saída do leito carroçável";"Saída de leito carroçável";"Sem Vítimas";"Plena Noite";"Crescente";"Nublado";"Simples";"Não Informado";"Não";1;0;0;0;1;0;0;1;-24,11362815;-51,03158603;"SR-PR";"UAP01";"DEL07"
338816;2021-02-05;"sexta";"21:20:00";"BA";407;"2.2";"JUAZEIRO";"Desrespeitar a preferência no cruzamento";"Colisão lateral";"Sem Vítimas";"Plena Noite";"Decrescente";"Céu Claro";"Simples";"Rotatória";"Sim";2;0;0;0;1;1;0;2;-9,4250917;-40,50357694;"SR-PE";"UOP01";"DEL06"
338817;2021-02-05;"sexta";"22:30:00";"MG";381;"888.8";"CAMBUI";"Velocidade Incompatível";"Tombamento";"Com Vítimas Feridas";"Plena Noite";"Decrescente";"Nublado";"Dupla";"Curva";"Não";1;0;1;0;0;0;1;1;-22,53237734;-46,02815678;"SR-MG";"UOP03";"DEL16"
338820;2021-02-05;"sexta";"19:45:00";"PR";116;"1.6";"QUATRO BARRAS";"Condutor deixou de manter distância do veículo da frente";"Colisão lateral";"Com Vítimas Feridas";"Plena Noite";"Decrescente";"Nublado";"Dupla";"Reta";"Não";3;0;1;0;2;0;1;2;-25,3514;-49,0599;"SR-PR";"UOP02";"DEL01"
338821;2021-02-05;"sexta";"23:30:00";"PR";376;"175";"MARINGA";"Ingestão de álcool pelo condutor";"Tombamento";"Com Vítimas Feridas";"Plena Noite";"Decrescente";"Céu Claro";"Dupla";"Reta";"Sim";2;0;1;0;0;1;1;1;-23,41409;-51,94945;"SR-PR";"UOP01";"DEL09"
338822;2021-02-05;"sexta";"23:45:00";"PA";308;"151";"CAPANEMA";"Acessar a via sem observar a presença dos outros veículos";"Colisão frontal";"Com Vítimas Fatais";"Plena Noite";"Crescente";"Céu Claro";"Simples";"Reta";"Sim";2;1;0;1;0;0;1;2;-1,2069477;-47,17692375;"SR-PA";"UOP03";"DEL01"
338823;2021-02-05;"sexta";"22:00:00";"BA";242;"231";"ITABERABA";"Transitar na contramão";"Colisão frontal";"Com Vítimas Feridas";"Plena Noite";"Crescente";"Céu Claro";"Simples";"Desvio Temporário";"Sim";3;0;2;1;0;0;3;2;-12,51487091;-40,33051218;"SR-BA";"UOP02";"DEL06"
338824;2021-02-05;"sexta";"21:30:00";"MS";163;"609";"SAO GABRIEL DO OESTE";"Ausência de reação do condutor";"Tombamento";"Com Vítimas Feridas";"Plena Noite";"Crescente";"Céu Claro";"Simples";"Reta";"Não";2;0;2;0;0;0;2;1;-19,4409361;-54,53079011;"SR-MS";"UOP02";"DEL06"
338825;2021-02-05;"sexta";"18:30:00";"RJ";493;"1";"ITABORAI";"Acessar a via sem observar a presença dos outros veículos";"Colisão transversal";"Com Vítimas Feridas";"Anoitecer";"Crescente";"Chuva";"Múltipla";"Reta";"Sim";2;0;1;0;1;0;1;2;-22,76398788;-42,92731895;"SR-RJ";"UOP02";"DEL02"
338826;2021-02-05;"sexta";"20:20:00";"PB";101;"99.5";"CONDE";"Ausência de reação do condutor";"Saída de leito carroçável";"Sem Vítimas";"Plena Noite";"Crescente";"Céu Claro";"Dupla";"Retorno Regulamentado";"Não";1;0;0;0;0;1;0;1;-7,26129728;-34,93611574;"SR-PB";"UOP02";"DEL01"
338827;2021-02-06;"sábado";"00:15:00";"SP";116;"229";"SAO PAULO";"Reação tardia ou ineficiente do condutor";"Colisão traseira";"Sem Vítimas";"Plena Noite";"Decrescente";"Céu Claro";"Múltipla";"Reta";"Sim";3;0;0;0;3;0;0;2;-23,51291902;-46,57604698;"SR-SP";"UOP01";"DEL01"
338829;2021-02-05;"sexta";"22:55:00";"RJ";116;"243.8";"PIRAI";"Pista Escorregadia";"Colisão com objeto";"Sem Vítimas";"Plena Noite";"Crescente";"Garoa/Chuvisco";"Dupla";"Reta";"Não";1;0;0;0;1;0;0;1;-22,63023454;-43,91033921;"SR-RJ";"UOP01";"DEL07"
338830;2021-02-06;"sábado";"01:30:00";"RS";285;"417.4";"PANAMBI";"Ingestão de álcool ou de substâncias psicoativas pelo pedestre";"Colisão frontal";"Com Vítimas Feridas";"Plena Noite";"Decrescente";"Céu Claro";"Simples";"Reta";"Não";4;0;0;1;3;0;1;2;-28,347042;-53,521309;"SR-RS";"UOP01";"DEL10"
338831;2021-02-05;"sexta";"23:30:00";"RJ";116;"261";"BARRA MANSA";"Pista Escorregadia";"Colisão com objeto";"Sem Vítimas";"Plena Noite";"Crescente";"Chuva";"Dupla";"Não Informado";"Não";1;0;0;0;0;1;0;1;-22,58476877;-44,05026905;"SR-RJ";"UOP02";"DEL07"
338833;2021-02-06;"sábado";"01:20:00";"SC";101;"200.5";"SAO JOSE";"Demais falhas mecânicas ou elétricas";"Tombamento";"Com Vítimas Feridas";"Plena Noite";"Decrescente";"Céu Claro";"Múltipla";"Reta";"Sim";2;0;1;1;0;0;2;1;-27,54018513;-48,62287714;"SR-SC";"UOP01";"DEL01"
338834;2021-02-06;"sábado";"01:10:00";"SC";101;"134.1";"BALNEARIO CAMBORIU";"Ultrapassagem Indevida";"Colisão lateral";"Com Vítimas Feridas";"Plena Noite";"Crescente";"Nublado";"Simples";"Interseção de vias";"Sim";2;0;0;1;1;0;1;2;-27,00218;-48,636433;"SR-SC";"UOP03";"DEL04"
338835;2021-02-06;"sábado";"02:00:00";"MG";381;"913";"CAMANDUCAIA";"Velocidade Incompatível";"Capotamento";"Com Vítimas Feridas";"Plena Noite";"Decrescente";"Chuva";"Dupla";"Curva";"Não";1;0;0;1;0;0;1;1;-22,75390001;-46,146503;"SR-MG";"UOP03";"DEL16"
338837;2021-02-06;"sábado";"02:40:00";"GO";40;"4.9";"VALPARAISO DE GOIAS";"Avarias e/ou desgaste excessivo no pneu";"Saída de leito carroçável";"Sem Vítimas";"Plena Noite";"Decrescente";"Garoa/Chuvisco";"Dupla";"Reta";"Sim";1;0;0;0;0;1;0;1;-16,085241;-47,986752;"SR-DF";"UOP01";"DEL01"
338838;2021-02-06;"sábado";"02:20:00";"RN";304;"231.7";"CAICARA DO RIO DO VENTO";"Acostamento em desnível";"Tombamento";"Sem Vítimas";"Plena Noite";"Crescente";"Céu Claro";"Simples";"Não Informado";"Não";1;0;0;0;1;0;0;1;-5,7525176674;-35,8962759089;"SR-RN";"UOP02";"DEL01"
338840;2021-02-06;"sábado";"01:00:00";"PR";376;"600";"CURITIBA";"Ingestão de álcool pelo condutor";"Capotamento";"Com Vítimas Feridas";"Plena Noite";"Decrescente";"Nublado";"Dupla";"Reta";"Não";1;0;1;0;0;0;1;1;-25,53195602;-49,32205901;"SR-PR";"UOP01";"DEL01"
338841;2021-02-05;"sexta";"20:05:00";"RS";287;"524";"SAO BORJA";"Velocidade Incompatível";"Saída de leito carroçável";"Com Vítimas Feridas";"Plena Noite";"Decrescente";"Céu Claro";"Simples";"Curva";"Não";1;0;0;1;0;0;1;1;-28,6951155;-55,87902614;"SR-RS";"UOP01";"DEL12"
338842;2021-02-06;"sábado";"01:00:00";"ES";101;"324.4";"GUARAPARI";"Reação tardia ou ineficiente do condutor";"Colisão traseira";"Com Vítimas Feridas";"Plena Noite";"Decrescente";"Chuva";"Dupla";"Não Informado";"Não";3;0;1;1;1;0;2;2;-20,54592303;-40,48155635;"SR-ES";"UOP01";"DEL03"
338843;2021-02-05;"sexta";"07:20:00";"PI";316;"42.6";"LAGOA DO PIAUI";"Manobra de mudança de faixa";"Colisão transversal";"Com Vítimas Feridas";"Pleno dia";"Crescente";"Sol";"Simples";"Reta";"Não";2;0;1;0;1;0;1;2;-5,42119898;-42,63987064;"SR-PI";"UOP02";"DEL01"
338845;2021-02-06;"sábado";"03:50:00";"PE";116;"26";"SALGUEIRO";"Problema com o freio";"Saída de leito carroçável";"Com Vítimas Feridas";"Plena Noite";"Crescente";"Céu Claro";"Simples";"Reta";"Sim";1;0;0;1;0;0;1;1;-8,069921;-39,13364;"SR-PE";"UOP01";"DEL05"
338846;2021-02-06;"sábado";"02:45:00";"MA";135;"3";"SAO LUIS";"Pista Escorregadia";"Colisão traseira";"Sem Vítimas";"Amanhecer";"Decrescente";"Nublado";"Dupla";"Desvio Temporário";"Sim";2;0;0;0;0;2;0;2;-2,65029025;-44,30619132;"SR-MA";"UOP01";"DEL01"
338847;2021-02-06;"sábado";"03:50:00";"RS";386;"44.7";"SEBERI";"Ingestão de álcool pelo condutor";"Saída de leito carroçável";"Com Vítimas Feridas";"Plena Noite";"Decrescente";"Céu Claro";"Simples";"Curva";"Não";2;0;2;0;0;0;2;1;-27,439693;-53,417526;"SR-RS";"UOP02";"DEL08"
338848;2021-02-06;"sábado";"03:15:00";"SC";470;"237.9";"SAO CRISTOVAO DO SUL";"Ingestão de álcool pelo condutor";"Colisão frontal";"Com Vítimas Feridas";"Plena Noite";"Decrescente";"Céu Claro";"Simples";"Curva";"Não";2;0;0;1;1;0;1;2;-27,30352826;-50,45230865;"SR-SC";"UOP03";"DEL05"
338849;2021-02-05;"sexta";"20:00:00";"MG";365;"332.9";"SAO GONCALO DO ABAETE";"Chuva";"Colisão frontal";"Com Vítimas Fatais";"Plena Noite";"Crescente";"Chuva";"Simples";"Curva";"Não";2;1;0;0;1;0;0;2;-18,29517199;-45,937137;"SR-MG";"UOP01";"DEL10"
338850;2021-02-06;"sábado";"05:00:00";"PR";376;"182";"MARINGA";"Ingestão de álcool pelo condutor";"Saída de leito carroçável";"Com Vítimas Feridas";"Amanhecer";"Crescente";"Céu Claro";"Dupla";"Rotatória";"Sim";2;0;1;0;1;0;1;1;-23,43174904;-51,88842773;"SR-PR";"UOP01";"DEL09"
338851;2021-02-06;"sábado";"02:30:00";"MG";381;"482";"BETIM";"Ausência de reação do condutor";"Capotamento";"Sem Vítimas";"Plena Noite";"Crescente";"Nublado";"Múltipla";"Reta";"Sim";1;0;0;0;1;0;0;1;-19,95818245;-44,07852173;"SR-MG";"UOP03";"DEL01"
338852;2021-02-06;"sábado";"04:50:00";"RS";392;"324.4";"SAO SEPE";"Reação tardia ou ineficiente do condutor";"Saída de leito carroçável";"Sem Vítimas";"Amanhecer";"Decrescente";"Céu Claro";"Simples";"Reta";"Não";1;0;0;0;1;0;0;1;-29,95850402;-53,697052;"SR-RS";"UOP01";"DEL09"
338853;2021-02-05;"sexta";"12:15:00";"MG";365;"8.1";"MONTES CLAROS";"Chuva";"Saída de leito carroçável";"Com Vítimas Feridas";"Pleno dia";"Crescente";"Chuva";"Simples";"Curva";"Não";1;0;1;0;0;0;1;1;-16,78382;-43,890787;"SR-MG";"UOP01";"DEL12"
338854;2021-02-05;"sexta";"14:40:00";"MG";365;"113.4";"JEQUITAI";"Velocidade Incompatível";"Saída de leito carroçável";"Sem Vítimas";"Pleno dia";"Decrescente";"Garoa/Chuvisco";"Simples";"Reta";"Não";1;0;0;0;1;0;0;1;-17,19467699;-44,642142;"SR-MG";"UOP01";"DEL12"
338855;2021-02-06;"sábado";"01:00:00";"SP";116;"217";"GUARULHOS";"Ausência de reação do condutor";"Colisão traseira";"Sem Vítimas";"Plena Noite";"Decrescente";"Nublado";"Dupla";"Reta";"Não";2;0;0;0;0;2;0;2;-23,45423824;-46,47119028;"SR-SP";"UOP01";"DEL01"
338856;2021-02-06;"sábado";"05:10:00";"DF";70;"9";"BRASILIA";"Acessar a via sem observar a presença dos outros veículos";"Colisão transversal";"Com Vítimas Feridas";"Amanhecer";"Decrescente";"Chuva";"Dupla";"Interseção de vias";"Sim";2;0;1;0;1;0;1;2;-15,784615;-48,132023;"SR-DF";"UOP03";"DEL01"
338857;2021-02-06;"sábado";"06:10:00";"GO";452;"55";"RIO VERDE";"Condutor Dormindo";"Colisão lateral";"Com Vítimas Feridas";"Amanhecer";"Crescente";"Céu Claro";"Simples";"Reta";"Não";3;0;0;1;2;0;1;2;-17,98329165;-50,43329182;"SR-GO";"UOP01";"DEL04"
338858;2021-02-06;"sábado";"05:50:00";"MG";40;"517.9";"RIBEIRAO DAS NEVES";"Ausência de reação do condutor";"Queda de ocupante de veículo";"Com Vítimas Feridas";"Pleno dia";"Crescente";"Chuva";"Dupla";"Reta";"Sim";1;0;1;0;0;0;1;1;-19,82351202;-44,08438913;"SR-MG";"UOP02";"DEL01"
338860;2021-02-06;"sábado";"04:30:00";"MS";163;"693";"RIO VERDE DE MATO GROSSO";"Reação tardia ou ineficiente do condutor";"Colisão traseira";"Com Vítimas Feridas";"Plena Noite";"Crescente";"Céu Claro";"Dupla";"Reta";"Não";3;0;0;1;2;0;1;2;-18,81754505;-54,81850716;"SR-MS";"UOP01";"DEL06"
338861;2021-01-01;"sexta";"02:50:00";"RO";364;"655";"CANDEIAS DO JAMARI";"Transitar na contramão";"Colisão frontal";"Com Vítimas Feridas";"Plena Noite";"Crescente";"Céu Claro";"Simples";"Reta";"Não";8;0;1;1;6;0;2;2;-8,87652904;-63,44177521;"SR-RO";"UOP01";"DEL01"
338862;2021-02-06;"sábado";"06:45:00";"GO";70;"1";"AGUAS LINDAS DE GOIAS";"Pista Escorregadia";"Saída de leito carroçável";"Com Vítimas Feridas";"Pleno dia";"Decrescente";"Chuva";"Dupla";"Curva";"Não";2;0;1;0;1;0;1;1;-15,77579351;-48,23259001;"SR-DF";"UOP03";"DEL01"
338863;2021-02-06;"sábado";"02:00:00";"SP";381;"90";"SAO PAULO";"Ausência de reação do condutor";"Capotamento";"Sem Vítimas";"Pleno dia";"Crescente";"Céu Claro";"Dupla";"Reta";"Não";1;0;0;0;0;1;0;1;-23,49479479;-46,55959864;"SR-SP";"UOP01";"DEL03"
338864;2021-02-06;"sábado";"07:00:00";"PB";230;"22";"JOAO PESSOA";"Trafegar com motocicleta (ou similar) entre as faixas";"Queda de ocupante de veículo";"Com Vítimas Feridas";"Pleno dia";"Decrescente";"Céu Claro";"Dupla";"Reta";"Sim";1;0;1;0;0;0;1;1;-7,1495;-34,8517;"SR-PB";"UOP01";"DEL01"
338865;2021-02-06;"sábado";"07:15:00";"SP";116;"223.6";"GUARULHOS";"Velocidade Incompatível";"Colisão com objeto";"Com Vítimas Feridas";"Pleno dia";"Decrescente";"Céu Claro";"Múltipla";"Reta";"Sim";1;0;0;1;0;0;1;1;-23,47559815;-46,5246609;"SR-SP";"UOP01";"DEL01"
338866;2021-02-06;"sábado";"05:50:00";"BA";116;"784.1";"PLANALTO";"Condutor Dormindo";"Capotamento";"Com Vítimas Feridas";"Amanhecer";"Crescente";"Nublado";"Simples";"Reta";"Não";5;0;5;0;0;0;5;1;-14,66603297;-40,46399803;"SR-BA";"UOP02";"DEL08"
338867;2021-02-05;"sexta";"15:05:00";"MT";158;"673.7";"NOVA XAVANTINA";"Reação tardia ou ineficiente do condutor";"Colisão traseira";"Com Vítimas Feridas";"Plena Noite";"Crescente";"Céu Claro";"Simples";"Não Informado";"Não";3;0;1;0;2;0;1;3;-14,8274791;-52,29820424;"SR-MT";"UOP01";"DEL07"
338868;2021-02-06;"sábado";"05:40:00";"SC";280;"84";"CORUPA";"Acumulo de areia ou detritos sobre o pavimento";"Queda de ocupante de veículo";"Com Vítimas Feridas";"Amanhecer";"Decrescente";"Céu Claro";"Simples";"Não Informado";"Não";1;0;0;1;0;0;1;1;-26,43589072;-49,24351466;"SR-SC";"UOP03";"DEL06"
338869;2021-02-06;"sábado";"06:30:00";"MS";419;"295.6";"NIOAQUE";"Acesso irregular";"Colisão traseira";"Sem Vítimas";"Pleno dia";"Decrescente";"Céu Claro";"Simples";"Reta";"Não";4;0;0;0;4;0;0;2;-20,8865792;-55,84602402;"SR-MS";"UOP01";"DEL03"
338870;2021-02-06;"sábado";"06:40:00";"MS";163;"456";"CAMPO GRANDE";"Ultrapassagem Indevida";"Colisão frontal";"Com Vítimas Fatais";"Pleno dia";"Crescente";"Céu Claro";"Simples";"Reta";"Sim";4;1;2;0;0;1;2;2;-20,67271305;-54,55795016;"SR-MS";"UOP01";"DEL01"
338871;2021-02-06;"sábado";"07:05:00";"RS";392;"12.1";"RIO GRANDE";"Demais Fenômenos da natureza";"Colisão traseira";"Com Vítimas Feridas";"Pleno dia";"Decrescente";"Céu Claro";"Dupla";"Reta";"Não";3;0;1;0;2;0;1;2;-32,12601434;-52,13875392;"SR-RS";"UOP02";"DEL07"
338872;2021-02-06;"sábado";"07:10:00";"CE";116;"23";"ITAITINGA";"Ausência de reação do condutor";"Colisão traseira";"Com Vítimas Feridas";"Pleno dia";"Decrescente";"Céu Claro";"Múltipla";"Reta";"Não";3;0;1;0;1;1;1;2;-3,94905489;-38,51212845;"SR-CE";"UOP02";"DEL01"
338873;2021-02-06;"sábado";"06:30:00";"SC";101;"104.6";"BALNEARIO PICARRAS";"Acumulo de água sobre o pavimento";"Tombamento";"Com Vítimas Feridas";"Amanhecer";"Crescente";"Céu Claro";"Simples";"Viaduto";"Não";1;0;1;0;0;0;1;1;-26,79281742;-48,68080819;"SR-SC";"UOP02";"DEL03"
338874;2021-02-06;"sábado";"05:20:00";"RS";386;"22.5";"FREDERICO WESTPHALEN";"Condutor Dormindo";"Colisão frontal";"Com Vítimas Fatais";"Amanhecer";"Crescente";"Céu Claro";"Simples";"Não Informado";"Não";3;1;2;0;0;0;2;2;-27,275194;-53,353176;"SR-RS";"UOP02";"DEL08"
338875;2021-02-06;"sábado";"06:00:00";"GO";364;"9.3";"SAO SIMAO";"Ausência de reação do condutor";"Saída de leito carroçável";"Com Vítimas Feridas";"Amanhecer";"Decrescente";"Nublado";"Dupla";"Reta";"Sim";1;0;1;0;0;0;1;1;-18,99785;-50,563488;"SR-GO";"UOP02";"DEL05"
338876;2021-02-06;"sábado";"07:00:00";"ES";101;"18.3";"PEDRO CANARIO";"Velocidade Incompatível";"Tombamento";"Com Vítimas Feridas";"Pleno dia";"Decrescente";"Nublado";"Simples";"Curva";"Não";1;0;0;1;0;0;1;1;-18,31320539;-39,95347307;"SR-ES";"UOP02";"DEL04"
338877;2021-02-05;"sexta";"14:00:00";"MG";381;"316";"NOVA ERA";"Velocidade Incompatível";"Saída de leito carroçável";"Com Vítimas Feridas";"Pleno dia";"Decrescente";"Chuva";"Simples";"Não Informado";"Não";1;0;1;0;0;0;1;1;-19,67556524;-42,97920227;"SR-MG";"UOP02";"DEL03"
338878;2021-02-06;"sábado";"08:10:00";"GO";414;"435";"ANAPOLIS";"Acumulo de água sobre o pavimento";"Saída de leito carroçável";"Com Vítimas Feridas";"Pleno dia";"Crescente";"Chuva";"Simples";"Reta";"Sim";1;0;1;0;0;0;1;1;-16,24594;-48,93446196;"SR-GO";"UOP01";"DEL02"
338879;2021-02-06;"sábado";"07:10:00";"RN";101;"82";"SAO GONCALO DO AMARANTE";"Reação tardia ou ineficiente do condutor";"Colisão traseira";"Com Vítimas Feridas";"Pleno dia";"Crescente";"Céu Claro";"Dupla";"Reta";"Sim";2;0;1;0;1;0;1;2;-5,76791511;-35,27456305;"SR-RN";"UOP01";"DEL02"
338880;2021-02-06;"sábado";"07:00:00";"GO";153;"513";"APARECIDA DE GOIANIA";"Condutor deixou de manter distância do veículo da frente";"Engavetamento";"Com Vítimas Feridas";"Pleno dia";"Crescente";"Chuva";"Dupla";"Reta";"Sim";3;0;1;0;1;1;1;3;-16,8244;-49,2421;"SR-GO";"UOP03";"DEL01"
338881;2021-02-06;"sábado";"07:30:00";"SC";280;"32";"ARAQUARI";"Condutor deixou de manter distância do veículo da frente";"Colisão traseira";"Sem Vítimas";"Pleno dia";"Decrescente";"Céu Claro";"Simples";"Reta";"Não";3;0;0;0;3;0;0;3;-26,422658;-48,7882008;"SR-SC";"UOP03";"DEL03"
338884;2021-02-06;"sábado";"06:30:00";"SC";282;"233.2";"LAGES";"Ingestão de álcool pelo condutor";"Saída de leito carroçável";"Com Vítimas Feridas";"Amanhecer";"Crescente";"Céu Claro";"Simples";"Curva";"Não";3;0;1;0;2;0;1;1;-27,786306;-50,455296;"SR-SC";"UOP02";"DEL05"
338885;2021-02-06;"sábado";"08:30:00";"SC";116;"147";"SANTA CECILIA";"Transitar na contramão";"Colisão lateral sentido oposto";"Sem Vítimas";"Pleno dia";"Decrescente";"Céu Claro";"Simples";"Curva";"Não";2;0;0;0;2;0;0;2;-27,01897725;-50,42319774;"SR-SC";"UOP02";"DEL06"
338886;2021-02-06;"sábado";"08:05:00";"MG";40;"352.1";"FELIXLANDIA";"Acessar a via sem observar a presença dos outros veículos";"Colisão transversal";"Com Vítimas Feridas";"Pleno dia";"Decrescente";"Céu Claro";"Simples";"Reta";"Não";2;0;1;0;1;0;1;2;-18,72830582;-44,92054099;"SR-MG";"UOP01";"DEL02"
338888;2021-02-06;"sábado";"08:50:00";"SE";101;"19.6";"SAO FRANCISCO";"Desvio temporário";"Tombamento";"Com Vítimas Feridas";"Pleno dia";"Decrescente";"Céu Claro";"Dupla";"Reta";"Não";1;0;0;1;0;0;1;1;-10,35365721;-36,90338472;"SR-SE";"UOP02";"DEL02"
338889;2021-02-05;"sexta";"20:16:00";"MG";381;"671";"PERDOES";"Acumulo de óleo sobre o pavimento";"Tombamento";"Com Vítimas Feridas";"Plena Noite";"Crescente";"Nublado";"Dupla";"Reta";"Não";1;0;1;0;0;0;1;1;-21,08945416;-45,06864195;"SR-MG";"UOP02";"DEL04"
338891;2021-02-06;"sábado";"07:40:00";"RJ";40;"123";"DUQUE DE CAXIAS";"Manobra de mudança de faixa";"Colisão lateral";"Com Vítimas Feridas";"Pleno dia";"Decrescente";"Nublado";"Múltipla";"Reta";"Sim";2;0;1;0;0;1;1;2;-22,79907687;-43,29015739;"SR-RJ";"UOP01";"DEL01"
338892;2021-02-06;"sábado";"09:15:00";"SP";153;"73";"SAO JOSE DO RIO PRETO";"Ausência de reação do condutor";"Colisão traseira";"Com Vítimas Feridas";"Pleno dia";"Decrescente";"Céu Claro";"Dupla";"Não Informado";"Não";3;0;3;0;0;0;3;2;-20,87627206;-49,42004692;"SR-SP";"UOP01";"DEL09"
338893;2021-02-06;"sábado";"09:45:00";"MG";381;"451";"SABARA";"Ausência de reação do condutor";"Engavetamento";"Com Vítimas Feridas";"Pleno dia";"Decrescente";"Nublado";"Simples";"Não Informado";"Sim";4;0;1;0;3;0;1;3;-19,8333377;-43,84710073;"SR-MG";"UOP01";"DEL01"
338894;2021-02-06;"sábado";"08:40:00";"RO";364;"708";"PORTO VELHO";"Ausência de reação do condutor";"Tombamento";"Com Vítimas Feridas";"Pleno dia";"Crescente";"Céu Claro";"Dupla";"Reta";"Sim";1;0;1;0;0;0;1;1;-8,79554083;-63,84072487;"SR-RO";"UOP01";"DEL01"
338895;2021-02-06;"sábado";"05:30:00";"PR";153;"351";"REBOUCAS";"Transitar na contramão";"Colisão frontal";"Com Vítimas Feridas";"Amanhecer";"Decrescente";"Céu Claro";"Simples";"Reta";"Não";3;0;1;0;2;0;1;2;-25,617372;-50,703029;"SR-PR";"UOP03";"DEL03"
338896;2021-02-06;"sábado";"10:00:00";"SP";153;"261.4";"MARILIA";"Ingestão de álcool pelo condutor";"Colisão lateral sentido oposto";"Com Vítimas Feridas";"Pleno dia";"Decrescente";"Céu Claro";"Simples";"Reta";"Não";2;0;1;0;1;0;1;2;-22,27474603;-49,92126208;"SR-SP";"UOP02";"DEL07"
338897;2021-02-06;"sábado";"09:25:00";"GO";60;"186.8";"GUAPO";"Acumulo de água sobre o pavimento";"Saída de leito carroçável";"Sem Vítimas";"Pleno dia";"Crescente";"Chuva";"Dupla";"Reta";"Não";1;0;0;0;1;0;0;1;-16,8176152;-49,53147411;"SR-GO";"UOP02";"DEL01"
338898;2021-02-06;"sábado";"09:30:00";"MG";365;"7.5";"MONTES CLAROS";"Velocidade Incompatível";"Colisão com objeto";"Com Vítimas Feridas";"Pleno dia";"Crescente";"Chuva";"Simples";"Curva";"Não";3;0;1;1;1;0;2;2;-16,82885665;-43,92602929;"SR-MG";"UOP01";"DEL12"
338899;2021-02-06;"sábado";"10:25:00";"MG";381;"341";"JOAO MONLEVADE";"Condutor Dormindo";"Saída de leito carroçável";"Com Vítimas Feridas";"Pleno dia";"Crescente";"Sol";"Simples";"Não Informado";"Não";1;0;0;1;0;0;1;1;-19,84403064;-43,10352396;"SR-MG";"UOP01";"DEL03"
338900;2021-02-05;"sexta";"22:30:00";"PA";163;"878";"BELTERRA";"Carga excessiva e/ou mal acondicionada";"Tombamento";"Com Vítimas Feridas";"Plena Noite";"Crescente";"Ignorado";"Simples";"Curva";"Não";1;0;1;0;0;0;1;1;-3,41643833;-54,91438866;"SR-PA";"UOP01";"DEL05"
338901;2021-02-06;"sábado";"07:30:00";"MG";251;"444.5";"GRAO MOGOL";"Velocidade Incompatível";"Saída de leito carroçável";"Com Vítimas Feridas";"Pleno dia";"Crescente";"Chuva";"Simples";"Curva";"Não";3;0;2;0;1;0;2;1;-16,4185062;-43,26071281;"SR-MG";"UOP01";"DEL12"
338902;2021-02-06;"sábado";"10:05:00";"RJ";116;"131";"MAGE";"Condutor Dormindo";"Saída de leito carroçável";"Com Vítimas Feridas";"Pleno dia";"Decrescente";"Nublado";"Dupla";"Reta";"Não";1;0;1;0;0;0;1;1;-22,6594579;-43,0910224;"SR-RJ";"UOP04";"DEL02"
338903;2021-02-06;"sábado";"10:45:00";"SP";381;"50";"ATIBAIA";"Condutor deixou de manter distância do veículo da frente";"Colisão traseira";"Sem Vítimas";"Pleno dia";"Decrescente";"Sol";"Dupla";"Reta";"Não";2;0;0;0;2;0;0;2;-23,21359807;-46,59367981;"SR-SP";"UOP01";"DEL03"
338906;2021-02-06;"sábado";"07:30:00";"SP";116;"467";"JACUPIRANGA";"Reação tardia ou ineficiente do condutor";"Colisão traseira";"Com Vítimas Feridas";"Pleno dia";"Crescente";"Sol";"Dupla";"Reta";"Não";5;0;1;0;4;0;1;2;-24,64935089;-47,93124902;"SR-SP";"UOP01";"DEL05"
338907;2021-02-06;"sábado";"10:35:00";"SC";101;"134";"BALNEARIO CAMBORIU";"Trafegar com motocicleta (ou similar) entre as faixas";"Queda de ocupante de veículo";"Com Vítimas Feridas";"Pleno dia";"Crescente";"Sol";"Múltipla";"Reta";"Sim";1;0;1;0;0;0;1;1;-27,00218;-48,636433;"SR-SC";"UOP03";"DEL04"
338908;2021-02-06;"sábado";"10:55:00";"RS";290;"97";"PORTO ALEGRE";"Reação tardia ou ineficiente do condutor";"Colisão traseira";"Com Vítimas Feridas";"Pleno dia";"Decrescente";"Céu Claro";"Dupla";"Ponte";"Sim";2;0;2;0;0;0;2;2;-29,997789;-51,20779;"SR-RS";"UOP01";"DEL01"
338909;2021-02-06;"sábado";"08:02:00";"SP";116;"467";"JACUPIRANGA";"Velocidade Incompatível";"Queda de ocupante de veículo";"Com Vítimas Feridas";"Pleno dia";"Crescente";"Sol";"Dupla";"Reta";"Não";1;0;0;1;0;0;1;1;-24,64935089;-47,93124902;"SR-SP";"UOP01";"DEL05"
338910;2021-02-06;"sábado";"09:55:00";"MS";163;"455.4";"CAMPO GRANDE";"Acessar a via sem observar a presença dos outros veículos";"Colisão transversal";"Com Vítimas Feridas";"Pleno dia";"Crescente";"Céu Claro";"Simples";"Reta";"Não";3;0;1;0;2;0;1;2;-20,68134897;-54,55509188;"SR-MS";"UOP01";"DEL01"
338911;2021-02-04;"quinta";"17:00:00";"MG";381;"582";"CARMOPOLIS DE MINAS";"Entrada inopinada do pedestre";"Atropelamento de Pedestre";"Com Vítimas Feridas";"Pleno dia";"Crescente";"Céu Claro";"Dupla";"Reta";"Não";2;0;1;0;1;0;1;1;-20,51930642;-44,62405985;"SR-MG";"UOP01";"DEL04"