"id";"data_inversa";"dia_semana";"horario";"uf";"br";"km";"municipio";"causa_acidente";"tipo_acidente";"classificacao_acidente";"fase_dia";"sentido_via";"condicao_metereologica";"tipo_pista";"tracado_via";"uso_solo";"pessoas";"mortos";"feridos_leves";"feridos_graves";"ilesos";"ignorados";"feridos";"veiculos";"latitude";"longitude";"regional";"delegacia";"uop"
338912;2021-02-06;"sábado";"11:30:00";"PE";101;"77";"RECIFE";"Acessar a via sem observar a presença dos outros veículos";"Colisão lateral";"Sem Vítimas";"Pleno dia";"Crescente";"Sol";"Dupla";"Reta";"Sim";2;0;0;0;0;2;0;2;-8,131408;-34,945559;"SR-PE";"UOP01";"DEL01"
338913;2021-02-06;"sábado";"11:20:00";"RS";116;"253";"SAPUCAIA DO SUL";"Ausência de reação do condutor";"Colisão traseira";"Com Vítimas Feridas";"Pleno dia";"Decrescente";"Céu Claro";"Dupla";"Reta";"Sim";3;0;1;0;2;0;1;3;-29,81353089;-51,16865158;"SR-RS";"UOP02";"DEL01"
338914;2021-02-06;"sábado";"09:10:00";"RJ";40;"91";"PETROPOLIS";"Velocidade Incompatível";"Saída de leito carroçável";"Com Vítimas Feridas";"Pleno dia";"Crescente";"Chuva";"Simples";"Não Informado";"Não";2;0;1;0;1;0;1;1;-22,54903566;-43,24229724;"SR-RJ";"UOP03";"DEL06"
338915;2021-02-06;"sábado";"11:30:00";"PB";101;"71.7";"SANTA RITA";"Ultrapassagem Indevida";"Saída de leito carroçável";"Com Vítimas Feridas";"Pleno dia";"Crescente";"Sol";"Dupla";"Não Informado";"Não";4;0;1;0;3;0;1;2;-7,06838278;-35,0033079;"SR-PB";"UOP04";"DEL01"
338916;2021-02-06;"sábado";"11:55:00";"DF";20;"17.7";"BRASILIA";"Pista Escorregadia";"Saída de leito carroçável";"Sem Vítimas";"Pleno dia";"Crescente";"Chuva";"Dupla";"Não Informado";"Não";1;0;0;0;1;0;0;1;-15,621374;-47,71698;"SR-DF";"UOP01";"DEL02"
338917;2021-02-06;"sábado";"10:00:00";"BA";135;"238";"SAO DESIDERIO";"Acessar a via sem observar a presença dos outros veículos";"Colisão transversal";"Com Vítimas Feridas";"Pleno dia";"Crescente";"Céu Claro";"Simples";"Reta";"Não";2;0;0;1;1;0;1;2;-12,46502582;-44,75583076;"SR-BA";"UOP01";"DEL10"
338919;2021-02-06;"sábado";"12:00:00";"ES";262;"6";"CARIACICA";"Reação tardia ou ineficiente do condutor";"Colisão transversal";"Com Vítimas Feridas";"Pleno dia";"Crescente";"Nublado";"Múltipla";"Interseção de vias";"Sim";3;0;1;0;2;0;1;2;-20,34007493;-40,39451305;"SR-ES";"UOP01";"DEL01"
338920;2021-02-06;"sábado";"12:15:00";"PR";376;"672";"GUARATUBA";"Velocidade Incompatível";"Colisão lateral";"Com Vítimas Feridas";"Pleno dia";"Crescente";"Céu Claro";"Dupla";"Reta";"Não";3;0;1;0;2;0;1;3;-25,89358488;-48,93146782;"SR-PR";"UOP04";"DEL01"
338921;2021-02-06;"sábado";"12:00:00";"MG";381;"334";"NOVA ERA";"Velocidade Incompatível";"Saída de leito carroçável";"Com Vítimas Feridas";"Pleno dia";"Crescente";"Céu Claro";"Simples";"Curva";"Não";1;0;1;0;0;0;1;1;-19,81025584;-43,06303471;"SR-MG";"UOP01";"DEL03"
338922;2021-02-06;"sábado";"12:25:00";"CE";116;"20";"EUSEBIO";"Ingestão de álcool e/ou substâncias psicoativas pelo pedestre";"Atropelamento de Pedestre";"Com Vítimas Feridas";"Pleno dia";"Crescente";"Céu Claro";"Dupla";"Reta";"Sim";3;0;0;1;2;0;1;1;-3,92277497;-38,50762327;"SR-CE";"UOP02";"DEL01"
338923;2021-02-06;"sábado";"12:26:00";"MG";262;"370";"JUATUBA";"Acessar a via sem observar a presença dos outros veículos";"Atropelamento de Pedestre";"Com Vítimas Fatais";"Pleno dia";"Decrescente";"Nublado";"Dupla";"Reta";"Sim";2;1;1;0;0;0;1;1;-19,96116743;-44,33620691;"SR-MG";"UOP03";"DEL01"
338924;2021-02-06;"sábado";"11:35:00";"RS";472;"164.6";"SANTA ROSA";"Reação tardia ou ineficiente do condutor";"Saída de leito carroçável";"Com Vítimas Feridas";"Pleno dia";"Decrescente";"Céu Claro";"Simples";"Não Informado";"Não";1;0;1;0;0;0;1;1;-27,88836939;-54,45486188;"SR-RS";"UOP01";"DEL10"
338925;2021-02-06;"sábado";"11:45:00";"MT";364;"223";"RONDONOPOLIS";"Avarias e/ou desgaste excessivo no pneu";"Colisão com objeto";"Com Vítimas Feridas";"Pleno dia";"Crescente";"Nublado";"Dupla";"Reta";"Não";1;0;1;0;0;0;1;1;-16,32388;-54,751218;"SR-MT";"UOP01";"DEL02"
338926;2021-02-06;"sábado";"10:30:00";"MG";365;"640";"UBERLANDIA";"Retorno proibido";"Colisão transversal";"Com Vítimas Feridas";"Pleno dia";"Crescente";"Sol";"Dupla";"Não Informado";"Não";4;0;2;1;1;0;3;3;-18,88535924;-48,46544904;"SR-MG";"UOP01";"DEL15"
338928;2021-02-06;"sábado";"13:10:00";"PE";101;"178.7";"AGUA PRETA";"Reação tardia ou ineficiente do condutor";"Colisão com objeto";"Com Vítimas Feridas";"Pleno dia";"Crescente";"Sol";"Dupla";"Curva";"Não";2;0;2;0;0;0;2;1;-8,62108477;-35,55116105;"SR-PE";"UOP03";"DEL01"
338929;2021-02-06;"sábado";"12:40:00";"RJ";101;"295";"ITABORAI";"Pedestre cruzava a pista fora da faixa";"Atropelamento de Pedestre";"Com Vítimas Feridas";"Pleno dia";"Crescente";"Chuva";"Dupla";"Reta";"Sim";2;0;1;0;0;1;1;1;-22,7584434;-42,89502344;"SR-RJ";"UOP02";"DEL02"
338931;2021-02-06;"sábado";"11:45:00";"SP";116;"157";"SAO JOSE DOS CAMPOS";"Condutor deixou de manter distância do veículo da frente";"Colisão traseira";"Com Vítimas Feridas";"Pleno dia";"Decrescente";"Sol";"Dupla";"Não Informado";"Sim";4;0;2;0;2;0;2;2;-23,25558031;-45,9437828;"SR-SP";"UOP01";"DEL02"
338932;2021-02-06;"sábado";"13:10:00";"SC";101;"170";"TIJUCAS";"Demais falhas mecânicas ou elétricas";"Queda de ocupante de veículo";"Com Vítimas Feridas";"Pleno dia";"Decrescente";"Céu Claro";"Dupla";"Reta";"Não";2;0;2;0;0;0;2;1;-27,29669601;-48,63147594;"SR-SC";"UOP03";"DEL04"
338933;2021-02-06;"sábado";"13:50:00";"MG";40;"732.7";"SANTOS DUMONT";"Velocidade Incompatível";"Saída de leito carroçável";"Com Vítimas Feridas";"Pleno dia";"Crescente";"Chuva";"Dupla";"Reta";"Não";1;0;1;0;0;0;1;1;-21,34762119;-43,58122534;"SR-MG";"UOP01";"DEL05"
338934;2021-02-06;"sábado";"13:40:00";"PE";101;"59.6";"RECIFE";"Acesso irregular";"Colisão traseira";"Com Vítimas Feridas";"Pleno dia";"Decrescente";"Céu Claro";"Dupla";"Curva";"Sim";5;0;0;1;4;0;1;5;-7,97708575;-34,92607318;"SR-PE";"UOP02";"DEL01"
338935;2021-02-06;"sábado";"13:40:00";"RN";304;"303.7";"MACAIBA";"Demais falhas mecânicas ou elétricas";"Incêndio";"Sem Vítimas";"Pleno dia";"Decrescente";"Céu Claro";"Dupla";"Reta";"Não";1;0;0;0;1;0;0;1;-5,88217905;-35,28934802;"SR-RN";"UOP02";"DEL01"
338936;2021-02-06;"sábado";"13:05:00";"SC";101;"131";"CAMBORIU";"Manobra de mudança de faixa";"Colisão transversal";"Com Vítimas Feridas";"Pleno dia";"Crescente";"Céu Claro";"Dupla";"Reta";"Não";2;0;1;0;1;0;1;2;-26,99064209;-48,66310912;"SR-SC";"UOP03";"DEL04"
338937;2021-02-06;"sábado";"08:30:00";"GO";153;"103";"SANTA TEREZA DE GOIAS";"Pista Escorregadia";"Colisão transversal";"Com Vítimas Fatais";"Pleno dia";"Decrescente";"Chuva";"Simples";"Reta";"Não";6;3;1;1;0;1;2;2;-13,676991;-49,025154;"SR-GO";"UOP01";"DEL07"
338938;2021-02-06;"sábado";"14:00:00";"MG";381;"346";"BELA VISTA DE MINAS";"Condutor deixou de manter distância do veículo da frente";"Colisão traseira";"Sem Vítimas";"Pleno dia";"Decrescente";"Chuva";"Dupla";"Curva";"Não";2;0;0;0;2;0;0;2;-19,85740706;-43,12344309;"SR-MG";"UOP01";"DEL03"
338939;2021-02-06;"sábado";"13:10:00";"MS";163;"667";"RIO VERDE DE MATO GROSSO";"Avarias e/ou desgaste excessivo no pneu";"Saída de leito carroçável";"Com Vítimas Feridas";"Pleno dia";"Crescente";"Céu Claro";"Simples";"Não Informado";"Não";5;0;1;0;4;0;1;1;-19,03128995;-54,82195496;"SR-MS";"UOP02";"DEL06"
338940;2021-02-06;"sábado";"13:40:00";"MG";381;"518";"IGARAPE";"Demais falhas mecânicas ou elétricas";"Incêndio";"Sem Vítimas";"Pleno dia";"Decrescente";"Nublado";"Dupla";"Reta";"Não";1;0;0;0;1;0;0;1;-20,12065395;-44,30242562;"SR-MG";"UOP03";"DEL04"
338941;2021-02-06;"sábado";"08:00:00";"ES";101;"255.6";"SERRA";"Avarias e/ou desgaste excessivo no pneu";"Queda de ocupante de veículo";"Com Vítimas Feridas";"Pleno dia";"Crescente";"Nublado";"Simples";"Reta";"Não";1;0;1;0;0;0;1;1;-20,11487935;-40,31943619;"SR-ES";"UOP01";"DEL02"
338942;2021-02-06;"sábado";"14:00:00";"PR";277;"107";"CAMPO LARGO";"Ausência de reação do condutor";"Colisão traseira";"Com Vítimas Feridas";"Pleno dia";"Crescente";"Céu Claro";"Dupla";"Reta";"Não";2;0;1;0;1;0;1;2;-25,47157895;-49,35341791;"SR-PR";"UOP01";"DEL01"
338945;2021-02-06;"sábado";"14:25:00";"AL";104;"88";"RIO LARGO";"Conversão proibida";"Colisão lateral";"Com Vítimas Fatais";"Pleno dia";"Crescente";"Céu Claro";"Dupla";"Reta";"Sim";5;1;0;0;3;1;0;2;-9,48375193;-35,81815581;"SR-AL";"UOP01";"DEL01"
338946;2021-02-06;"sábado";"12:20:00";"MG";251;"464.3";"MONTES CLAROS";"Reação tardia ou ineficiente do condutor";"Colisão traseira";"Sem Vítimas";"Pleno dia";"Crescente";"Chuva";"Simples";"Reta";"Não";2;0;0;0;1;1;0;2;-16,6538242;-43,7179671;"SR-MG";"UOP01";"DEL12"
338947;2021-02-06;"sábado";"12:10:00";"MG";251;"444.5";"GRAO MOGOL";"Reação tardia ou ineficiente do condutor";"Saída de leito carroçável";"Com Vítimas Feridas";"Pleno dia";"Crescente";"Chuva";"Simples";"Curva";"Não";4;0;1;0;3;0;1;1;-16,4185062;-43,26071281;"SR-MG";"UOP01";"DEL12"
338948;2021-02-06;"sábado";"13:31:00";"PR";116;"129.4";"FAZENDA RIO GRANDE";"Velocidade Incompatível";"Colisão traseira";"Sem Vítimas";"Pleno dia";"Crescente";"Sol";"Dupla";"Reta";"Sim";3;0;0;0;2;1;0;2;-25,63027814;-49,31381255;"SR-PR";"UOP03";"DEL01"
338949;2021-02-06;"sábado";"13:38:00";"PR";116;"129";"FAZENDA RIO GRANDE";"Frear bruscamente";"Colisão com objeto";"Com Vítimas Feridas";"Pleno dia";"Decrescente";"Céu Claro";"Dupla";"Reta";"Não";1;0;0;1;0;0;1;1;-25,63027814;-49,31381255;"SR-PR";"UOP03";"DEL01"
338950;2021-02-06;"sábado";"10:15:00";"BA";324;"626";"SALVADOR";"Retorno proibido";"Colisão lateral";"Com Vítimas Feridas";"Pleno dia";"Crescente";"Céu Claro";"Simples";"Reta";"Sim";2;0;1;0;1;0;1;2;-12,95020997;-38,47073108;"SR-BA";"UOP01";"DEL01"
338951;2021-02-06;"sábado";"14:45:00";"SC";101;"276.8";"IMBITUBA";"Condutor deixou de manter distância do veículo da frente";"Colisão traseira";"Com Vítimas Feridas";"Pleno dia";"Decrescente";"Céu Claro";"Dupla";"Não Informado";"Sim";3;0;2;0;1;0;2;2;-28,14644701;-48,69204746;"SR-SC";"UOP03";"DEL02"
338952;2021-02-06;"sábado";"13:40:00";"PR";369;"382.2";"MAMBORE";"Mal súbito do condutor";"Saída de leito carroçável";"Com Vítimas Feridas";"Pleno dia";"Crescente";"Céu Claro";"Simples";"Não Informado";"Não";1;0;1;0;0;0;1;1;-24,231978;-52,519855;"SR-PR";"UOP03";"DEL09"
338953;2021-02-06;"sábado";"14:20:00";"DF";20;"4";"BRASILIA";"Chuva";"Capotamento";"Com Vítimas Feridas";"Pleno dia";"Crescente";"Chuva";"Dupla";"Curva";"Não";2;0;1;0;1;0;1;1;-15,675484;-47,823761;"SR-DF";"UOP01";"DEL02"
338954;2021-02-06;"sábado";"15:15:00";"SP";101;"48.9";"UBATUBA";"Ausência de reação do condutor";"Colisão traseira";"Com Vítimas Feridas";"Pleno dia";"Decrescente";"Céu Claro";"Simples";"Reta";"Sim";2;0;1;0;1;0;1;2;-23,4465537;-45,08123875;"SR-SP";"UOP02";"DEL06"
338955;2021-02-06;"sábado";"10:35:00";"SC";280;"157.2";"MAFRA";"Transitar na contramão";"Colisão frontal";"Com Vítimas Feridas";"Pleno dia";"Decrescente";"Céu Claro";"Simples";"Não Informado";"Não";3;0;0;2;1;0;2;2;-26,20203891;-49,76000369;"SR-SC";"UOP03";"DEL06"
338956;2021-02-06;"sábado";"13:30:00";"RS";290;"536";"ALEGRETE";"Ausência de reação do condutor";"Saída de leito carroçável";"Sem Vítimas";"Pleno dia";"Decrescente";"Céu Claro";"Simples";"Reta";"Não";2;0;0;0;2;0;0;1;-30,009653;-55,395874;"SR-RS";"UOP02";"DEL13"
338957;2021-02-06;"sábado";"14:45:00";"PE";423;"19.2";"SAO CAITANO";"Condutor Dormindo";"Capotamento";"Com Vítimas Feridas";"Pleno dia";"Decrescente";"Céu Claro";"Simples";"Reta";"Não";2;0;2;0;0;0;2;1;-8,33379683;-36,15201612;"SR-PE";"UOP02";"DEL02"
338958;2021-02-06;"sábado";"09:55:00";"RJ";101;"432";"MANGARATIBA";"Afundamento ou ondulação no pavimento";"Saída de leito carroçável";"Com Vítimas Feridas";"Pleno dia";"Decrescente";"Céu Claro";"Simples";"Reta";"Sim";2;0;1;0;1;0;1;1;-22,93437472;-44,02919087;"SR-RJ";"UOP01";"DEL03"
338960;2021-02-06;"sábado";"15:30:00";"SP";381;"26";"ATIBAIA";"Demais falhas mecânicas ou elétricas";"Tombamento";"Com Vítimas Feridas";"Pleno dia";"Decrescente";"Nublado";"Simples";"Reta";"Não";2;0;2;0;0;0;2;1;-23,02679312;-46,53612988;"SR-SP";"UOP01";"DEL03"
338961;2021-02-06;"sábado";"14:55:00";"TO";153;"659";"GURUPI";"Transitar na contramão";"Colisão frontal";"Com Vítimas Feridas";"Pleno dia";"Crescente";"Garoa/Chuvisco";"Simples";"Reta";"Não";2;0;0;1;1;0;1;2;-11,61367288;-49,04469534;"SR-TO";"UOP02";"DEL01"
338962;2021-02-06;"sábado";"15:20:00";"MG";40;"517.5";"RIBEIRAO DAS NEVES";"Reação tardia ou ineficiente do condutor";"Saída de leito carroçável";"Com Vítimas Feridas";"Pleno dia";"Decrescente";"Nublado";"Dupla";"Reta";"Sim";1;0;0;1;0;0;1;1;-19,82351202;-44,08438913;"SR-MG";"UOP02";"DEL01"
338963;2021-02-06;"sábado";"13:40:00";"PR";376;"494";"PONTA GROSSA";"Ingestão de álcool pelo condutor";"Colisão lateral mesmo sentido";"Sem Vítimas";"Pleno dia";"Decrescente";"Céu Claro";"Dupla";"Desvio Temporário";"Sim";2;0;0;0;2;0;0;2;-25,16566955;-50,11640967;"SR-PR";"UAP01";"DEL03"
338964;2021-02-06;"sábado";"13:56:00";"RJ";40;"2.7";"COMENDADOR LEVY GASPARIAN";"Avarias e/ou desgaste excessivo no pneu";"Colisão com objeto";"Com Vítimas Feridas";"Pleno dia";"Decrescente";"Chuva";"Dupla";"Curva";"Não";1;0;1;0;0;0;1;1;-22,01143747;-43,25078935;"SR-RJ";"UOP01";"DEL06"
338965;2021-02-06;"sábado";"15:20:00";"RS";290;"19.4";"SANTO ANTONIO DA PATRULHA";"Velocidade Incompatível";"Colisão com objeto";"Com Vítimas Feridas";"Pleno dia";"Crescente";"Céu Claro";"Dupla";"Reta";"Não";3;0;2;1;0;0;3;1;-29,885714;-50,448848;"SR-RS";"UOP01";"DEL03"
338966;2021-02-06;"sábado";"13:30:00";"MT";70;"296";"POXOREO";"Manobra de mudança de faixa";"Colisão lateral sentido oposto";"Com Vítimas Feridas";"Pleno dia";"Decrescente";"Céu Claro";"Simples";"Reta";"Não";6;0;1;0;4;1;1;6;-15,58085505;-54,437977;"SR-MT";"UOP01";"DEL05"
338967;2021-02-06;"sábado";"16:08:00";"PE";232;"10.2";"JABOATAO DOS GUARARAPES";"Reação tardia ou ineficiente do condutor";"Colisão traseira";"Com Vítimas Feridas";"Pleno dia";"Decrescente";"Sol";"Dupla";"Reta";"Sim";5;0;2;0;3;0;2;2;-8,07764447;-34,97863609;"SR-PE";"UOP01";"DEL01"
338968;2021-02-06;"sábado";"15:00:00";"RJ";356;"178";"SAO JOAO DA BARRA";"Acessar a via sem observar a presença dos outros veículos";"Colisão transversal";"Com Vítimas Feridas";"Pleno dia";"Decrescente";"Garoa/Chuvisco";"Simples";"Reta";"Sim";5;0;2;0;3;0;2;2;-21,68119819;-41,0559082;"SR-RJ";"UOP02";"DEL08"
338969;2021-02-06;"sábado";"16:00:00";"ES";101;"153";"LINHARES";"Condutor deixou de manter distância do veículo da frente";"Colisão traseira";"Com Vítimas Feridas";"Pleno dia";"Decrescente";"Nublado";"Simples";"Reta";"Não";3;0;1;0;2;0;1;2;-19,423338;-40,07872401;"SR-ES";"UOP01";"DEL04"
338970;2021-02-06;"sábado";"08:36:00";"BA";116;"563";"NOVA ITARANA";"Condutor deixou de manter distância do veículo da frente";"Engavetamento";"Com Vítimas Feridas";"Pleno dia";"Crescente";"Céu Claro";"Simples";"Reta";"Não";8;0;1;1;6;0;2;5;-12,95610303;-39,92190696;"SR-BA";"UOP02";"DEL03"
338971;2021-02-06;"sábado";"13:43:00";"TO";153;"773";"ALVORADA";"Acumulo de água sobre o pavimento";"Capotamento";"Com Vítimas Feridas";"Pleno dia";"Decrescente";"Chuva";"Simples";"Curva";"Não";4;0;0;1;3;0;1;1;-12,57785206;-49,07535541;"SR-TO";"UOP02";"DEL01"
338972;2021-02-06;"sábado";"15:50:00";"BA";324;"617";"SALVADOR";"Ingestão de álcool pelo condutor";"Colisão traseira";"Sem Vítimas";"Pleno dia";"Decrescente";"Céu Claro";"Múltipla";"Reta";"Sim";2;0;0;0;2;0;0;2;-12,8860325;-38,43806469;"SR-BA";"UOP01";"DEL01"
338973;2021-02-06;"sábado";"15:00:00";"PR";153;"491.2";"GENERAL CARNEIRO";"Ingestão de álcool pelo condutor";"Colisão traseira";"Com Vítimas Feridas";"Pleno dia";"Crescente";"Céu Claro";"Simples";"Reta";"Sim";3;0;2;0;0;1;2;2;-26,426033;-51,309204;"SR-PR";"UOP03";"DEL02"
338974;2021-02-06;"sábado";"16:20:00";"SC";101;"214.4";"PALHOCA";"Acessar a via sem observar a presença dos outros veículos";"Colisão transversal";"Com Vítimas Feridas";"Pleno dia";"Crescente";"Sol";"Dupla";"Reta";"Sim";2;0;1;0;1;0;1;2;-27,64443;-48,67057;"SR-SC";"UOP02";"DEL01"
338976;2021-02-06;"sábado";"16:20:00";"PR";476;"139";"CURITIBA";"Pedestre cruzava a pista fora da faixa";"Atropelamento de Pedestre";"Com Vítimas Feridas";"Pleno dia";"Decrescente";"Céu Claro";"Múltipla";"Reta";"Sim";2;0;1;0;1;0;1;1;-25,51284;-49,289257;"SR-PR";"UOP03";"DEL01"
338978;2021-02-06;"sábado";"16:40:00";"MG";267;"203.9";"BOM JARDIM DE MINAS";"Chuva";"Colisão frontal";"Com Vítimas Feridas";"Pleno dia";"Crescente";"Chuva";"Simples";"Curva";"Não";9;0;3;1;5;0;4;3;-21,93193766;-44,11060298;"SR-MG";"UOP01";"DEL05"
338979;2021-02-06;"sábado";"09:05:00";"RJ";101;"335";"RIO DE JANEIRO";"Manobra de mudança de faixa";"Colisão lateral";"Com Vítimas Feridas";"Pleno dia";"Crescente";"Nublado";"Múltipla";"Curva";"Sim";3;0;1;0;2;0;1;2;-22,88691531;-43,22458631;"SR-RJ";"UOP01";"DEL01"
338980;2021-02-06;"sábado";"11:00:00";"BA";101;"661.9";"ITAPEBI";"Chuva";"Saída de leito carroçável";"Com Vítimas Feridas";"Pleno dia";"Crescente";"Chuva";"Simples";"Curva";"Não";1;0;1;0;0;0;1;1;-15,98509392;-39,56726074;"SR-BA";"UOP02";"DEL05"
338981;2021-02-06;"sábado";"17:00:00";"RS";290;"107";"ELDORADO DO SUL";"Ingestão de álcool pelo condutor";"Saída de leito carroçável";"Com Vítimas Feridas";"Pleno dia";"Decrescente";"Céu Claro";"Dupla";"Curva";"Sim";1;0;1;0;0;0;1;1;-30,001852;-51,304264;"SR-RS";"UOP01";"DEL02"
338982;2021-02-06;"sábado";"14:40:00";"AL";101;"129.3";"SAO MIGUEL DOS CAMPOS";"Velocidade Incompatível";"Colisão com objeto";"Com Vítimas Feridas";"Pleno dia";"Crescente";"Céu Claro";"Simples";"Viaduto";"Não";2;0;0;2;0;0;2;1;-9,75592292;-36,06875896;"SR-AL";"UOP01";"DEL02"
338983;2021-02-06;"sábado";"14:50:00";"MG";116;"94.4";"MEDINA";"Ausência de reação do condutor";"Saída de leito carroçável";"Com Vítimas Feridas";"Pleno dia";"Decrescente";"Chuva";"Simples";"Reta";"Não";3;0;2;0;1;0;2;1;-16,390494;-41,472991;"SR-MG";"UOP02";"DEL11"
338985;2021-02-06;"sábado";"16:15:00";"GO";60;"231.1";"CEZARINA";"Chuva";"Saída de leito carroçável";"Com Vítimas Feridas";"Pleno dia";"Decrescente";"Chuva";"Dupla";"Não Informado";"Não";1;0;1;0;0;0;1;1;-17,0616;-49,7986;"SR-GO";"UOP02";"DEL01"
338986;2021-02-06;"sábado";"15:45:00";"PB";361;"12";"SANTA TERESINHA";"Ingestão de álcool pelo condutor";"Colisão frontal";"Sem Vítimas";"Pleno dia";"Decrescente";"Sol";"Simples";"Reta";"Não";2;0;0;0;2;0;0;2;-7,04324794;-37,36327601;"SR-PB";"UOP01";"DEL03"
338987;2021-02-06;"sábado";"16:10:00";"SC";282;"145";"BOM RETIRO";"Curva acentuada";"Saída de leito carroçável";"Com Vítimas Feridas";"Pleno dia";"Decrescente";"Céu Claro";"Simples";"Curva";"Não";3;0;1;0;2;0;1;1;-27,802912;-49,632038;"SR-SC";"UOP01";"DEL05"
338988;2021-02-06;"sábado";"15:20:00";"PR";376;"3.5";"APUCARANA";"Ingestão de álcool pelo condutor";"Saída de leito carroçável";"Com Vítimas Feridas";"Pleno dia";"Crescente";"Céu Claro";"Dupla";"Reta";"Sim";2;0;2;0;0;0;2;1;-23,56468363;-51,43379033;"SR-PR";"UAP01";"DEL07"
338989;2021-02-06;"sábado";"15:30:00";"RO";174;"16.5";"VILHENA";"Condutor deixou de manter distância do veículo da frente";"Colisão traseira";"Com Vítimas Feridas";"Pleno dia";"Crescente";"Céu Claro";"Simples";"Reta";"Sim";2;0;1;0;1;0;1;2;-12,713016;-60,125946;"SR-RO";"UOP01";"DEL04"
338991;2021-02-06;"sábado";"09:49:00";"RJ";101;"322";"NITEROI";"Manobra de mudança de faixa";"Colisão lateral";"Com Vítimas Feridas";"Pleno dia";"Crescente";"Nublado";"Múltipla";"Curva";"Não";2;0;1;0;1;0;1;2;-22,878923;-43,110676;"SR-RJ";"UOP02";"DEL02"
338992;2021-02-06;"sábado";"16:25:00";"MG";381;"686.7";"LAVRAS";"Velocidade Incompatível";"Saída de leito carroçável";"Com Vítimas Feridas";"Pleno dia";"Crescente";"Chuva";"Dupla";"Não Informado";"Não";2;0;2;0;0;0;2;1;-21,20030689;-45,11944438;"SR-MG";"UOP02";"DEL04"
338993;2021-02-06;"sábado";"17:40:00";"PA";316;"65";"CASTANHAL";"Acessar a via sem observar a presença dos outros veículos";"Colisão transversal";"Com Vítimas Fatais";"Anoitecer";"Decrescente";"Nublado";"Dupla";"Reta";"Sim";2;1;0;0;1;0;0;2;-1,29580361;-47,91084002;"SR-PA";"UOP01";"DEL01"
338995;2021-02-06;"sábado";"16:00:00";"MG";262;"389";"FLORESTAL";"Ausência de reação do condutor";"Colisão traseira";"Com Vítimas Feridas";"Pleno dia";"Decrescente";"Chuva";"Dupla";"Reta";"Não";3;0;1;0;2;0;1;2;-19,93731108;-44,45266502;"SR-MG";"UOP03";"DEL01"
338996;2021-02-06;"sábado";"17:20:00";"SC";470;"177";"POUSO REDONDO";"Ingestão de álcool ou de substâncias psicoativas pelo pedestre";"Colisão com objeto";"Com Vítimas Feridas";"Pleno dia";"Crescente";"Céu Claro";"Simples";"Interseção de vias";"Não";2;0;1;1;0;0;2;1;-27,25063842;-49,95987838;"SR-SC";"UOP02";"DEL04"
338997;2021-02-06;"sábado";"17:30:00";"CE";222;"311";"TIANGUA";"Desrespeitar a preferência no cruzamento";"Colisão transversal";"Com Vítimas Feridas";"Pleno dia";"Crescente";"Céu Claro";"Simples";"Reta";"Sim";2;0;1;0;0;1;1;2;-3,711973;-40,984356;"SR-CE";"UOP02";"DEL04"
338998;2021-02-06;"sábado";"17:00:00";"SC";480;"127.8";"CHAPECO";"Ingestão de álcool pelo condutor";"Colisão traseira";"Sem Vítimas";"Pleno dia";"Crescente";"Sol";"Dupla";"Reta";"Sim";2;0;0;0;1;1;0;2;-27,02885905;-52,63380035;"SR-SC";"UOP01";"DEL07"
338999;2021-02-06;"sábado";"10:40:00";"SC";282;"421.5";"VARGEM BONITA";"Velocidade Incompatível";"Colisão frontal";"Com Vítimas Feridas";"Pleno dia";"Decrescente";"Céu Claro";"Simples";"Curva";"Sim";3;0;2;0;0;1;2;2;-26,999937;-51,744019;"SR-SC";"UOP05";"DEL07"
339000;2021-02-06;"sábado";"17:30:00";"MA";10;"257";"IMPERATRIZ";"Ingestão de álcool pelo condutor";"Colisão frontal";"Sem Vítimas";"Pleno dia";"Crescente";"Céu Claro";"Simples";"Reta";"Sim";3;0;0;0;3;0;0;2;-5,490634;-47,471973;"SR-MA";"UOP01";"DEL04"
339001;2021-02-06;"sábado";"14:20:00";"AC";317;"179";"CAPIXABA";"Velocidade Incompatível";"Colisão frontal";"Com Vítimas Fatais";"Pleno dia";"Crescente";"Garoa/Chuvisco";"Simples";"Curva";"Não";5;1;3;1;0;0;4;2;-10,59534757;-67,95209904;"SR-AC";"UOP02";"DEL01"
339002;2021-02-06;"sábado";"10:50:00";"BA";101;"890";"CARAVELAS";"Manobra de mudança de faixa";"Saída de leito carroçável";"Com Vítimas Feridas";"Pleno dia";"Crescente";"Céu Claro";"Simples";"Reta";"Não";2;0;1;0;0;1;1;2;-17,56548361;-39,72999573;"SR-BA";"UOP02";"DEL09"
339003;2021-02-06;"sábado";"18:10:00";"SC";280;"7";"SAO FRANCISCO DO SUL";"Acessar a via sem observar a presença dos outros veículos";"Colisão transversal";"Com Vítimas Feridas";"Pleno dia";"Crescente";"Céu Claro";"Simples";"Não Informado";"Sim";3;0;2;0;1;0;2;2;-26,270538;-48,640842;"SR-SC";"UOP03";"DEL03"
339004;2021-02-06;"sábado";"18:26:00";"RN";304;"292";"MACAIBA";"Ingestão de álcool pelo condutor";"Colisão traseira";"Sem Vítimas";"Plena Noite";"Decrescente";"Céu Claro";"Simples";"Reta";"Não";4;0;0;0;4;0;0;2;-5,86807684;-35,38497498;"SR-RN";"UOP02";"DEL01"