"id";"data_inversa";"dia_semana";"horario";"uf";"br";"km";"municipio";"causa_acidente";"tipo_acidente";"classificacao_acidente";"fase_dia";"sentido_via";"condicao_metereologica";"tipo_pista";"tracado_via";"uso_solo";"pessoas";"mortos";"feridos_leves";"feridos_graves";"ilesos";"ignorados";"feridos";"veiculos";"latitude";"longitude";"regional";"delegacia";"uop"
339099;2021-02-06;"sábado";"13:45:00";"MG";50;"148";"UBERABA";"Condutor Dormindo";"Colisão lateral sentido oposto";"Com Vítimas Feridas";"Pleno dia";"Decrescente";"Céu Claro";"Dupla";"Reta";"Não";2;0;0;1;1;0;1;2;-19,54676795;-48,03584554;"SR-MG";"UOP01";"DEL13"
339100;2021-02-07;"domingo";"02:30:00";"BA";101;"37.2";"ESPLANADA";"Pedestre andava na pista";"Atropelamento de Pedestre";"Com Vítimas Fatais";"Plena Noite";"Crescente";"Céu Claro";"Simples";"Reta";"Sim";2;1;0;0;0;1;0;1;-11,78931307;-37,95165008;"SR-SE";"UOP03";"DEL02"
339101;2021-02-07;"domingo";"04:00:00";"SP";153;"2";"ICEM";"Ingestão de álcool pelo condutor";"Colisão com objeto";"Sem Vítimas";"Plena Noite";"Crescente";"Céu Claro";"Simples";"Não Informado";"Não";3;0;0;0;2;1;0;2;-20,32199868;-49,21108763;"SR-SP";"UOP01";"DEL09"
339102;2021-02-07;"domingo";"03:45:00";"PR";476;"127";"CURITIBA";"Ingestão de álcool pelo condutor";"Colisão com objeto";"Sem Vítimas";"Plena Noite";"Decrescente";"Céu Claro";"Dupla";"Reta";"Sim";1;0;0;0;0;1;0;1;-25,425167;-49,227158;"SR-PR";"UOP03";"DEL01"
339103;2021-02-06;"sábado";"05:40:00";"RO";364;"117";"PIMENTA BUENO";"Chuva";"Colisão lateral";"Com Vítimas Feridas";"Amanhecer";"Crescente";"Chuva";"Simples";"Não Informado";"Não";6;0;4;1;1;0;5;5;-12,14878;-60,71976;"SR-RO";"UOP02";"DEL02"
339104;2021-02-07;"domingo";"03:15:00";"SC";101;"353.7";"SANGAO";"Ausência de reação do condutor";"Saída de leito carroçável";"Com Vítimas Feridas";"Plena Noite";"Decrescente";"Céu Claro";"Dupla";"Reta";"Não";1;0;0;1;0;0;1;1;-28,61232036;-49,06197674;"SR-SC";"UOP01";"DEL02"
339105;2021-02-07;"domingo";"02:50:00";"SC";282;"18.3";"PALHOCA";"Acessar a via sem observar a presença dos outros veículos";"Colisão transversal";"Com Vítimas Feridas";"Plena Noite";"Decrescente";"Céu Claro";"Simples";"Reta";"Sim";4;0;4;0;0;0;4;2;-27,67551872;-48,69714618;"SR-SC";"UOP02";"DEL01"
339107;2021-02-07;"domingo";"04:20:00";"RJ";101;"277";"TANGUA";"Ingestão de álcool pelo condutor";"Colisão lateral";"Sem Vítimas";"Plena Noite";"Decrescente";"Nublado";"Dupla";"Reta";"Não";2;0;0;0;2;0;0;2;-22,73943906;-42,748279;"SR-RJ";"UOP03";"DEL02"
339108;2021-02-07;"domingo";"01:05:00";"GO";364;"49";"CACHOEIRA ALTA";"Ingestão de álcool pelo condutor";"Colisão com objeto";"Sem Vítimas";"Plena Noite";"Decrescente";"Céu Claro";"Simples";"Reta";"Não";1;0;0;0;0;1;0;1;-18,814787;-50,886787;"SR-GO";"UOP02";"DEL05"
339109;2021-02-06;"sábado";"03:05:00";"BA";116;"407.9";"FEIRA DE SANTANA";"Pedestre andava na pista";"Atropelamento de Pedestre";"Com Vítimas Fatais";"Plena Noite";"Crescente";"Céu Claro";"Dupla";"Reta";"Não";2;1;0;0;0;1;0;1;-12,090345;-38,969154;"SR-BA";"UOP01";"DEL02"
339110;2021-02-07;"domingo";"05:30:00";"DF";40;"7.2";"BRASILIA";"Condutor Dormindo";"Colisão traseira";"Com Vítimas Feridas";"Amanhecer";"Crescente";"Céu Claro";"Dupla";"Reta";"Sim";2;0;1;0;1;0;1;2;-16,038666;-47,979691;"SR-DF";"UOP01";"DEL01"
339111;2021-02-07;"domingo";"04:30:00";"SP";116;"148.6";"SAO JOSE DOS CAMPOS";"Demais falhas mecânicas ou elétricas";"Colisão com objeto";"Sem Vítimas";"Plena Noite";"Decrescente";"Céu Claro";"Dupla";"Reta";"Não";2;0;0;0;2;0;0;1;-23,20067421;-45,8795018;"SR-SP";"UOP01";"DEL02"
339113;2021-02-07;"domingo";"05:15:00";"SC";470;"185.5";"POUSO REDONDO";"Transitar na contramão";"Colisão frontal";"Com Vítimas Fatais";"Amanhecer";"Crescente";"Nevoeiro/Neblina";"Simples";"Não Informado";"Não";4;1;0;1;1;1;1;2;-27,25753855;-50,04682302;"SR-SC";"UOP02";"DEL04"
339114;2021-02-07;"domingo";"06:00:00";"DF";20;"3.2";"BRASILIA";"Pista Escorregadia";"Capotamento";"Com Vítimas Feridas";"Amanhecer";"Crescente";"Garoa/Chuvisco";"Dupla";"Não Informado";"Sim";1;0;1;0;0;0;1;1;-15,679851;-47,832211;"SR-DF";"UOP01";"DEL02"
339115;2021-02-07;"domingo";"04:40:00";"MS";163;"643";"SAO GABRIEL DO OESTE";"Condutor Dormindo";"Saída de leito carroçável";"Sem Vítimas";"Amanhecer";"Decrescente";"Céu Claro";"Dupla";"Reta";"Não";1;0;0;0;1;0;0;1;-19,21691851;-54,7345158;"SR-MS";"UOP02";"DEL06"
339116;2021-02-07;"domingo";"05:50:00";"DF";70;"16.5";"BRASILIA";"Ingestão de álcool pelo condutor";"Saída de leito carroçável";"Com Vítimas Feridas";"Amanhecer";"Decrescente";"Nublado";"Dupla";"Reta";"Sim";2;0;1;0;1;0;1;1;-15,79465999;-48,20037961;"SR-DF";"UOP03";"DEL01"
339117;2021-02-07;"domingo";"04:45:00";"MS";163;"241.5";"DOURADOS";"Transitar na contramão";"Colisão frontal";"Com Vítimas Feridas";"Amanhecer";"Crescente";"Céu Claro";"Simples";"Reta";"Não";2;0;2;0;0;0;2;2;-22,38181002;-54,79220932;"SR-MS";"UOP01";"DEL04"
339118;2021-02-07;"domingo";"05:45:00";"SC";470;"147.4";"RIO DO SUL";"Ingestão de álcool pelo condutor";"Colisão com objeto";"Sem Vítimas";"Amanhecer";"Crescente";"Nevoeiro/Neblina";"Simples";"Ponte";"Não";1;0;0;0;1;0;0;1;-27,24425205;-49,69144106;"SR-SC";"UOP02";"DEL04"
339119;2021-02-07;"domingo";"03:20:00";"RN";101;"84.8";"NATAL";"Reação tardia ou ineficiente do condutor";"Colisão com objeto";"Sem Vítimas";"Plena Noite";"Crescente";"Céu Claro";"Dupla";"Reta";"Sim";1;0;0;0;0;1;0;1;-5,774175;-35,2578;"SR-RN";"UOP01";"DEL02"
339120;2021-02-06;"sábado";"22:30:00";"GO";153;"293.8";"RIALMA";"Reação tardia ou ineficiente do condutor";"Colisão lateral sentido oposto";"Com Vítimas Fatais";"Plena Noite";"Decrescente";"Nublado";"Simples";"Curva";"Não";2;1;0;0;0;1;0;2;-15,233546;-49,555389;"SR-GO";"UOP02";"DEL02"
339121;2021-02-07;"domingo";"05:50:00";"SP";116;"52.4";"LORENA";"Transitar no acostamento";"Colisão lateral";"Com Vítimas Feridas";"Pleno dia";"Crescente";"Céu Claro";"Dupla";"Curva";"Não";1;0;1;0;0;0;1;1;-22,74708138;-45,09973038;"SR-SP";"UOP02";"DEL08"
339123;2021-02-07;"domingo";"03:00:00";"GO";153;"516.5";"APARECIDA DE GOIANIA";"Condutor Dormindo";"Saída de leito carroçável";"Com Vítimas Feridas";"Plena Noite";"Decrescente";"Nublado";"Dupla";"Não Informado";"Sim";2;0;1;0;1;0;1;1;-16,8504;-49,2473;"SR-GO";"UOP03";"DEL01"
339124;2021-02-07;"domingo";"06:30:00";"RS";386;"185.7";"CARAZINHO";"Condutor Dormindo";"Saída de leito carroçável";"Com Vítimas Feridas";"Amanhecer";"Crescente";"Céu Claro";"Simples";"Curva";"Não";3;0;3;0;0;0;3;1;-28,338871;-52,720222;"SR-RS";"UOP01";"DEL08"
339125;2021-02-07;"domingo";"06:20:00";"RS";290;"95";"PORTO ALEGRE";"Demais Fenômenos da natureza";"Tombamento";"Com Vítimas Feridas";"Pleno dia";"Decrescente";"Céu Claro";"Múltipla";"Reta";"Sim";1;0;1;0;0;0;1;1;-29,982832;-51,201572;"SR-RS";"UOP01";"DEL01"
339126;2021-02-07;"domingo";"05:50:00";"RJ";40;"108";"DUQUE DE CAXIAS";"Curva acentuada";"Derramamento de carga";"Sem Vítimas";"Pleno dia";"Decrescente";"Céu Claro";"Dupla";"Curva";"Sim";1;0;0;0;1;0;0;1;-22,67092706;-43,2840836;"SR-RJ";"UOP01";"DEL01"
339127;2021-02-07;"domingo";"04:30:00";"SP";116;"280";"EMBU DAS ARTES";"Condutor deixou de manter distância do veículo da frente";"Colisão traseira";"Com Vítimas Feridas";"Amanhecer";"Crescente";"Céu Claro";"Dupla";"Reta";"Sim";4;0;1;0;3;0;1;3;-23,66996108;-46,85590758;"SR-SP";"UOP01";"DEL04"
339128;2021-02-07;"domingo";"07:00:00";"MG";116;"530.8";"CARATINGA";"Ingestão de álcool pelo condutor";"Colisão frontal";"Com Vítimas Feridas";"Amanhecer";"Decrescente";"Chuva";"Simples";"Reta";"Sim";3;0;1;1;1;0;2;2;-19,81067298;-42,13539446;"SR-MG";"UOP02";"DEL06"
339129;2021-02-07;"domingo";"06:25:00";"AL";316;"202";"MARIBONDO";"Ingestão de álcool pelo condutor";"Colisão transversal";"Com Vítimas Feridas";"Pleno dia";"Crescente";"Céu Claro";"Simples";"Curva";"Sim";2;0;0;1;0;1;1;2;-9,58244852;-36,30927801;"SR-AL";"UOP01";"DEL03"
339131;2021-02-07;"domingo";"07:30:00";"BA";116;"14.2";"ABARE";"Demais falhas mecânicas ou elétricas";"Capotamento";"Com Vítimas Feridas";"Pleno dia";"Decrescente";"Céu Claro";"Simples";"Reta";"Não";7;0;0;1;6;0;1;1;-8,74124998;-39,26250678;"SR-PE";"UAP01";"DEL05"
339132;2021-02-07;"domingo";"07:14:00";"DF";20;"15";"BRASILIA";"Ingestão de álcool pelo condutor";"Saída de leito carroçável";"Com Vítimas Feridas";"Pleno dia";"Decrescente";"Chuva";"Dupla";"Desvio Temporário";"Sim";5;0;2;0;0;3;2;1;-15,630189;-47,733288;"SR-DF";"UOP01";"DEL02"
339133;2021-02-07;"domingo";"02:35:00";"SC";163;"71.2";"SAO MIGUEL DO OESTE";"Velocidade Incompatível";"Colisão com objeto";"Sem Vítimas";"Plena Noite";"Crescente";"Céu Claro";"Dupla";"Reta";"Sim";1;0;0;0;1;0;0;1;-26,72772401;-53,51281303;"SR-SC";"UOP03";"DEL07"
339134;2021-02-06;"sábado";"18:40:00";"MG";381;"494";"BETIM";"Velocidade Incompatível";"Colisão com objeto";"Com Vítimas Feridas";"Plena Noite";"Decrescente";"Chuva";"Dupla";"Não Informado";"Sim";2;0;1;0;1;0;1;1;-19,985563;-44,20318;"SR-MG";"UOP03";"DEL01"
339135;2021-02-07;"domingo";"01:40:00";"GO";153;"311";"RIALMA";"Condutor Dormindo";"Saída de leito carroçável";"Com Vítimas Feridas";"Pleno dia";"Crescente";"Nublado";"Simples";"Curva";"Não";1;0;1;0;0;0;1;1;-15,375852;-49,55616;"SR-GO";"UOP02";"DEL02"
339136;2021-02-06;"sábado";"20:15:00";"RO";435;"71";"COLORADO DO OESTE";"Curva acentuada";"Colisão com objeto";"Sem Vítimas";"Plena Noite";"Crescente";"Nublado";"Simples";"Curva";"Não";1;0;0;0;1;0;0;1;-13,1021662;-60,41098797;"SR-RO";"UOP02";"DEL04"
339137;2021-02-07;"domingo";"08:00:00";"SE";235;"52.1";"ITABAIANA";"Conversão proibida";"Colisão traseira";"Com Vítimas Feridas";"Pleno dia";"Crescente";"Céu Claro";"Simples";"Reta";"Sim";4;0;0;1;1;2;1;2;-10,693279;-37,437557;"SR-SE";"UOP02";"DEL01"
339138;2021-02-07;"domingo";"00:30:00";"PR";476;"269.9";"SAO MATEUS DO SUL";"Ingestão de álcool pelo condutor";"Colisão frontal";"Com Vítimas Feridas";"Plena Noite";"Crescente";"Nublado";"Simples";"Reta";"Não";3;0;2;0;1;0;2;2;-25,898903;-50,32935;"SR-PR";"UOP04";"DEL02"
339139;2021-02-06;"sábado";"19:30:00";"RJ";40;"91";"PETROPOLIS";"Pista Escorregadia";"Capotamento";"Com Vítimas Feridas";"Plena Noite";"Crescente";"Garoa/Chuvisco";"Simples";"Não Informado";"Não";2;0;2;0;0;0;2;1;-22,45304974;-43,20832411;"SR-RJ";"UOP03";"DEL06"
339141;2021-02-07;"domingo";"08:20:00";"RJ";101;"475.8";"ANGRA DOS REIS";"Ultrapassagem Indevida";"Colisão frontal";"Com Vítimas Feridas";"Pleno dia";"Crescente";"Céu Claro";"Simples";"Curva";"Não";4;0;3;0;0;1;3;2;-23,00030529;-44,25655988;"SR-RJ";"UOP01";"DEL03"
339142;2021-02-07;"domingo";"05:30:00";"RJ";493;"113";"ITAGUAI";"Ausência de reação do condutor";"Saída de leito carroçável";"Sem Vítimas";"Amanhecer";"Decrescente";"Céu Claro";"Dupla";"Reta";"Não";1;0;0;0;0;1;0;1;-22,823384;-43,805992;"SR-RJ";"UOP04";"DEL01"
339143;2021-02-07;"domingo";"05:15:00";"PI";135;"597";"CORRENTE";"Falta de acostamento";"Tombamento";"Com Vítimas Feridas";"Amanhecer";"Decrescente";"Céu Claro";"Simples";"Reta";"Não";2;0;1;0;0;1;1;2;-10,49379097;-45,18746582;"SR-PI";"UOP02";"DEL03"
339146;2021-02-07;"domingo";"09:15:00";"RS";470;"251";"SAO PEDRO DA SERRA";"Conversão proibida";"Colisão transversal";"Com Vítimas Feridas";"Pleno dia";"Crescente";"Céu Claro";"Simples";"Reta";"Sim";3;0;1;0;0;2;1;2;-29,42;-51,518;"SR-RS";"UOP01";"DEL06"
339147;2021-02-07;"domingo";"09:00:00";"PR";277;"485.5";"NOVA LARANJEIRAS";"Velocidade Incompatível";"Colisão com objeto";"Com Vítimas Feridas";"Pleno dia";"Decrescente";"Céu Claro";"Simples";"Curva";"Não";1;0;1;0;0;0;1;1;-25,26613423;-52,62116896;"SR-PR";"UOP02";"DEL04"
339149;2021-02-07;"domingo";"07:30:00";"AL";316;"6.8";"MATA GRANDE";"Animais na Pista";"Saída de leito carroçável";"Com Vítimas Fatais";"Pleno dia";"Crescente";"Céu Claro";"Simples";"Não Informado";"Não";1;1;0;0;0;0;0;1;-8,97075601;-37,81631202;"SR-AL";"UOP02";"DEL03"
339150;2021-02-07;"domingo";"09:20:00";"MG";381;"446";"SABARA";"Chuva";"Saída de leito carroçável";"Com Vítimas Feridas";"Pleno dia";"Decrescente";"Chuva";"Simples";"Curva";"Não";2;0;2;0;0;0;2;1;-19,82950465;-43,84255613;"SR-MG";"UOP01";"DEL01"
339151;2021-01-27;"quarta";"16:10:00";"GO";153;"308.9";"CERES";"Reação tardia ou ineficiente do condutor";"Colisão traseira";"Com Vítimas Feridas";"Pleno dia";"Decrescente";"Céu Claro";"Simples";"Reta";"Não";2;0;1;1;0;0;2;2;-15,348556;-49,568298;"SR-GO";"UOP02";"DEL02"
339152;2021-02-07;"domingo";"09:30:00";"RS";116;"344.3";"TAPES";"Reação tardia ou ineficiente do condutor";"Saída de leito carroçável";"Com Vítimas Feridas";"Pleno dia";"Decrescente";"Céu Claro";"Simples";"Reta";"Não";3;0;2;0;0;1;2;1;-30,49030601;-51,48990254;"SR-RS";"UOP02";"DEL02"
339153;2021-02-07;"domingo";"09:30:00";"MG";365;"105.7";"JEQUITAI";"Velocidade Incompatível";"Saída de leito carroçável";"Com Vítimas Feridas";"Pleno dia";"Decrescente";"Chuva";"Simples";"Reta";"Não";2;0;2;0;0;0;2;1;-17,21113105;-44,56924102;"SR-MG";"UOP01";"DEL12"
339154;2021-02-07;"domingo";"09:20:00";"PR";476;"134";"CURITIBA";"Velocidade Incompatível";"Colisão traseira";"Com Vítimas Feridas";"Pleno dia";"Decrescente";"Céu Claro";"Dupla";"Reta";"Sim";4;0;1;0;3;0;1;4;-25,476524;-49,259937;"SR-PR";"UOP03";"DEL01"
339155;2021-02-07;"domingo";"05:30:00";"MA";135;"266";"CAPINZAL DO NORTE";"Velocidade Incompatível";"Saída de leito carroçável";"Com Vítimas Feridas";"Amanhecer";"Decrescente";"Céu Claro";"Simples";"Reta";"Não";1;0;1;0;0;0;1;1;-4,710835;-44,32959579;"SR-MA";"UOP01";"DEL03"
339156;2021-02-07;"domingo";"09:25:00";"MS";163;"621";"SAO GABRIEL DO OESTE";"Avarias e/ou desgaste excessivo no pneu";"Tombamento";"Com Vítimas Feridas";"Pleno dia";"Crescente";"Céu Claro";"Dupla";"Reta";"Não";2;0;1;1;0;0;2;1;-19,35200016;-54,59445527;"SR-MS";"UOP02";"DEL06"
339157;2021-02-07;"domingo";"07:45:00";"RO";364;"360";"JI-PARANA";"Reação tardia ou ineficiente do condutor";"Saída de leito carroçável";"Sem Vítimas";"Pleno dia";"Decrescente";"Nublado";"Simples";"Reta";"Não";1;0;0;0;1;0;0;1;-10,78186387;-62,05695492;"SR-RO";"UOP01";"DEL02"
339159;2021-01-17;"domingo";"15:30:00";"MT";70;"683";"CACERES";"Acumulo de areia ou detritos sobre o pavimento";"Saída de leito carroçável";"Com Vítimas Feridas";"Pleno dia";"Crescente";"Garoa/Chuvisco";"Simples";"Curva";"Não";1;0;1;0;0;0;1;1;-16,13978496;-57,33114704;"SR-MT";"UOP02";"DEL03"
339160;2021-02-07;"domingo";"10:29:00";"SC";101;"236";"PALHOCA";"Manobra de mudança de faixa";"Colisão lateral mesmo sentido";"Com Vítimas Feridas";"Pleno dia";"Crescente";"Sol";"Dupla";"Não Informado";"Não";3;0;1;0;2;0;1;2;-27,82629382;-48,63034842;"SR-SC";"UOP02";"DEL01"
339161;2021-02-07;"domingo";"10:20:00";"SC";101;"217";"PALHOCA";"Condutor deixou de manter distância do veículo da frente";"Engavetamento";"Com Vítimas Feridas";"Pleno dia";"Crescente";"Céu Claro";"Dupla";"Reta";"Sim";3;0;2;0;1;0;2;3;-27,66779034;-48,67393586;"SR-SC";"UOP02";"DEL01"
339162;2021-02-07;"domingo";"10:10:00";"GO";153;"200";"URUACU";"Condutor deixou de manter distância do veículo da frente";"Colisão traseira";"Com Vítimas Feridas";"Pleno dia";"Crescente";"Garoa/Chuvisco";"Simples";"Interseção de vias";"Sim";5;0;1;0;4;0;1;2;-14,513057;-49,149277;"SR-GO";"UOP02";"DEL07"
339163;2021-02-07;"domingo";"07:00:00";"SC";282;"582";"PINHALZINHO";"Condutor Dormindo";"Saída de leito carroçável";"Sem Vítimas";"Pleno dia";"Crescente";"Sol";"Simples";"Reta";"Não";1;0;0;0;0;1;0;1;-26,826683;-53,002621;"SR-SC";"UOP02";"DEL07"
339164;2021-02-07;"domingo";"10:55:00";"MA";316;"610";"TIMON";"Demais falhas mecânicas ou elétricas";"Tombamento";"Com Vítimas Feridas";"Pleno dia";"Decrescente";"Céu Claro";"Simples";"Reta";"Não";2;0;2;0;0;0;2;1;-5,069847;-42,876633;"SR-MA";"UOP02";"DEL03"
339165;2021-02-07;"domingo";"07:45:00";"SC";101;"252.2";"PAULO LOPES";"Ingestão de álcool pelo condutor";"Capotamento";"Com Vítimas Feridas";"Pleno dia";"Crescente";"Sol";"Dupla";"Curva";"Sim";1;0;1;0;0;0;1;1;-27,9606326;-48,67934704;"SR-SC";"UOP03";"DEL02"
339166;2021-02-07;"domingo";"06:50:00";"MG";262;"878";"CAMPO FLORIDO";"Ausência de reação do condutor";"Saída de leito carroçável";"Sem Vítimas";"Pleno dia";"Decrescente";"Céu Claro";"Simples";"Rotatória";"Não";1;0;0;0;1;0;0;1;-19,78526943;-48,5219719;"SR-MG";"UOP02";"DEL13"
339167;2021-02-07;"domingo";"09:40:00";"MG";381;"533.5";"ITATIAIUCU";"Velocidade Incompatível";"Capotamento";"Com Vítimas Feridas";"Pleno dia";"Decrescente";"Chuva";"Dupla";"Curva";"Não";3;0;1;0;2;0;1;1;-20,19896036;-44,38641307;"SR-MG";"UOP03";"DEL04"
339168;2021-02-07;"domingo";"00:30:00";"MG";262;"107";"RIO CASCA";"Chuva";"Saída de leito carroçável";"Com Vítimas Feridas";"Plena Noite";"Crescente";"Chuva";"Simples";"Curva";"Não";1;0;1;0;0;0;1;1;-20,27440096;-42,56313226;"SR-MG";"UOP03";"DEL03"
339169;2021-02-07;"domingo";"10:20:00";"MG";262;"484";"BETIM";"Velocidade Incompatível";"Colisão com objeto";"Com Vítimas Feridas";"Pleno dia";"Decrescente";"Chuva";"Dupla";"Não Informado";"Sim";1;0;1;0;0;0;1;1;-19,95931746;-44,08993989;"SR-MG";"UOP03";"DEL08"
339172;2021-02-07;"domingo";"08:00:00";"BA";242;"260";"BOA VISTA DO TUPIM";"Demais falhas na via";"Saída de leito carroçável";"Com Vítimas Feridas";"Pleno dia";"Crescente";"Nublado";"Simples";"Curva";"Não";5;0;5;0;0;0;5;1;-12,46830983;-40,54758399;"SR-BA";"UOP02";"DEL06"
339173;2021-02-07;"domingo";"10:40:00";"DF";20;"21";"BRASILIA";"Condutor deixou de manter distância do veículo da frente";"Colisão traseira";"Com Vítimas Feridas";"Pleno dia";"Crescente";"Chuva";"Dupla";"Reta";"Sim";2;0;1;0;1;0;1;2;-15,603384;-47,684692;"SR-DF";"UOP01";"DEL02"
339174;2021-02-07;"domingo";"10:30:00";"MG";116;"557.3";"SANTA BARBARA DO LESTE";"Velocidade Incompatível";"Saída de leito carroçável";"Com Vítimas Feridas";"Pleno dia";"Crescente";"Chuva";"Simples";"Curva";"Não";5;0;4;1;0;0;5;1;-20,01056359;-42,15263497;"SR-MG";"UOP04";"DEL06"
339175;2021-02-07;"domingo";"10:29:00";"ES";101;"350.9";"ANCHIETA";"Velocidade Incompatível";"Colisão lateral";"Com Vítimas Feridas";"Pleno dia";"Decrescente";"Chuva";"Simples";"Curva";"Não";4;0;1;1;2;0;2;3;-20,65985684;-40,64894709;"SR-ES";"UOP01";"DEL03"
339176;2021-02-07;"domingo";"11:30:00";"SC";101;"225";"PALHOCA";"Ausência de reação do condutor";"Tombamento";"Com Vítimas Feridas";"Pleno dia";"Crescente";"Céu Claro";"Dupla";"Reta";"Não";1;0;1;0;0;0;1;1;-27,73292191;-48,6409567;"SR-SC";"UOP02";"DEL01"
339177;2021-02-07;"domingo";"11:00:00";"GO";20;"65";"FORMOSA";"Chuva";"Colisão lateral";"Com Vítimas Feridas";"Pleno dia";"Decrescente";"Chuva";"Simples";"Reta";"Sim";7;0;1;0;6;0;1;2;-15,213036;-47,157516;"SR-DF";"UOP01";"DEL02"
339178;2021-02-07;"domingo";"09:20:00";"RS";116;"358";"TAPES";"Ingestão de álcool pelo condutor";"Saída de leito carroçável";"Com Vítimas Feridas";"Pleno dia";"Decrescente";"Sol";"Dupla";"Reta";"Não";1;0;1;0;0;0;1;1;-30,60712596;-51,54060211;"SR-RS";"UOP02";"DEL02"
339179;2021-02-07;"domingo";"11:39:00";"SP";116;"170";"JACAREI";"Avarias e/ou desgaste excessivo no pneu";"Queda de ocupante de veículo";"Com Vítimas Feridas";"Pleno dia";"Crescente";"Sol";"Dupla";"Não Informado";"Não";2;0;2;0;0;0;2;1;-23,30794749;-46,0548351;"SR-SP";"UOP01";"DEL02"
339180;2021-02-07;"domingo";"10:40:00";"BA";324;"5.3";"FEIRA DE SANTANA";"Avarias e/ou desgaste excessivo no pneu";"Tombamento";"Com Vítimas Feridas";"Pleno dia";"Crescente";"Céu Claro";"Dupla";"Reta";"Sim";2;0;0;1;1;0;1;1;-12,2779861;-38,98124191;"SR-BA";"UOP01";"DEL02"
339183;2021-02-07;"domingo";"12:00:00";"RS";285;"421";"PANAMBI";"Velocidade Incompatível";"Saída de leito carroçável";"Com Vítimas Fatais";"Pleno dia";"Crescente";"Céu Claro";"Simples";"Reta";"Não";1;1;0;0;0;0;0;1;-28,338804;-53,561169;"SR-RS";"UOP01";"DEL10"
339184;2021-02-07;"domingo";"11:45:00";"RS";116;"373.8";"TAPES";"Ingestão de álcool pelo condutor";"Saída de leito carroçável";"Sem Vítimas";"Pleno dia";"Decrescente";"Céu Claro";"Dupla";"Reta";"Não";2;0;0;0;2;0;0;1;-30,71899795;-51,60740603;"SR-RS";"UOP02";"DEL02"
339185;2021-02-07;"domingo";"11:40:00";"PR";376;"436.9";"TIBAGI";"Velocidade Incompatível";"Tombamento";"Com Vítimas Feridas";"Pleno dia";"Decrescente";"Céu Claro";"Dupla";"Curva";"Não";1;0;1;0;0;0;1;1;-24,78938391;-50,5050087;"SR-PR";"UOP02";"DEL03"
339186;2021-02-07;"domingo";"11:50:00";"PR";467;"107";"CASCAVEL";"Ingestão de álcool pelo condutor";"Colisão lateral";"Com Vítimas Feridas";"Pleno dia";"Decrescente";"Céu Claro";"Dupla";"Curva";"Não";1;0;0;1;0;0;1;1;-24,92051534;-53,47601652;"SR-PR";"UOP01";"DEL04"
339187;2021-02-07;"domingo";"11:12:00";"RN";304;"35";"MOSSORO";"Reação tardia ou ineficiente do condutor";"Queda de ocupante de veículo";"Com Vítimas Feridas";"Pleno dia";"Decrescente";"Céu Claro";"Dupla";"Reta";"Sim";1;0;1;0;0;0;1;1;-5,16149497;-37,35068212;"SR-RN";"UOP02";"DEL04"
339188;2021-02-07;"domingo";"12:20:00";"RS";158;"334";"SANTA MARIA";"Desrespeitar a preferência no cruzamento";"Colisão transversal";"Com Vítimas Fatais";"Pleno dia";"Crescente";"Céu Claro";"Simples";"Não Informado";"Sim";3;1;0;0;2;0;0;2;-29,707993;-53,868438;"SR-RS";"UOP01";"DEL09"
339189;2021-02-07;"domingo";"12:15:00";"GO";40;"12";"LUZIANIA";"Acessar a via sem observar a presença dos outros veículos";"Colisão transversal";"Com Vítimas Feridas";"Pleno dia";"Crescente";"Céu Claro";"Dupla";"Reta";"Sim";2;0;1;0;1;0;1;2;-16,145123;-47,945382;"SR-DF";"UOP01";"DEL01"
339190;2021-02-07;"domingo";"08:30:00";"GO";20;"60";"FORMOSA";"Chuva";"Saída de leito carroçável";"Sem Vítimas";"Pleno dia";"Crescente";"Chuva";"Dupla";"Não Informado";"Não";1;0;0;0;1;0;0;1;-15,24751;-47,168667;"SR-DF";"UOP01";"DEL02"
339192;2021-02-07;"domingo";"00:50:00";"MA";222;"218.4";"ITAPECURU MIRIM";"Ausência de reação do condutor";"Colisão lateral";"Com Vítimas Fatais";"Plena Noite";"Decrescente";"Céu Claro";"Simples";"Curva";"Não";4;2;0;1;1;0;1;3;-3,33284498;-44,43294883;"SR-MA";"UOP02";"DEL01"
339193;2021-02-07;"domingo";"11:40:00";"ES";259;"14.5";"JOAO NEIVA";"Chuva";"Saída de leito carroçável";"Com Vítimas Feridas";"Pleno dia";"Crescente";"Céu Claro";"Simples";"Curva";"Não";3;0;3;0;0;0;3;1;-19,65129881;-40,41619515;"SR-ES";"UOP01";"DEL02"
339194;2021-02-07;"domingo";"12:40:00";"ES";101;"209";"JOAO NEIVA";"Acumulo de água sobre o pavimento";"Capotamento";"Com Vítimas Feridas";"Pleno dia";"Crescente";"Chuva";"Simples";"Não Informado";"Não";1;0;1;0;0;0;1;1;-19,789689;-40,37132;"SR-ES";"UOP01";"DEL02"
339195;2021-02-07;"domingo";"13:26:00";"RS";392;"19.8";"RIO GRANDE";"Reação tardia ou ineficiente do condutor";"Colisão traseira";"Com Vítimas Feridas";"Pleno dia";"Decrescente";"Céu Claro";"Dupla";"Reta";"Não";2;0;1;1;0;0;2;2;-32,0879243;-52,18669807;"SR-RS";"UOP02";"DEL07"
339197;2021-02-07;"domingo";"11:10:00";"SC";470;"107";"APIUNA";"Ausência de reação do condutor";"Colisão com objeto";"Com Vítimas Feridas";"Pleno dia";"Decrescente";"Céu Claro";"Simples";"Curva";"Não";2;0;1;0;1;0;1;1;-27,077623;-49,43145;"SR-SC";"UOP02";"DEL04"