"id";"data_inversa";"dia_semana";"horario";"uf";"br";"km";"municipio";"causa_acidente";"tipo_acidente";"classificacao_acidente";"fase_dia";"sentido_via";"condicao_metereologica";"tipo_pista";"tracado_via";"uso_solo";"pessoas";"mortos";"feridos_leves";"feridos_graves";"ilesos";"ignorados";"feridos";"veiculos";"latitude";"longitude";"regional";"delegacia";"uop"
339392;2021-02-08;"segunda";"04:20:00";"RO";364;"496";"ARIQUEMES";"Reação tardia ou ineficiente do condutor";"Colisão lateral mesmo sentido";"Com Vítimas Feridas";"Amanhecer";"Decrescente";"Garoa/Chuvisco";"Simples";"Reta";"Não";3;0;1;0;1;1;1;2;-10,06422899;-62,97402181;"SR-RO";"UOP01";"DEL03"
339394;2021-02-07;"domingo";"14:00:00";"GO";60;"275.1";"JANDAIA";"Velocidade Incompatível";"Saída de leito carroçável";"Com Vítimas Feridas";"Pleno dia";"Crescente";"Céu Claro";"Dupla";"Não Informado";"Não";2;0;1;1;0;0;2;1;-17,215;-50,1678;"SR-GO";"UOP01";"DEL04"
339396;2021-02-08;"segunda";"08:15:00";"RS";290;"83";"GRAVATAI";"Reação tardia ou ineficiente do condutor";"Colisão traseira";"Sem Vítimas";"Pleno dia";"Crescente";"Céu Claro";"Dupla";"Reta";"Não";3;0;0;0;2;1;0;3;-29,959141;-51,088791;"SR-RS";"UOP01";"DEL01"
339397;2021-02-08;"segunda";"08:50:00";"RS";290;"81";"GRAVATAI";"Reação tardia ou ineficiente do condutor";"Colisão traseira";"Com Vítimas Feridas";"Pleno dia";"Crescente";"Sol";"Dupla";"Reta";"Sim";2;0;1;0;1;0;1;2;-29,954445;-51,06881;"SR-RS";"UOP01";"DEL01"
339398;2021-02-08;"segunda";"08:45:00";"PR";277;"74";"SAO JOSE DOS PINHAIS";"Reação tardia ou ineficiente do condutor";"Colisão lateral";"Com Vítimas Feridas";"Pleno dia";"Decrescente";"Nublado";"Dupla";"Reta";"Sim";3;0;0;1;2;0;1;3;-25,51726115;-49,11540707;"SR-PR";"UOP01";"DEL01"
339399;2021-02-07;"domingo";"07:30:00";"BA";407;"131";"SENHOR DO BONFIM";"Velocidade Incompatível";"Saída de leito carroçável";"Sem Vítimas";"Pleno dia";"Crescente";"Céu Claro";"Simples";"Reta";"Não";1;0;0;0;0;1;0;1;-10,49567411;-40,16127128;"SR-BA";"UOP01";"DEL04"
339401;2021-02-08;"segunda";"08:40:00";"SC";101;"139";"BALNEARIO CAMBORIU";"Reação tardia ou ineficiente do condutor";"Colisão traseira";"Com Vítimas Feridas";"Pleno dia";"Decrescente";"Céu Claro";"Dupla";"Reta";"Não";2;0;1;0;1;0;1;2;-27,02982303;-48,60115006;"SR-SC";"UOP03";"DEL04"
339402;2021-02-08;"segunda";"06:15:00";"RS";285;"332.8";"CARAZINHO";"Mal súbito do condutor";"Saída de leito carroçável";"Com Vítimas Feridas";"Pleno dia";"Crescente";"Céu Claro";"Simples";"Desvio Temporário";"Não";4;0;1;0;3;0;1;1;-28,29712582;-52,73523331;"SR-RS";"UOP03";"DEL08"
339404;2021-02-08;"segunda";"09:00:00";"PE";101;"68.8";"RECIFE";"Manobra de mudança de faixa";"Colisão lateral";"Com Vítimas Feridas";"Pleno dia";"Decrescente";"Céu Claro";"Múltipla";"Reta";"Sim";2;0;1;0;1;0;1;2;-8,059673;-34,945543;"SR-PE";"UOP01";"DEL01"
339405;2021-02-08;"segunda";"09:40:00";"PE";104;"12";"TAQUARITINGA DO NORTE";"Ultrapassagem Indevida";"Saída de leito carroçável";"Com Vítimas Feridas";"Pleno dia";"Crescente";"Sol";"Simples";"Reta";"Não";1;0;1;0;0;0;1;1;-7,888657;-36,110435;"SR-PE";"UOP01";"DEL02"
339406;2021-02-08;"segunda";"09:15:00";"MG";40;"717.6";"BARBACENA";"Pista Escorregadia";"Colisão com objeto";"Com Vítimas Feridas";"Pleno dia";"Decrescente";"Chuva";"Múltipla";"Não Informado";"Não";3;0;1;0;2;0;1;2;-21,26034802;-43,66189055;"SR-MG";"UOP01";"DEL05"
339407;2021-02-08;"segunda";"08:05:00";"MS";163;"484.4";"CAMPO GRANDE";"Acessar a via sem observar a presença dos outros veículos";"Colisão transversal";"Sem Vítimas";"Pleno dia";"Decrescente";"Céu Claro";"Simples";"Reta";"Sim";3;0;0;0;3;0;0;2;-20,45104898;-54,5403266;"SR-MS";"UOP02";"DEL01"
339410;2021-02-08;"segunda";"10:00:00";"PE";101;"83.7";"JABOATAO DOS GUARARAPES";"Acessar a via sem observar a presença dos outros veículos";"Colisão traseira";"Com Vítimas Feridas";"Pleno dia";"Decrescente";"Céu Claro";"Dupla";"Reta";"Sim";4;0;1;0;3;0;1;3;-8,175172;-34,942642;"SR-PE";"UOP03";"DEL01"
339411;2021-02-08;"segunda";"07:50:00";"RS";116;"118.8";"SAO MARCOS";"Velocidade Incompatível";"Tombamento";"Sem Vítimas";"Pleno dia";"Crescente";"Céu Claro";"Simples";"Curva";"Não";2;0;0;0;2;0;0;2;-28,99135902;-51,06761399;"SR-RS";"UOP01";"DEL05"
339412;2021-02-08;"segunda";"07:00:00";"RS";290;"105.1";"ELDORADO DO SUL";"Reação tardia ou ineficiente do condutor";"Saída de leito carroçável";"Sem Vítimas";"Pleno dia";"Crescente";"Céu Claro";"Dupla";"Reta";"Sim";1;0;0;0;0;1;0;1;-29,99608;-51,285023;"SR-RS";"UOP01";"DEL02"
339413;2021-02-08;"segunda";"09:30:00";"GO";20;"242.2";"GUARANI DE GOIAS";"Ultrapassagem Indevida";"Colisão frontal";"Com Vítimas Feridas";"Pleno dia";"Crescente";"Garoa/Chuvisco";"Simples";"Reta";"Não";5;0;4;1;0;0;5;2;-14,028019;-46,240612;"SR-DF";"UOP02";"DEL02"
339414;2021-02-08;"segunda";"10:00:00";"PR";376;"614";"SAO JOSE DOS PINHAIS";"Ausência de reação do condutor";"Engavetamento";"Com Vítimas Feridas";"Pleno dia";"Decrescente";"Céu Claro";"Dupla";"Não Informado";"Não";6;0;1;0;5;0;1;3;-25,57084314;-49,19356398;"SR-PR";"UOP01";"DEL01"
339415;2021-02-08;"segunda";"10:59:00";"PR";376;"614";"SAO JOSE DOS PINHAIS";"Ausência de reação do condutor";"Colisão traseira";"Com Vítimas Feridas";"Pleno dia";"Crescente";"Sol";"Dupla";"Reta";"Sim";3;0;2;0;1;0;2;2;-25,57084314;-49,19356398;"SR-PR";"UOP01";"DEL01"
339416;2021-02-08;"segunda";"10:31:00";"PE";101;"98";"CABO DE SANTO AGOSTINHO";"Acostamento em desnível";"Saída de leito carroçável";"Com Vítimas Feridas";"Pleno dia";"Decrescente";"Sol";"Simples";"Reta";"Não";1;0;1;0;0;0;1;1;-8,2696038;-35,02191458;"SR-PE";"UOP03";"DEL01"
339417;2021-02-08;"segunda";"11:00:00";"MG";365;"701";"MONTE ALEGRE DE MINAS";"Condutor Dormindo";"Colisão traseira";"Com Vítimas Feridas";"Pleno dia";"Decrescente";"Céu Claro";"Dupla";"Não Informado";"Não";3;0;2;0;1;0;2;2;-18,88052284;-49,007675;"SR-MG";"UOP03";"DEL15"
339418;2021-02-08;"segunda";"10:30:00";"DF";20;"14";"BRASILIA";"Transitar no acostamento";"Colisão traseira";"Com Vítimas Fatais";"Pleno dia";"Crescente";"Nublado";"Dupla";"Reta";"Não";3;1;0;1;1;0;1;2;-15,634938;-47,741241;"SR-DF";"UOP01";"DEL02"
339419;2021-02-08;"segunda";"11:20:00";"SC";101;"210.3";"SAO JOSE";"Reação tardia ou ineficiente do condutor";"Colisão lateral";"Sem Vítimas";"Pleno dia";"Decrescente";"Sol";"Dupla";"Reta";"Sim";5;0;0;0;5;0;0;2;-27,61884735;-48,64756823;"SR-SC";"UOP01";"DEL01"
339420;2021-02-08;"segunda";"11:36:00";"ES";101;"270.5";"SERRA";"Chuva";"Colisão frontal";"Com Vítimas Feridas";"Pleno dia";"Decrescente";"Chuva";"Múltipla";"Reta";"Sim";2;0;1;0;1;0;1;2;-20,22662056;-40,27075088;"SR-ES";"UOP01";"DEL02"
339421;2021-02-08;"segunda";"11:25:00";"SC";101;"263.8";"GAROPABA";"Ausência de reação do condutor";"Saída de leito carroçável";"Com Vítimas Feridas";"Pleno dia";"Crescente";"Sol";"Dupla";"Reta";"Não";3;0;2;0;1;0;2;1;-28,0431009;-48,71350524;"SR-SC";"UOP03";"DEL02"
339422;2021-02-08;"segunda";"10:10:00";"RJ";101;"329";"NITEROI";"Reação tardia ou ineficiente do condutor";"Colisão traseira";"Com Vítimas Feridas";"Pleno dia";"Crescente";"Chuva";"Múltipla";"Reta";"Não";3;0;1;0;2;0;1;2;-22,86939305;-43,175642;"SR-RJ";"UOP02";"DEL02"
339423;2021-02-08;"segunda";"11:45:00";"MG";50;"192.1";"UBERABA";"Reação tardia ou ineficiente do condutor";"Engavetamento";"Com Vítimas Feridas";"Pleno dia";"Crescente";"Céu Claro";"Dupla";"Não Informado";"Não";5;0;1;0;3;1;1;4;-19,87187797;-47,85892196;"SR-MG";"UOP01";"DEL13"
339425;2021-02-08;"segunda";"13:00:00";"PB";101;"99";"CONDE";"Condutor Dormindo";"Colisão traseira";"Com Vítimas Feridas";"Pleno dia";"Decrescente";"Céu Claro";"Dupla";"Reta";"Não";2;0;1;0;1;0;1;2;-7,25996693;-34,93570805;"SR-PB";"UOP02";"DEL01"
339427;2021-02-08;"segunda";"01:00:00";"GO";20;"201.2";"POSSE";"Ultrapassagem Indevida";"Tombamento";"Com Vítimas Feridas";"Plena Noite";"Crescente";"Chuva";"Simples";"Não Informado";"Não";1;0;1;0;0;0;1;1;-14,306107;-46,449326;"SR-DF";"UOP02";"DEL02"
339428;2021-02-08;"segunda";"11:40:00";"MT";364;"202.6";"RONDONOPOLIS";"Demais falhas mecânicas ou elétricas";"Colisão traseira";"Com Vítimas Feridas";"Pleno dia";"Decrescente";"Céu Claro";"Dupla";"Reta";"Sim";9;0;1;0;8;0;1;3;-16,48347324;-54,64970354;"SR-MT";"UOP01";"DEL02"
339429;2021-02-08;"segunda";"13:35:00";"BA";116;"870.9";"VITORIA DA CONQUISTA";"Acessar a via sem observar a presença dos outros veículos";"Colisão transversal";"Com Vítimas Fatais";"Pleno dia";"Decrescente";"Garoa/Chuvisco";"Simples";"Reta";"Sim";2;1;0;0;1;0;0;2;-15,212662;-41,088809;"SR-BA";"UOP01";"DEL08"
339430;2021-02-08;"segunda";"13:30:00";"GO";20;"150.2";"ALVORADA DO NORTE";"Chuva";"Colisão traseira";"Com Vítimas Feridas";"Pleno dia";"Crescente";"Garoa/Chuvisco";"Simples";"Reta";"Não";4;0;1;1;2;0;2;2;-14,697994;-46,648884;"SR-DF";"UOP02";"DEL02"
339431;2021-02-08;"segunda";"13:00:00";"SC";282;"26";"SANTO AMARO DA IMPERATRIZ";"Desrespeitar a preferência no cruzamento";"Colisão transversal";"Com Vítimas Feridas";"Pleno dia";"Crescente";"Céu Claro";"Simples";"Reta";"Não";4;0;4;0;0;0;4;2;-27,680267;-48,762482;"SR-SC";"UOP03";"DEL01"
339432;2021-02-08;"segunda";"11:00:00";"PI";316;"59";"MONSENHOR GIL";"Acessar a via sem observar a presença dos outros veículos";"Colisão transversal";"Com Vítimas Feridas";"Pleno dia";"Decrescente";"Nublado";"Simples";"Desvio Temporário";"Não";2;0;0;1;1;0;1;2;-5,56705536;-42,61414474;"SR-PI";"UOP02";"DEL01"
339433;2021-02-08;"segunda";"14:00:00";"RS";158;"0.7";"SANTA MARIA";"Ultrapassagem Indevida";"Colisão lateral";"Com Vítimas Feridas";"Pleno dia";"Decrescente";"Céu Claro";"Simples";"Interseção de vias";"Sim";2;0;1;0;1;0;1;2;-29,70941819;-53,85177439;"SR-RS";"UOP01";"DEL09"
339435;2021-01-29;"sexta";"22:00:00";"PR";376;"647";"TIJUCAS DO SUL";"Velocidade Incompatível";"Colisão traseira";"Sem Vítimas";"Plena Noite";"Decrescente";"Chuva";"Dupla";"Reta";"Não";3;0;0;0;3;0;0;3;-25,83292397;-49,11120797;"SR-PR";"UOP04";"DEL01"
339436;2021-02-08;"segunda";"09:40:00";"MG";381;"635";"SANTO ANTONIO DO AMPARO";"Velocidade Incompatível";"Colisão com objeto";"Com Vítimas Feridas";"Pleno dia";"Crescente";"Chuva";"Dupla";"Curva";"Não";1;0;1;0;0;0;1;1;-20,88278809;-44,85183046;"SR-MG";"UOP01";"DEL04"
339437;2021-02-08;"segunda";"14:20:00";"PE";101;"68.6";"RECIFE";"Condutor deixou de manter distância do veículo da frente";"Colisão lateral";"Com Vítimas Feridas";"Pleno dia";"Decrescente";"Céu Claro";"Múltipla";"Reta";"Sim";2;0;1;0;1;0;1;2;-8,056422;-34,946269;"SR-PE";"UOP01";"DEL01"
339438;2021-02-08;"segunda";"13:30:00";"PE";101;"48.2";"ABREU E LIMA";"Acessar a via sem observar a presença dos outros veículos";"Colisão lateral mesmo sentido";"Com Vítimas Feridas";"Pleno dia";"Crescente";"Céu Claro";"Múltipla";"Reta";"Sim";2;0;1;0;1;0;1;2;-7,89174705;-34,9033493;"SR-PE";"UOP02";"DEL01"
339439;2021-02-08;"segunda";"14:30:00";"RJ";116;"192";"QUEIMADOS";"Manobra de mudança de faixa";"Colisão lateral";"Com Vítimas Feridas";"Pleno dia";"Decrescente";"Garoa/Chuvisco";"Dupla";"Reta";"Não";3;0;1;0;2;0;1;2;-22,72904764;-43,57378967;"SR-RJ";"UOP02";"DEL01"
339440;2021-01-25;"segunda";"11:42:00";"CE";20;"310.1";"CANINDE";"Demais falhas mecânicas ou elétricas";"Colisão traseira";"Sem Vítimas";"Pleno dia";"Decrescente";"Céu Claro";"Simples";"Desvio Temporário";"Não";4;0;0;0;4;0;0;2;-4,33526699;-39,28862702;"SR-CE";"UOP01";"DEL02"
339441;2021-02-08;"segunda";"09:30:00";"RJ";101;"318";"SAO GONCALO";"Pedestre cruzava a pista fora da faixa";"Atropelamento de Pedestre";"Com Vítimas Feridas";"Pleno dia";"Crescente";"Nublado";"Dupla";"Reta";"Sim";3;0;1;0;1;1;1;1;-22,85136162;-43,10044885;"SR-RJ";"UOP02";"DEL02"
339443;2021-02-08;"segunda";"08:05:00";"PE";423;"63.1";"LAJEDO";"Condutor deixou de manter distância do veículo da frente";"Engavetamento";"Com Vítimas Feridas";"Pleno dia";"Decrescente";"Céu Claro";"Simples";"Não Informado";"Não";3;0;1;0;1;1;1;3;-8,66219547;-36,34708912;"SR-PE";"UOP01";"DEL03"
339446;2021-02-08;"segunda";"15:30:00";"MG";381;"481.8";"BETIM";"Trafegar com motocicleta (ou similar) entre as faixas";"Tombamento";"Com Vítimas Fatais";"Pleno dia";"Decrescente";"Céu Claro";"Dupla";"Reta";"Sim";3;1;1;0;0;1;1;2;-19,95931561;-44,08825597;"SR-MG";"UOP03";"DEL01"
339447;2021-02-08;"segunda";"15:20:00";"GO";40;"9.6";"LUZIANIA";"Área urbana sem a presença de local apropriado para a travessia de pedestres";"Atropelamento de Pedestre";"Com Vítimas Feridas";"Pleno dia";"Crescente";"Nublado";"Dupla";"Não Informado";"Sim";2;0;1;1;0;0;2;1;-16,131158;-47,957739;"SR-DF";"UOP01";"DEL01"
339448;2021-02-08;"segunda";"11:00:00";"MG";116;"232.3";"TEOFILO OTONI";"Condutor Dormindo";"Saída de leito carroçável";"Com Vítimas Feridas";"Pleno dia";"Crescente";"Garoa/Chuvisco";"Simples";"Não Informado";"Não";1;0;1;0;0;0;1;1;-17,505103;-41,48892;"SR-MG";"UOP01";"DEL11"
339449;2021-02-08;"segunda";"12:00:00";"SC";282;"488.1";"FAXINAL DOS GUEDES";"Velocidade Incompatível";"Tombamento";"Com Vítimas Feridas";"Pleno dia";"Decrescente";"Céu Claro";"Simples";"Rotatória";"Sim";1;0;1;0;0;0;1;1;-26,863047;-52,270107;"SR-SC";"UOP01";"DEL07"
339450;2021-02-08;"segunda";"12:35:00";"RO";364;"424";"JARU";"Acessar a via sem observar a presença dos outros veículos";"Colisão transversal";"Com Vítimas Feridas";"Pleno dia";"Decrescente";"Céu Claro";"Múltipla";"Interseção de vias";"Sim";2;0;1;0;1;0;1;2;-10,44457274;-62,46568412;"SR-RO";"UOP02";"DEL03"
339452;2021-01-11;"segunda";"17:40:00";"PA";230;"590";"VITORIA DO XINGU";"Reação tardia ou ineficiente do condutor";"Saída de leito carroçável";"Com Vítimas Feridas";"Pleno dia";"Crescente";"Nublado";"Simples";"Curva";"Não";2;0;1;1;0;0;2;1;-3,094082;-51,852565;"SR-PA";"UOP01";"DEL04"
339453;2021-02-08;"segunda";"15:25:00";"GO";153;"201";"URUACU";"Ingestão de álcool pelo condutor";"Colisão transversal";"Sem Vítimas";"Pleno dia";"Decrescente";"Céu Claro";"Simples";"Interseção de vias";"Não";3;0;0;0;3;0;0;3;-14,519629;-49,154972;"SR-GO";"UOP02";"DEL07"
339454;2021-02-08;"segunda";"16:00:00";"SP";116;"227.1";"GUARULHOS";"Problema com o freio";"Colisão traseira";"Com Vítimas Feridas";"Pleno dia";"Crescente";"Nublado";"Múltipla";"Reta";"Não";2;0;0;1;1;0;1;2;-23,49659264;-46,55648754;"SR-SP";"UOP01";"DEL01"
339455;2021-02-08;"segunda";"16:00:00";"SC";101;"205";"SAO JOSE";"Condutor deixou de manter distância do veículo da frente";"Tombamento";"Com Vítimas Feridas";"Pleno dia";"Decrescente";"Céu Claro";"Dupla";"Reta";"Sim";2;0;2;0;0;0;2;1;-27,58313237;-48,61532885;"SR-SC";"UOP01";"DEL01"
339456;2021-02-08;"segunda";"15:40:00";"MG";40;"693.5";"ALFREDO VASCONCELOS";"Ausência de reação do condutor";"Tombamento";"Com Vítimas Feridas";"Pleno dia";"Crescente";"Chuva";"Simples";"Reta";"Não";2;0;1;0;1;0;1;1;-21,12471006;-43,75850056;"SR-MG";"UOP02";"DEL05"
339457;2021-02-08;"segunda";"16:10:00";"RN";101;"96";"NATAL";"Acumulo de óleo sobre o pavimento";"Queda de ocupante de veículo";"Com Vítimas Feridas";"Pleno dia";"Crescente";"Céu Claro";"Dupla";"Viaduto";"Sim";1;0;1;0;0;0;1;1;-5,84949622;-35,20890752;"SR-RN";"UOP01";"DEL01"
339458;2021-02-08;"segunda";"15:30:00";"MG";116;"606.1";"SAO JOAO DO MANHUACU";"Condutor deixou de manter distância do veículo da frente";"Colisão traseira";"Sem Vítimas";"Pleno dia";"Decrescente";"Nublado";"Simples";"Não Informado";"Não";2;0;0;0;2;0;0;2;-20,378722;-42,14721389;"SR-MG";"UOP04";"DEL06"
339459;2021-02-08;"segunda";"11:15:00";"BA";101;"553.7";"ARATACA";"Chuva";"Capotamento";"Com Vítimas Feridas";"Pleno dia";"Crescente";"Chuva";"Simples";"Curva";"Não";2;0;1;0;1;0;1;1;-15,29360303;-39,48744897;"SR-BA";"UOP02";"DEL05"
339461;2021-01-30;"sábado";"00:35:00";"BA";324;"478";"TANQUINHO";"Velocidade Incompatível";"Colisão com objeto";"Com Vítimas Feridas";"Plena Noite";"Crescente";"Céu Claro";"Simples";"Curva";"Não";1;0;1;0;0;0;1;1;-11,99056519;-39,07896022;"SR-BA";"UOP01";"DEL02"
339462;2021-02-08;"segunda";"16:00:00";"MG";40;"530";"CONTAGEM";"Condutor deixou de manter distância do veículo da frente";"Colisão traseira";"Com Vítimas Feridas";"Pleno dia";"Crescente";"Céu Claro";"Dupla";"Reta";"Sim";2;0;1;0;0;1;1;2;-19,92064782;-44,0335681;"SR-MG";"UOP02";"DEL01"
339463;2021-02-08;"segunda";"16:30:00";"CE";116;"465.7";"BARRO";"Ingestão de álcool pelo condutor";"Colisão com objeto";"Com Vítimas Feridas";"Pleno dia";"Crescente";"Céu Claro";"Simples";"Curva";"Não";1;0;0;1;0;0;1;1;-7,21455971;-38,83506552;"SR-CE";"UOP03";"DEL05"
339465;2021-02-08;"segunda";"13:40:00";"MG";116;"407";"GOVERNADOR VALADARES";"Velocidade Incompatível";"Saída de leito carroçável";"Com Vítimas Feridas";"Pleno dia";"Crescente";"Chuva";"Simples";"Curva";"Sim";2;0;1;0;1;0;1;1;-18,8275648;-41,98826551;"SR-MG";"UOP01";"DEL06"
339466;2021-02-08;"segunda";"16:40:00";"CE";222;"6";"CAUCAIA";"Manobra de mudança de faixa";"Tombamento";"Com Vítimas Feridas";"Pleno dia";"Crescente";"Céu Claro";"Dupla";"Reta";"Sim";2;0;1;0;1;0;1;2;-3,74539216;-38,62188041;"SR-CE";"UOP01";"DEL01"
339467;2021-02-08;"segunda";"16:45:00";"MG";50;"175";"UBERABA";"Ausência de reação do condutor";"Colisão com objeto";"Com Vítimas Feridas";"Pleno dia";"Crescente";"Chuva";"Dupla";"Reta";"Sim";2;0;1;0;1;0;1;1;-19,77880359;-47,9695118;"SR-MG";"UOP01";"DEL13"
339468;2021-02-08;"segunda";"17:00:00";"CE";116;"53";"PACAJUS";"Ausência de reação do condutor";"Saída de leito carroçável";"Com Vítimas Feridas";"Pleno dia";"Crescente";"Céu Claro";"Dupla";"Reta";"Não";1;0;1;0;0;0;1;1;-4,19025406;-38,47860204;"SR-CE";"UOP02";"DEL03"
339469;2021-02-08;"segunda";"17:10:00";"ES";101;"265.8";"SERRA";"Condutor deixou de manter distância do veículo da frente";"Colisão traseira";"Com Vítimas Feridas";"Pleno dia";"Decrescente";"Garoa/Chuvisco";"Múltipla";"Reta";"Sim";3;0;1;1;1;0;2;3;-20,1816849;-40,26536036;"SR-ES";"UOP01";"DEL02"
339470;2021-02-08;"segunda";"17:30:00";"SC";282;"1";"FLORIANOPOLIS";"Condutor deixou de manter distância do veículo da frente";"Colisão traseira";"Com Vítimas Feridas";"Pleno dia";"Decrescente";"Céu Claro";"Dupla";"Reta";"Sim";2;0;1;0;1;0;1;2;-27,602955;-48,580509;"SR-SC";"UOP01";"DEL01"
339471;2021-02-08;"segunda";"17:20:00";"MG";40;"735.1";"SANTOS DUMONT";"Velocidade Incompatível";"Tombamento";"Com Vítimas Feridas";"Pleno dia";"Crescente";"Nublado";"Simples";"Curva";"Não";1;0;0;1;0;0;1;1;-21,37012696;-43,57558994;"SR-MG";"UOP01";"DEL05"
339472;2021-02-08;"segunda";"17:10:00";"SC";282;"51";"RANCHO QUEIMADO";"Ultrapassagem Indevida";"Tombamento";"Com Vítimas Feridas";"Pleno dia";"Decrescente";"Nublado";"Simples";"Curva";"Não";2;0;1;0;0;1;1;2;-27,703712;-48,959267;"SR-SC";"UOP03";"DEL01"
339473;2021-02-08;"segunda";"17:45:00";"MG";381;"499";"BETIM";"Condutor deixou de manter distância do veículo da frente";"Colisão traseira";"Sem Vítimas";"Pleno dia";"Decrescente";"Céu Claro";"Dupla";"Reta";"Sim";2;0;0;0;1;1;0;2;-20,01792651;-44,2261448;"SR-MG";"UOP03";"DEL01"
339474;2021-02-08;"segunda";"17:10:00";"SC";470;"60";"BLUMENAU";"Retorno proibido";"Colisão transversal";"Com Vítimas Feridas";"Pleno dia";"Crescente";"Céu Claro";"Simples";"Não Informado";"Sim";4;0;1;0;3;0;1;3;-26,88013;-49,169151;"SR-SC";"UOP01";"DEL04"
339476;2021-02-08;"segunda";"17:40:00";"CE";20;"419";"MARACANAU";"Ausência de reação do condutor";"Colisão lateral";"Com Vítimas Feridas";"Anoitecer";"Crescente";"Céu Claro";"Dupla";"Não Informado";"Sim";2;0;1;0;0;1;1;2;-3,76999035;-38,67006282;"SR-CE";"UOP02";"DEL01"
339477;2021-02-08;"segunda";"17:55:00";"GO";153;"497.9";"GOIANIA";"Demais falhas mecânicas ou elétricas";"Tombamento";"Com Vítimas Feridas";"Pleno dia";"Crescente";"Céu Claro";"Dupla";"Curva";"Sim";2;0;1;1;0;0;2;1;-16,6854;-49,2338;"SR-GO";"UOP01";"DEL01"
339478;2021-02-08;"segunda";"17:15:00";"RJ";116;"238";"PIRAI";"Velocidade Incompatível";"Saída de leito carroçável";"Com Vítimas Feridas";"Pleno dia";"Decrescente";"Nublado";"Dupla";"Curva";"Não";1;0;1;0;0;0;1;1;-22,624528;-43,918089;"SR-RJ";"UOP01";"DEL07"
339479;2021-02-08;"segunda";"18:25:00";"MG";40;"517.7";"RIBEIRAO DAS NEVES";"Desrespeitar a preferência no cruzamento";"Colisão transversal";"Com Vítimas Feridas";"Anoitecer";"Crescente";"Céu Claro";"Dupla";"Reta";"Sim";2;0;1;0;1;0;1;2;-19,82351202;-44,08438913;"SR-MG";"UOP02";"DEL01"
339480;2021-02-08;"segunda";"18:10:00";"RJ";101;"306";"SAO GONCALO";"Condutor deixou de manter distância do veículo da frente";"Colisão lateral";"Com Vítimas Feridas";"Anoitecer";"Crescente";"Céu Claro";"Dupla";"Reta";"Sim";4;0;1;0;3;0;1;3;-22,78913759;-43,00550909;"SR-RJ";"UOP02";"DEL02"
339481;2021-02-08;"segunda";"18:15:00";"SC";282;"1";"FLORIANOPOLIS";"Condutor deixou de manter distância do veículo da frente";"Colisão traseira";"Com Vítimas Feridas";"Pleno dia";"Crescente";"Sol";"Dupla";"Reta";"Sim";3;0;0;2;1;0;2;2;-27,60160157;-48,57856035;"SR-SC";"UOP01";"DEL01"
339482;2021-02-08;"segunda";"18:40:00";"RS";468;"120.9";"TIRADENTES DO SUL";"Acessar a via sem observar a presença dos outros veículos";"Colisão transversal";"Com Vítimas Feridas";"Anoitecer";"Crescente";"Céu Claro";"Simples";"Curva";"Não";2;0;1;0;1;0;1;2;-27,40703108;-54,03577111;"SR-RS";"UOP02";"DEL08"
339483;2021-02-08;"segunda";"18:30:00";"PI";343;"310.8";"ALTOS";"Iluminação deficiente";"Colisão traseira";"Com Vítimas Feridas";"Plena Noite";"Decrescente";"Céu Claro";"Simples";"Reta";"Não";3;0;1;1;0;1;2;2;-5,040502;-42,485443;"SR-PI";"UOP01";"DEL01"
339484;2021-02-08;"segunda";"17:40:00";"MA";230;"0";"BARAO DE GRAJAU";"Condutor deixou de manter distância do veículo da frente";"Queda de ocupante de veículo";"Sem Vítimas";"Pleno dia";"Decrescente";"Céu Claro";"Simples";"Reta";"Não";2;0;0;0;2;0;0;2;-6,760894;-43,01105;"SR-PI";"UOP01";"DEL03"
339485;2021-02-08;"segunda";"18:20:00";"SP";116;"402";"MIRACATU";"Demais falhas na via";"Atropelamento de Pedestre";"Com Vítimas Feridas";"Anoitecer";"Decrescente";"Céu Claro";"Dupla";"Reta";"Não";2;0;0;1;1;0;1;1;-24,31365773;-47,5187501;"SR-SP";"UOP02";"DEL04"
339486;2021-02-08;"segunda";"18:30:00";"PR";116;"64.9";"CAMPINA GRANDE DO SUL";"Velocidade Incompatível";"Queda de ocupante de veículo";"Com Vítimas Feridas";"Anoitecer";"Crescente";"Céu Claro";"Dupla";"Reta";"Não";3;0;2;0;0;1;2;1;-25,30617192;-48,99337399;"SR-PR";"UOP02";"DEL01"
339487;2021-02-05;"sexta";"14:00:00";"GO";452;"52";"RIO VERDE";"Acessar a via sem observar a presença dos outros veículos";"Colisão traseira";"Com Vítimas Feridas";"Pleno dia";"Crescente";"Chuva";"Simples";"Reta";"Não";5;0;1;0;2;2;1;2;-17,97313814;-50,45963605;"SR-GO";"UOP01";"DEL04"
339489;2021-02-08;"segunda";"19:40:00";"PE";101;"51.1";"ABREU E LIMA";"Condutor deixou de manter distância do veículo da frente";"Colisão traseira";"Com Vítimas Feridas";"Plena Noite";"Decrescente";"Céu Claro";"Múltipla";"Reta";"Sim";4;0;2;0;1;1;2;3;-7,9169968;-34,89689272;"SR-PE";"UOP02";"DEL01"
339490;2021-02-08;"segunda";"19:30:00";"BA";324;"613";"SALVADOR";"Pista esburacada";"Queda de ocupante de veículo";"Com Vítimas Feridas";"Plena Noite";"Decrescente";"Céu Claro";"Dupla";"Reta";"Sim";1;0;1;0;0;0;1;1;-12,85531601;-38,42055197;"SR-BA";"UOP01";"DEL01"