"id";"data_inversa";"dia_semana";"horario";"uf";"br";"km";"municipio";"causa_acidente";"tipo_acidente";"classificacao_acidente";"fase_dia";"sentido_via";"condicao_metereologica";"tipo_pista";"tracado_via";"uso_solo";"pessoas";"mortos";"feridos_leves";"feridos_graves";"ilesos";"ignorados";"feridos";"veiculos";"latitude";"longitude";"regional";"delegacia";"uop"
339491;2021-02-08;"segunda";"18:40:00";"MS";158;"243.6";"TRES LAGOAS";"Reação tardia ou ineficiente do condutor";"Saída de leito carroçável";"Com Vítimas Feridas";"Plena Noite";"Crescente";"Céu Claro";"Simples";"Reta";"Não";2;0;1;1;0;0;2;1;-20,63207262;-51,73126012;"SR-MS";"UOP01";"DEL07"
339493;2021-02-08;"segunda";"19:40:00";"GO";414;"382.3";"CORUMBA DE GOIAS";"Transitar na contramão";"Colisão frontal";"Com Vítimas Fatais";"Plena Noite";"Crescente";"Céu Claro";"Simples";"Não Informado";"Não";3;2;0;1;0;0;1;2;-15,849218;-48,765403;"SR-GO";"UOP01";"DEL02"
339494;2021-02-08;"segunda";"19:40:00";"GO";70;"16.8";"AGUAS LINDAS DE GOIAS";"Velocidade Incompatível";"Colisão frontal";"Com Vítimas Feridas";"Plena Noite";"Crescente";"Chuva";"Simples";"Não Informado";"Não";7;0;4;1;0;2;5;2;-15,752377;-48,348267;"SR-DF";"UOP03";"DEL01"
339495;2021-01-23;"sábado";"19:00:00";"RS";116;"525";"PELOTAS";"Acessar a via sem observar a presença dos outros veículos";"Colisão transversal";"Com Vítimas Feridas";"Anoitecer";"Crescente";"Céu Claro";"Simples";"Túnel";"Não";3;0;2;0;1;0;2;2;-31,7359522;-52,39349776;"SR-RS";"UOP01";"DEL07"
339496;2021-02-08;"segunda";"20:00:00";"ES";262;"6.7";"CARIACICA";"Manobra de mudança de faixa";"Colisão lateral mesmo sentido";"Com Vítimas Feridas";"Plena Noite";"Decrescente";"Céu Claro";"Múltipla";"Reta";"Sim";2;0;1;0;1;0;1;2;-20,34283738;-40,40434616;"SR-ES";"UOP01";"DEL01"
339497;2021-02-08;"segunda";"14:50:00";"SC";153;"86";"CONCORDIA";"Condutor deixou de manter distância do veículo da frente";"Colisão lateral";"Sem Vítimas";"Pleno dia";"Decrescente";"Céu Claro";"Simples";"Curva";"Não";2;0;0;0;2;0;0;2;-27,14958;-51,911221;"SR-SC";"UOP04";"DEL07"
339498;2021-02-08;"segunda";"14:45:00";"MG";251;"212";"CACHOEIRA DE PAJEU";"Acessar a via sem observar a presença dos outros veículos";"Colisão transversal";"Com Vítimas Feridas";"Pleno dia";"Decrescente";"Nublado";"Simples";"Reta";"Não";2;0;0;1;1;0;1;2;-15,90503643;-41,56521994;"SR-MG";"UOP02";"DEL11"
339499;2021-02-08;"segunda";"17:20:00";"MG";381;"630.7";"OLIVEIRA";"Velocidade Incompatível";"Saída de leito carroçável";"Com Vítimas Feridas";"Pleno dia";"Decrescente";"Chuva";"Dupla";"Curva";"Não";3;0;3;0;0;0;3;1;-20,84702065;-44,83281432;"SR-MG";"UOP01";"DEL04"
339500;2021-02-08;"segunda";"20:30:00";"PR";376;"473.3";"PONTA GROSSA";"Demais falhas mecânicas ou elétricas";"Colisão com objeto";"Com Vítimas Feridas";"Plena Noite";"Decrescente";"Céu Claro";"Dupla";"Reta";"Não";5;0;0;1;4;0;1;5;-25,12489639;-50,2618495;"SR-PR";"UAP01";"DEL03"
339502;2021-02-08;"segunda";"16:20:00";"GO";153;"30";"PORANGATU";"Demais falhas na via";"Tombamento";"Sem Vítimas";"Pleno dia";"Decrescente";"Nublado";"Dupla";"Desvio Temporário";"Não";1;0;0;0;1;0;0;1;-13,086911;-49,192348;"SR-GO";"UOP01";"DEL07"
339503;2021-02-08;"segunda";"18:40:00";"CE";222;"303";"TIANGUA";"Velocidade Incompatível";"Saída de leito carroçável";"Sem Vítimas";"Plena Noite";"Decrescente";"Chuva";"Simples";"Curva";"Não";1;0;0;0;1;0;0;1;-3,66341744;-40,95009697;"SR-CE";"UOP02";"DEL04"
339505;2021-02-08;"segunda";"05:30:00";"SE";101;"27";"MURIBECA";"Reação tardia ou ineficiente do condutor";"Queda de ocupante de veículo";"Com Vítimas Feridas";"Amanhecer";"Decrescente";"Céu Claro";"Simples";"Reta";"Não";1;0;1;0;0;0;1;1;-10,42142406;-36,9250159;"SR-SE";"UOP02";"DEL02"
339506;2021-02-08;"segunda";"21:25:00";"SC";101;"127.4";"ITAJAI";"Avarias e/ou desgaste excessivo no pneu";"Tombamento";"Com Vítimas Feridas";"Plena Noite";"Crescente";"Nublado";"Dupla";"Reta";"Não";2;0;2;0;0;0;2;1;-26,9639319;-48,68328024;"SR-SC";"UOP04";"DEL04"
339507;2021-02-08;"segunda";"18:50:00";"MT";174;"3";"PONTES E LACERDA";"Reação tardia ou ineficiente do condutor";"Saída de leito carroçável";"Sem Vítimas";"Anoitecer";"Crescente";"Céu Claro";"Simples";"Reta";"Sim";1;0;0;0;1;0;0;1;-15,244188;-59,332705;"SR-MT";"UOP01";"DEL04"
339508;2021-02-08;"segunda";"21:20:00";"BA";116;"596";"IRAJUBA";"Chuva";"Saída de leito carroçável";"Com Vítimas Feridas";"Plena Noite";"Crescente";"Chuva";"Simples";"Curva";"Não";4;0;1;0;3;0;1;1;-13,18013991;-40,0048822;"SR-BA";"UOP02";"DEL03"
339509;2021-02-08;"segunda";"20:35:00";"ES";101;"139";"LINHARES";"Ingestão de álcool pelo condutor";"Queda de ocupante de veículo";"Com Vítimas Feridas";"Plena Noite";"Decrescente";"Nublado";"Simples";"Reta";"Sim";1;0;1;0;0;0;1;1;-19,3101728;-40,0799666;"SR-ES";"UOP01";"DEL04"
339510;2021-02-08;"segunda";"16:30:00";"RO";364;"387";"OURO PRETO DO OESTE";"Retorno proibido";"Colisão traseira";"Com Vítimas Feridas";"Pleno dia";"Decrescente";"Céu Claro";"Simples";"Desvio Temporário";"Não";4;0;2;0;2;0;2;2;-10,69413222;-62,26827726;"SR-RO";"UOP02";"DEL03"
339511;2021-02-08;"segunda";"20:45:00";"GO";153;"501.5";"GOIANIA";"Condutor deixou de manter distância do veículo da frente";"Colisão traseira";"Com Vítimas Feridas";"Plena Noite";"Decrescente";"Nublado";"Simples";"Reta";"Sim";2;0;1;0;1;0;1;2;-16,7189;-49,2382;"SR-GO";"UOP01";"DEL01"
339512;2021-02-08;"segunda";"20:50:00";"MS";262;"446";"DOIS IRMAOS DO BURITI";"Ausência de reação do condutor";"Tombamento";"Com Vítimas Feridas";"Plena Noite";"Decrescente";"Céu Claro";"Simples";"Reta";"Não";1;0;0;1;0;0;1;1;-20,53293786;-55,41927304;"SR-MS";"UOP01";"DEL03"
339513;2021-02-08;"segunda";"19:30:00";"SC";470;"52";"BLUMENAU";"Ausência de reação do condutor";"Colisão lateral";"Com Vítimas Feridas";"Plena Noite";"Crescente";"Céu Claro";"Simples";"Reta";"Sim";2;0;0;1;1;0;1;2;-26,862286;-49,093903;"SR-SC";"UOP01";"DEL04"
339514;2021-02-08;"segunda";"19:20:00";"SC";101;"314";"LAGUNA";"Objeto estático sobre o leito carroçável";"Tombamento";"Com Vítimas Feridas";"Plena Noite";"Decrescente";"Nublado";"Dupla";"Não Informado";"Não";1;0;0;1;0;0;1;1;-28,43483718;-48,84369504;"SR-SC";"UOP01";"DEL02"
339515;2021-02-08;"segunda";"17:30:00";"AC";317;"160";"CAPIXABA";"Velocidade Incompatível";"Saída de leito carroçável";"Com Vítimas Feridas";"Anoitecer";"Decrescente";"Chuva";"Simples";"Curva";"Não";2;0;0;2;0;0;2;1;-10,60460988;-67,79333806;"SR-AC";"UOP02";"DEL01"
339516;2021-02-08;"segunda";"21:20:00";"MG";262;"812";"UBERABA";"Reação tardia ou ineficiente do condutor";"Capotamento";"Com Vítimas Feridas";"Plena Noite";"Crescente";"Nublado";"Dupla";"Reta";"Sim";1;0;1;0;0;0;1;1;-19,76553214;-48,11855299;"SR-MG";"UOP01";"DEL13"
339517;2021-02-08;"segunda";"18:20:00";"PE";423;"65.8";"CALCADO";"Manobra de mudança de faixa";"Colisão lateral sentido oposto";"Com Vítimas Feridas";"Plena Noite";"Crescente";"Céu Claro";"Simples";"Reta";"Não";2;0;1;0;1;0;1;2;-8,66635578;-36,36564305;"SR-PE";"UOP01";"DEL03"
339518;2021-02-08;"segunda";"17:40:00";"MG";116;"508.4";"UBAPORANGA";"Reação tardia ou ineficiente do condutor";"Colisão transversal";"Com Vítimas Feridas";"Anoitecer";"Crescente";"Nublado";"Simples";"Interseção de vias";"Não";3;0;0;2;1;0;2;2;-19,62776197;-42,10624519;"SR-MG";"UOP02";"DEL06"
339520;2021-02-08;"segunda";"21:50:00";"MG";50;"21";"UBERLANDIA";"Ingestão de álcool pelo condutor";"Colisão com objeto";"Com Vítimas Feridas";"Plena Noite";"Decrescente";"Céu Claro";"Múltipla";"Não Informado";"Sim";1;0;1;0;0;0;1;1;-18,9113;-48,2622;"SR-MG";"UOP01";"DEL15"
339521;2021-02-08;"segunda";"23:15:00";"ES";101;"264.8";"SERRA";"Reação tardia ou ineficiente do condutor";"Atropelamento de Pedestre";"Com Vítimas Feridas";"Plena Noite";"Decrescente";"Céu Claro";"Dupla";"Reta";"Sim";2;0;1;0;0;1;1;1;-20,17292791;-40,26736384;"SR-ES";"UOP01";"DEL02"
339522;2021-02-08;"segunda";"23:15:00";"PR";153;"45.5";"SANTO ANTONIO DA PLATINA";"Acostamento em desnível";"Colisão frontal";"Com Vítimas Fatais";"Plena Noite";"Crescente";"Céu Claro";"Simples";"Reta";"Não";5;1;0;0;4;0;0;3;-23,31948992;-50,06836564;"SR-PR";"UOP03";"DEL07"
339523;2021-02-08;"segunda";"22:00:00";"PR";116;"121";"CURITIBA";"Velocidade Incompatível";"Saída de leito carroçável";"Sem Vítimas";"Pleno dia";"Crescente";"Nublado";"Dupla";"Não Informado";"Não";1;0;0;0;0;1;0;1;-25,5599323;-49,30743945;"SR-PR";"UOP03";"DEL01"
339524;2021-02-09;"terça";"01:15:00";"GO";153;"509.3";"APARECIDA DE GOIANIA";"Animais na Pista";"Atropelamento de Animal";"Com Vítimas Feridas";"Plena Noite";"Decrescente";"Céu Claro";"Múltipla";"Desvio Temporário";"Sim";2;0;1;0;1;0;1;1;-16,78233457;-49,2371285;"SR-GO";"UOP03";"DEL01"
339525;2021-02-09;"terça";"00:40:00";"RS";471;"175.7";"RIO PARDO";"Ingestão de álcool pelo condutor";"Saída de leito carroçável";"Com Vítimas Feridas";"Plena Noite";"Decrescente";"Céu Claro";"Simples";"Interseção de vias";"Não";1;0;1;0;0;0;1;1;-29,99307662;-52,36813545;"SR-RS";"UOP03";"DEL02"
339526;2021-02-09;"terça";"01:45:00";"PR";376;"660";"GUARATUBA";"Velocidade Incompatível";"Tombamento";"Com Vítimas Feridas";"Plena Noite";"Decrescente";"Céu Claro";"Dupla";"Curva";"Não";1;0;1;0;0;0;1;1;-25,8516758;-49,00332398;"SR-PR";"UOP04";"DEL01"
339527;2021-02-08;"segunda";"23:40:00";"MG";381;"723";"CARMO DA CACHOEIRA";"Condutor Dormindo";"Colisão traseira";"Com Vítimas Feridas";"Plena Noite";"Crescente";"Nublado";"Dupla";"Reta";"Não";2;0;0;1;1;0;1;2;-21,47729514;-45,20207819;"SR-MG";"UOP02";"DEL04"
339529;2021-02-09;"terça";"02:20:00";"SP";116;"213";"GUARULHOS";"Condutor Dormindo";"Colisão com objeto";"Com Vítimas Feridas";"Plena Noite";"Decrescente";"Céu Claro";"Múltipla";"Desvio Temporário";"Sim";4;0;0;1;3;0;1;2;-23,43971486;-46,43667806;"SR-SP";"UOP01";"DEL01"
339531;2021-02-09;"terça";"02:00:00";"RO";364;"710";"PORTO VELHO";"Iluminação deficiente";"Tombamento";"Com Vítimas Feridas";"Plena Noite";"Crescente";"Céu Claro";"Simples";"Curva";"Sim";2;0;2;0;0;0;2;1;-8,78448425;-63,85985613;"SR-RO";"UOP01";"DEL01"
339532;2021-02-09;"terça";"03:30:00";"RS";285;"390";"SANTA BARBARA DO SUL";"Condutor Dormindo";"Colisão frontal";"Com Vítimas Feridas";"Plena Noite";"Crescente";"Céu Claro";"Simples";"Desvio Temporário";"Não";2;0;1;0;1;0;1;2;-28,38207839;-53,31031367;"SR-RS";"UOP02";"DEL10"
339533;2021-02-09;"terça";"04:00:00";"SP";381;"34";"ATIBAIA";"Ingestão de álcool pelo condutor";"Saída de leito carroçável";"Sem Vítimas";"Plena Noite";"Decrescente";"Céu Claro";"Dupla";"Não Informado";"Sim";1;0;0;0;1;0;0;1;-23,07989238;-46,56967712;"SR-SP";"UOP01";"DEL03"
339534;2021-02-09;"terça";"05:30:00";"MG";262;"380.2";"JUATUBA";"Ausência de reação do condutor";"Tombamento";"Com Vítimas Feridas";"Amanhecer";"Crescente";"Nublado";"Dupla";"Curva";"Não";1;0;1;0;0;0;1;1;-19,93300957;-44,42390442;"SR-MG";"UOP03";"DEL01"
339535;2021-02-09;"terça";"04:30:00";"MS";376;"130.2";"IVINHEMA";"Condutor Dormindo";"Saída de leito carroçável";"Com Vítimas Fatais";"Amanhecer";"Decrescente";"Céu Claro";"Simples";"Reta";"Não";3;2;0;1;0;0;1;1;-22,3464942;-53,7333601;"SR-MS";"UOP04";"DEL04"
339536;2021-02-09;"terça";"05:10:00";"RJ";116;"174";"BELFORD ROXO";"Condutor Dormindo";"Tombamento";"Com Vítimas Feridas";"Amanhecer";"Decrescente";"Nublado";"Múltipla";"Reta";"Sim";1;0;1;0;0;0;1;1;-22,79423806;-43,36403759;"SR-RJ";"UOP02";"DEL01"
339537;2021-02-08;"segunda";"21:50:00";"SC";470;"178";"POUSO REDONDO";"Velocidade Incompatível";"Colisão lateral";"Com Vítimas Feridas";"Plena Noite";"Crescente";"Céu Claro";"Simples";"Reta";"Sim";2;0;1;0;0;1;1;2;-27,248392;-49,967083;"SR-SC";"UOP02";"DEL04"
339538;2021-02-08;"segunda";"23:30:00";"RN";304;"42";"MOSSORO";"Ingestão de álcool pelo condutor";"Queda de ocupante de veículo";"Com Vítimas Feridas";"Plena Noite";"Decrescente";"Céu Claro";"Dupla";"Reta";"Sim";1;0;1;0;0;0;1;1;-5,21278093;-37,37221494;"SR-RN";"UOP01";"DEL04"
339539;2021-02-08;"segunda";"20:30:00";"MG";116;"215.2";"CATUJI";"Condutor Dormindo";"Saída de leito carroçável";"Com Vítimas Feridas";"Plena Noite";"Decrescente";"Chuva";"Dupla";"Reta";"Não";1;0;1;0;0;0;1;1;-17,36742595;-41,53218172;"SR-MG";"UOP01";"DEL11"
339542;2021-02-09;"terça";"05:20:00";"MT";70;"516";"VARZEA GRANDE";"Condutor deixou de manter distância do veículo da frente";"Colisão traseira";"Com Vítimas Feridas";"Pleno dia";"Crescente";"Sol";"Simples";"Reta";"Sim";2;0;1;0;1;0;1;2;-15,70266387;-56,15306497;"SR-MT";"UOP02";"DEL01"
339543;2021-02-09;"terça";"06:30:00";"BA";324;"550";"AMELIA RODRIGUES";"Demais falhas mecânicas ou elétricas";"Colisão traseira";"Com Vítimas Feridas";"Pleno dia";"Decrescente";"Céu Claro";"Simples";"Reta";"Não";2;0;1;0;1;0;1;2;-12,43832718;-38,72506515;"SR-BA";"UOP03";"DEL01"
339544;2021-02-09;"terça";"05:55:00";"MG";381;"2";"BETIM";"Reação tardia ou ineficiente do condutor";"Saída de leito carroçável";"Com Vítimas Feridas";"Amanhecer";"Crescente";"Céu Claro";"Dupla";"Curva";"Sim";1;0;1;0;0;0;1;1;-19,96825;-44,198708;"SR-MG";"UOP03";"DEL01"
339545;2021-02-09;"terça";"06:50:00";"RS";116;"390.1";"CAMAQUA";"Acesso irregular";"Colisão frontal";"Sem Vítimas";"Pleno dia";"Crescente";"Céu Claro";"Dupla";"Reta";"Sim";2;0;0;0;2;0;0;2;-30,82529619;-51,71781998;"SR-RS";"UOP02";"DEL02"
339546;2021-02-09;"terça";"05:50:00";"RO";364;"700";"PORTO VELHO";"Pista esburacada";"Queda de ocupante de veículo";"Com Vítimas Feridas";"Amanhecer";"Decrescente";"Céu Claro";"Dupla";"Reta";"Não";2;0;0;1;1;0;1;1;-8,800676;-63,769512;"SR-RO";"UOP01";"DEL01"
339547;2021-02-09;"terça";"06:50:00";"SC";101;"201";"SAO JOSE";"Ausência de reação do condutor";"Saída de leito carroçável";"Com Vítimas Feridas";"Pleno dia";"Decrescente";"Sol";"Múltipla";"Reta";"Sim";1;0;1;0;0;0;1;1;-27,54836599;-48,61977975;"SR-SC";"UOP01";"DEL01"
339549;2021-02-09;"terça";"07:10:00";"PR";476;"147";"CURITIBA";"Condutor deixou de manter distância do veículo da frente";"Colisão lateral";"Com Vítimas Feridas";"Pleno dia";"Crescente";"Céu Claro";"Dupla";"Reta";"Não";2;0;1;0;1;0;1;2;-25,554628;-49,339268;"SR-PR";"UOP03";"DEL01"
339550;2021-02-09;"terça";"06:10:00";"PB";230;"41.3";"SANTA RITA";"Ingestão de álcool ou de substâncias psicoativas pelo pedestre";"Atropelamento de Pedestre";"Com Vítimas Fatais";"Pleno dia";"Crescente";"Céu Claro";"Dupla";"Curva";"Sim";3;1;0;0;0;2;0;1;-7,14190715;-34,99408901;"SR-PB";"UOP03";"DEL01"
339551;2021-02-09;"terça";"07:50:00";"SP";101;"49";"UBATUBA";"Trafegar com motocicleta (ou similar) entre as faixas";"Colisão transversal";"Com Vítimas Feridas";"Amanhecer";"Decrescente";"Sol";"Simples";"Interseção de vias";"Sim";4;0;0;1;2;1;1;2;-23,44881757;-45,07889986;"SR-SP";"UOP02";"DEL06"
339552;2021-02-09;"terça";"06:00:00";"RS";153;"20";"SEVERIANO DE ALMEIDA";"Condutor Dormindo";"Saída de leito carroçável";"Com Vítimas Feridas";"Amanhecer";"Decrescente";"Céu Claro";"Simples";"Curva";"Não";1;0;1;0;0;0;1;1;-27,46701184;-52,10387543;"SR-RS";"UOP04";"DEL08"
339553;2021-02-09;"terça";"07:45:00";"PE";101;"75";"RECIFE";"Área urbana sem a presença de local apropriado para a travessia de pedestres";"Atropelamento de Pedestre";"Com Vítimas Feridas";"Pleno dia";"Crescente";"Céu Claro";"Dupla";"Reta";"Sim";2;0;1;0;1;0;1;1;-8,10973523;-34,94660151;"SR-PE";"UOP01";"DEL01"
339554;2021-02-09;"terça";"07:10:00";"MT";70;"514";"VARZEA GRANDE";"Semáforo com defeito";"Colisão transversal";"Com Vítimas Feridas";"Pleno dia";"Decrescente";"Céu Claro";"Simples";"Interseção de vias";"Sim";2;0;1;0;1;0;1;2;-15,70618302;-56,13254168;"SR-MT";"UOP02";"DEL01"
339555;2021-02-09;"terça";"07:20:00";"RO";174;"15";"VILHENA";"Acessar a via sem observar a presença dos outros veículos";"Colisão transversal";"Com Vítimas Feridas";"Pleno dia";"Decrescente";"Céu Claro";"Simples";"Interseção de vias";"Sim";2;0;1;0;1;0;1;2;-12,723321;-60,12801;"SR-RO";"UOP01";"DEL04"
339556;2021-02-09;"terça";"08:30:00";"PE";423;"31.3";"SAO CAITANO";"Frear bruscamente";"Colisão lateral mesmo sentido";"Com Vítimas Feridas";"Pleno dia";"Decrescente";"Céu Claro";"Simples";"Reta";"Não";5;0;4;1;0;0;5;2;-8,42715582;-36,19793533;"SR-PE";"UOP02";"DEL02"
339557;2021-02-09;"terça";"07:30:00";"SC";101;"113.3";"ITAJAI";"Reação tardia ou ineficiente do condutor";"Colisão traseira";"Com Vítimas Feridas";"Pleno dia";"Decrescente";"Nublado";"Múltipla";"Reta";"Sim";2;0;1;0;1;0;1;2;-26,85311393;-48,72689927;"SR-SC";"UOP04";"DEL04"
339558;2021-02-08;"segunda";"17:00:00";"AM";174;"1077";"PRESIDENTE FIGUEIREDO";"Ausência de reação do condutor";"Tombamento";"Com Vítimas Feridas";"Plena Noite";"Crescente";"Chuva";"Simples";"Curva";"Não";1;0;0;1;0;0;1;1;-1,37781965;-60,34483278;"SR-AM";"UOP02";"DEL01"
339559;2021-02-08;"segunda";"12:15:00";"AM";174;"1001";"PRESIDENTE FIGUEIREDO";"Reação tardia ou ineficiente do condutor";"Tombamento";"Com Vítimas Feridas";"Pleno dia";"Crescente";"Céu Claro";"Simples";"Reta";"Não";1;0;1;0;0;0;1;1;-1,9599452663;-60,0360645386;"SR-AM";"UOP02";"DEL01"
339560;2021-02-09;"terça";"08:40:00";"SC";101;"208";"SAO JOSE";"Manobra de mudança de faixa";"Colisão traseira";"Com Vítimas Feridas";"Pleno dia";"Crescente";"Céu Claro";"Dupla";"Reta";"Não";2;0;1;0;1;0;1;2;-27,60327979;-48,63201818;"SR-SC";"UOP01";"DEL01"
339561;2021-02-09;"terça";"08:10:00";"BA";324;"616";"SALVADOR";"Reação tardia ou ineficiente do condutor";"Colisão traseira";"Com Vítimas Feridas";"Pleno dia";"Crescente";"Céu Claro";"Dupla";"Reta";"Sim";3;0;2;0;1;0;2;3;-12,87957905;-38,43213893;"SR-BA";"UOP01";"DEL01"
339562;2021-02-09;"terça";"07:46:00";"MG";40;"521.9";"CONTAGEM";"Condutor deixou de manter distância do veículo da frente";"Colisão traseira";"Com Vítimas Feridas";"Pleno dia";"Crescente";"Nublado";"Dupla";"Reta";"Sim";2;0;1;0;1;0;1;2;-19,85651501;-44,07213222;"SR-MG";"UOP02";"DEL01"
339563;2021-02-09;"terça";"09:00:00";"PE";101;"42";"IGARASSU";"Pedestre cruzava a pista fora da faixa";"Atropelamento de Pedestre";"Com Vítimas Feridas";"Pleno dia";"Crescente";"Céu Claro";"Dupla";"Reta";"Sim";2;0;0;1;1;0;1;1;-7,83887431;-34,91196739;"SR-PE";"UOP02";"DEL01"
339564;2021-02-09;"terça";"09:00:00";"GO";40;"8.8";"LUZIANIA";"Demais falhas mecânicas ou elétricas";"Tombamento";"Com Vítimas Feridas";"Pleno dia";"Decrescente";"Céu Claro";"Dupla";"Reta";"Sim";1;0;1;0;0;0;1;1;-16,116158;-47,96761;"SR-DF";"UOP01";"DEL01"
339565;2021-02-09;"terça";"08:05:00";"PR";476;"115";"COLOMBO";"Condutor deixou de manter distância do veículo da frente";"Colisão lateral";"Com Vítimas Feridas";"Pleno dia";"Crescente";"Céu Claro";"Dupla";"Curva";"Sim";3;0;2;0;1;0;2;2;-25,344196;-49,159679;"SR-PR";"UOP02";"DEL01"
339566;2021-02-09;"terça";"07:50:00";"MG";40;"510";"RIBEIRAO DAS NEVES";"Avarias e/ou desgaste excessivo no pneu";"Queda de ocupante de veículo";"Com Vítimas Feridas";"Pleno dia";"Crescente";"Céu Claro";"Dupla";"Reta";"Sim";1;0;1;0;0;0;1;1;-19,77463885;-44,12321882;"SR-MG";"UOP02";"DEL01"
339567;2021-02-09;"terça";"09:10:00";"SC";470;"129.9";"LONTRAS";"Condutor deixou de manter distância do veículo da frente";"Colisão traseira";"Com Vítimas Feridas";"Pleno dia";"Crescente";"Céu Claro";"Simples";"Reta";"Não";2;0;1;0;1;0;1;2;-27,148499;-49,556137;"SR-SC";"UOP02";"DEL04"
339568;2021-02-09;"terça";"09:58:00";"BA";324;"612";"SIMOES FILHO";"Reação tardia ou ineficiente do condutor";"Engavetamento";"Com Vítimas Feridas";"Pleno dia";"Crescente";"Céu Claro";"Dupla";"Reta";"Não";4;0;2;0;2;0;2;3;-12,84664721;-38,41741648;"SR-BA";"UOP01";"DEL01"
339569;2021-02-09;"terça";"07:35:00";"SC";470;"134.8";"RIO DO SUL";"Condutor deixou de manter distância do veículo da frente";"Engavetamento";"Com Vítimas Feridas";"Pleno dia";"Crescente";"Sol";"Simples";"Reta";"Sim";3;0;1;0;2;0;1;3;-27,17856888;-49,59533215;"SR-SC";"UOP02";"DEL04"
339570;2021-02-09;"terça";"09:10:00";"SP";116;"112.8";"TAUBATE";"Obstrução na via";"Colisão traseira";"Sem Vítimas";"Pleno dia";"Crescente";"Céu Claro";"Dupla";"Reta";"Não";2;0;0;0;2;0;0;2;-23,04159343;-45,57065616;"SR-SP";"UOP02";"DEL02"
339571;2021-02-09;"terça";"09:30:00";"PA";316;"103";"SANTA MARIA DO PARA";"Retorno proibido";"Colisão transversal";"Com Vítimas Feridas";"Pleno dia";"Decrescente";"Céu Claro";"Simples";"Reta";"Sim";3;0;0;1;2;0;1;2;-1,33943754;-47,57938385;"SR-PA";"UOP02";"DEL01"
339572;2021-02-09;"terça";"09:30:00";"PI";343;"15.3";"PARNAIBA";"Acesso irregular";"Colisão transversal";"Com Vítimas Feridas";"Pleno dia";"Decrescente";"Céu Claro";"Simples";"Reta";"Sim";2;0;1;0;1;0;1;2;-2,93659;-41,754936;"SR-PI";"UOP01";"DEL05"
339573;2021-02-09;"terça";"09:40:00";"PI";316;"297";"PICOS";"Frear bruscamente";"Saída de leito carroçável";"Com Vítimas Feridas";"Pleno dia";"Crescente";"Chuva";"Simples";"Desvio Temporário";"Não";1;0;1;0;0;0;1;1;-7,02245207;-41,56280109;"SR-PI";"UOP01";"DEL04"
339574;2021-01-18;"segunda";"05:50:00";"GO";60;"98";"ANAPOLIS";"Manobra de mudança de faixa";"Saída de leito carroçável";"Com Vítimas Feridas";"Amanhecer";"Crescente";"Céu Claro";"Dupla";"Reta";"Sim";3;0;0;1;2;0;1;3;-16,3846;-48,9541;"SR-GO";"UOP01";"DEL02"
339576;2021-02-09;"terça";"10:25:00";"PB";230;"12";"CABEDELO";"Acumulo de óleo sobre o pavimento";"Tombamento";"Com Vítimas Feridas";"Pleno dia";"Crescente";"Sol";"Dupla";"Curva";"Sim";2;0;0;1;1;0;1;1;-7,07302449;-34,84974861;"SR-PB";"UOP01";"DEL01"
339577;2021-02-09;"terça";"10:35:00";"MG";40;"526.5";"CONTAGEM";"Demais falhas mecânicas ou elétricas";"Incêndio";"Sem Vítimas";"Pleno dia";"Decrescente";"Céu Claro";"Dupla";"Reta";"Sim";1;0;0;0;1;0;0;1;-19,89255399;-44,04985478;"SR-MG";"UOP02";"DEL01"
339578;2021-02-09;"terça";"10:45:00";"SP";116;"287";"ITAPECERICA DA SERRA";"Acessar a via sem observar a presença dos outros veículos";"Colisão traseira";"Com Vítimas Feridas";"Pleno dia";"Decrescente";"Céu Claro";"Dupla";"Curva";"Não";4;0;1;0;3;0;1;2;-23,71441779;-46,87929634;"SR-SP";"UOP01";"DEL04"
339579;2021-02-09;"terça";"10:25:00";"ES";262;"125.4";"CONCEICAO DO CASTELO";"Transitar no acostamento";"Colisão lateral";"Com Vítimas Feridas";"Pleno dia";"Crescente";"Chuva";"Simples";"Não Informado";"Não";3;0;2;0;1;0;2;2;-20,27994144;-41,26114078;"SR-ES";"UOP02";"DEL01"
339580;2021-02-09;"terça";"09:00:00";"SC";101;"84.5";"BARRA VELHA";"Ingestão de álcool pelo condutor";"Saída de leito carroçável";"Com Vítimas Feridas";"Pleno dia";"Crescente";"Céu Claro";"Simples";"Reta";"Sim";4;0;0;1;2;1;1;1;-26,62404682;-48,71394986;"SR-SC";"UOP02";"DEL03"
339581;2021-02-09;"terça";"08:10:00";"RJ";40;"123";"DUQUE DE CAXIAS";"Carga excessiva e/ou mal acondicionada";"Tombamento";"Sem Vítimas";"Pleno dia";"Decrescente";"Céu Claro";"Simples";"Retorno Regulamentado";"Sim";1;0;0;0;1;0;0;1;-22,79965379;-43,28942657;"SR-RJ";"UOP01";"DEL01"
339582;2021-02-09;"terça";"09:30:00";"PR";476;"348";"PAULA FREITAS";"Acessar a via sem observar a presença dos outros veículos";"Colisão transversal";"Com Vítimas Feridas";"Pleno dia";"Decrescente";"Céu Claro";"Simples";"Curva";"Não";2;0;1;0;1;0;1;2;-26,181463;-50,960186;"SR-PR";"UOP03";"DEL02"