"id";"data_inversa";"dia_semana";"horario";"uf";"br";"km";"municipio";"causa_acidente";"tipo_acidente";"classificacao_acidente";"fase_dia";"sentido_via";"condicao_metereologica";"tipo_pista";"tracado_via";"uso_solo";"pessoas";"mortos";"feridos_leves";"feridos_graves";"ilesos";"ignorados";"feridos";"veiculos";"latitude";"longitude";"regional";"delegacia";"uop"
339583;2021-02-09;"terça";"11:20:00";"PR";476;"141.2";"CURITIBA";"Manobra de mudança de faixa";"Colisão lateral mesmo sentido";"Com Vítimas Feridas";"Pleno dia";"Crescente";"Céu Claro";"Dupla";"Reta";"Não";2;0;1;0;0;1;1;2;-25,528614;-49,298798;"SR-PR";"UOP03";"DEL01"
339584;2021-01-24;"domingo";"08:30:00";"GO";153;"501.2";"GOIANIA";"Ingestão de álcool pelo condutor";"Colisão lateral mesmo sentido";"Com Vítimas Feridas";"Pleno dia";"Crescente";"Céu Claro";"Dupla";"Reta";"Sim";2;0;2;0;0;0;2;2;-16,7189;-49,2382;"SR-GO";"UOP01";"DEL01"
339586;2021-02-09;"terça";"10:45:00";"RO";319;"60.3";"PORTO VELHO";"Acessar a via sem observar a presença dos outros veículos";"Colisão lateral";"Sem Vítimas";"Pleno dia";"Crescente";"Céu Claro";"Dupla";"Reta";"Sim";4;0;0;0;4;0;0;2;-8,766685;-63,884052;"SR-RO";"UOP01";"DEL01"
339587;2021-01-20;"quarta";"13:00:00";"PA";230;"122";"MARABA";"Desrespeitar a preferência no cruzamento";"Colisão transversal";"Com Vítimas Feridas";"Pleno dia";"Decrescente";"Garoa/Chuvisco";"Dupla";"Reta";"Sim";2;0;0;1;1;0;1;2;-5,36137537;-49,12376139;"SR-PA";"UOP01";"DEL03"
339588;2021-02-09;"terça";"11:00:00";"SC";282;"17.7";"PALHOCA";"Acessar a via sem observar a presença dos outros veículos";"Colisão transversal";"Sem Vítimas";"Pleno dia";"Crescente";"Céu Claro";"Dupla";"Reta";"Sim";2;0;0;0;2;0;0;2;-27,665707;-48,688065;"SR-SC";"UOP02";"DEL01"
339589;2021-02-09;"terça";"11:50:00";"SC";101;"208";"SAO JOSE";"Reação tardia ou ineficiente do condutor";"Tombamento";"Com Vítimas Feridas";"Pleno dia";"Decrescente";"Sol";"Múltipla";"Não Informado";"Sim";2;0;2;0;0;0;2;1;-27,60327979;-48,63201818;"SR-SC";"UOP01";"DEL01"
339590;2021-02-09;"terça";"11:50:00";"PR";373;"180.9";"PONTA GROSSA";"Acessar a via sem observar a presença dos outros veículos";"Colisão lateral";"Com Vítimas Feridas";"Pleno dia";"Crescente";"Céu Claro";"Dupla";"Reta";"Sim";4;0;2;0;2;0;2;2;-25,03983629;-50,24852895;"SR-PR";"UAP01";"DEL03"
339591;2021-02-09;"terça";"11:50:00";"PR";376;"186";"SARANDI";"Acessar a via sem observar a presença dos outros veículos";"Colisão transversal";"Com Vítimas Feridas";"Pleno dia";"Crescente";"Céu Claro";"Dupla";"Reta";"Não";2;0;1;0;1;0;1;2;-23,45643624;-51,84510713;"SR-PR";"UOP01";"DEL09"
339592;2021-02-01;"segunda";"10:10:00";"RS";470;"217";"BENTO GONCALVES";"Acessar a via sem observar a presença dos outros veículos";"Colisão transversal";"Com Vítimas Feridas";"Pleno dia";"Decrescente";"Céu Claro";"Simples";"Rotatória";"Sim";2;0;1;0;1;0;1;2;-29,16462512;-51,52551964;"SR-RS";"UOP01";"DEL06"
339593;2021-02-09;"terça";"09:10:00";"RS";386;"296";"POUSO NOVO";"Velocidade Incompatível";"Saída de leito carroçável";"Com Vítimas Feridas";"Pleno dia";"Crescente";"Céu Claro";"Simples";"Curva";"Não";1;0;0;1;0;0;1;1;-29,136362;-52,24575;"SR-RS";"UOP01";"DEL04"
339594;2021-02-09;"terça";"11:30:00";"MG";381;"518.2";"IGARAPE";"Manobra de mudança de faixa";"Colisão lateral mesmo sentido";"Sem Vítimas";"Pleno dia";"Decrescente";"Céu Claro";"Dupla";"Desvio Temporário";"Não";2;0;0;0;2;0;0;2;-20,12065395;-44,30242562;"SR-MG";"UOP03";"DEL04"
339595;2021-02-09;"terça";"08:30:00";"GO";153;"52";"PORANGATU";"Ausência de reação do condutor";"Saída de leito carroçável";"Sem Vítimas";"Pleno dia";"Crescente";"Sol";"Simples";"Reta";"Não";1;0;0;0;0;1;0;1;-13,273686;-49,130573;"SR-GO";"UOP01";"DEL07"
339596;2021-01-30;"sábado";"15:00:00";"CE";116;"24";"ITAITINGA";"Acesso irregular";"Colisão transversal";"Com Vítimas Feridas";"Pleno dia";"Crescente";"Céu Claro";"Múltipla";"Reta";"Sim";2;0;0;2;0;0;2;2;-3,95797982;-38,5131124;"SR-CE";"UOP02";"DEL01"
339597;2021-02-09;"terça";"12:00:00";"MG";40;"549";"NOVA LIMA";"Condutor deixou de manter distância do veículo da frente";"Colisão traseira";"Com Vítimas Feridas";"Pleno dia";"Crescente";"Céu Claro";"Dupla";"Não Informado";"Sim";2;0;1;0;1;0;1;2;-20,03972326;-43,96703232;"SR-MG";"UOP02";"DEL01"
339598;2021-02-09;"terça";"11:55:00";"MG";40;"717.6";"BARBACENA";"Velocidade Incompatível";"Colisão com objeto";"Com Vítimas Feridas";"Pleno dia";"Decrescente";"Chuva";"Dupla";"Curva";"Não";2;0;1;0;1;0;1;1;-21,28380155;-43,64308996;"SR-MG";"UOP01";"DEL05"
339599;2021-02-09;"terça";"12:10:00";"MA";135;"8.8";"SAO LUIS";"Ausência de reação do condutor";"Colisão traseira";"Com Vítimas Feridas";"Pleno dia";"Decrescente";"Céu Claro";"Dupla";"Reta";"Não";2;0;1;0;1;0;1;2;-2,64342093;-44,27374175;"SR-MA";"UOP01";"DEL01"
339600;2021-02-09;"terça";"12:40:00";"SC";470;"122.5";"RIO DO SUL";"Conversão proibida";"Colisão lateral";"Com Vítimas Feridas";"Pleno dia";"Crescente";"Céu Claro";"Simples";"Não Informado";"Não";4;0;2;0;2;0;2;2;-27,120506;-49,534946;"SR-SC";"UOP02";"DEL04"
339601;2021-02-09;"terça";"12:30:00";"SC";101;"324";"CAPIVARI DE BAIXO";"Objeto estático sobre o leito carroçável";"Colisão com objeto";"Com Vítimas Feridas";"Pleno dia";"Crescente";"Céu Claro";"Dupla";"Curva";"Sim";1;0;1;0;0;0;1;1;-28,42478807;-48,94194603;"SR-SC";"UOP01";"DEL02"
339602;2021-02-09;"terça";"12:10:00";"MG";116;"755.2";"LEOPOLDINA";"Curva acentuada";"Tombamento";"Sem Vítimas";"Pleno dia";"Decrescente";"Chuva";"Simples";"Curva";"Não";1;0;0;0;1;0;0;1;-21,48725603;-42,57777783;"SR-MG";"UOP01";"DEL07"
339603;2021-02-09;"terça";"12:55:00";"CE";222;"10.4";"CAUCAIA";"Ausência de reação do condutor";"Colisão traseira";"Com Vítimas Feridas";"Pleno dia";"Decrescente";"Céu Claro";"Dupla";"Reta";"Sim";2;0;1;0;1;0;1;2;-3,76186908;-38,65413796;"SR-CE";"UOP01";"DEL01"
339609;2021-02-09;"terça";"00:30:00";"BA";101;"60";"ENTRE RIOS";"Declive acentuado";"Capotamento";"Sem Vítimas";"Plena Noite";"Crescente";"Céu Claro";"Dupla";"Não Informado";"Não";1;0;0;0;1;0;0;1;-11,9387068;-38,05647969;"SR-BA";"UOP04";"DEL01"
339610;2021-02-09;"terça";"12:20:00";"RS";293;"89";"PIRATINI";"Objeto estático sobre o leito carroçável";"Tombamento";"Com Vítimas Feridas";"Pleno dia";"Decrescente";"Céu Claro";"Simples";"Reta";"Não";1;0;1;0;0;0;1;1;-31,63682798;-53,206727;"SR-RS";"UOP01";"DEL07"
339611;2021-02-09;"terça";"13:08:00";"PR";277;"207.9";"TEIXEIRA SOARES";"Condutor Dormindo";"Saída de leito carroçável";"Com Vítimas Feridas";"Pleno dia";"Decrescente";"Céu Claro";"Simples";"Curva";"Não";4;0;1;3;0;0;4;1;-25,460247;-50,342658;"SR-PR";"UOP03";"DEL03"
339613;2021-02-09;"terça";"13:30:00";"MG";146;"471.5";"CABO VERDE";"Manobra de mudança de faixa";"Colisão traseira";"Com Vítimas Feridas";"Pleno dia";"Crescente";"Nublado";"Simples";"Reta";"Sim";3;0;1;0;1;1;1;2;-21,474006;-46,401181;"SR-MG";"UOP01";"DEL09"
339614;2021-02-09;"terça";"12:40:00";"GO";60;"212.2";"VARJAO";"Acesso irregular";"Colisão transversal";"Com Vítimas Feridas";"Pleno dia";"Crescente";"Céu Claro";"Dupla";"Reta";"Não";3;0;3;0;0;0;3;2;-16,9521;-49,6829;"SR-GO";"UOP02";"DEL01"
339615;2021-02-09;"terça";"13:30:00";"MG";381;"305";"ANTONIO DIAS";"Reação tardia ou ineficiente do condutor";"Colisão com objeto";"Com Vítimas Feridas";"Pleno dia";"Decrescente";"Nublado";"Simples";"Reta";"Não";1;0;0;1;0;0;1;1;-19,63172577;-42,89702307;"SR-MG";"UOP02";"DEL03"
339616;2021-02-09;"terça";"12:35:00";"PB";230;"105.5";"MOGEIRO";"Ausência de reação do condutor";"Saída de leito carroçável";"Com Vítimas Fatais";"Pleno dia";"Decrescente";"Nublado";"Dupla";"Curva";"Não";1;1;0;0;0;0;0;1;-7,2075;-35,5248;"SR-PB";"UOP03";"DEL01"
339617;2021-02-09;"terça";"13:40:00";"RN";110;"47.6";"MOSSORO";"Ultrapassagem Indevida";"Tombamento";"Com Vítimas Feridas";"Pleno dia";"Decrescente";"Céu Claro";"Simples";"Reta";"Sim";2;0;1;0;1;0;1;2;-5,20338376;-37,32563418;"SR-RN";"UOP01";"DEL04"
339618;2021-02-09;"terça";"11:15:00";"AL";101;"185";"JUNQUEIRO";"Conversão proibida";"Colisão transversal";"Com Vítimas Feridas";"Pleno dia";"Decrescente";"Céu Claro";"Dupla";"Reta";"Não";3;0;1;0;2;0;1;2;-9,89778998;-36,447429;"SR-AL";"UOP02";"DEL02"
339620;2021-02-09;"terça";"14:25:00";"PE";232;"73.8";"GRAVATA";"Condutor deixou de manter distância do veículo da frente";"Colisão traseira";"Com Vítimas Feridas";"Pleno dia";"Decrescente";"Céu Claro";"Dupla";"Reta";"Não";4;0;0;2;2;0;2;3;-8,19060018;-35,50931093;"SR-PE";"UOP04";"DEL01"
339621;2021-02-09;"terça";"13:50:00";"RS";101;"3";"MAQUINE";"Acessar a via sem observar a presença dos outros veículos";"Colisão transversal";"Com Vítimas Feridas";"Pleno dia";"Crescente";"Céu Claro";"Simples";"Interseção de vias";"Sim";3;0;3;0;0;0;3;2;-29,70445551;-50,19584656;"SR-RS";"UOP01";"DEL03"
339622;2021-02-09;"terça";"12:50:00";"SC";101;"35";"JOINVILLE";"Avarias e/ou desgaste excessivo no pneu";"Queda de ocupante de veículo";"Com Vítimas Feridas";"Pleno dia";"Crescente";"Sol";"Dupla";"Curva";"Não";1;0;0;1;0;0;1;1;-26,2411301;-48,91227415;"SR-SC";"UOP01";"DEL03"
339623;2021-02-09;"terça";"14:05:00";"RS";290;"37.3";"SANTO ANTONIO DA PATRULHA";"Condutor deixou de manter distância do veículo da frente";"Colisão lateral";"Com Vítimas Feridas";"Pleno dia";"Crescente";"Céu Claro";"Dupla";"Reta";"Não";3;0;2;0;1;0;2;2;-29,885529;-50,62759;"SR-RS";"UOP01";"DEL03"
339624;2021-02-09;"terça";"14:20:00";"GO";452;"13.8";"RIO VERDE";"Ultrapassagem Indevida";"Colisão transversal";"Com Vítimas Feridas";"Pleno dia";"Crescente";"Sol";"Simples";"Não Informado";"Não";4;0;2;2;0;0;4;2;-17,8421988;-50,79337593;"SR-GO";"UOP01";"DEL04"
339625;2021-02-09;"terça";"10:15:00";"AC";364;"124";"RIO BRANCO";"Desrespeitar a preferência no cruzamento";"Colisão lateral";"Com Vítimas Feridas";"Pleno dia";"Crescente";"Nublado";"Dupla";"Rotatória";"Não";3;0;2;0;1;0;2;3;-10,01152469;-67,79140099;"SR-AC";"UOP01";"DEL01"
339626;2021-02-09;"terça";"13:30:00";"MG";262;"739.1";"PERDIZES";"Acessar a via sem observar a presença dos outros veículos";"Colisão transversal";"Com Vítimas Feridas";"Pleno dia";"Crescente";"Céu Claro";"Simples";"Reta";"Não";3;0;2;0;1;0;2;2;-19,61106579;-47,41191998;"SR-MG";"UOP01";"DEL08"
339628;2021-02-09;"terça";"13:30:00";"ES";393;"0.3";"CACHOEIRO DE ITAPEMIRIM";"Condutor deixou de manter distância do veículo da frente";"Tombamento";"Com Vítimas Feridas";"Pleno dia";"Decrescente";"Nublado";"Simples";"Reta";"Sim";1;0;1;0;0;0;1;1;-20,841324;-41,15929;"SR-ES";"UOP02";"DEL03"
339631;2021-02-09;"terça";"13:45:00";"PR";277;"650.8";"MATELANDIA";"Acessar a via sem observar a presença dos outros veículos";"Colisão transversal";"Com Vítimas Feridas";"Pleno dia";"Crescente";"Nublado";"Simples";"Retorno Regulamentado";"Sim";2;0;1;0;1;0;1;2;-25,19035881;-53,93738222;"SR-PR";"UOP02";"DEL05"
339632;2021-02-09;"terça";"12:20:00";"MG";262;"425.2";"IGARATINGA";"Condutor Dormindo";"Capotamento";"Com Vítimas Feridas";"Pleno dia";"Crescente";"Sol";"Simples";"Reta";"Não";3;0;2;1;0;0;3;1;-19,89040018;-44,80396271;"SR-MG";"UOP03";"DEL08"
339634;2021-02-09;"terça";"13:45:00";"SC";101;"203";"SAO JOSE";"Condutor deixou de manter distância do veículo da frente";"Colisão traseira";"Com Vítimas Feridas";"Pleno dia";"Crescente";"Céu Claro";"Simples";"Reta";"Sim";2;0;1;0;1;0;1;2;-27,5650044;-48,61460082;"SR-SC";"UOP01";"DEL01"
339637;2021-02-09;"terça";"14:40:00";"PR";376;"599";"CURITIBA";"Pedestre cruzava a pista fora da faixa";"Atropelamento de Pedestre";"Com Vítimas Feridas";"Pleno dia";"Crescente";"Céu Claro";"Dupla";"Não Informado";"Sim";2;0;0;1;1;0;1;1;-25,52629711;-49,32958412;"SR-PR";"UOP01";"DEL01"
339638;2021-02-09;"terça";"12:30:00";"MG";381;"525.5";"BRUMADINHO";"Chuva";"Saída de leito carroçável";"Sem Vítimas";"Pleno dia";"Crescente";"Chuva";"Dupla";"Curva";"Não";1;0;0;0;1;0;0;1;-20,16710798;-44,33422398;"SR-MG";"UOP03";"DEL04"
339639;2021-02-09;"terça";"15:27:00";"GO";40;"9";"LUZIANIA";"Acessar a via sem observar a presença dos outros veículos";"Colisão lateral sentido oposto";"Com Vítimas Feridas";"Pleno dia";"Decrescente";"Sol";"Dupla";"Reta";"Sim";2;0;1;0;1;0;1;2;-16,131158;-47,957739;"SR-DF";"UOP01";"DEL01"
339640;2021-02-09;"terça";"14:20:00";"SC";101;"104.4";"PENHA";"Acessar a via sem observar a presença dos outros veículos";"Colisão lateral mesmo sentido";"Com Vítimas Feridas";"Pleno dia";"Crescente";"Céu Claro";"Dupla";"Reta";"Não";2;0;1;0;1;0;1;2;-26,79281742;-48,68080819;"SR-SC";"UOP02";"DEL03"
339641;2021-02-09;"terça";"13:45:00";"RS";293;"101.1";"PINHEIRO MACHADO";"Afundamento ou ondulação no pavimento";"Tombamento";"Com Vítimas Feridas";"Pleno dia";"Decrescente";"Céu Claro";"Simples";"Reta";"Não";1;0;1;0;0;0;1;1;-31,60340019;-53,32116311;"SR-RS";"UOP03";"DEL11"
339642;2021-02-09;"terça";"14:45:00";"RS";290;"144.3";"ELDORADO DO SUL";"Reação tardia ou ineficiente do condutor";"Colisão traseira";"Com Vítimas Feridas";"Pleno dia";"Decrescente";"Céu Claro";"Simples";"Não Informado";"Sim";3;0;1;1;1;0;2;3;-30,096939;-51,647282;"SR-RS";"UOP01";"DEL02"
339643;2021-02-09;"terça";"15:30:00";"PR";163;"41.8";"PRANCHITA";"Desrespeitar a preferência no cruzamento";"Colisão transversal";"Com Vítimas Feridas";"Pleno dia";"Crescente";"Céu Claro";"Simples";"Interseção de vias";"Sim";2;0;1;0;1;0;1;2;-26,012802;-53,733321;"SR-PR";"UOP02";"DEL02"
339644;2021-02-09;"terça";"16:20:00";"BA";101;"884";"TEIXEIRA DE FREITAS";"Demais falhas mecânicas ou elétricas";"Eventos atípicos";"Com Vítimas Feridas";"Pleno dia";"Crescente";"Nublado";"Simples";"Curva";"Não";3;0;0;1;2;0;1;2;-17,60020087;-39,74937279;"SR-BA";"UOP02";"DEL09"
339646;2021-02-09;"terça";"16:00:00";"PE";423;"95.6";"GARANHUNS";"Condutor deixou de manter distância do veículo da frente";"Engavetamento";"Sem Vítimas";"Pleno dia";"Crescente";"Céu Claro";"Simples";"Reta";"Sim";3;0;0;0;2;1;0;3;-8,87926277;-36,4855957;"SR-PE";"UOP01";"DEL03"
339647;2021-02-09;"terça";"15:25:00";"RO";364;"240";"CACOAL";"Manobra de mudança de faixa";"Colisão traseira";"Com Vítimas Feridas";"Pleno dia";"Crescente";"Nublado";"Simples";"Reta";"Sim";3;0;2;0;1;0;2;2;-11,43861671;-61,47544742;"SR-RO";"UOP02";"DEL02"
339648;2021-01-21;"quinta";"06:00:00";"SC";101;"186.1";"BIGUACU";"Velocidade Incompatível";"Colisão com objeto";"Sem Vítimas";"Pleno dia";"Crescente";"Chuva";"Múltipla";"Curva";"Sim";2;0;0;0;2;0;0;2;-27,4341098;-48,62567129;"SR-SC";"UOP01";"DEL01"
339651;2021-02-09;"terça";"14:00:00";"MG";116;"188.2";"CARAI";"Chuva";"Saída de leito carroçável";"Com Vítimas Fatais";"Pleno dia";"Decrescente";"Chuva";"Simples";"Desvio Temporário";"Não";7;2;1;1;0;3;2;1;-17,14755506;-41,5022543;"SR-MG";"UOP01";"DEL11"
339655;2021-01-09;"sábado";"02:13:00";"SP";116;"128.5";"CACAPAVA";"Condutor deixou de manter distância do veículo da frente";"Colisão traseira";"Com Vítimas Feridas";"Anoitecer";"Decrescente";"Céu Claro";"Dupla";"Reta";"Sim";2;0;1;0;1;0;1;2;-23,11454664;-45,71105567;"SR-SP";"UOP02";"DEL02"
339656;2021-01-02;"sábado";"21:30:00";"PA";230;"720";"MEDICILANDIA";"Ingestão de álcool pelo condutor";"Colisão com objeto";"Sem Vítimas";"Plena Noite";"Decrescente";"Céu Claro";"Simples";"Reta";"Sim";3;0;0;0;3;0;0;2;-3,37824069;-52,82329559;"SR-PA";"UOP01";"DEL04"
339657;2021-02-09;"terça";"16:30:00";"RN";110;"36.6";"MOSSORO";"Animais na Pista";"Atropelamento de Animal";"Com Vítimas Feridas";"Pleno dia";"Decrescente";"Nublado";"Simples";"Reta";"Não";2;0;1;1;0;0;2;1;-5,16877677;-37,23530801;"SR-RN";"UOP01";"DEL04"
339658;2021-02-09;"terça";"16:30:00";"AL";101;"151.2";"JEQUIA DA PRAIA";"Mal súbito do condutor";"Saída de leito carroçável";"Com Vítimas Fatais";"Pleno dia";"Decrescente";"Céu Claro";"Dupla";"Reta";"Não";1;1;0;0;0;0;0;1;-9,8900974;-36,15847202;"SR-AL";"UOP02";"DEL02"
339659;2021-02-09;"terça";"12:44:00";"MG";381;"528";"BRUMADINHO";"Velocidade Incompatível";"Saída de leito carroçável";"Sem Vítimas";"Pleno dia";"Decrescente";"Chuva";"Dupla";"Curva";"Não";1;0;0;0;1;0;0;1;-20,16368096;-44,36025002;"SR-MG";"UOP03";"DEL04"
339661;2021-02-09;"terça";"16:45:00";"BA";110;"340";"ALAGOINHAS";"Desrespeitar a preferência no cruzamento";"Queda de ocupante de veículo";"Com Vítimas Feridas";"Pleno dia";"Crescente";"Sol";"Simples";"Interseção de vias";"Sim";2;0;1;0;1;0;1;2;-12,16311332;-38,41514653;"SR-BA";"UOP04";"DEL01"
339662;2021-02-09;"terça";"17:10:00";"SE";101;"109.7";"SAO CRISTOVAO";"Velocidade Incompatível";"Saída de leito carroçável";"Com Vítimas Feridas";"Anoitecer";"Crescente";"Céu Claro";"Dupla";"Curva";"Não";1;0;0;1;0;0;1;1;-10,966443;-37,270634;"SR-SE";"UOP01";"DEL02"
339663;2021-02-09;"terça";"16:30:00";"SP";116;"518";"CAJATI";"Demais falhas mecânicas ou elétricas";"Incêndio";"Sem Vítimas";"Pleno dia";"Crescente";"Céu Claro";"Dupla";"Reta";"Não";1;0;0;0;1;0;0;1;-24,88391594;-48,22626356;"SR-SP";"UOP02";"DEL05"
339664;2021-02-09;"terça";"16:00:00";"SC";282;"534.2";"CORDILHEIRA ALTA";"Avarias e/ou desgaste excessivo no pneu";"Saída de leito carroçável";"Com Vítimas Feridas";"Pleno dia";"Crescente";"Chuva";"Simples";"Curva";"Não";2;0;1;0;1;0;1;1;-26,996832;-52,634586;"SR-SC";"UOP01";"DEL07"
339665;2021-02-09;"terça";"17:30:00";"ES";101;"214";"IBIRACU";"Acessar a via sem observar a presença dos outros veículos";"Colisão transversal";"Com Vítimas Feridas";"Anoitecer";"Crescente";"Chuva";"Simples";"Interseção de vias";"Sim";3;0;0;2;1;0;2;2;-19,82999127;-40,37211181;"SR-ES";"UOP01";"DEL02"
339666;2021-02-09;"terça";"16:35:00";"SC";101;"359";"SANGAO";"Condutor deixou de manter distância do veículo da frente";"Saída de leito carroçável";"Com Vítimas Feridas";"Pleno dia";"Crescente";"Sol";"Múltipla";"Reta";"Sim";2;0;2;0;0;0;2;1;-28,65835736;-49,11008835;"SR-SC";"UOP01";"DEL02"
339667;2021-02-09;"terça";"17:30:00";"PA";222;"242";"MARABA";"Acessar a via sem observar a presença dos outros veículos";"Colisão transversal";"Com Vítimas Feridas";"Pleno dia";"Crescente";"Céu Claro";"Simples";"Não Informado";"Sim";2;0;0;1;1;0;1;2;-5,331903;-49,085217;"SR-PA";"UOP01";"DEL03"
339668;2021-02-09;"terça";"17:40:00";"PR";277;"592.3";"CASCAVEL";"Ingestão de álcool pelo condutor";"Colisão lateral mesmo sentido";"Com Vítimas Feridas";"Pleno dia";"Crescente";"Céu Claro";"Simples";"Interseção de vias";"Sim";3;0;1;1;1;0;2;2;-24,98285697;-53,47319399;"SR-PR";"UOP01";"DEL04"
339670;2021-02-09;"terça";"18:15:00";"PA";222;"242";"MARABA";"Reação tardia ou ineficiente do condutor";"Colisão lateral mesmo sentido";"Com Vítimas Feridas";"Anoitecer";"Crescente";"Céu Claro";"Simples";"Interseção de vias";"Sim";2;0;1;0;1;0;1;2;-5,331903;-49,085217;"SR-PA";"UOP01";"DEL03"
339671;2021-02-09;"terça";"18:00:00";"RS";285;"121.7";"VACARIA";"Desrespeitar a preferência no cruzamento";"Atropelamento de Pedestre";"Com Vítimas Feridas";"Pleno dia";"Decrescente";"Nublado";"Simples";"Rotatória";"Sim";3;0;0;1;1;1;1;1;-28,510252;-50,935688;"SR-RS";"UOP03";"DEL05"
339672;2021-02-09;"terça";"15:55:00";"RO";364;"546.1";"ALTO PARAISO";"Ultrapassagem Indevida";"Colisão lateral mesmo sentido";"Com Vítimas Feridas";"Pleno dia";"Decrescente";"Nublado";"Simples";"Reta";"Não";7;0;4;0;3;0;4;3;-9,67581015;-63,1014417;"SR-RO";"UOP01";"DEL03"
339673;2021-02-09;"terça";"16:30:00";"MG";364;"33";"FRUTAL";"Animais na Pista";"Atropelamento de Animal";"Com Vítimas Feridas";"Pleno dia";"Decrescente";"Céu Claro";"Simples";"Não Informado";"Não";1;0;0;1;0;0;1;1;-20,01715651;-48,91110767;"SR-MG";"UOP02";"DEL13"
339676;2021-02-09;"terça";"18:00:00";"MG";50;"188";"UBERABA";"Avarias e/ou desgaste excessivo no pneu";"Queda de ocupante de veículo";"Com Vítimas Feridas";"Anoitecer";"Decrescente";"Nublado";"Dupla";"Não Informado";"Não";2;0;2;0;0;0;2;1;-19,84070819;-47,87993327;"SR-MG";"UOP01";"DEL13"
339677;2021-02-01;"segunda";"01:00:00";"RN";427;"50.7";"JARDIM DO SERIDO";"Avarias e/ou desgaste excessivo no pneu";"Colisão com objeto";"Com Vítimas Feridas";"Plena Noite";"Crescente";"Céu Claro";"Simples";"Não Informado";"Não";3;0;3;0;0;0;3;1;-6,56209901;-36,739319;"SR-RN";"UOP01";"DEL03"
339679;2021-02-09;"terça";"18:50:00";"SE";101;"90";"NOSSA SENHORA DO SOCORRO";"Pedestre cruzava a pista fora da faixa";"Atropelamento de Pedestre";"Com Vítimas Feridas";"Plena Noite";"Decrescente";"Céu Claro";"Múltipla";"Não Informado";"Não";4;0;0;1;2;1;1;1;-10,88958218;-37,13256719;"SR-SE";"UOP01";"DEL01"
339680;2021-02-09;"terça";"11:10:00";"AP";156;"185";"MAZAGAO";"Pista Escorregadia";"Capotamento";"Sem Vítimas";"Pleno dia";"Decrescente";"Chuva";"Simples";"Reta";"Não";3;0;0;0;3;0;0;1;-0,023341;-51,697101;"SR-AP";"UOP01";"DEL01"
339681;2021-02-09;"terça";"06:55:00";"MG";381;"520";"IGARAPE";"Velocidade Incompatível";"Capotamento";"Com Vítimas Feridas";"Amanhecer";"Decrescente";"Nevoeiro/Neblina";"Dupla";"Reta";"Não";1;0;1;0;0;0;1;1;-20,13363702;-44,309515;"SR-MG";"UOP03";"DEL04"
339682;2021-02-09;"terça";"18:50:00";"PR";116;"97";"SAO JOSE DOS PINHAIS";"Reação tardia ou ineficiente do condutor";"Colisão traseira";"Com Vítimas Feridas";"Anoitecer";"Crescente";"Nublado";"Múltipla";"Reta";"Não";2;0;1;0;1;0;1;2;-25,54316426;-49,14987945;"SR-PR";"UOP01";"DEL01"
339683;2021-02-09;"terça";"16:35:00";"MG";262;"410";"IGARATINGA";"Ausência de reação do condutor";"Capotamento";"Com Vítimas Feridas";"Pleno dia";"Decrescente";"Vento";"Dupla";"Reta";"Não";3;0;3;0;0;0;3;1;-19,88686179;-44,63193985;"SR-MG";"UOP03";"DEL08"
339685;2021-02-09;"terça";"15:20:00";"MS";163;"477";"CAMPO GRANDE";"Ausência de reação do condutor";"Saída de leito carroçável";"Com Vítimas Feridas";"Pleno dia";"Crescente";"Nublado";"Simples";"Curva";"Sim";1;0;1;0;0;0;1;1;-20,5000868;-54,5589026;"SR-MS";"UOP01";"DEL01"
339688;2021-02-09;"terça";"19:30:00";"RS";158;"333.2";"SANTA MARIA";"Desrespeitar a preferência no cruzamento";"Colisão transversal";"Sem Vítimas";"Plena Noite";"Crescente";"Céu Claro";"Simples";"Não Informado";"Sim";3;0;0;0;2;1;0;2;-29,70761577;-53,85418833;"SR-RS";"UOP01";"DEL09"
339690;2021-02-09;"terça";"15:30:00";"MG";116;"563.5";"MANHUACU";"Acessar a via sem observar a presença dos outros veículos";"Colisão transversal";"Com Vítimas Feridas";"Pleno dia";"Crescente";"Chuva";"Simples";"Curva";"Sim";2;0;1;0;1;0;1;2;-20,05498398;-42,17498796;"SR-MG";"UOP04";"DEL06"
339691;2021-02-09;"terça";"18:50:00";"MS";267;"476.7";"GUIA LOPES DA LAGUNA";"Demais falhas mecânicas ou elétricas";"Colisão lateral sentido oposto";"Com Vítimas Feridas";"Plena Noite";"Decrescente";"Céu Claro";"Dupla";"Reta";"Sim";2;0;1;0;1;0;1;2;-21,44944551;-56,10586729;"SR-MS";"UOP01";"DEL05"
339692;2021-02-09;"terça";"17:00:00";"BA";116;"548";"MILAGRES";"Reação tardia ou ineficiente do condutor";"Tombamento";"Com Vítimas Feridas";"Anoitecer";"Crescente";"Céu Claro";"Dupla";"Reta";"Não";4;0;0;1;3;0;1;1;-12,85201953;-39,84486464;"SR-BA";"UOP02";"DEL03"
339693;2021-01-20;"quarta";"09:00:00";"PA";10;"261";"AURORA DO PARA";"Condutor deixou de manter distância do veículo da frente";"Colisão traseira";"Com Vítimas Feridas";"Plena Noite";"Crescente";"Céu Claro";"Simples";"Reta";"Sim";3;0;2;0;1;0;2;2;-2,15034601;-47,56089659;"SR-PA";"UOP01";"DEL02"