"id";"data_inversa";"dia_semana";"horario";"uf";"br";"km";"municipio";"causa_acidente";"tipo_acidente";"classificacao_acidente";"fase_dia";"sentido_via";"condicao_metereologica";"tipo_pista";"tracado_via";"uso_solo";"pessoas";"mortos";"feridos_leves";"feridos_graves";"ilesos";"ignorados";"feridos";"veiculos";"latitude";"longitude";"regional";"delegacia";"uop"
339695;2021-02-09;"terça";"20:40:00";"PI";316;"306.5";"PICOS";"Ultrapassagem Indevida";"Colisão traseira";"Com Vítimas Feridas";"Plena Noite";"Crescente";"Céu Claro";"Simples";"Curva";"Sim";4;0;0;1;3;0;1;3;-7,07700699;-41,50959795;"SR-PI";"UOP01";"DEL04"
339696;2021-02-09;"terça";"11:45:00";"MT";163;"1068";"GUARANTA DO NORTE";"Ultrapassagem Indevida";"Colisão frontal";"Com Vítimas Feridas";"Pleno dia";"Crescente";"Garoa/Chuvisco";"Simples";"Reta";"Sim";2;0;0;1;1;0;1;2;-9,93976934;-54,90280151;"SR-MT";"UOP02";"DEL06"
339697;2021-02-05;"sexta";"14:00:00";"MG";365;"132.8";"VARZEA DA PALMA";"Velocidade Incompatível";"Saída de leito carroçável";"Com Vítimas Feridas";"Pleno dia";"Crescente";"Ignorado";"Simples";"Reta";"Não";4;0;4;0;0;0;4;1;-17,16269632;-44,78574367;"SR-MG";"UOP01";"DEL12"
339698;2021-02-09;"terça";"19:40:00";"ES";101;"183";"ARACRUZ";"Curva acentuada";"Derramamento de carga";"Sem Vítimas";"Plena Noite";"Crescente";"Garoa/Chuvisco";"Simples";"Curva";"Não";1;0;0;0;1;0;0;1;-19,64708421;-40,23286555;"SR-ES";"UOP01";"DEL04"
339699;2021-02-09;"terça";"20:50:00";"SP";116;"304";"SAO LOURENCO DA SERRA";"Pedestre cruzava a pista fora da faixa";"Atropelamento de Pedestre";"Com Vítimas Feridas";"Plena Noite";"Crescente";"Céu Claro";"Dupla";"Não Informado";"Não";2;0;1;0;1;0;1;1;-23,835151;-46,92964497;"SR-SP";"UOP01";"DEL04"
339700;2021-02-09;"terça";"21:00:00";"RJ";116;"40";"TERESOPOLIS";"Animais na Pista";"Atropelamento de Animal";"Com Vítimas Feridas";"Plena Noite";"Crescente";"Nublado";"Simples";"Reta";"Sim";1;0;0;1;0;0;1;1;-22,133427;-42,779522;"SR-RJ";"UOP01";"DEL04"
339701;2021-02-09;"terça";"19:00:00";"ES";482;"105";"GUACUI";"Chuva";"Atropelamento de Pedestre";"Com Vítimas Feridas";"Plena Noite";"Crescente";"Chuva";"Simples";"Reta";"Não";2;0;2;0;0;0;2;1;-20,777433;-41,66744;"SR-ES";"UOP02";"DEL03"
339702;2021-02-09;"terça";"19:30:00";"GO";153;"366";"JARAGUA";"Animais na Pista";"Atropelamento de Animal";"Com Vítimas Feridas";"Plena Noite";"Decrescente";"Céu Claro";"Simples";"Desvio Temporário";"Não";2;0;1;0;1;0;1;2;-15,799685;-49,300167;"SR-GO";"UOP02";"DEL02"
339703;2021-02-09;"terça";"20:40:00";"SC";101;"199.2";"BIGUACU";"Ingestão de álcool pelo condutor";"Colisão traseira";"Sem Vítimas";"Plena Noite";"Crescente";"Céu Claro";"Simples";"Reta";"Não";2;0;0;0;1;1;0;2;-27,53413705;-48,63003205;"SR-SC";"UOP01";"DEL01"
339704;2021-02-09;"terça";"19:10:00";"RO";364;"353";"JI-PARANA";"Condutor deixou de manter distância do veículo da frente";"Colisão frontal";"Sem Vítimas";"Plena Noite";"Decrescente";"Céu Claro";"Simples";"Desvio Temporário";"Não";1;0;0;0;1;0;0;1;-10,82470302;-62,01461304;"SR-RO";"UOP01";"DEL02"
339705;2021-02-09;"terça";"20:10:00";"PI";407;"421";"PICOS";"Animais na Pista";"Atropelamento de Animal";"Com Vítimas Feridas";"Plena Noite";"Crescente";"Chuva";"Simples";"Reta";"Sim";1;0;0;1;0;0;1;1;-7,07989702;-41,45059599;"SR-PI";"UOP01";"DEL04"
339706;2021-02-09;"terça";"21:15:00";"MG";116;"303.6";"ITAMBACURI";"Condutor deixou de manter distância do veículo da frente";"Colisão traseira";"Com Vítimas Feridas";"Plena Noite";"Decrescente";"Nublado";"Simples";"Não Informado";"Não";2;0;1;0;1;0;1;2;-18,01747727;-41,64325495;"SR-MG";"UOP01";"DEL11"
339707;2021-02-09;"terça";"20:20:00";"SC";116;"221.1";"CORREIA PINTO";"Conversão proibida";"Colisão transversal";"Com Vítimas Feridas";"Plena Noite";"Crescente";"Céu Claro";"Simples";"Reta";"Sim";3;0;0;1;2;0;1;2;-27,58573399;-50,36555188;"SR-SC";"UOP03";"DEL05"
339709;2021-02-09;"terça";"13:36:00";"MG";50;"54.4";"UBERLANDIA";"Velocidade Incompatível";"Colisão com objeto";"Com Vítimas Feridas";"Pleno dia";"Decrescente";"Céu Claro";"Dupla";"Curva";"Não";1;0;1;0;0;0;1;1;-18,78082601;-48,23813438;"SR-MG";"UOP02";"DEL15"
339710;2021-02-09;"terça";"21:49:00";"SC";280;"124";"RIO NEGRINHO";"Deficiência do Sistema de Iluminação/Sinalização";"Colisão transversal";"Com Vítimas Feridas";"Plena Noite";"Decrescente";"Céu Claro";"Simples";"Não Informado";"Não";2;0;0;1;1;0;1;2;-26,2394515;-49,47960019;"SR-SC";"UOP03";"DEL06"
339711;2021-02-09;"terça";"21:30:00";"MS";267;"115";"NOVA ANDRADINA";"Conversão proibida";"Colisão transversal";"Com Vítimas Feridas";"Plena Noite";"Crescente";"Céu Claro";"Simples";"Não Informado";"Não";4;0;2;0;2;0;2;2;-21,78851238;-53,17508621;"SR-MS";"UOP03";"DEL02"
339712;2021-02-09;"terça";"16:15:00";"MT";163;"1028";"PEIXOTO DE AZEVEDO";"Demais falhas mecânicas ou elétricas";"Saída de leito carroçável";"Com Vítimas Feridas";"Anoitecer";"Crescente";"Nublado";"Simples";"Reta";"Não";1;0;1;0;0;0;1;1;-10,30343476;-55,03292084;"SR-MT";"UOP02";"DEL06"
339713;2021-02-09;"terça";"23:30:00";"AL";101;"9";"NOVO LINO";"Velocidade Incompatível";"Tombamento";"Sem Vítimas";"Plena Noite";"Crescente";"Céu Claro";"Dupla";"Reta";"Não";1;0;0;0;1;0;0;1;-8,94483876;-35,65853065;"SR-AL";"UOP02";"DEL01"
339714;2021-02-09;"terça";"20:00:00";"MT";163;"672";"LUCAS DO RIO VERDE";"Ingestão de álcool pelo condutor";"Colisão lateral sentido oposto";"Com Vítimas Feridas";"Plena Noite";"Crescente";"Nublado";"Simples";"Reta";"Não";2;0;0;1;1;0;1;2;-13,30678648;-56,04069133;"SR-MT";"UOP01";"DEL06"
339715;2021-02-09;"terça";"22:10:00";"MG";40;"273.5";"TRES MARIAS";"Condutor deixou de manter distância do veículo da frente";"Colisão traseira";"Com Vítimas Feridas";"Plena Noite";"Decrescente";"Chuva";"Simples";"Não Informado";"Sim";5;0;2;0;3;0;2;2;-18,18834859;-45,25219384;"SR-MG";"UOP02";"DEL14"
339717;2021-01-28;"quinta";"19:30:00";"MG";116;"587.4";"MANHUACU";"Acessar a via sem observar a presença dos outros veículos";"Colisão transversal";"Com Vítimas Feridas";"Plena Noite";"Decrescente";"Nublado";"Simples";"Reta";"Sim";3;0;1;0;0;2;1;2;-20,2356604;-42,16636777;"SR-MG";"UOP04";"DEL06"
339718;2021-02-09;"terça";"19:20:00";"BA";116;"748.8";"POCOES";"Ultrapassagem Indevida";"Colisão frontal";"Com Vítimas Feridas";"Plena Noite";"Decrescente";"Nublado";"Simples";"Curva";"Não";3;0;1;1;1;0;2;2;-14,46282;-40,34449;"SR-BA";"UOP02";"DEL08"
339719;2021-02-09;"terça";"21:40:00";"GO";153;"605";"MORRINHOS";"Condutor Dormindo";"Colisão traseira";"Com Vítimas Feridas";"Plena Noite";"Decrescente";"Céu Claro";"Dupla";"Reta";"Não";2;0;0;1;1;0;1;2;-17,5952;-49,1912;"SR-GO";"UOP01";"DEL03"
339720;2021-02-09;"terça";"18:00:00";"AL";101;"46";"FLEXEIRAS";"Velocidade Incompatível";"Colisão com objeto";"Com Vítimas Feridas";"Plena Noite";"Crescente";"Vento";"Dupla";"Curva";"Não";1;0;1;0;0;0;1;1;-9,20881594;-35,78213197;"SR-AL";"UOP02";"DEL01"
339722;2021-02-09;"terça";"18:30:00";"MT";174;"101";"CACERES";"Condutor deixou de manter distância do veículo da frente";"Colisão traseira";"Com Vítimas Fatais";"Anoitecer";"Decrescente";"Céu Claro";"Simples";"Reta";"Não";3;1;0;0;2;0;0;3;-15,83767801;-57,877233;"SR-MT";"UOP01";"DEL03"
339723;2021-02-09;"terça";"08:00:00";"MG";116;"64.4";"MEDINA";"Demais falhas mecânicas ou elétricas";"Saída de leito carroçável";"Sem Vítimas";"Pleno dia";"Decrescente";"Chuva";"Simples";"Não Informado";"Não";1;0;0;0;1;0;0;1;-16,16664062;-41,43600935;"SR-MG";"UOP02";"DEL11"
339724;2021-02-05;"sexta";"12:17:00";"MG";381;"665.8";"PERDOES";"Obstrução na via";"Saída de leito carroçável";"Com Vítimas Feridas";"Pleno dia";"Crescente";"Nublado";"Dupla";"Reta";"Não";1;0;1;0;0;0;1;1;-21,05493912;-45,03103599;"SR-MG";"UOP02";"DEL04"
339727;2021-02-10;"quarta";"02:00:00";"PI";407;"430";"PICOS";"Carga excessiva e/ou mal acondicionada";"Tombamento";"Sem Vítimas";"Plena Noite";"Decrescente";"Nublado";"Simples";"Curva";"Não";2;0;0;0;1;1;0;1;-7,12831877;-41,39344785;"SR-PI";"UOP01";"DEL04"
339728;2021-02-10;"quarta";"02:15:00";"TO";226;"4";"AGUIARNOPOLIS";"Pista Escorregadia";"Saída de leito carroçável";"Sem Vítimas";"Plena Noite";"Crescente";"Chuva";"Simples";"Desvio Temporário";"Não";1;0;0;0;1;0;0;1;-6,567883;-47,492516;"SR-TO";"UOP03";"DEL02"
339729;2021-02-10;"quarta";"00:15:00";"BA";242;"209";"ITABERABA";"Ingestão de álcool pelo condutor";"Tombamento";"Sem Vítimas";"Plena Noite";"Decrescente";"Céu Claro";"Simples";"Reta";"Não";2;0;0;0;2;0;0;2;-12,52075511;-40,13201;"SR-BA";"UOP02";"DEL06"
339730;2021-02-10;"quarta";"03:10:00";"RJ";40;"80";"PETROPOLIS";"Transitar na contramão";"Atropelamento de Pedestre";"Com Vítimas Feridas";"Plena Noite";"Crescente";"Céu Claro";"Simples";"Curva";"Sim";2;0;1;1;0;0;2;1;-22,49798597;-43,22878703;"SR-RJ";"UOP03";"DEL06"
339731;2021-02-10;"quarta";"04:20:00";"GO";153;"443";"ANAPOLIS";"Animais na Pista";"Saída de leito carroçável";"Com Vítimas Feridas";"Plena Noite";"Crescente";"Céu Claro";"Dupla";"Reta";"Sim";1;0;1;0;0;0;1;1;-16,334681;-48,922447;"SR-GO";"UOP01";"DEL02"
339732;2021-02-10;"quarta";"01:00:00";"MA";10;"314.5";"ACAILANDIA";"Velocidade Incompatível";"Saída de leito carroçável";"Com Vítimas Feridas";"Plena Noite";"Crescente";"Ignorado";"Simples";"Reta";"Não";3;0;0;2;0;1;2;1;-4,997943;-47,531734;"SR-MA";"UOP03";"DEL04"
339734;2021-02-10;"quarta";"04:30:00";"PE";101;"35";"IGARASSU";"Pista Escorregadia";"Saída de leito carroçável";"Com Vítimas Feridas";"Amanhecer";"Decrescente";"Nublado";"Múltipla";"Reta";"Não";1;0;1;0;0;0;1;1;-7,77952193;-34,93231384;"SR-PE";"UOP02";"DEL01"
339735;2021-02-10;"quarta";"05:35:00";"SC";101;"350";"JAGUARUNA";"Acessar a via sem observar a presença dos outros veículos";"Atropelamento de Pedestre";"Com Vítimas Feridas";"Amanhecer";"Decrescente";"Céu Claro";"Dupla";"Não Informado";"Sim";2;0;0;1;1;0;1;2;-28,58683929;-49,04736757;"SR-SC";"UOP01";"DEL02"
339736;2021-02-10;"quarta";"06:25:00";"PR";116;"125";"CURITIBA";"Condutor deixou de manter distância do veículo da frente";"Colisão lateral";"Com Vítimas Feridas";"Pleno dia";"Crescente";"Céu Claro";"Dupla";"Reta";"Sim";1;0;1;0;0;0;1;1;-25,57736002;-49,31243589;"SR-PR";"UOP03";"DEL01"
339737;2021-02-10;"quarta";"04:05:00";"RS";290;"194.3";"RIO PARDO";"Demais falhas mecânicas ou elétricas";"Incêndio";"Sem Vítimas";"Pleno dia";"Decrescente";"Céu Claro";"Simples";"Reta";"Não";3;0;0;0;2;1;0;1;-30,163651;-52,15506;"SR-RS";"UOP03";"DEL02"
339738;2021-02-10;"quarta";"06:00:00";"RJ";101;"268";"RIO BONITO";"Reação tardia ou ineficiente do condutor";"Colisão lateral mesmo sentido";"Com Vítimas Feridas";"Amanhecer";"Crescente";"Nevoeiro/Neblina";"Dupla";"Reta";"Sim";3;0;2;0;1;0;2;2;-22,7112997;-42,66922613;"SR-RJ";"UOP03";"DEL02"
339739;2021-02-10;"quarta";"06:50:00";"MG";40;"523";"CONTAGEM";"Mal súbito do condutor";"Atropelamento de Pedestre";"Com Vítimas Feridas";"Pleno dia";"Crescente";"Céu Claro";"Dupla";"Reta";"Sim";3;0;2;0;1;0;2;1;-19,86874894;-44,05962197;"SR-MG";"UOP02";"DEL01"
339741;2021-02-10;"quarta";"07:15:00";"SC";101;"215";"PALHOCA";"Trafegar com motocicleta (ou similar) entre as faixas";"Colisão traseira";"Com Vítimas Feridas";"Pleno dia";"Decrescente";"Céu Claro";"Dupla";"Reta";"Sim";2;0;1;1;0;0;2;1;-27,65184843;-48,67604941;"SR-SC";"UOP02";"DEL01"
339742;2021-02-10;"quarta";"07:17:00";"DF";20;"15.3";"BRASILIA";"Manobra de mudança de faixa";"Colisão lateral mesmo sentido";"Com Vítimas Feridas";"Pleno dia";"Decrescente";"Sol";"Múltipla";"Reta";"Não";2;0;0;1;1;0;1;2;-15,630189;-47,733288;"SR-DF";"UOP01";"DEL02"
339743;2021-02-10;"quarta";"07:20:00";"SE";101;"32.6";"CAPELA";"Ultrapassagem Indevida";"Colisão lateral sentido oposto";"Com Vítimas Feridas";"Pleno dia";"Decrescente";"Sol";"Simples";"Não Informado";"Não";3;0;1;0;1;1;1;2;-10,46268099;-36,9411742;"SR-SE";"UOP02";"DEL02"
339744;2021-02-10;"quarta";"07:35:00";"RS";158;"329";"SANTA MARIA";"Desrespeitar a preferência no cruzamento";"Colisão transversal";"Com Vítimas Feridas";"Pleno dia";"Crescente";"Céu Claro";"Simples";"Rotatória";"Sim";2;0;1;0;1;0;1;2;-29,70054656;-53,8405413;"SR-RS";"UOP01";"DEL09"
339745;2021-02-10;"quarta";"06:30:00";"MT";163;"952";"NOVA SANTA HELENA";"Avarias e/ou desgaste excessivo no pneu";"Incêndio";"Sem Vítimas";"Pleno dia";"Crescente";"Céu Claro";"Simples";"Reta";"Não";1;0;0;0;1;0;0;1;-10,874;-55,197;"SR-MT";"UOP02";"DEL06"
339746;2021-02-10;"quarta";"06:50:00";"PE";101;"63.4";"RECIFE";"Demais falhas mecânicas ou elétricas";"Saída de leito carroçável";"Sem Vítimas";"Pleno dia";"Decrescente";"Nublado";"Dupla";"Reta";"Sim";1;0;0;0;1;0;0;1;-8,00800604;-34,93756535;"SR-PE";"UOP01";"DEL01"
339748;2021-02-10;"quarta";"02:30:00";"RJ";40;"101";"DUQUE DE CAXIAS";"Pedestre andava na pista";"Atropelamento de Pedestre";"Com Vítimas Feridas";"Plena Noite";"Crescente";"Nublado";"Dupla";"Reta";"Não";3;0;0;1;2;0;1;1;-22,60246485;-43,28380739;"SR-RJ";"UOP01";"DEL01"
339749;2021-01-23;"sábado";"12:05:00";"ES";101;"232.5";"FUNDAO";"Ultrapassagem Indevida";"Colisão frontal";"Com Vítimas Fatais";"Pleno dia";"Decrescente";"Nublado";"Simples";"Reta";"Não";8;1;4;3;0;0;7;2;-19,95224103;-40,40879816;"SR-ES";"UOP01";"DEL02"
339750;2021-02-10;"quarta";"06:10:00";"ES";262;"4.4";"CARIACICA";"Ausência de reação do condutor";"Colisão traseira";"Com Vítimas Feridas";"Pleno dia";"Decrescente";"Céu Claro";"Múltipla";"Não Informado";"Sim";4;0;2;0;2;0;2;2;-20,33609327;-40,37812784;"SR-ES";"UOP01";"DEL01"
339751;2021-02-10;"quarta";"05:30:00";"PR";376;"10";"MARINGA";"Velocidade Incompatível";"Capotamento";"Sem Vítimas";"Amanhecer";"Crescente";"Céu Claro";"Dupla";"Reta";"Sim";1;0;0;0;0;1;0;1;-23,4273;-51,9375;"SR-PR";"UOP01";"DEL09"
339752;2021-02-10;"quarta";"06:50:00";"PR";476;"142.3";"CURITIBA";"Manobra de mudança de faixa";"Colisão lateral";"Com Vítimas Feridas";"Amanhecer";"Decrescente";"Céu Claro";"Dupla";"Não Informado";"Sim";2;0;2;0;0;0;2;2;-25,537161;-49,301632;"SR-PR";"UOP03";"DEL01"
339753;2021-02-10;"quarta";"07:30:00";"PR";376;"139.1";"NOVA ESPERANCA";"Velocidade Incompatível";"Colisão traseira";"Com Vítimas Feridas";"Pleno dia";"Crescente";"Céu Claro";"Dupla";"Reta";"Não";3;0;0;1;2;0;1;2;-23,2314935;-52,17536125;"SR-PR";"UOP02";"DEL09"
339755;2021-02-10;"quarta";"07:50:00";"SP";116;"145";"SAO JOSE DOS CAMPOS";"Condutor deixou de manter distância do veículo da frente";"Colisão traseira";"Com Vítimas Feridas";"Pleno dia";"Crescente";"Nublado";"Dupla";"Reta";"Não";3;0;1;0;2;0;1;2;-23,1869844;-45,8548078;"SR-SP";"UOP01";"DEL02"
339756;2021-02-10;"quarta";"05:50:00";"RO";364;"451";"JARU";"Ultrapassagem Indevida";"Tombamento";"Com Vítimas Feridas";"Amanhecer";"Crescente";"Chuva";"Simples";"Não Informado";"Não";2;0;1;0;1;0;1;1;-10,29426297;-62,66107398;"SR-RO";"UOP02";"DEL03"
339757;2021-02-10;"quarta";"07:40:00";"SC";101;"200";"SAO JOSE";"Trafegar com motocicleta (ou similar) entre as faixas";"Queda de ocupante de veículo";"Com Vítimas Feridas";"Pleno dia";"Crescente";"Céu Claro";"Dupla";"Não Informado";"Não";1;0;1;0;0;0;1;1;-27,54018513;-48,62287714;"SR-SC";"UOP01";"DEL01"
339758;2021-02-10;"quarta";"07:30:00";"GO";40;"1.8";"VALPARAISO DE GOIAS";"Condutor deixou de manter distância do veículo da frente";"Colisão traseira";"Com Vítimas Feridas";"Pleno dia";"Decrescente";"Sol";"Dupla";"Reta";"Sim";4;0;1;0;3;0;1;3;-16,058245;-47,982825;"SR-DF";"UOP01";"DEL01"
339759;2021-02-10;"quarta";"07:50:00";"DF";60;"0.5";"BRASILIA";"Condutor deixou de manter distância do veículo da frente";"Engavetamento";"Com Vítimas Feridas";"Pleno dia";"Decrescente";"Céu Claro";"Dupla";"Reta";"Sim";6;0;5;0;1;0;5;3;-15,882499;-48,060212;"SR-DF";"UOP02";"DEL01"
339760;2021-02-10;"quarta";"08:00:00";"ES";101;"288.3";"CARIACICA";"Velocidade Incompatível";"Colisão traseira";"Com Vítimas Feridas";"Pleno dia";"Decrescente";"Céu Claro";"Dupla";"Reta";"Sim";2;0;0;1;1;0;1;2;-20,27160351;-40,39091743;"SR-ES";"UOP01";"DEL01"
339761;2021-02-10;"quarta";"08:15:00";"ES";101;"290.8";"CARIACICA";"Ausência de reação do condutor";"Colisão lateral mesmo sentido";"Com Vítimas Feridas";"Pleno dia";"Decrescente";"Céu Claro";"Múltipla";"Reta";"Sim";2;0;0;1;1;0;1;2;-20,28927747;-40,39181575;"SR-ES";"UOP01";"DEL01"
339762;2021-02-10;"quarta";"07:20:00";"MT";70;"398.3";"CUIABA";"Acessar a via sem observar a presença dos outros veículos";"Colisão lateral";"Com Vítimas Feridas";"Pleno dia";"Decrescente";"Céu Claro";"Simples";"Reta";"Sim";2;0;1;0;1;0;1;2;-15,6627096;-55,9704514;"SR-MT";"UOP02";"DEL05"
339764;2021-02-10;"quarta";"08:50:00";"GO";414;"435.8";"ANAPOLIS";"Reação tardia ou ineficiente do condutor";"Colisão traseira";"Com Vítimas Feridas";"Pleno dia";"Decrescente";"Céu Claro";"Simples";"Reta";"Sim";2;0;1;0;1;0;1;2;-16,24594;-48,93446196;"SR-GO";"UOP01";"DEL02"
339765;2021-02-10;"quarta";"03:30:00";"SC";282;"458.8";"PONTE SERRADA";"Velocidade Incompatível";"Saída de leito carroçável";"Com Vítimas Feridas";"Plena Noite";"Crescente";"Céu Claro";"Simples";"Reta";"Não";1;0;1;0;0;0;1;1;-26,872128;-52,019024;"SR-SC";"UOP04";"DEL07"
339766;2021-01-23;"sábado";"18:30:00";"RS";116;"563.4";"PEDRO OSORIO";"Acessar a via sem observar a presença dos outros veículos";"Colisão transversal";"Com Vítimas Feridas";"Pleno dia";"Crescente";"Céu Claro";"Simples";"Interseção de vias";"Não";2;0;1;0;1;0;1;2;-31,92668309;-52,72596359;"SR-RS";"UOP03";"DEL07"
339767;2021-02-10;"quarta";"07:00:00";"SE";101;"76";"MARUIM";"Velocidade Incompatível";"Colisão com objeto";"Sem Vítimas";"Pleno dia";"Crescente";"Garoa/Chuvisco";"Dupla";"Curva";"Não";1;0;0;0;1;0;0;1;-10,77357687;-37,12583705;"SR-SE";"UOP01";"DEL01"
339768;2021-02-10;"quarta";"09:00:00";"PR";277;"0.5";"PARANAGUA";"Ingestão de substâncias psicoativas pelo condutor";"Colisão transversal";"Com Vítimas Feridas";"Pleno dia";"Decrescente";"Céu Claro";"Simples";"Reta";"Não";3;0;1;0;1;1;1;2;-25,5205;-48,5095;"SR-PR";"UOP05";"DEL01"
339769;2021-01-17;"domingo";"11:19:00";"PA";222;"229";"MARABA";"Ultrapassagem Indevida";"Colisão traseira";"Com Vítimas Feridas";"Pleno dia";"Decrescente";"Céu Claro";"Simples";"Reta";"Sim";2;0;1;0;1;0;1;2;-5,231875;-49,053627;"SR-PA";"UOP01";"DEL03"
339770;2021-02-10;"quarta";"08:05:00";"MS";163;"479";"CAMPO GRANDE";"Conversão proibida";"Colisão transversal";"Com Vítimas Feridas";"Pleno dia";"Crescente";"Céu Claro";"Simples";"Reta";"Sim";2;0;0;1;1;0;1;2;-20,487322;-54,55929095;"SR-MS";"UOP01";"DEL01"
339771;2021-02-10;"quarta";"09:20:00";"PR";373;"188.6";"PONTA GROSSA";"Reação tardia ou ineficiente do condutor";"Saída de leito carroçável";"Com Vítimas Feridas";"Pleno dia";"Decrescente";"Sol";"Simples";"Curva";"Sim";1;0;1;0;0;0;1;1;-25,05236629;-50,32007603;"SR-PR";"UAP01";"DEL03"
339773;2021-02-10;"quarta";"03:30:00";"MA";222;"181.7";"ITAPECURU MIRIM";"Curva acentuada";"Saída de leito carroçável";"Com Vítimas Fatais";"Plena Noite";"Crescente";"Nublado";"Simples";"Curva";"Não";10;1;6;2;1;0;8;1;-3,48838106;-44,1686;"SR-MA";"UOP02";"DEL01"
339774;2021-02-10;"quarta";"08:16:00";"ES";262;"150.8";"IBATIBA";"Frear bruscamente";"Colisão lateral sentido oposto";"Sem Vítimas";"Pleno dia";"Crescente";"Céu Claro";"Simples";"Curva";"Não";1;0;0;0;1;0;0;1;-20,21581109;-41,44729614;"SR-ES";"UOP02";"DEL01"
339775;2021-02-10;"quarta";"08:30:00";"MT";163;"757";"SORRISO";"Manobra de mudança de faixa";"Colisão lateral mesmo sentido";"Sem Vítimas";"Pleno dia";"Crescente";"Céu Claro";"Dupla";"Não Informado";"Não";3;0;0;0;2;1;0;3;-12,61812484;-55,7639162;"SR-MT";"UOP01";"DEL06"
339777;2021-02-10;"quarta";"09:00:00";"MG";40;"530";"CONTAGEM";"Mal súbito do condutor";"Colisão traseira";"Com Vítimas Feridas";"Pleno dia";"Crescente";"Céu Claro";"Dupla";"Curva";"Sim";2;0;1;0;1;0;1;2;-19,92064782;-44,0335681;"SR-MG";"UOP02";"DEL01"
339778;2021-01-12;"terça";"17:23:00";"MT";163;"841";"SINOP";"Condutor deixou de manter distância do veículo da frente";"Colisão traseira";"Com Vítimas Feridas";"Pleno dia";"Decrescente";"Sol";"Simples";"Reta";"Sim";4;0;2;0;2;0;2;2;-11,80977524;-55,48186734;"SR-MT";"UOP02";"DEL06"
339779;2021-02-10;"quarta";"09:30:00";"RS";158;"317.2";"SANTA MARIA";"Reação tardia ou ineficiente do condutor";"Colisão lateral";"Sem Vítimas";"Pleno dia";"Decrescente";"Céu Claro";"Múltipla";"Reta";"Não";2;0;0;0;1;1;0;2;-29,65588903;-53,77374238;"SR-RS";"UOP01";"DEL09"
339780;2021-02-10;"quarta";"09:00:00";"SC";470;"143.3";"RIO DO SUL";"Ultrapassagem Indevida";"Tombamento";"Com Vítimas Feridas";"Pleno dia";"Crescente";"Céu Claro";"Simples";"Rotatória";"Sim";2;0;1;0;1;0;1;2;-27,233143;-49,672886;"SR-SC";"UOP02";"DEL04"
339781;2021-02-10;"quarta";"09:00:00";"PR";277;"721";"FOZ DO IGUACU";"Acessar a via sem observar a presença dos outros veículos";"Colisão transversal";"Com Vítimas Feridas";"Pleno dia";"Crescente";"Céu Claro";"Dupla";"Reta";"Sim";2;0;1;0;1;0;1;2;-25,4911505;-54,51185421;"SR-PR";"UOP03";"DEL05"
339782;2021-02-10;"quarta";"09:15:00";"MS";60;"410.4";"SIDROLANDIA";"Velocidade Incompatível";"Saída de leito carroçável";"Com Vítimas Feridas";"Pleno dia";"Crescente";"Céu Claro";"Simples";"Reta";"Não";1;0;1;0;0;0;1;1;-20,88358476;-54,82967832;"SR-MS";"UOP04";"DEL01"
339783;2021-02-10;"quarta";"08:30:00";"MT";70;"518";"VARZEA GRANDE";"Condutor deixou de manter distância do veículo da frente";"Colisão traseira";"Sem Vítimas";"Pleno dia";"Crescente";"Céu Claro";"Simples";"Reta";"Sim";2;0;0;0;0;2;0;2;-15,68626942;-56,17140859;"SR-MT";"UOP02";"DEL01"
339785;2021-02-10;"quarta";"09:15:00";"PR";277;"103";"CAMPO LARGO";"Velocidade Incompatível";"Colisão traseira";"Sem Vítimas";"Pleno dia";"Crescente";"Céu Claro";"Dupla";"Reta";"Sim";3;0;0;0;3;0;0;3;-25,43004423;-49,39653136;"SR-PR";"UOP01";"DEL01"
339786;2021-02-10;"quarta";"09:50:00";"SP";153;"62.5";"SAO JOSE DO RIO PRETO";"Condutor deixou de manter distância do veículo da frente";"Colisão traseira";"Com Vítimas Feridas";"Pleno dia";"Crescente";"Céu Claro";"Dupla";"Não Informado";"Sim";5;0;1;0;3;1;1;4;-20,81325404;-49,35675563;"SR-SP";"UOP01";"DEL09"
339787;2021-02-10;"quarta";"10:15:00";"PE";101;"77.6";"RECIFE";"Manobra de mudança de faixa";"Colisão lateral mesmo sentido";"Com Vítimas Feridas";"Pleno dia";"Crescente";"Céu Claro";"Dupla";"Reta";"Sim";2;0;1;0;1;0;1;2;-8,126982;-34,94386;"SR-PE";"UOP01";"DEL01"
339788;2021-01-16;"sábado";"16:30:00";"MT";163;"842";"SINOP";"Mal súbito do condutor";"Queda de ocupante de veículo";"Com Vítimas Feridas";"Pleno dia";"Crescente";"Ignorado";"Simples";"Reta";"Sim";1;0;0;1;0;0;1;1;-11,92479503;-55,5117839;"SR-MT";"UOP02";"DEL06"
339789;2021-02-10;"quarta";"09:30:00";"SC";101;"327.6";"CAPIVARI DE BAIXO";"Desrespeitar a preferência no cruzamento";"Colisão transversal";"Com Vítimas Feridas";"Pleno dia";"Decrescente";"Céu Claro";"Simples";"Rotatória";"Sim";2;0;1;0;1;0;1;2;-28,43023306;-48,95205197;"SR-SC";"UOP01";"DEL02"