"id";"data_inversa";"dia_semana";"horario";"uf";"br";"km";"municipio";"causa_acidente";"tipo_acidente";"classificacao_acidente";"fase_dia";"sentido_via";"condicao_metereologica";"tipo_pista";"tracado_via";"uso_solo";"pessoas";"mortos";"feridos_leves";"feridos_graves";"ilesos";"ignorados";"feridos";"veiculos";"latitude";"longitude";"regional";"delegacia";"uop"
339891;2021-02-10;"quarta";"20:00:00";"SP";116;"296";"ITAPECERICA DA SERRA";"Frear bruscamente";"Colisão traseira";"Com Vítimas Feridas";"Plena Noite";"Crescente";"Nublado";"Dupla";"Reta";"Sim";3;0;2;0;1;0;2;2;-23,775485;-46,914416;"SR-SP";"UOP01";"DEL04"
339892;2021-02-10;"quarta";"18:50:00";"BA";324;"604";"SIMOES FILHO";"Animais na Pista";"Atropelamento de Animal";"Com Vítimas Feridas";"Plena Noite";"Decrescente";"Céu Claro";"Múltipla";"Não Informado";"Sim";1;0;1;0;0;0;1;1;-12,77978866;-38,41589628;"SR-BA";"UOP01";"DEL01"
339893;2021-02-10;"quarta";"20:00:00";"PE";104;"68.3";"CARUARU";"Ingestão de álcool pelo condutor";"Colisão transversal";"Sem Vítimas";"Plena Noite";"Decrescente";"Céu Claro";"Dupla";"Reta";"Sim";2;0;0;0;1;1;0;2;-8,3107;-35,9904;"SR-PE";"UOP01";"DEL02"
339894;2021-02-10;"quarta";"19:05:00";"PR";376;"183";"SARANDI";"Ausência de reação do condutor";"Queda de ocupante de veículo";"Com Vítimas Feridas";"Plena Noite";"Crescente";"Céu Claro";"Dupla";"Não Informado";"Não";1;0;1;0;0;0;1;1;-23,44159097;-51,87067398;"SR-PR";"UOP01";"DEL09"
339895;2021-02-10;"quarta";"18:00:00";"RJ";40;"120";"DUQUE DE CAXIAS";"Frear bruscamente";"Colisão transversal";"Com Vítimas Feridas";"Plena Noite";"Decrescente";"Céu Claro";"Dupla";"Reta";"Sim";3;0;2;0;1;0;2;2;-22,77280597;-43,28626763;"SR-RJ";"UOP01";"DEL01"
339896;2021-02-10;"quarta";"13:00:00";"MG";381;"709.7";"NEPOMUCENO";"Demais falhas mecânicas ou elétricas";"Colisão com objeto";"Sem Vítimas";"Pleno dia";"Crescente";"Ignorado";"Dupla";"Curva";"Não";1;0;0;0;1;0;0;1;-21,37772086;-45,19419525;"SR-MG";"UOP02";"DEL04"
339897;2021-01-04;"segunda";"17:30:00";"RS";293;"45.8";"CERRITO";"Acessar a via sem observar a presença dos outros veículos";"Colisão transversal";"Com Vítimas Feridas";"Pleno dia";"Decrescente";"Nublado";"Simples";"Não Informado";"Não";2;0;1;0;1;0;1;2;-31,74068983;-52,78651714;"SR-RS";"UOP01";"DEL07"
339898;2021-02-10;"quarta";"18:45:00";"SC";470;"63.1";"INDAIAL";"Acessar a via sem observar a presença dos outros veículos";"Colisão transversal";"Com Vítimas Feridas";"Anoitecer";"Crescente";"Nublado";"Simples";"Não Informado";"Sim";2;0;1;0;1;0;1;2;-26,872396;-49,19228;"SR-SC";"UOP01";"DEL04"
339900;2021-02-10;"quarta";"19:15:00";"RJ";465;"19";"NOVA IGUACU";"Acesso irregular";"Colisão traseira";"Com Vítimas Feridas";"Plena Noite";"Decrescente";"Céu Claro";"Simples";"Reta";"Sim";3;0;0;1;2;0;1;2;-22,840077;-43,609806;"SR-RJ";"UOP04";"DEL01"
339901;2021-02-10;"quarta";"19:30:00";"BA";116;"427";"FEIRA DE SANTANA";"Animais na Pista";"Atropelamento de Animal";"Com Vítimas Feridas";"Plena Noite";"Decrescente";"Céu Claro";"Dupla";"Reta";"Não";1;0;1;0;0;0;1;1;-12,25241793;-38,98887036;"SR-BA";"UOP01";"DEL02"
339902;2021-02-10;"quarta";"20:55:00";"RJ";101;"2";"CAMPOS DOS GOYTACAZES";"Ultrapassagem Indevida";"Saída de leito carroçável";"Sem Vítimas";"Plena Noite";"Decrescente";"Céu Claro";"Simples";"Reta";"Não";1;0;0;0;1;0;0;1;-21,23585411;-41,31995286;"SR-RJ";"UOP01";"DEL08"
339905;2021-02-10;"quarta";"19:45:00";"TO";153;"333";"GUARAI";"Transitar no acostamento";"Colisão frontal";"Com Vítimas Feridas";"Plena Noite";"Crescente";"Céu Claro";"Simples";"Reta";"Sim";2;0;0;1;1;0;1;2;-8,826486;-48,51216;"SR-TO";"UOP02";"DEL02"
339906;2021-02-10;"quarta";"20:30:00";"MA";222;"674";"ACAILANDIA";"Ingestão de álcool pelo condutor";"Tombamento";"Com Vítimas Feridas";"Plena Noite";"Crescente";"Céu Claro";"Simples";"Reta";"Sim";1;0;1;0;0;0;1;1;-4,93412557;-47,45359225;"SR-MA";"UOP03";"DEL04"
339907;2021-02-10;"quarta";"22:00:00";"ES";101;"297.5";"VIANA";"Condutor deixou de manter distância do veículo da frente";"Colisão traseira";"Com Vítimas Feridas";"Plena Noite";"Decrescente";"Céu Claro";"Dupla";"Reta";"Não";3;0;0;2;0;1;2;2;-20,34529844;-40,41026774;"SR-ES";"UOP01";"DEL01"
339908;2021-02-02;"terça";"17:30:00";"SC";280;"152.4";"MAFRA";"Condutor Dormindo";"Tombamento";"Com Vítimas Feridas";"Pleno dia";"Crescente";"Nublado";"Simples";"Curva";"Não";2;0;1;0;1;0;1;1;-26,21335897;-49,71897125;"SR-SC";"UOP03";"DEL06"
339909;2021-02-10;"quarta";"21:00:00";"MS";158;"282.5";"TRES LAGOAS";"Obstrução na via";"Colisão com objeto";"Com Vítimas Feridas";"Plena Noite";"Crescente";"Céu Claro";"Simples";"Reta";"Não";2;0;1;0;0;1;1;1;-20,84728;-51,73684;"SR-MS";"UOP01";"DEL07"
339911;2021-02-10;"quarta";"21:50:00";"PR";376;"597.3";"CURITIBA";"Ausência de reação do condutor";"Colisão lateral mesmo sentido";"Com Vítimas Fatais";"Plena Noite";"Crescente";"Céu Claro";"Dupla";"Reta";"Sim";5;1;0;0;4;0;0;4;-25,51210936;-49,33843017;"SR-PR";"UOP01";"DEL01"
339912;2021-02-10;"quarta";"20:50:00";"PR";376;"490";"PONTA GROSSA";"Acessar a via sem observar a presença dos outros veículos";"Atropelamento de Pedestre";"Com Vítimas Feridas";"Plena Noite";"Crescente";"Céu Claro";"Dupla";"Desvio Temporário";"Sim";3;0;0;1;2;0;1;2;-25,14692309;-50,15072006;"SR-PR";"UAP01";"DEL03"
339913;2021-02-10;"quarta";"23:00:00";"BA";324;"610";"SIMOES FILHO";"Ingestão de álcool pelo condutor";"Colisão com objeto";"Com Vítimas Feridas";"Plena Noite";"Decrescente";"Céu Claro";"Dupla";"Reta";"Sim";1;0;1;0;0;0;1;1;-12,82931703;-38,41113193;"SR-BA";"UOP01";"DEL01"
339914;2021-02-10;"quarta";"23:15:00";"RJ";116;"198";"QUEIMADOS";"Demais falhas mecânicas ou elétricas";"Incêndio";"Sem Vítimas";"Plena Noite";"Decrescente";"Ignorado";"Dupla";"Reta";"Não";1;0;0;0;1;0;0;1;-22,72952183;-43,57481597;"SR-RJ";"UOP02";"DEL01"
339915;2021-02-10;"quarta";"21:50:00";"PI";316;"17.5";"TERESINA";"Obras na pista";"Colisão com objeto";"Sem Vítimas";"Plena Noite";"Decrescente";"Céu Claro";"Simples";"Reta";"Não";1;0;0;0;1;0;0;1;-5,23885376;-42,74027875;"SR-PI";"UOP02";"DEL01"
339916;2021-02-10;"quarta";"23:30:00";"RJ";116;"118";"MAGE";"Demais falhas mecânicas ou elétricas";"Capotamento";"Com Vítimas Feridas";"Plena Noite";"Crescente";"Céu Claro";"Dupla";"Reta";"Não";2;0;1;0;1;0;1;1;-22,60969336;-43,03076263;"SR-RJ";"UOP04";"DEL02"
339917;2021-02-10;"quarta";"20:35:00";"MG";116;"602";"SAO JOAO DO MANHUACU";"Objeto estático sobre o leito carroçável";"Colisão com objeto";"Com Vítimas Feridas";"Plena Noite";"Crescente";"Nublado";"Simples";"Reta";"Não";1;0;0;1;0;0;1;1;-20,34697376;-42,14642112;"SR-MG";"UOP04";"DEL06"
339918;2021-02-10;"quarta";"23:50:00";"PB";230;"32.3";"BAYEUX";"Condutor Dormindo";"Colisão com objeto";"Sem Vítimas";"Plena Noite";"Crescente";"Céu Claro";"Dupla";"Reta";"Sim";1;0;0;0;1;0;0;1;-7,143;-34,9192;"SR-PB";"UOP01";"DEL01"
339919;2021-02-11;"quinta";"00:35:00";"SC";101;"412";"ARARANGUA";"Ausência de reação do condutor";"Saída de leito carroçável";"Sem Vítimas";"Plena Noite";"Crescente";"Ignorado";"Simples";"Rotatória";"Sim";1;0;0;0;1;0;0;1;-28,939333;-49,497513;"SR-SC";"UOP02";"DEL02"
339920;2021-02-11;"quinta";"00:30:00";"SC";470;"145.8";"RIO DO SUL";"Ingestão de álcool pelo condutor";"Colisão traseira";"Com Vítimas Feridas";"Plena Noite";"Crescente";"Céu Claro";"Simples";"Reta";"Sim";3;0;0;1;1;1;1;2;-27,237301;-49,682217;"SR-SC";"UOP02";"DEL04"
339921;2021-02-11;"quinta";"00:05:00";"PI";343;"166";"BRASILEIRA";"Ausência de reação do condutor";"Atropelamento de Animal";"Com Vítimas Feridas";"Plena Noite";"Crescente";"Chuva";"Simples";"Desvio Temporário";"Sim";1;0;1;0;0;0;1;1;-4,125414;-41,784042;"SR-PI";"UOP01";"DEL02"
339922;2021-02-11;"quinta";"01:00:00";"MG";381;"359";"JOAO MONLEVADE";"Reação tardia ou ineficiente do condutor";"Queda de ocupante de veículo";"Com Vítimas Feridas";"Plena Noite";"Crescente";"Céu Claro";"Simples";"Reta";"Sim";3;0;1;0;0;2;1;1;-19,83888387;-43,18270868;"SR-MG";"UOP01";"DEL03"
339923;2021-02-10;"quarta";"18:07:00";"SC";101;"197";"BIGUACU";"Velocidade Incompatível";"Queda de ocupante de veículo";"Com Vítimas Feridas";"Anoitecer";"Crescente";"Céu Claro";"Múltipla";"Reta";"Sim";1;0;1;0;0;0;1;1;-27,51844497;-48,63848496;"SR-SC";"UOP01";"DEL01"
339924;2021-02-11;"quinta";"03:00:00";"PR";476;"127.5";"CURITIBA";"Reação tardia ou ineficiente do condutor";"Tombamento";"Com Vítimas Feridas";"Plena Noite";"Crescente";"Nublado";"Dupla";"Reta";"Sim";1;0;0;1;0;0;1;1;-25,425167;-49,227158;"SR-PR";"UOP03";"DEL01"
339925;2021-02-11;"quinta";"03:15:00";"RJ";116;"76";"TERESOPOLIS";"Ausência de reação do condutor";"Queda de ocupante de veículo";"Com Vítimas Feridas";"Plena Noite";"Crescente";"Céu Claro";"Simples";"Reta";"Sim";2;0;1;1;0;0;2;1;-22,36124312;-42,94876288;"SR-RJ";"UOP01";"DEL04"
339926;2021-02-11;"quinta";"04:00:00";"SC";101;"435.3";"SOMBRIO";"Ausência de reação do condutor";"Saída de leito carroçável";"Sem Vítimas";"Plena Noite";"Crescente";"Nublado";"Múltipla";"Reta";"Sim";1;0;0;0;1;0;0;1;-29,09949414;-49,63480552;"SR-SC";"UOP02";"DEL02"
339927;2021-02-11;"quinta";"05:40:00";"RS";290;"180.9";"MINAS DO LEAO";"Manobra de mudança de faixa";"Colisão frontal";"Com Vítimas Feridas";"Amanhecer";"Decrescente";"Nublado";"Simples";"Não Informado";"Não";2;0;0;1;1;0;1;2;-30,14195586;-52,0332744;"SR-RS";"UOP03";"DEL02"
339928;2021-02-11;"quinta";"05:20:00";"RJ";116;"238";"PIRAI";"Reação tardia ou ineficiente do condutor";"Engavetamento";"Com Vítimas Feridas";"Amanhecer";"Decrescente";"Céu Claro";"Dupla";"Reta";"Não";4;0;0;1;3;0;1;4;-22,6668693;-43,8411799;"SR-RJ";"UOP01";"DEL07"
339929;2021-02-11;"quinta";"06:50:00";"MG";116;"769.5";"LEOPOLDINA";"Transitar na contramão";"Colisão frontal";"Com Vítimas Feridas";"Pleno dia";"Crescente";"Nublado";"Simples";"Curva";"Sim";7;0;4;0;3;0;4;3;-21,55054675;-42,67361103;"SR-MG";"UOP01";"DEL07"
339930;2021-02-11;"quinta";"06:00:00";"PI";222;"0.6";"SAO JOAO DA FRONTEIRA";"Problema com o freio";"Tombamento";"Com Vítimas Feridas";"Amanhecer";"Crescente";"Céu Claro";"Simples";"Curva";"Não";2;0;2;0;0;0;2;1;-3,918148;-41,23305;"SR-PI";"UOP01";"DEL02"
339931;2021-02-11;"quinta";"04:30:00";"RJ";101;"438";"MANGARATIBA";"Animais na Pista";"Atropelamento de Animal";"Com Vítimas Feridas";"Amanhecer";"Decrescente";"Nublado";"Simples";"Reta";"Não";1;0;1;0;0;0;1;1;-22,9502606;-44,07417802;"SR-RJ";"UOP01";"DEL03"
339932;2021-02-10;"quarta";"18:15:00";"MG";262;"474";"BOM DESPACHO";"Acumulo de areia ou detritos sobre o pavimento";"Queda de ocupante de veículo";"Com Vítimas Feridas";"Anoitecer";"Crescente";"Céu Claro";"Simples";"Reta";"Não";2;0;0;2;0;0;2;1;-19,79064386;-45,19331799;"SR-MG";"UOP03";"DEL08"
339933;2021-02-11;"quinta";"07:00:00";"DF";70;"8";"BRASILIA";"Trafegar com motocicleta (ou similar) entre as faixas";"Atropelamento de Pedestre";"Com Vítimas Feridas";"Pleno dia";"Decrescente";"Céu Claro";"Dupla";"Reta";"Sim";3;0;1;0;2;0;1;2;-15,784966;-48,122108;"SR-DF";"UOP03";"DEL01"
339934;2021-02-11;"quinta";"05:10:00";"MS";163;"48";"ELDORADO";"Velocidade Incompatível";"Atropelamento de Animal";"Sem Vítimas";"Amanhecer";"Decrescente";"Céu Claro";"Simples";"Desvio Temporário";"Não";1;0;0;0;0;1;0;1;-23,72263698;-54,27323208;"SR-MS";"UOP02";"DEL09"
339935;2021-02-11;"quinta";"06:30:00";"RJ";116;"163";"RIO DE JANEIRO";"Manobra de mudança de faixa";"Colisão lateral";"Com Vítimas Feridas";"Pleno dia";"Decrescente";"Céu Claro";"Múltipla";"Reta";"Sim";3;0;2;0;1;0;2;2;-22,815955;-43,32531;"SR-RJ";"UOP01";"DEL01"
339936;2021-02-11;"quinta";"04:30:00";"MS";267;"490.5";"JARDIM";"Reação tardia ou ineficiente do condutor";"Colisão traseira";"Com Vítimas Feridas";"Plena Noite";"Crescente";"Céu Claro";"Simples";"Reta";"Não";3;0;1;0;2;0;1;2;-21,48566487;-56,21959305;"SR-MS";"UOP01";"DEL05"
339937;2021-02-11;"quinta";"07:20:00";"PB";230;"23";"JOAO PESSOA";"Condutor deixou de manter distância do veículo da frente";"Colisão traseira";"Sem Vítimas";"Pleno dia";"Decrescente";"Sol";"Dupla";"Reta";"Sim";3;0;0;0;3;0;0;3;-7,1562;-34,8574;"SR-PB";"UOP01";"DEL01"
339938;2021-02-11;"quinta";"07:35:00";"MG";40;"612";"CONGONHAS";"Condutor deixou de manter distância do veículo da frente";"Colisão traseira";"Com Vítimas Feridas";"Pleno dia";"Decrescente";"Céu Claro";"Simples";"Ponte";"Não";10;0;8;0;1;1;8;2;-20,51778098;-43,83603641;"SR-MG";"UOP02";"DEL05"
339939;2021-02-11;"quinta";"05:50:00";"GO";158;"257";"JATAI";"Ultrapassagem Indevida";"Colisão lateral sentido oposto";"Com Vítimas Feridas";"Amanhecer";"Decrescente";"Céu Claro";"Simples";"Curva";"Não";2;0;1;0;1;0;1;2;-17,79674648;-51,79710388;"SR-GO";"UOP01";"DEL05"
339940;2021-02-11;"quinta";"07:45:00";"SC";101;"122";"ITAJAI";"Ausência de reação do condutor";"Colisão lateral";"Com Vítimas Feridas";"Pleno dia";"Crescente";"Céu Claro";"Dupla";"Reta";"Não";2;0;1;0;1;0;1;2;-26,92955916;-48,70499836;"SR-SC";"UOP04";"DEL04"
339941;2021-02-11;"quinta";"07:30:00";"SC";280;"115";"SAO BENTO DO SUL";"Acessar a via sem observar a presença dos outros veículos";"Colisão transversal";"Com Vítimas Feridas";"Pleno dia";"Decrescente";"Céu Claro";"Simples";"Interseção de vias";"Não";3;0;1;0;2;0;1;2;-26,284761;-49,408313;"SR-SC";"UOP03";"DEL06"
339942;2021-02-11;"quinta";"08:00:00";"PR";116;"118";"CURITIBA";"Condutor deixou de manter distância do veículo da frente";"Colisão traseira";"Com Vítimas Feridas";"Pleno dia";"Decrescente";"Céu Claro";"Dupla";"Reta";"Sim";2;0;1;0;1;0;1;2;-25,54657438;-49,29173608;"SR-PR";"UOP01";"DEL01"
339943;2021-02-11;"quinta";"07:30:00";"SC";101;"206";"SAO JOSE";"Acessar a via sem observar a presença dos outros veículos";"Colisão transversal";"Com Vítimas Feridas";"Pleno dia";"Crescente";"Céu Claro";"Dupla";"Reta";"Sim";2;0;1;0;1;0;1;2;-27,59193546;-48,61824557;"SR-SC";"UOP01";"DEL01"
339944;2021-02-11;"quinta";"07:10:00";"ES";393;"2.4";"CACHOEIRO DE ITAPEMIRIM";"Animais na Pista";"Atropelamento de Animal";"Com Vítimas Feridas";"Pleno dia";"Decrescente";"Céu Claro";"Simples";"Reta";"Não";1;0;1;0;0;0;1;1;-20,83242503;-41,17491003;"SR-ES";"UOP02";"DEL03"
339945;2021-02-11;"quinta";"07:30:00";"GO";60;"73";"ANAPOLIS";"Condutor deixou de manter distância do veículo da frente";"Colisão traseira";"Com Vítimas Feridas";"Pleno dia";"Decrescente";"Céu Claro";"Dupla";"Não Informado";"Não";2;0;1;0;1;0;1;2;-16,2706;-48,7699;"SR-GO";"UOP01";"DEL02"
339946;2021-02-11;"quinta";"06:45:00";"SC";116;"305.3";"CAPAO ALTO";"Velocidade Incompatível";"Saída de leito carroçável";"Com Vítimas Feridas";"Pleno dia";"Crescente";"Nublado";"Simples";"Não Informado";"Não";1;0;0;1;0;0;1;1;-28,19959072;-50,72748184;"SR-SC";"UOP02";"DEL05"
339947;2021-02-11;"quinta";"07:00:00";"PR";277;"596.6";"CASCAVEL";"Reação tardia ou ineficiente do condutor";"Saída de leito carroçável";"Com Vítimas Feridas";"Pleno dia";"Crescente";"Céu Claro";"Dupla";"Reta";"Não";2;0;0;1;1;0;1;2;-24,98837665;-53,50778641;"SR-PR";"UOP01";"DEL04"
339948;2021-01-12;"terça";"19:50:00";"MG";116;"115";"ITAOBIM";"Retorno proibido";"Colisão transversal";"Com Vítimas Feridas";"Plena Noite";"Decrescente";"Nublado";"Múltipla";"Reta";"Sim";2;0;1;0;1;0;1;2;-16,55656498;-41,50192905;"SR-MG";"UOP02";"DEL11"
339949;2021-02-11;"quinta";"08:00:00";"PR";376;"241.1";"APUCARANA";"Velocidade Incompatível";"Colisão com objeto";"Com Vítimas Feridas";"Pleno dia";"Crescente";"Chuva";"Dupla";"Desvio Temporário";"Não";2;0;1;0;1;0;1;2;-23,58168461;-51,42681594;"SR-PR";"UAP01";"DEL07"
339951;2021-02-11;"quinta";"07:00:00";"RJ";40;"79.3";"PETROPOLIS";"Demais falhas mecânicas ou elétricas";"Incêndio";"Sem Vítimas";"Pleno dia";"Crescente";"Céu Claro";"Dupla";"Reta";"Não";1;0;0;0;1;0;0;1;-22,495152;-43,225498;"SR-RJ";"UOP03";"DEL06"
339953;2021-02-11;"quinta";"07:15:00";"GO";40;"39.3";"LUZIANIA";"Demais falhas mecânicas ou elétricas";"Incêndio";"Sem Vítimas";"Pleno dia";"Decrescente";"Sol";"Dupla";"Não Informado";"Não";1;0;0;0;1;0;0;1;-16,351712;-47,833443;"SR-DF";"UOP04";"DEL01"
339954;2021-02-11;"quinta";"08:10:00";"SP";116;"230";"SAO PAULO";"Condutor deixou de manter distância do veículo da frente";"Queda de ocupante de veículo";"Com Vítimas Feridas";"Pleno dia";"Crescente";"Nublado";"Múltipla";"Reta";"Sim";2;0;2;0;0;0;2;2;-23,520016;-46,583806;"SR-SP";"UOP01";"DEL01"
339955;2021-02-11;"quinta";"08:58:00";"PR";376;"189";"MARIALVA";"Ausência de reação do condutor";"Colisão transversal";"Com Vítimas Feridas";"Pleno dia";"Decrescente";"Nublado";"Dupla";"Reta";"Não";2;0;0;1;1;0;1;2;-23,471231;-51,819515;"SR-PR";"UOP01";"DEL09"
339956;2021-02-11;"quinta";"08:30:00";"SC";101;"320";"PESCARIA BRAVA";"Obras na pista";"Engavetamento";"Sem Vítimas";"Pleno dia";"Crescente";"Céu Claro";"Dupla";"Não Informado";"Não";7;0;0;0;7;0;0;4;-28,42800492;-48,88171497;"SR-SC";"UOP01";"DEL02"
339957;2021-01-17;"domingo";"20:35:00";"PA";230;"121";"MARABA";"Reação tardia ou ineficiente do condutor";"Colisão transversal";"Com Vítimas Feridas";"Plena Noite";"Decrescente";"Nublado";"Dupla";"Retorno Regulamentado";"Sim";3;0;0;2;1;0;2;2;-5,37127464;-49,1323185;"SR-PA";"UOP01";"DEL03"
339958;2021-02-11;"quinta";"08:50:00";"PE";407;"126.3";"PETROLINA";"Manobra de mudança de faixa";"Colisão lateral mesmo sentido";"Com Vítimas Feridas";"Pleno dia";"Crescente";"Sol";"Dupla";"Rotatória";"Sim";3;0;2;0;1;0;2;2;-9,38797393;-40,52579011;"SR-PE";"UOP01";"DEL06"
339959;2021-02-02;"terça";"12:00:00";"MT";364;"346";"SANTO ANTONIO DO LEVERGER";"Demais falhas mecânicas ou elétricas";"Colisão traseira";"Sem Vítimas";"Pleno dia";"Crescente";"Céu Claro";"Dupla";"Reta";"Não";2;0;0;0;2;0;0;2;-15,81193889;-55,53981241;"SR-MT";"UOP02";"DEL05"
339960;2021-02-11;"quinta";"09:25:00";"GO";50;"311.2";"CUMARI";"Condutor deixou de manter distância do veículo da frente";"Colisão traseira";"Com Vítimas Feridas";"Pleno dia";"Decrescente";"Nublado";"Dupla";"Reta";"Não";4;0;1;2;1;0;3;2;-18,4065;-48,08;"SR-GO";"UOP01";"DEL06"
339961;2021-02-11;"quinta";"09:10:00";"PR";116;"47";"CAMPINA GRANDE DO SUL";"Carga excessiva e/ou mal acondicionada";"Tombamento";"Sem Vítimas";"Pleno dia";"Crescente";"Céu Claro";"Dupla";"Curva";"Não";1;0;0;0;1;0;0;1;-25,21058799;-48,89720903;"SR-PR";"UOP02";"DEL01"
339962;2021-02-11;"quinta";"09:30:00";"PR";376;"161.2";"MARINGA";"Reação tardia ou ineficiente do condutor";"Colisão traseira";"Com Vítimas Feridas";"Pleno dia";"Crescente";"Nublado";"Dupla";"Não Informado";"Sim";2;0;1;0;1;0;1;2;-23,37281665;-52,05547485;"SR-PR";"UOP01";"DEL09"
339963;2021-02-11;"quinta";"06:33:00";"BA";410;"4";"RIBEIRA DO POMBAL";"Demais falhas mecânicas ou elétricas";"Tombamento";"Com Vítimas Feridas";"Pleno dia";"Crescente";"Chuva";"Simples";"Desvio Temporário";"Sim";1;0;1;0;0;0;1;1;-10,83422975;-38,5604295;"SR-BA";"UOP02";"DEL07"
339964;2021-02-11;"quinta";"08:00:00";"BA";410;"4";"RIBEIRA DO POMBAL";"Velocidade Incompatível";"Saída de leito carroçável";"Com Vítimas Feridas";"Pleno dia";"Decrescente";"Nublado";"Simples";"Reta";"Não";1;0;1;0;0;0;1;1;-10,83422975;-38,5604295;"SR-BA";"UOP02";"DEL07"
339965;2021-02-11;"quinta";"09:55:00";"SE";101;"196.3";"CRISTINAPOLIS";"Demais falhas mecânicas ou elétricas";"Tombamento";"Com Vítimas Feridas";"Pleno dia";"Decrescente";"Céu Claro";"Simples";"Reta";"Não";1;0;1;0;0;0;1;1;-11,46225469;-37,74281194;"SR-SE";"UOP03";"DEL02"
339966;2021-02-07;"domingo";"17:30:00";"SP";116;"514";"CAJATI";"Problema com o freio";"Saída de leito carroçável";"Sem Vítimas";"Pleno dia";"Decrescente";"Céu Claro";"Simples";"Reta";"Não";1;0;0;0;1;0;0;1;-24,86101234;-48,21302891;"SR-SP";"UOP02";"DEL05"
339967;2021-01-18;"segunda";"19:40:00";"PA";316;"186";"SANTA LUZIA DO PARA";"Animais na Pista";"Capotamento";"Com Vítimas Feridas";"Plena Noite";"Decrescente";"Nublado";"Simples";"Não Informado";"Não";3;0;1;2;0;0;3;1;-1,445423;-46,969482;"SR-PA";"UOP03";"DEL01"
339968;2021-02-11;"quinta";"10:35:00";"SP";116;"288";"ITAPECERICA DA SERRA";"Ausência de reação do condutor";"Tombamento";"Com Vítimas Feridas";"Pleno dia";"Crescente";"Céu Claro";"Dupla";"Reta";"Não";1;0;1;0;0;0;1;1;-23,70151535;-46,87022907;"SR-SP";"UOP01";"DEL04"
339970;2021-02-11;"quinta";"10:40:00";"SP";116;"285.5";"ITAPECERICA DA SERRA";"Animais na Pista";"Atropelamento de Animal";"Com Vítimas Feridas";"Pleno dia";"Crescente";"Céu Claro";"Dupla";"Reta";"Sim";1;0;1;0;0;0;1;1;-23,70407794;-46,87249709;"SR-SP";"UOP01";"DEL04"
339971;2021-02-11;"quinta";"10:20:00";"PR";476;"132";"CURITIBA";"Trafegar com motocicleta (ou similar) entre as faixas";"Colisão lateral";"Com Vítimas Feridas";"Pleno dia";"Decrescente";"Céu Claro";"Dupla";"Reta";"Sim";3;0;1;0;2;0;1;3;-25,460718;-49,250488;"SR-PR";"UOP03";"DEL01"
339972;2021-02-11;"quinta";"09:30:00";"AL";101;"108.2";"PILAR";"Demais falhas mecânicas ou elétricas";"Saída de leito carroçável";"Com Vítimas Feridas";"Pleno dia";"Crescente";"Nublado";"Simples";"Curva";"Não";1;0;1;0;0;0;1;1;-9,59656948;-36,0091409;"SR-AL";"UOP01";"DEL02"
339973;2021-02-11;"quinta";"09:00:00";"RS";472;"139.9";"TRES DE MAIO";"Manobra de mudança de faixa";"Saída de leito carroçável";"Sem Vítimas";"Pleno dia";"Crescente";"Chuva";"Simples";"Reta";"Não";1;0;0;0;1;0;0;1;-27,77433212;-54,301426;"SR-RS";"UOP01";"DEL10"
339974;2021-01-31;"domingo";"17:35:00";"GO";158;"265";"JATAI";"Reação tardia ou ineficiente do condutor";"Tombamento";"Com Vítimas Feridas";"Pleno dia";"Crescente";"Céu Claro";"Simples";"Curva";"Não";2;0;0;2;0;0;2;1;-17,83651459;-51,76247069;"SR-GO";"UOP01";"DEL05"
339975;2021-02-11;"quinta";"07:40:00";"PR";376;"374";"ORTIGUEIRA";"Ultrapassagem Indevida";"Saída de leito carroçável";"Com Vítimas Feridas";"Pleno dia";"Decrescente";"Chuva";"Dupla";"Reta";"Não";2;0;0;2;0;0;2;1;-24,408135;-50,78447205;"SR-PR";"UAP01";"DEL07"
339976;2021-02-11;"quinta";"06:50:00";"PR";369;"44";"ANDIRA";"Animais na Pista";"Atropelamento de Animal";"Com Vítimas Feridas";"Pleno dia";"Crescente";"Nublado";"Simples";"Não Informado";"Não";2;0;2;0;0;0;2;1;-23,08739074;-50,28197765;"SR-PR";"UOP01";"DEL07"
339977;2021-02-11;"quinta";"11:00:00";"SP";153;"280";"OCAUCU";"Desrespeitar a preferência no cruzamento";"Colisão transversal";"Com Vítimas Feridas";"Pleno dia";"Crescente";"Garoa/Chuvisco";"Simples";"Reta";"Não";4;0;4;0;0;0;4;2;-22,41321412;-49,86091715;"SR-SP";"UOP02";"DEL07"
339978;2021-02-11;"quinta";"11:10:00";"PR";277;"2";"FOZ DO IGUACU";"Reação tardia ou ineficiente do condutor";"Colisão transversal";"Com Vítimas Feridas";"Pleno dia";"Crescente";"Nublado";"Simples";"Reta";"Não";4;0;1;1;2;0;2;2;-25,493778;-54,583262;"SR-PR";"UOP03";"DEL05"
339979;2021-02-11;"quinta";"11:15:00";"GO";153;"192";"URUACU";"Acessar a via sem observar a presença dos outros veículos";"Colisão transversal";"Com Vítimas Feridas";"Pleno dia";"Crescente";"Céu Claro";"Simples";"Reta";"Não";2;0;0;1;1;0;1;2;-14,446058;-49,156555;"SR-GO";"UOP02";"DEL07"
339980;2021-01-30;"sábado";"13:00:00";"SE";235;"49.5";"ITABAIANA";"Desrespeitar a preferência no cruzamento";"Colisão transversal";"Com Vítimas Feridas";"Pleno dia";"Crescente";"Nublado";"Simples";"Desvio Temporário";"Sim";2;0;0;1;1;0;1;2;-10,716222;-37,421669;"SR-SE";"UOP02";"DEL01"