"id";"data_inversa";"dia_semana";"horario";"uf";"br";"km";"municipio";"causa_acidente";"tipo_acidente";"classificacao_acidente";"fase_dia";"sentido_via";"condicao_metereologica";"tipo_pista";"tracado_via";"uso_solo";"pessoas";"mortos";"feridos_leves";"feridos_graves";"ilesos";"ignorados";"feridos";"veiculos";"latitude";"longitude";"regional";"delegacia";"uop"
339982;2021-02-11;"quinta";"07:30:00";"MS";262;"568";"MIRANDA";"Animais na Pista";"Atropelamento de Animal";"Sem Vítimas";"Pleno dia";"Decrescente";"Céu Claro";"Simples";"Reta";"Não";3;0;0;0;3;0;0;1;-20,18958615;-56,45743;"SR-MS";"UOP02";"DEL03"
339983;2021-02-11;"quinta";"07:00:00";"MG";40;"456";"CAETANOPOLIS";"Avarias e/ou desgaste excessivo no pneu";"Queda de ocupante de veículo";"Com Vítimas Feridas";"Pleno dia";"Decrescente";"Nublado";"Dupla";"Curva";"Não";1;0;0;1;0;0;1;1;-19,36312782;-44,33978478;"SR-MG";"UOP01";"DEL02"
339984;2021-02-11;"quinta";"11:53:00";"RS";158;"326";"SANTA MARIA";"Condutor deixou de manter distância do veículo da frente";"Colisão traseira";"Com Vítimas Feridas";"Pleno dia";"Crescente";"Céu Claro";"Dupla";"Interseção de vias";"Sim";2;0;1;0;1;0;1;2;-29,70975376;-53,80284617;"SR-RS";"UOP01";"DEL09"
339985;2021-02-11;"quinta";"11:25:00";"RJ";116;"167";"SAO JOAO DE MERITI";"Reação tardia ou ineficiente do condutor";"Colisão com objeto";"Com Vítimas Feridas";"Pleno dia";"Crescente";"Sol";"Múltipla";"Reta";"Sim";1;0;1;0;0;0;1;1;-22,79851;-43,3567;"SR-RJ";"UOP01";"DEL01"
339986;2021-01-10;"domingo";"14:15:00";"RJ";393;"274";"BARRA DO PIRAI";"Velocidade Incompatível";"Tombamento";"Sem Vítimas";"Pleno dia";"Crescente";"Nublado";"Simples";"Curva";"Não";1;0;0;0;1;0;0;1;-22,48328327;-43,96042792;"SR-RJ";"UOP02";"DEL05"
339987;2021-02-11;"quinta";"06:30:00";"PI";135;"74.4";"CANAVIEIRA";"Demais falhas mecânicas ou elétricas";"Incêndio";"Sem Vítimas";"Pleno dia";"Crescente";"Céu Claro";"Simples";"Reta";"Não";1;0;0;0;1;0;0;1;-7,29881051;-43,70309959;"SR-PI";"UOP01";"DEL03"
339988;2021-02-11;"quinta";"10:45:00";"AL";101;"165.9";"TEOTONIO VILELA";"Velocidade Incompatível";"Queda de ocupante de veículo";"Com Vítimas Feridas";"Pleno dia";"Decrescente";"Nublado";"Dupla";"Reta";"Não";1;0;0;1;0;0;1;1;-9,8996779;-36,283047;"SR-AL";"UOP02";"DEL02"
339989;2021-02-11;"quinta";"10:45:00";"MG";381;"768.7";"CAMPANHA";"Velocidade Incompatível";"Saída de leito carroçável";"Com Vítimas Feridas";"Pleno dia";"Crescente";"Garoa/Chuvisco";"Dupla";"Reta";"Não";4;0;2;0;2;0;2;1;-21,77370307;-45,42761992;"SR-MG";"UOP02";"DEL16"
339990;2021-02-11;"quinta";"12:00:00";"SC";101;"209.2";"SAO JOSE";"Trafegar com motocicleta (ou similar) entre as faixas";"Colisão lateral";"Com Vítimas Feridas";"Pleno dia";"Decrescente";"Céu Claro";"Dupla";"Reta";"Sim";2;0;1;0;1;0;1;2;-27,61000542;-48,63895057;"SR-SC";"UOP01";"DEL01"
339991;2021-02-11;"quinta";"12:22:00";"MG";381;"686.7";"LAVRAS";"Curva acentuada";"Saída de leito carroçável";"Com Vítimas Fatais";"Pleno dia";"Crescente";"Garoa/Chuvisco";"Dupla";"Curva";"Não";3;1;2;0;0;0;2;1;-21,20030689;-45,11944438;"SR-MG";"UOP02";"DEL04"
339993;2021-02-11;"quinta";"12:00:00";"MG";40;"532.6";"BELO HORIZONTE";"Condutor deixou de manter distância do veículo da frente";"Engavetamento";"Com Vítimas Feridas";"Pleno dia";"Crescente";"Céu Claro";"Dupla";"Reta";"Sim";4;0;2;0;2;0;2;3;-19,92372561;-44,01700789;"SR-MG";"UOP02";"DEL01"
339994;2021-02-11;"quinta";"11:00:00";"MT";364;"259";"JUSCIMEIRA";"Acessar a via sem observar a presença dos outros veículos";"Colisão lateral";"Com Vítimas Feridas";"Pleno dia";"Crescente";"Céu Claro";"Dupla";"Reta";"Não";3;0;0;1;2;0;1;2;-16,06385663;-54,8719883;"SR-MT";"UOP01";"DEL02"
339995;2021-02-11;"quinta";"09:50:00";"RO";364;"15";"VILHENA";"Desrespeitar a preferência no cruzamento";"Colisão transversal";"Sem Vítimas";"Pleno dia";"Decrescente";"Céu Claro";"Simples";"Interseção de vias";"Sim";1;0;0;0;1;0;0;1;-12,73672751;-60,14804088;"SR-RO";"UOP01";"DEL04"
339996;2021-02-11;"quinta";"13:25:00";"RS";116;"233";"ESTANCIA VELHA";"Condutor deixou de manter distância do veículo da frente";"Colisão traseira";"Sem Vítimas";"Pleno dia";"Crescente";"Sol";"Simples";"Reta";"Sim";2;0;0;0;2;0;0;2;-29,63514492;-51,14267707;"SR-RS";"UOP02";"DEL01"
339997;2021-02-11;"quinta";"11:10:00";"PI";230;"309.1";"FLORIANO";"Obstrução na via";"Colisão com objeto";"Sem Vítimas";"Pleno dia";"Decrescente";"Céu Claro";"Simples";"Reta";"Sim";1;0;0;0;1;0;0;1;-6,77433132;-43,00632318;"SR-PI";"UOP01";"DEL03"
339998;2021-02-11;"quinta";"13:20:00";"SC";101;"333.8";"TUBARAO";"Reação tardia ou ineficiente do condutor";"Colisão traseira";"Com Vítimas Feridas";"Pleno dia";"Crescente";"Sol";"Dupla";"Reta";"Sim";3;0;2;0;1;0;2;2;-28,46929491;-49,01618958;"SR-SC";"UOP01";"DEL02"
339999;2021-02-11;"quinta";"07:33:00";"MG";50;"145.9";"UBERABA";"Reação tardia ou ineficiente do condutor";"Saída de leito carroçável";"Sem Vítimas";"Pleno dia";"Decrescente";"Sol";"Dupla";"Reta";"Não";1;0;0;0;0;1;0;1;-19,51997196;-48,03997088;"SR-MG";"UOP01";"DEL13"
340000;2021-02-11;"quinta";"12:40:00";"SC";116;"144.8";"SANTA CECILIA";"Velocidade Incompatível";"Derramamento de carga";"Sem Vítimas";"Pleno dia";"Crescente";"Chuva";"Simples";"Curva";"Não";1;0;0;0;1;0;0;1;-26,99398389;-50,39844506;"SR-SC";"UOP02";"DEL06"
340001;2021-02-11;"quinta";"08:30:00";"MG";50;"192";"DELTA";"Condutor deixou de manter distância do veículo da frente";"Colisão traseira";"Com Vítimas Feridas";"Pleno dia";"Crescente";"Chuva";"Dupla";"Não Informado";"Não";2;0;1;0;1;0;1;2;-19,87187797;-47,85892196;"SR-MG";"UOP01";"DEL13"
340003;2021-02-11;"quinta";"12:30:00";"RJ";40;"52.5";"PETROPOLIS";"Velocidade Incompatível";"Colisão com objeto";"Com Vítimas Feridas";"Pleno dia";"Decrescente";"Céu Claro";"Dupla";"Não Informado";"Não";1;0;1;0;0;0;1;1;-22,33571319;-43,13320403;"SR-RJ";"UOP01";"DEL06"
340004;2021-02-11;"quinta";"12:10:00";"MG";40;"666.8";"CARANDAI";"Acessar a via sem observar a presença dos outros veículos";"Colisão transversal";"Com Vítimas Feridas";"Pleno dia";"Crescente";"Chuva";"Dupla";"Rotatória";"Sim";3;0;2;0;1;0;2;2;-20,94471215;-43,8086221;"SR-MG";"UOP02";"DEL05"
340005;2021-01-10;"domingo";"20:15:00";"PA";153;"144.8";"SAO GERALDO DO ARAGUAIA";"Ausência de sinalização";"Colisão com objeto";"Com Vítimas Feridas";"Plena Noite";"Crescente";"Nublado";"Simples";"Reta";"Não";3;0;0;1;1;1;1;2;-6,348832;-48,592903;"SR-PA";"UOP01";"DEL03"
340007;2021-01-25;"segunda";"06:45:00";"PA";316;"52";"SANTA IZABEL DO PARA";"Ingestão de álcool e/ou substâncias psicoativas pelo pedestre";"Saída de leito carroçável";"Com Vítimas Feridas";"Pleno dia";"Decrescente";"Céu Claro";"Dupla";"Reta";"Não";1;0;1;0;0;0;1;1;-1,30732485;-48,02586802;"SR-PA";"UOP01";"DEL01"
340009;2021-02-11;"quinta";"14:17:00";"RN";304;"305";"PARNAMIRIM";"Ingestão de álcool pelo condutor";"Colisão lateral";"Sem Vítimas";"Pleno dia";"Decrescente";"Céu Claro";"Dupla";"Reta";"Não";2;0;0;0;2;0;0;2;-5,8876927;-35,2721949;"SR-RN";"UOP02";"DEL01"
340010;2021-02-11;"quinta";"13:25:00";"BA";242;"850";"BARREIRAS";"Transitar na contramão";"Colisão frontal";"Com Vítimas Feridas";"Pleno dia";"Crescente";"Nublado";"Simples";"Reta";"Não";8;0;4;1;3;0;5;3;-12,10967583;-45,28842497;"SR-BA";"UOP01";"DEL10"
340013;2021-02-11;"quinta";"15:00:00";"RS";287;"249";"SANTA MARIA";"Acessar a via sem observar a presença dos outros veículos";"Colisão lateral";"Com Vítimas Feridas";"Pleno dia";"Crescente";"Chuva";"Simples";"Reta";"Sim";2;0;1;0;1;0;1;2;-29,69400654;-53,86100019;"SR-RS";"UOP01";"DEL09"
340014;2021-01-28;"quinta";"19:20:00";"PA";230;"626";"VITORIA DO XINGU";"Condutor deixou de manter distância do veículo da frente";"Colisão lateral mesmo sentido";"Com Vítimas Feridas";"Plena Noite";"Decrescente";"Céu Claro";"Simples";"Reta";"Não";4;0;1;0;3;0;1;4;-3,17127831;-52,12585398;"SR-PA";"UOP01";"DEL04"
340016;2021-02-11;"quinta";"15:00:00";"SC";470;"67.9";"INDAIAL";"Trafegar com motocicleta (ou similar) entre as faixas";"Colisão lateral";"Com Vítimas Feridas";"Pleno dia";"Decrescente";"Nublado";"Simples";"Reta";"Sim";2;0;1;0;1;0;1;2;-26,872158;-49,23127;"SR-SC";"UOP01";"DEL04"
340017;2021-02-11;"quinta";"14:20:00";"PI";343;"588";"FLORIANO";"Reação tardia ou ineficiente do condutor";"Colisão com objeto";"Com Vítimas Feridas";"Pleno dia";"Decrescente";"Céu Claro";"Dupla";"Reta";"Sim";1;0;0;1;0;0;1;1;-6,780452;-43,002651;"SR-PI";"UOP01";"DEL03"
340018;2021-02-11;"quinta";"15:00:00";"SC";101;"276.4";"IMBITUBA";"Sinalização mal posicionada";"Colisão com objeto";"Com Vítimas Feridas";"Pleno dia";"Decrescente";"Céu Claro";"Dupla";"Não Informado";"Sim";2;0;2;0;0;0;2;1;-28,14644701;-48,69204746;"SR-SC";"UOP03";"DEL02"
340019;2021-02-11;"quinta";"14:56:00";"CE";222;"14";"CAUCAIA";"Reação tardia ou ineficiente do condutor";"Colisão traseira";"Sem Vítimas";"Pleno dia";"Crescente";"Céu Claro";"Simples";"Reta";"Não";3;0;0;0;3;0;0;3;-3,76168497;-38,68641099;"SR-CE";"UOP01";"DEL01"
340021;2021-02-11;"quinta";"16:00:00";"SC";101;"412.5";"ARARANGUA";"Acessar a via sem observar a presença dos outros veículos";"Colisão transversal";"Com Vítimas Feridas";"Pleno dia";"Decrescente";"Nublado";"Simples";"Reta";"Sim";3;0;1;0;1;1;1;2;-28,95858671;-49,51503754;"SR-SC";"UOP02";"DEL02"
340022;2021-02-11;"quinta";"13:50:00";"MA";230;"381";"BALSAS";"Desrespeitar a preferência no cruzamento";"Colisão transversal";"Com Vítimas Fatais";"Pleno dia";"Decrescente";"Nublado";"Simples";"Reta";"Não";3;1;1;1;0;0;2;2;-7,3354982;-45,9561976;"SR-MA";"UOP01";"DEL05"
340024;2021-01-27;"quarta";"11:00:00";"PA";308;"204";"BRAGANCA";"Reação tardia ou ineficiente do condutor";"Colisão frontal";"Com Vítimas Feridas";"Pleno dia";"Decrescente";"Céu Claro";"Simples";"Ponte";"Sim";2;0;1;0;1;0;1;2;-1,06498774;-46,7597;"SR-PA";"UOP03";"DEL01"
340027;2021-01-26;"terça";"15:00:00";"PR";376;"176.1";"MARINGA";"Reação tardia ou ineficiente do condutor";"Colisão traseira";"Com Vítimas Feridas";"Pleno dia";"Crescente";"Ignorado";"Dupla";"Não Informado";"Sim";2;0;1;0;0;1;1;2;-23,41269173;-51,93158327;"SR-PR";"UOP01";"DEL09"
340028;2021-02-11;"quinta";"16:25:00";"PI";316;"4";"TERESINA";"Objeto estático sobre o leito carroçável";"Colisão com objeto";"Com Vítimas Feridas";"Pleno dia";"Crescente";"Céu Claro";"Múltipla";"Reta";"Sim";4;0;1;0;3;0;1;2;-5,12826443;-42,79292384;"SR-PI";"UOP02";"DEL01"
340029;2021-02-11;"quinta";"12:30:00";"BA";110;"137";"CICERO DANTAS";"Acumulo de água sobre o pavimento";"Colisão transversal";"Com Vítimas Feridas";"Pleno dia";"Crescente";"Chuva";"Simples";"Curva";"Não";3;0;1;0;2;0;1;2;-10,58317696;-38,37435277;"SR-BA";"UOP02";"DEL07"
340030;2021-02-11;"quinta";"16:15:00";"RS";470;"158.5";"NOVA PRATA";"Reação tardia ou ineficiente do condutor";"Colisão lateral";"Com Vítimas Feridas";"Pleno dia";"Decrescente";"Chuva";"Simples";"Reta";"Não";2;0;1;0;1;0;1;2;-28,80000398;-51,61054097;"SR-RS";"UOP02";"DEL06"
340031;2021-02-11;"quinta";"11:30:00";"MA";316;"400";"ALTO ALEGRE DO MARANHAO";"Condutor deixou de manter distância do veículo da frente";"Colisão traseira";"Com Vítimas Feridas";"Pleno dia";"Crescente";"Céu Claro";"Simples";"Reta";"Sim";4;0;1;0;3;0;1;3;-4,198092;-44,45652;"SR-MA";"UOP01";"DEL03"
340032;2021-02-10;"quarta";"22:00:00";"PE";232;"241";"ARCOVERDE";"Ingestão de álcool pelo condutor";"Saída de leito carroçável";"Com Vítimas Fatais";"Plena Noite";"Decrescente";"Céu Claro";"Simples";"Não Informado";"Não";1;1;0;0;0;0;0;1;-8,41518942;-36,970926;"SR-PE";"UOP02";"DEL03"
340033;2021-02-11;"quinta";"16:20:00";"SP";116;"139";"SAO JOSE DOS CAMPOS";"Ingestão de álcool pelo condutor";"Colisão com objeto";"Sem Vítimas";"Pleno dia";"Decrescente";"Nublado";"Dupla";"Retorno Regulamentado";"Sim";1;0;0;0;1;0;0;1;-23,16153216;-45,80400592;"SR-SP";"UOP01";"DEL02"
340034;2021-02-11;"quinta";"17:00:00";"PR";163;"247.5";"TOLEDO";"Chuva";"Capotamento";"Com Vítimas Feridas";"Pleno dia";"Decrescente";"Chuva";"Dupla";"Reta";"Não";2;0;2;0;0;0;2;1;-24,717822;-53,711597;"SR-PR";"UOP02";"DEL06"
340035;2021-02-11;"quinta";"16:50:00";"SP";116;"429.3";"REGISTRO";"Reação tardia ou ineficiente do condutor";"Colisão com objeto";"Sem Vítimas";"Anoitecer";"Crescente";"Chuva";"Dupla";"Curva";"Não";3;0;0;0;3;0;0;1;-24,40226511;-47,7383829;"SR-SP";"UOP01";"DEL05"
340036;2021-02-11;"quinta";"14:40:00";"SP";381;"76";"SAO PAULO";"Chuva";"Saída de leito carroçável";"Com Vítimas Feridas";"Pleno dia";"Crescente";"Chuva";"Dupla";"Desvio Temporário";"Não";1;0;1;0;0;0;1;1;-23,38372401;-46,56502116;"SR-SP";"UOP01";"DEL03"
340037;2021-02-11;"quinta";"10:30:00";"RO";364;"491";"ARIQUEMES";"Ausência de reação do condutor";"Engavetamento";"Com Vítimas Fatais";"Pleno dia";"Crescente";"Céu Claro";"Simples";"Reta";"Não";5;1;0;2;2;0;2;3;-10,09972089;-62,95458394;"SR-RO";"UOP01";"DEL03"
340038;2021-02-11;"quinta";"17:25:00";"RS";470;"223";"GARIBALDI";"Desrespeitar a preferência no cruzamento";"Colisão transversal";"Com Vítimas Feridas";"Pleno dia";"Decrescente";"Nublado";"Simples";"Não Informado";"Sim";2;0;1;0;1;0;1;2;-29,227299;-51,516199;"SR-RS";"UOP01";"DEL06"
340039;2021-02-11;"quinta";"17:30:00";"ES";101;"278.5";"VITORIA";"Manobra de mudança de faixa";"Colisão transversal";"Com Vítimas Feridas";"Pleno dia";"Crescente";"Céu Claro";"Dupla";"Retorno Regulamentado";"Não";2;0;0;1;1;0;1;2;-20,21692359;-40,32929778;"SR-ES";"UOP01";"DEL02"
340040;2021-02-11;"quinta";"16:40:00";"SP";116;"504";"CAJATI";"Pista Escorregadia";"Colisão com objeto";"Com Vítimas Feridas";"Pleno dia";"Crescente";"Chuva";"Simples";"Curva";"Não";1;0;1;0;0;0;1;1;-24,77956537;-48,2110548;"SR-SP";"UOP02";"DEL05"
340041;2021-02-11;"quinta";"17:25:00";"SC";101;"211.5";"PALHOCA";"Demais falhas mecânicas ou elétricas";"Tombamento";"Com Vítimas Feridas";"Pleno dia";"Crescente";"Nublado";"Múltipla";"Reta";"Sim";2;0;1;1;0;0;2;1;-27,62329313;-48,65245588;"SR-SC";"UOP02";"DEL01"
340042;2021-01-27;"quarta";"08:20:00";"MT";364;"402";"CUIABA";"Velocidade Incompatível";"Colisão com objeto";"Com Vítimas Feridas";"Pleno dia";"Decrescente";"Céu Claro";"Dupla";"Curva";"Sim";1;0;0;1;0;0;1;1;-15,65189334;-55,99535108;"SR-MT";"UOP02";"DEL01"
340043;2021-02-11;"quinta";"17:40:00";"PE";101;"60.3";"RECIFE";"Pedestre cruzava a pista fora da faixa";"Queda de ocupante de veículo";"Com Vítimas Feridas";"Anoitecer";"Decrescente";"Nublado";"Dupla";"Reta";"Sim";3;0;1;0;0;2;1;1;-7,98344307;-34,93176727;"SR-PE";"UOP02";"DEL01"
340044;2021-02-11;"quinta";"17:00:00";"SP";381;"40";"ATIBAIA";"Chuva";"Saída de leito carroçável";"Com Vítimas Feridas";"Pleno dia";"Decrescente";"Chuva";"Dupla";"Reta";"Sim";1;0;1;0;0;0;1;1;-23,12997498;-46,5767598;"SR-SP";"UOP01";"DEL03"
340045;2021-02-11;"quinta";"13:00:00";"BA";242;"351";"LENCOIS";"Velocidade Incompatível";"Colisão traseira";"Sem Vítimas";"Pleno dia";"Crescente";"Sol";"Simples";"Curva";"Não";2;0;0;0;2;0;0;2;-12,49243908;-41,3280788;"SR-BA";"UOP01";"DEL06"
340046;2021-02-11;"quinta";"18:00:00";"BA";324;"616";"SALVADOR";"Pedestre andava na pista";"Atropelamento de Pedestre";"Com Vítimas Feridas";"Plena Noite";"Decrescente";"Céu Claro";"Dupla";"Reta";"Não";2;0;1;0;1;0;1;1;-12,87957905;-38,43213893;"SR-BA";"UOP01";"DEL01"
340047;2021-02-11;"quinta";"16:40:00";"SP";116;"96";"PINDAMONHANGABA";"Acumulo de água sobre o pavimento";"Saída de leito carroçável";"Com Vítimas Feridas";"Pleno dia";"Crescente";"Chuva";"Dupla";"Reta";"Sim";5;0;5;0;0;0;5;1;-22,96945055;-45,43869623;"SR-SP";"UOP01";"DEL08"
340048;2021-02-11;"quinta";"17:50:00";"BA";235;"346";"JUAZEIRO";"Condutor deixou de manter distância do veículo da frente";"Colisão lateral";"Com Vítimas Feridas";"Plena Noite";"Crescente";"Nublado";"Simples";"Reta";"Não";2;0;1;0;1;0;1;2;-9,45472;-40,47658;"SR-PE";"UOP01";"DEL06"
340049;2021-02-11;"quinta";"18:00:00";"PE";101;"44.2";"IGARASSU";"Velocidade Incompatível";"Colisão lateral mesmo sentido";"Sem Vítimas";"Plena Noite";"Decrescente";"Céu Claro";"Múltipla";"Reta";"Sim";2;0;0;0;1;1;0;2;-7,85637001;-34,90842109;"SR-PE";"UOP02";"DEL01"
340050;2021-02-11;"quinta";"18:45:00";"GO";40;"2";"VALPARAISO DE GOIAS";"Velocidade Incompatível";"Colisão lateral";"Com Vítimas Feridas";"Anoitecer";"Decrescente";"Garoa/Chuvisco";"Dupla";"Reta";"Sim";2;0;1;0;1;0;1;2;-16,067129;-47,984235;"SR-DF";"UOP01";"DEL01"
340051;2021-02-11;"quinta";"18:35:00";"MT";70;"91.3";"GENERAL CARNEIRO";"Velocidade Incompatível";"Capotamento";"Com Vítimas Feridas";"Anoitecer";"Decrescente";"Nublado";"Simples";"Não Informado";"Não";1;0;1;0;0;0;1;1;-15,58345394;-52,87296884;"SR-MT";"UOP01";"DEL07"
340052;2021-02-11;"quinta";"17:00:00";"RO";319;"62";"PORTO VELHO";"Acessar a via sem observar a presença dos outros veículos";"Colisão transversal";"Com Vítimas Feridas";"Pleno dia";"Crescente";"Céu Claro";"Dupla";"Interseção de vias";"Sim";2;0;1;0;1;0;1;2;-8,766685;-63,884052;"SR-RO";"UOP01";"DEL01"
340053;2021-02-11;"quinta";"17:50:00";"MG";262;"460.8";"ARAUJOS";"Demais falhas mecânicas ou elétricas";"Tombamento";"Com Vítimas Feridas";"Pleno dia";"Crescente";"Céu Claro";"Simples";"Não Informado";"Não";2;0;2;0;0;0;2;1;-19,82719122;-45,07371312;"SR-MG";"UOP03";"DEL08"
340054;2021-01-31;"domingo";"02:30:00";"SP";116;"229";"GUARULHOS";"Condutor Dormindo";"Colisão traseira";"Com Vítimas Feridas";"Plena Noite";"Crescente";"Nublado";"Múltipla";"Reta";"Sim";2;0;0;1;1;0;1;2;-23,50989246;-46,57364585;"SR-SP";"UOP01";"DEL01"
340055;2021-02-11;"quinta";"08:15:00";"RS";386;"424.5";"MONTENEGRO";"Frear bruscamente";"Colisão traseira";"Com Vítimas Feridas";"Pleno dia";"Crescente";"Céu Claro";"Dupla";"Rotatória";"Sim";7;0;1;0;6;0;1;2;-29,81839508;-51,37670701;"SR-RS";"UOP02";"DEL04"
340058;2021-02-11;"quinta";"18:00:00";"PB";230;"8";"CABEDELO";"Animais na Pista";"Atropelamento de Animal";"Com Vítimas Feridas";"Anoitecer";"Crescente";"Céu Claro";"Dupla";"Reta";"Sim";1;0;1;0;0;0;1;1;-7,0355;-34,8429;"SR-PB";"UOP01";"DEL01"
340059;2021-02-11;"quinta";"15:30:00";"MT";364;"117.2";"ALTO GARCAS";"Demais falhas na via";"Saída de leito carroçável";"Sem Vítimas";"Pleno dia";"Decrescente";"Nublado";"Simples";"Reta";"Não";1;0;0;0;1;0;0;1;-16,86792697;-53,88105807;"SR-MT";"UOP04";"DEL02"
340060;2021-02-11;"quinta";"16:50:00";"RJ";101;"290";"ITABORAI";"Ingestão de álcool pelo condutor";"Colisão lateral sentido oposto";"Com Vítimas Feridas";"Anoitecer";"Decrescente";"Chuva";"Dupla";"Curva";"Não";4;0;1;0;3;0;1;4;-22,76708384;-42,86081305;"SR-RJ";"UOP03";"DEL02"
340061;2021-02-11;"quinta";"19:00:00";"MG";40;"437";"PARAOPEBA";"Velocidade Incompatível";"Tombamento";"Com Vítimas Feridas";"Plena Noite";"Crescente";"Chuva";"Dupla";"Reta";"Não";1;0;1;0;0;0;1;1;-19,23100428;-44,43562244;"SR-MG";"UOP01";"DEL02"
340062;2021-02-11;"quinta";"17:30:00";"SP";116;"317";"JUQUITIBA";"Ausência de reação do condutor";"Colisão com objeto";"Com Vítimas Feridas";"Pleno dia";"Crescente";"Chuva";"Dupla";"Reta";"Não";1;0;1;0;0;0;1;1;-23,91799802;-46,98973192;"SR-SP";"UOP01";"DEL04"
340065;2021-02-11;"quinta";"19:00:00";"BA";101;"503";"ITABUNA";"Manobra de mudança de faixa";"Colisão transversal";"Com Vítimas Feridas";"Plena Noite";"Decrescente";"Céu Claro";"Simples";"Curva";"Não";3;0;1;0;1;1;1;2;-14,93204115;-39,30057969;"SR-BA";"UOP01";"DEL05"
340066;2021-02-11;"quinta";"19:30:00";"SP";116;"218";"GUARULHOS";"Condutor deixou de manter distância do veículo da frente";"Queda de ocupante de veículo";"Com Vítimas Feridas";"Plena Noite";"Decrescente";"Céu Claro";"Múltipla";"Reta";"Não";1;0;1;0;0;0;1;1;-23,457972;-46,479927;"SR-SP";"UOP01";"DEL01"
340067;2021-02-11;"quinta";"16:40:00";"PE";101;"197";"XEXEU";"Velocidade Incompatível";"Tombamento";"Com Vítimas Feridas";"Pleno dia";"Decrescente";"Céu Claro";"Múltipla";"Reta";"Não";1;0;0;1;0;0;1;1;-8,75523097;-35,60154384;"SR-PE";"UOP03";"DEL01"
340068;2021-02-11;"quinta";"19:25:00";"ES";262;"156";"IBATIBA";"Mal súbito do condutor";"Colisão frontal";"Com Vítimas Feridas";"Plena Noite";"Decrescente";"Nublado";"Simples";"Reta";"Não";2;0;0;1;1;0;1;2;-20,22986514;-41,47989798;"SR-ES";"UOP02";"DEL01"
340069;2021-02-11;"quinta";"19:40:00";"SC";101;"215.6";"PALHOCA";"Manobra de mudança de faixa";"Colisão lateral mesmo sentido";"Com Vítimas Feridas";"Plena Noite";"Decrescente";"Chuva";"Dupla";"Curva";"Sim";2;0;1;0;1;0;1;2;-27,65184843;-48,67604941;"SR-SC";"UOP02";"DEL01"
340071;2021-02-11;"quinta";"19:30:00";"SP";116;"491";"CAJATI";"Afundamento ou ondulação no pavimento";"Colisão com objeto";"Com Vítimas Feridas";"Plena Noite";"Decrescente";"Garoa/Chuvisco";"Dupla";"Reta";"Não";1;0;1;0;0;0;1;1;-24,73981193;-48,12375607;"SR-SP";"UOP01";"DEL05"
340072;2021-02-11;"quinta";"20:00:00";"AL";101;"44.1";"FLEXEIRAS";"Acostamento em desnível";"Tombamento";"Sem Vítimas";"Plena Noite";"Decrescente";"Chuva";"Dupla";"Curva";"Não";1;0;0;0;1;0;0;1;-9,19437805;-35,78723641;"SR-AL";"UOP02";"DEL01"
340074;2021-02-11;"quinta";"20:29:00";"SP";116;"216";"GUARULHOS";"Pedestre andava na pista";"Atropelamento de Pedestre";"Com Vítimas Feridas";"Plena Noite";"Decrescente";"Garoa/Chuvisco";"Múltipla";"Reta";"Sim";2;0;0;1;1;0;1;1;-23,45056589;-46,46258105;"SR-SP";"UOP01";"DEL01"
340075;2021-02-11;"quinta";"18:30:00";"GO";60;"2.9";"SANTO ANTONIO DO DESCOBERTO";"Pista Escorregadia";"Capotamento";"Com Vítimas Feridas";"Plena Noite";"Crescente";"Chuva";"Dupla";"Curva";"Não";1;0;1;0;0;0;1;1;-16,06183072;-48,2191658;"SR-DF";"UOP02";"DEL01"
340077;2021-02-11;"quinta";"20:15:00";"RS";158;"198.4";"CRUZ ALTA";"Animais na Pista";"Atropelamento de Animal";"Com Vítimas Feridas";"Plena Noite";"Crescente";"Nublado";"Simples";"Reta";"Não";2;0;1;0;1;0;1;2;-28,66870493;-53,59154373;"SR-RS";"UOP02";"DEL10"
340078;2021-02-11;"quinta";"15:00:00";"PI";316;"7";"TERESINA";"Reação tardia ou ineficiente do condutor";"Colisão traseira";"Com Vítimas Feridas";"Pleno dia";"Crescente";"Céu Claro";"Múltipla";"Desvio Temporário";"Sim";2;0;1;0;0;1;1;2;-5,15584638;-42,77173332;"SR-PI";"UOP02";"DEL01"
340079;2021-01-16;"sábado";"05:40:00";"SE";101;"69.3";"MARUIM";"Transitar no acostamento";"Colisão com objeto";"Com Vítimas Feridas";"Pleno dia";"Decrescente";"Chuva";"Simples";"Não Informado";"Não";2;0;2;0;0;0;2;2;-10,72937357;-37,0810103;"SR-SE";"UOP01";"DEL01"
340080;2021-02-11;"quinta";"20:40:00";"CE";222;"9";"CAUCAIA";"Pedestre cruzava a pista fora da faixa";"Atropelamento de Pedestre";"Com Vítimas Fatais";"Plena Noite";"Crescente";"Céu Claro";"Dupla";"Reta";"Sim";2;1;0;0;1;0;0;1;-3,75774612;-38,64611294;"SR-CE";"UOP01";"DEL01"
340081;2021-02-11;"quinta";"20:20:00";"SC";470;"72";"INDAIAL";"Ingestão de álcool pelo condutor";"Colisão frontal";"Com Vítimas Feridas";"Plena Noite";"Crescente";"Chuva";"Simples";"Reta";"Não";2;0;1;0;1;0;1;2;-26,901979;-49,268745;"SR-SC";"UOP01";"DEL04"
340082;2021-02-11;"quinta";"17:45:00";"MG";365;"532.3";"ROMARIA";"Demais falhas mecânicas ou elétricas";"Colisão lateral";"Com Vítimas Feridas";"Pleno dia";"Crescente";"Nublado";"Simples";"Reta";"Não";3;0;1;0;2;0;1;3;-18,92727654;-47,52554603;"SR-MG";"UOP01";"DEL10"