"id";"data_inversa";"dia_semana";"horario";"uf";"br";"km";"municipio";"causa_acidente";"tipo_acidente";"classificacao_acidente";"fase_dia";"sentido_via";"condicao_metereologica";"tipo_pista";"tracado_via";"uso_solo";"pessoas";"mortos";"feridos_leves";"feridos_graves";"ilesos";"ignorados";"feridos";"veiculos";"latitude";"longitude";"regional";"delegacia";"uop"
340083;2021-02-11;"quinta";"20:45:00";"SC";101;"205.9";"SAO JOSE";"Manobra de mudança de faixa";"Colisão lateral";"Com Vítimas Feridas";"Plena Noite";"Crescente";"Nublado";"Múltipla";"Reta";"Sim";2;0;1;0;0;1;1;2;-27,58313237;-48,61532885;"SR-SC";"UOP01";"DEL01"
340084;2021-02-11;"quinta";"07:00:00";"MG";251;"211";"AGUAS VERMELHAS";"Pista esburacada";"Colisão lateral mesmo sentido";"Sem Vítimas";"Pleno dia";"Decrescente";"Céu Claro";"Simples";"Reta";"Não";2;0;0;0;1;1;0;2;-15,90381582;-41,55602403;"SR-MG";"UOP02";"DEL11"
340085;2021-02-11;"quinta";"19:30:00";"AP";210;"1";"MACAPA";"Pedestre cruzava a pista fora da faixa";"Atropelamento de Pedestre";"Com Vítimas Feridas";"Plena Noite";"Crescente";"Nublado";"Simples";"Reta";"Sim";2;0;0;2;0;0;2;1;0;-51;"SR-AP";"UOP01";"DEL01"
340086;2021-02-11;"quinta";"20:50:00";"MG";262;"578";"MANHUACU";"Ingestão de álcool pelo condutor";"Saída de leito carroçável";"Com Vítimas Feridas";"Plena Noite";"Crescente";"Garoa/Chuvisco";"Simples";"Curva";"Não";3;0;3;0;0;0;3;1;-20,16135429;-42,18921661;"SR-MG";"UOP02";"DEL08"
340087;2021-02-11;"quinta";"14:00:00";"MG";381;"655.2";"SANTO ANTONIO DO AMPARO";"Afundamento ou ondulação no pavimento";"Saída de leito carroçável";"Com Vítimas Feridas";"Pleno dia";"Decrescente";"Nublado";"Dupla";"Curva";"Não";1;0;1;0;0;0;1;1;-21,00073835;-44,96765656;"SR-MG";"UOP02";"DEL04"
340088;2021-02-11;"quinta";"19:30:00";"CE";116;"369.9";"ICO";"Transitar no acostamento";"Colisão lateral mesmo sentido";"Com Vítimas Feridas";"Plena Noite";"Decrescente";"Nublado";"Simples";"Reta";"Não";2;0;1;1;0;0;2;2;-6,36608196;-38,78671602;"SR-CE";"UOP01";"DEL05"
340089;2021-02-11;"quinta";"21:20:00";"DF";70;"18";"BRASILIA";"Ingestão de álcool pelo condutor";"Colisão traseira";"Sem Vítimas";"Plena Noite";"Crescente";"Garoa/Chuvisco";"Dupla";"Reta";"Não";3;0;0;0;3;0;0;2;-15,791093;-48,21096;"SR-DF";"UOP03";"DEL01"
340090;2021-02-11;"quinta";"15:30:00";"PI";316;"8";"TERESINA";"Frear bruscamente";"Queda de ocupante de veículo";"Com Vítimas Feridas";"Pleno dia";"Decrescente";"Céu Claro";"Simples";"Interseção de vias";"Sim";1;0;1;0;0;0;1;1;-5,17102388;-42,76702881;"SR-PI";"UOP02";"DEL01"
340091;2021-02-11;"quinta";"21:20:00";"RJ";116;"276";"BARRA MANSA";"Pista Escorregadia";"Colisão traseira";"Com Vítimas Feridas";"Plena Noite";"Decrescente";"Chuva";"Dupla";"Reta";"Sim";2;0;1;0;1;0;1;2;-22,56183393;-44,16588602;"SR-RJ";"UOP02";"DEL07"
340093;2021-01-23;"sábado";"18:00:00";"MG";365;"448.2";"PATROCINIO";"Reação tardia ou ineficiente do condutor";"Queda de ocupante de veículo";"Com Vítimas Feridas";"Amanhecer";"Crescente";"Céu Claro";"Simples";"Reta";"Não";1;0;1;0;0;0;1;1;-18,8271;-46,7961;"SR-MG";"UOP01";"DEL10"
340095;2021-02-11;"quinta";"16:45:00";"SP";116;"507";"CAJATI";"Obstrução na via";"Saída de leito carroçável";"Sem Vítimas";"Pleno dia";"Decrescente";"Chuva";"Simples";"Curva";"Não";2;0;0;0;1;1;0;2;-24,805288;-48,214966;"SR-SP";"UOP02";"DEL05"
340096;2021-02-11;"quinta";"18:10:00";"SC";116;"107.8";"MONTE CASTELO";"Ultrapassagem Indevida";"Colisão frontal";"Com Vítimas Feridas";"Anoitecer";"Decrescente";"Garoa/Chuvisco";"Simples";"Não Informado";"Não";2;0;1;0;1;0;1;2;-26,75568818;-50,32812388;"SR-SC";"UOP02";"DEL06"
340097;2021-02-11;"quinta";"15:00:00";"SC";280;"51.9";"GUARAMIRIM";"Objeto estático sobre o leito carroçável";"Tombamento";"Com Vítimas Feridas";"Pleno dia";"Crescente";"Nublado";"Dupla";"Interseção de vias";"Não";1;0;1;0;0;0;1;1;-26,46699065;-48,96013141;"SR-SC";"UOP03";"DEL03"
340098;2021-02-11;"quinta";"22:25:00";"RS";116;"258";"ESTEIO";"Estacionar ou parar em local proibido";"Colisão traseira";"Sem Vítimas";"Plena Noite";"Crescente";"Nublado";"Múltipla";"Reta";"Não";2;0;0;0;1;1;0;2;-29,86150502;-51,18091535;"SR-RS";"UOP02";"DEL01"
340099;2021-02-11;"quinta";"22:47:00";"PE";232;"508.5";"SALGUEIRO";"Condutor deixou de manter distância do veículo da frente";"Colisão traseira";"Com Vítimas Feridas";"Plena Noite";"Decrescente";"Ignorado";"Simples";"Reta";"Sim";4;0;2;0;2;0;2;2;-8,06223271;-39,12095006;"SR-PE";"UOP01";"DEL05"
340100;2021-02-11;"quinta";"22:40:00";"MG";381;"451";"SABARA";"Chuva";"Colisão frontal";"Com Vítimas Feridas";"Plena Noite";"Crescente";"Chuva";"Simples";"Não Informado";"Sim";4;0;3;1;0;0;4;2;-19,83081182;-43,84455605;"SR-MG";"UOP01";"DEL01"
340101;2021-02-11;"quinta";"20:45:00";"RJ";116;"37";"SAPUCAIA";"Velocidade Incompatível";"Colisão traseira";"Com Vítimas Feridas";"Plena Noite";"Crescente";"Chuva";"Simples";"Reta";"Não";2;0;1;0;1;0;1;2;-22,10884271;-42,78535659;"SR-RJ";"UOP01";"DEL04"
340102;2021-02-11;"quinta";"21:30:00";"RJ";116;"249.3";"PIRAI";"Ausência de reação do condutor";"Colisão com objeto";"Sem Vítimas";"Plena Noite";"Crescente";"Nublado";"Dupla";"Reta";"Não";1;0;0;0;1;0;0;1;-22,59967462;-43,95005595;"SR-RJ";"UOP01";"DEL07"
340103;2021-02-11;"quinta";"20:15:00";"MA";10;"375";"ITINGA DO MARANHAO";"Desrespeitar a preferência no cruzamento";"Colisão transversal";"Com Vítimas Feridas";"Plena Noite";"Crescente";"Nublado";"Simples";"Não Informado";"Sim";3;0;2;0;1;0;2;2;-4,471299;-47,516045;"SR-MA";"UOP03";"DEL04"
340104;2021-02-11;"quinta";"22:20:00";"MS";262;"287";"CAMPO GRANDE";"Velocidade Incompatível";"Saída de leito carroçável";"Com Vítimas Feridas";"Plena Noite";"Decrescente";"Garoa/Chuvisco";"Simples";"Curva";"Não";3;0;2;0;0;1;2;1;-20,4919893;-54,19864655;"SR-MS";"UOP01";"DEL01"
340106;2021-02-11;"quinta";"22:40:00";"MT";364;"512.2";"ROSARIO OESTE";"Pista em desnível";"Tombamento";"Com Vítimas Feridas";"Plena Noite";"Crescente";"Céu Claro";"Simples";"Reta";"Não";1;0;1;0;0;0;1;1;-15,16549203;-56,52422362;"SR-MT";"UOP01";"DEL01"
340107;2021-02-11;"quinta";"23:55:00";"MG";40;"444.2";"PARAOPEBA";"Demais falhas na via";"Tombamento";"Sem Vítimas";"Plena Noite";"Crescente";"Garoa/Chuvisco";"Dupla";"Curva";"Não";1;0;0;0;1;0;0;1;-19,28815;-44,392;"SR-MG";"UOP01";"DEL02"
340108;2021-02-12;"sexta";"00:15:00";"MG";365;"636";"UBERLANDIA";"Condutor deixou de manter distância do veículo da frente";"Colisão traseira";"Com Vítimas Feridas";"Plena Noite";"Decrescente";"Céu Claro";"Dupla";"Reta";"Não";3;0;1;0;2;0;1;2;-18,89121835;-48,42797405;"SR-MG";"UOP01";"DEL15"
340111;2021-02-11;"quinta";"23:49:00";"MG";381;"858.5";"POUSO ALEGRE";"Ingestão de álcool pelo condutor";"Tombamento";"Com Vítimas Feridas";"Plena Noite";"Decrescente";"Chuva";"Dupla";"Reta";"Não";2;0;1;0;0;1;1;1;-22,31166904;-45,90320706;"SR-MG";"UOP01";"DEL16"
340112;2021-02-11;"quinta";"20:15:00";"PR";163;"151.2";"SANTA LUCIA";"Declive acentuado";"Tombamento";"Com Vítimas Feridas";"Plena Noite";"Decrescente";"Ignorado";"Dupla";"Curva";"Não";1;0;1;0;0;0;1;1;-25,37175054;-53,59380548;"SR-PR";"UOP04";"DEL04"
340113;2021-02-12;"sexta";"00:59:00";"MG";381;"528";"BRUMADINHO";"Velocidade Incompatível";"Tombamento";"Com Vítimas Feridas";"Plena Noite";"Crescente";"Chuva";"Dupla";"Curva";"Não";1;0;1;0;0;0;1;1;-20,16368096;-44,36025002;"SR-MG";"UOP03";"DEL04"
340114;2021-02-12;"sexta";"00:10:00";"MG";116;"413";"GOVERNADOR VALADARES";"Ingestão de álcool e/ou substâncias psicoativas pelo pedestre";"Atropelamento de Pedestre";"Com Vítimas Feridas";"Plena Noite";"Crescente";"Céu Claro";"Dupla";"Viaduto";"Sim";2;0;1;0;1;0;1;1;-18,8725546;-41,96793437;"SR-MG";"UOP01";"DEL06"
340115;2021-02-11;"quinta";"19:35:00";"RS";285;"569";"SAO LUIZ GONZAGA";"Acessar a via sem observar a presença dos outros veículos";"Colisão transversal";"Com Vítimas Feridas";"Plena Noite";"Crescente";"Céu Claro";"Simples";"Interseção de vias";"Não";3;0;2;0;1;0;2;2;-28,413052;-54,985699;"SR-RS";"UOP01";"DEL12"
340116;2021-02-11;"quinta";"23:50:00";"SC";101;"24";"JOINVILLE";"Ingestão de álcool pelo condutor";"Colisão lateral mesmo sentido";"Com Vítimas Feridas";"Plena Noite";"Decrescente";"Garoa/Chuvisco";"Dupla";"Reta";"Sim";3;0;0;1;1;1;1;2;-26,17483309;-48,90767978;"SR-SC";"UOP01";"DEL03"
340117;2021-02-11;"quinta";"23:40:00";"RJ";101;"115.9";"CAMPOS DOS GOYTACAZES";"Condutor Dormindo";"Tombamento";"Com Vítimas Feridas";"Plena Noite";"Decrescente";"Nublado";"Dupla";"Curva";"Não";1;0;1;0;0;0;1;1;-21,99406996;-41,66375867;"SR-RJ";"UOP02";"DEL08"
340118;2021-01-14;"quinta";"11:00:00";"SP";116;"98.5";"PINDAMONHANGABA";"Reação tardia ou ineficiente do condutor";"Colisão traseira";"Com Vítimas Feridas";"Pleno dia";"Crescente";"Sol";"Dupla";"Reta";"Não";6;0;0;1;5;0;1;2;-22,98011547;-45,46047091;"SR-SP";"UOP01";"DEL08"
340119;2021-02-12;"sexta";"02:20:00";"SP";116;"183.5";"SANTA ISABEL";"Velocidade Incompatível";"Colisão traseira";"Sem Vítimas";"Plena Noite";"Crescente";"Garoa/Chuvisco";"Dupla";"Reta";"Não";2;0;0;0;2;0;0;2;-23,34505765;-46,16213519;"SR-SP";"UOP01";"DEL01"
340120;2021-02-12;"sexta";"01:30:00";"SC";470;"280";"BRUNOPOLIS";"Condutor Dormindo";"Saída de leito carroçável";"Com Vítimas Feridas";"Plena Noite";"Decrescente";"Céu Claro";"Simples";"Reta";"Não";4;0;2;0;2;0;2;1;-27,332188;-50,862553;"SR-SC";"UOP06";"DEL07"
340121;2021-02-12;"sexta";"02:15:00";"SP";116;"117.1";"TAUBATE";"Manobra de mudança de faixa";"Colisão traseira";"Sem Vítimas";"Plena Noite";"Decrescente";"Nublado";"Dupla";"Reta";"Sim";2;0;0;0;2;0;0;2;-23,0582298;-45,6176951;"SR-SP";"UOP02";"DEL02"
340123;2021-02-12;"sexta";"03:25:00";"SC";101;"195";"BIGUACU";"Ingestão de álcool pelo condutor";"Saída de leito carroçável";"Com Vítimas Feridas";"Plena Noite";"Decrescente";"Nublado";"Dupla";"Reta";"Sim";1;0;1;0;0;0;1;1;-27,5047092;-48,65010819;"SR-SC";"UOP01";"DEL01"
340124;2021-02-12;"sexta";"02:30:00";"ES";101;"267";"SERRA";"Demais falhas mecânicas ou elétricas";"Colisão com objeto";"Sem Vítimas";"Plena Noite";"Decrescente";"Nublado";"Dupla";"Reta";"Não";1;0;0;0;1;0;0;1;-20,19930999;-40,26884609;"SR-ES";"UOP01";"DEL02"
340125;2021-02-12;"sexta";"01:50:00";"MG";262;"163";"SAO DOMINGOS DO PRATA";"Pista Escorregadia";"Saída de leito carroçável";"Sem Vítimas";"Plena Noite";"Decrescente";"Chuva";"Simples";"Reta";"Não";1;0;0;0;1;0;0;1;-19,95885148;-42,86157307;"SR-MG";"UOP03";"DEL03"
340126;2021-02-12;"sexta";"04:19:00";"RN";226;"175.2";"CURRAIS NOVOS";"Reação tardia ou ineficiente do condutor";"Colisão transversal";"Com Vítimas Fatais";"Plena Noite";"Crescente";"Céu Claro";"Simples";"Curva";"Sim";3;2;0;0;0;1;0;2;-6,257745;-36,510166;"SR-RN";"UOP02";"DEL03"
340127;2021-02-12;"sexta";"04:00:00";"ES";101;"269";"SERRA";"Reação tardia ou ineficiente do condutor";"Colisão transversal";"Com Vítimas Fatais";"Amanhecer";"Crescente";"Nublado";"Múltipla";"Interseção de vias";"Não";2;1;0;0;1;0;0;2;-20,21740496;-40,26990578;"SR-ES";"UOP01";"DEL02"
340128;2021-02-12;"sexta";"04:00:00";"SP";116;"269";"TABOAO DA SERRA";"Ingestão de álcool pelo condutor";"Colisão lateral mesmo sentido";"Com Vítimas Feridas";"Plena Noite";"Decrescente";"Céu Claro";"Dupla";"Reta";"Sim";3;0;2;0;1;0;2;2;-23,61593059;-46,78826044;"SR-SP";"UOP01";"DEL04"
340129;2021-02-12;"sexta";"02:34:00";"RJ";393;"200";"RIO DAS FLORES";"Avarias e/ou desgaste excessivo no pneu";"Tombamento";"Com Vítimas Feridas";"Plena Noite";"Decrescente";"Nublado";"Simples";"Reta";"Não";1;0;1;0;0;0;1;1;-22,20969086;-43,39947704;"SR-RJ";"UOP01";"DEL05"
340130;2021-02-12;"sexta";"04:40:00";"GO";60;"128";"GOIANAPOLIS";"Chuva";"Capotamento";"Sem Vítimas";"Plena Noite";"Crescente";"Chuva";"Dupla";"Reta";"Não";1;0;0;0;1;0;0;1;-16,5498;-49,1518;"SR-GO";"UOP01";"DEL01"
340131;2021-02-12;"sexta";"01:50:00";"ES";101;"266";"SERRA";"Ausência de reação do condutor";"Saída de leito carroçável";"Sem Vítimas";"Plena Noite";"Decrescente";"Céu Claro";"Múltipla";"Reta";"Sim";1;0;0;0;0;1;0;1;-20,190199;-40,26828891;"SR-ES";"UOP01";"DEL02"
340132;2021-02-12;"sexta";"02:35:00";"ES";101;"340.9";"GUARAPARI";"Ultrapassagem Indevida";"Colisão lateral";"Com Vítimas Feridas";"Plena Noite";"Decrescente";"Céu Claro";"Simples";"Não Informado";"Não";4;0;1;0;2;1;1;3;-20,64704932;-40,56667574;"SR-ES";"UOP01";"DEL03"
340133;2021-02-12;"sexta";"05:45:00";"SC";101;"209";"SAO JOSE";"Ingestão de álcool pelo condutor";"Colisão traseira";"Sem Vítimas";"Amanhecer";"Crescente";"Chuva";"Múltipla";"Reta";"Sim";4;0;0;0;4;0;0;4;-27,61000542;-48,63895057;"SR-SC";"UOP01";"DEL01"
340134;2021-02-11;"quinta";"11:45:00";"SC";282;"103.9";"ALFREDO WAGNER";"Ingestão de álcool pelo condutor";"Colisão frontal";"Com Vítimas Feridas";"Pleno dia";"Decrescente";"Céu Claro";"Simples";"Reta";"Não";2;0;0;1;1;0;1;2;-27,694868;-49,324345;"SR-SC";"UOP03";"DEL01"
340135;2021-02-12;"sexta";"05:40:00";"ES";101;"147";"LINHARES";"Condutor desrespeitou a iluminação vermelha do semáforo";"Colisão traseira";"Com Vítimas Feridas";"Pleno dia";"Decrescente";"Céu Claro";"Dupla";"Reta";"Sim";2;0;1;0;1;0;1;2;-19,37887202;-40,06657892;"SR-ES";"UOP01";"DEL04"
340136;2021-02-12;"sexta";"06:10:00";"MG";40;"512";"RIBEIRAO DAS NEVES";"Manobra de mudança de faixa";"Colisão lateral";"Com Vítimas Feridas";"Pleno dia";"Crescente";"Chuva";"Dupla";"Reta";"Sim";2;0;0;1;1;0;1;2;-19,78946999;-44,11290699;"SR-MG";"UOP02";"DEL01"
340137;2021-02-12;"sexta";"06:40:00";"PE";423;"78";"JUCATI";"Acessar a via sem observar a presença dos outros veículos";"Colisão transversal";"Sem Vítimas";"Pleno dia";"Decrescente";"Céu Claro";"Simples";"Curva";"Não";2;0;0;0;1;1;0;2;-8,74910298;-36,43120556;"SR-PE";"UOP01";"DEL03"
340139;2021-02-12;"sexta";"05:40:00";"MS";163;"536";"BANDEIRANTES";"Condutor Dormindo";"Saída de leito carroçável";"Com Vítimas Feridas";"Amanhecer";"Decrescente";"Chuva";"Simples";"Reta";"Não";1;0;1;0;0;0;1;1;-20,024682;-54,405484;"SR-MS";"UOP02";"DEL01"
340140;2021-02-12;"sexta";"07:00:00";"SP";116;"162";"JACAREI";"Ausência de reação do condutor";"Queda de ocupante de veículo";"Com Vítimas Feridas";"Pleno dia";"Crescente";"Nublado";"Dupla";"Reta";"Não";1;0;1;0;0;0;1;1;-23,28133317;-45,98394689;"SR-SP";"UOP01";"DEL02"
340141;2021-02-12;"sexta";"06:40:00";"SC";470;"129.4";"LONTRAS";"Velocidade Incompatível";"Tombamento";"Com Vítimas Feridas";"Amanhecer";"Crescente";"Céu Claro";"Simples";"Reta";"Não";1;0;1;0;0;0;1;1;-27,148499;-49,556137;"SR-SC";"UOP02";"DEL04"
340142;2021-02-11;"quinta";"17:20:00";"MG";267;"77.1";"JUIZ DE FORA";"Velocidade Incompatível";"Saída de leito carroçável";"Com Vítimas Feridas";"Pleno dia";"Decrescente";"Chuva";"Simples";"Reta";"Não";1;0;1;0;0;0;1;1;-21,75169373;-43,19078013;"SR-MG";"UOP01";"DEL05"
340144;2021-02-12;"sexta";"07:30:00";"RJ";116;"184.4";"NOVA IGUACU";"Manobra de mudança de faixa";"Tombamento";"Com Vítimas Fatais";"Pleno dia";"Decrescente";"Céu Claro";"Múltipla";"Reta";"Sim";3;1;0;1;1;0;1;2;-22,74647215;-43,44594311;"SR-RJ";"UOP02";"DEL01"
340145;2021-02-12;"sexta";"08:05:00";"PB";101;"85";"BAYEUX";"Trafegar com motocicleta (ou similar) entre as faixas";"Colisão traseira";"Com Vítimas Feridas";"Pleno dia";"Crescente";"Nublado";"Dupla";"Reta";"Sim";2;0;0;1;0;1;1;2;-7,14122584;-34,92135471;"SR-PB";"UOP01";"DEL01"
340146;2021-02-12;"sexta";"07:25:00";"SP";101;"48";"UBATUBA";"Reação tardia ou ineficiente do condutor";"Colisão lateral mesmo sentido";"Com Vítimas Feridas";"Pleno dia";"Crescente";"Céu Claro";"Simples";"Reta";"Sim";2;0;1;0;0;1;1;2;-23,43696329;-45,08768768;"SR-SP";"UOP02";"DEL06"
340147;2021-02-06;"sábado";"19:00:00";"MA";10;"243";"IMPERATRIZ";"Condutor deixou de manter distância do veículo da frente";"Colisão traseira";"Com Vítimas Feridas";"Plena Noite";"Decrescente";"Céu Claro";"Simples";"Reta";"Não";2;0;1;0;0;1;1;2;-5,60354;-47,423855;"SR-MA";"UOP01";"DEL04"
340148;2021-02-12;"sexta";"08:25:00";"RN";110;"44.8";"MOSSORO";"Acessar a via sem observar a presença dos outros veículos";"Tombamento";"Com Vítimas Feridas";"Pleno dia";"Decrescente";"Céu Claro";"Simples";"Reta";"Sim";2;0;1;0;1;0;1;2;-5,18717768;-37,30390524;"SR-RN";"UOP01";"DEL04"
340149;2021-02-12;"sexta";"07:00:00";"MT";364;"309.6";"JACIARA";"Ausência de reação do condutor";"Colisão com objeto";"Com Vítimas Feridas";"Pleno dia";"Crescente";"Chuva";"Dupla";"Reta";"Não";2;0;1;0;1;0;1;2;-15,81682288;-55,22982198;"SR-MT";"UOP02";"DEL05"
340150;2021-02-12;"sexta";"06:50:00";"MG";40;"509";"CONTAGEM";"Reação tardia ou ineficiente do condutor";"Colisão traseira";"Com Vítimas Feridas";"Pleno dia";"Decrescente";"Nublado";"Dupla";"Reta";"Sim";3;0;1;0;2;0;1;2;-19,76728744;-44,12855905;"SR-MG";"UOP02";"DEL01"
340151;2021-02-12;"sexta";"06:50:00";"GO";153;"561";"PROFESSOR JAMIL";"Pista Escorregadia";"Capotamento";"Com Vítimas Feridas";"Amanhecer";"Decrescente";"Chuva";"Dupla";"Curva";"Não";1;0;1;0;0;0;1;1;-17,2262;-49,2294;"SR-GO";"UOP01";"DEL03"
340152;2021-02-12;"sexta";"08:30:00";"SC";101;"122.8";"ITAJAI";"Ausência de reação do condutor";"Engavetamento";"Com Vítimas Feridas";"Pleno dia";"Crescente";"Nublado";"Dupla";"Reta";"Sim";3;0;1;0;2;0;1;3;-26,92955916;-48,70499836;"SR-SC";"UOP04";"DEL04"
340153;2021-02-12;"sexta";"02:10:00";"GO";153;"604.8";"MORRINHOS";"Chuva";"Saída de leito carroçável";"Com Vítimas Feridas";"Plena Noite";"Decrescente";"Chuva";"Dupla";"Reta";"Não";2;0;2;0;0;0;2;1;-17,5862;-49,1944;"SR-GO";"UOP01";"DEL03"
340154;2021-02-12;"sexta";"08:30:00";"PR";376;"177.1";"MARINGA";"Ausência de reação do condutor";"Colisão traseira";"Com Vítimas Feridas";"Pleno dia";"Crescente";"Sol";"Dupla";"Reta";"Sim";2;0;1;0;1;0;1;2;-23,41595855;-51,92226484;"SR-PR";"UOP01";"DEL09"
340155;2021-02-12;"sexta";"08:45:00";"GO";70;"0";"AGUAS LINDAS DE GOIAS";"Acumulo de água sobre o pavimento";"Saída de leito carroçável";"Com Vítimas Feridas";"Pleno dia";"Decrescente";"Chuva";"Dupla";"Curva";"Não";4;0;0;3;0;1;3;1;-15,783543;-48,2326;"SR-DF";"UOP03";"DEL01"
340156;2021-01-28;"quinta";"17:00:00";"PB";101;"53.5";"SANTA RITA";"Velocidade Incompatível";"Colisão lateral mesmo sentido";"Sem Vítimas";"Pleno dia";"Crescente";"Céu Claro";"Dupla";"Não Informado";"Não";2;0;0;0;1;1;0;2;-6,94606786;-35,09493776;"SR-PB";"UOP04";"DEL01"
340157;2021-01-19;"terça";"12:20:00";"PR";369;"94.5";"CORNELIO PROCOPIO";"Manobra de mudança de faixa";"Colisão lateral";"Com Vítimas Feridas";"Pleno dia";"Decrescente";"Nublado";"Dupla";"Reta";"Não";5;0;3;0;2;0;3;2;-23,2178395;-50,6691615;"SR-PR";"UOP01";"DEL07"
340158;2021-02-12;"sexta";"07:45:00";"SC";470;"140.2";"RIO DO SUL";"Ultrapassagem Indevida";"Tombamento";"Com Vítimas Fatais";"Pleno dia";"Decrescente";"Nublado";"Simples";"Reta";"Sim";3;1;0;0;1;1;0;2;-27,20458344;-49,63787198;"SR-SC";"UOP02";"DEL04"
340159;2021-02-12;"sexta";"09:30:00";"MG";40;"637.5";"CONSELHEIRO LAFAIETE";"Manobra de mudança de faixa";"Saída de leito carroçável";"Com Vítimas Feridas";"Pleno dia";"Decrescente";"Nublado";"Simples";"Reta";"Não";1;0;1;0;0;0;1;1;-20,7152208;-43,79625842;"SR-MG";"UOP02";"DEL05"
340161;2021-01-23;"sábado";"20:05:00";"SC";101;"198.1";"BIGUACU";"Ausência de reação do condutor";"Colisão traseira";"Com Vítimas Fatais";"Plena Noite";"Decrescente";"Chuva";"Dupla";"Reta";"Sim";2;1;0;0;1;0;0;2;-27,52658712;-48,63506019;"SR-SC";"UOP01";"DEL01"
340162;2021-02-12;"sexta";"09:20:00";"SC";101;"335.3";"TUBARAO";"Desrespeitar a preferência no cruzamento";"Colisão transversal";"Com Vítimas Feridas";"Pleno dia";"Crescente";"Sol";"Simples";"Rotatória";"Sim";2;0;1;0;1;0;1;2;-28,46927473;-49,01557908;"SR-SC";"UOP01";"DEL02"
340163;2021-02-12;"sexta";"10:00:00";"PE";101;"60";"RECIFE";"Acessar a via sem observar a presença dos outros veículos";"Colisão lateral";"Com Vítimas Feridas";"Pleno dia";"Crescente";"Céu Claro";"Simples";"Reta";"Não";2;0;1;0;1;0;1;2;-7,98344307;-34,93176727;"SR-PE";"UOP02";"DEL01"
340164;2021-02-12;"sexta";"09:00:00";"MG";116;"776.3";"LEOPOLDINA";"Velocidade Incompatível";"Colisão com objeto";"Com Vítimas Feridas";"Pleno dia";"Decrescente";"Nublado";"Simples";"Curva";"Não";1;0;1;0;0;0;1;1;-21,59023796;-42,68715187;"SR-MG";"UOP01";"DEL07"
340166;2021-02-12;"sexta";"10:10:00";"SC";101;"216.6";"PALHOCA";"Reação tardia ou ineficiente do condutor";"Colisão traseira";"Com Vítimas Feridas";"Pleno dia";"Decrescente";"Nublado";"Múltipla";"Reta";"Sim";3;0;2;0;1;0;2;2;-27,65981409;-48,67747798;"SR-SC";"UOP02";"DEL01"
340169;2021-02-12;"sexta";"09:50:00";"MG";50;"198";"UBERABA";"Pedestre andava na pista";"Atropelamento de Pedestre";"Com Vítimas Feridas";"Pleno dia";"Decrescente";"Nublado";"Dupla";"Reta";"Não";2;0;1;0;0;1;1;1;-19,91852802;-47,82724402;"SR-MG";"UOP01";"DEL13"
340170;2021-02-12;"sexta";"10:10:00";"RS";290;"92";"PORTO ALEGRE";"Acessar a via sem observar a presença dos outros veículos";"Colisão lateral";"Com Vítimas Feridas";"Pleno dia";"Decrescente";"Nublado";"Dupla";"Não Informado";"Sim";2;0;1;0;1;0;1;2;-29,971916;-51,176838;"SR-RS";"UOP01";"DEL01"
340171;2021-02-12;"sexta";"09:30:00";"SC";101;"354.7";"SANGAO";"Manobra de mudança de faixa";"Colisão lateral";"Com Vítimas Feridas";"Pleno dia";"Decrescente";"Céu Claro";"Simples";"Reta";"Não";2;0;1;0;1;0;1;2;-28,61806302;-49,07013199;"SR-SC";"UOP01";"DEL02"
340173;2021-02-12;"sexta";"08:50:00";"PR";369;"158.6";"CAMBE";"Manobra de mudança de faixa";"Colisão lateral";"Com Vítimas Feridas";"Pleno dia";"Crescente";"Céu Claro";"Dupla";"Não Informado";"Sim";2;0;1;0;1;0;1;2;-23,2849;-51,2402;"SR-PR";"UOP01";"DEL07"
340174;2021-02-12;"sexta";"05:15:00";"MG";365;"476.2";"PATROCINIO";"Ausência de reação do condutor";"Saída de leito carroçável";"Com Vítimas Feridas";"Amanhecer";"Crescente";"Ignorado";"Simples";"Interseção de vias";"Não";1;0;1;0;0;0;1;1;-18,92098307;-47,0254755;"SR-MG";"UOP01";"DEL10"
340175;2021-02-12;"sexta";"10:40:00";"BA";324;"567";"SAO SEBASTIAO DO PASSE";"Avarias e/ou desgaste excessivo no pneu";"Saída de leito carroçável";"Com Vítimas Feridas";"Pleno dia";"Decrescente";"Céu Claro";"Dupla";"Reta";"Não";1;0;1;0;0;0;1;1;-12,529901;-38,603207;"SR-BA";"UOP01";"DEL01"
340177;2021-02-12;"sexta";"10:40:00";"BA";135;"153";"RIACHAO DAS NEVES";"Demais falhas mecânicas ou elétricas";"Incêndio";"Sem Vítimas";"Pleno dia";"Decrescente";"Céu Claro";"Simples";"Reta";"Não";1;0;0;0;1;0;0;1;-11,965224;-44,91561;"SR-BA";"UOP01";"DEL10"
340178;2021-02-12;"sexta";"11:10:00";"MG";262;"359";"BETIM";"Velocidade Incompatível";"Saída de leito carroçável";"Com Vítimas Feridas";"Pleno dia";"Decrescente";"Céu Claro";"Dupla";"Reta";"Sim";2;0;2;0;0;0;2;1;-19,98332234;-44,20214426;"SR-MG";"UOP03";"DEL01"
340180;2021-02-12;"sexta";"11:20:00";"AP";156;"40";"MACAPA";"Acumulo de água sobre o pavimento";"Saída de leito carroçável";"Com Vítimas Feridas";"Pleno dia";"Decrescente";"Chuva";"Simples";"Reta";"Não";2;0;1;0;1;0;1;1;0,36018611;-51,08513832;"SR-AP";"UOP01";"DEL01"