"id";"data_inversa";"dia_semana";"horario";"uf";"br";"km";"municipio";"causa_acidente";"tipo_acidente";"classificacao_acidente";"fase_dia";"sentido_via";"condicao_metereologica";"tipo_pista";"tracado_via";"uso_solo";"pessoas";"mortos";"feridos_leves";"feridos_graves";"ilesos";"ignorados";"feridos";"veiculos";"latitude";"longitude";"regional";"delegacia";"uop"
340183;2021-02-12;"sexta";"10:30:00";"PR";116;"102";"SAO JOSE DOS PINHAIS";"Condutor deixou de manter distância do veículo da frente";"Colisão com objeto";"Sem Vítimas";"Pleno dia";"Crescente";"Céu Claro";"Dupla";"Reta";"Não";1;0;0;0;1;0;0;1;-25,550639;-49,15025;"SR-PR";"UOP01";"DEL01"
340184;2021-02-12;"sexta";"03:30:00";"MG";251;"405.7";"GRAO MOGOL";"Reação tardia ou ineficiente do condutor";"Colisão com objeto";"Sem Vítimas";"Plena Noite";"Crescente";"Nublado";"Simples";"Não Informado";"Não";1;0;0;0;1;0;0;1;-16,26065115;-42,95698091;"SR-MG";"UOP01";"DEL12"
340185;2021-02-12;"sexta";"10:50:00";"RN";226;"326";"MESSIAS TARGINO";"Acessar a via sem observar a presença dos outros veículos";"Colisão transversal";"Com Vítimas Feridas";"Pleno dia";"Crescente";"Céu Claro";"Simples";"Reta";"Sim";2;0;1;0;1;0;1;2;-6,0774229;-37,53711202;"SR-RN";"UOP01";"DEL04"
340186;2021-01-15;"sexta";"16:00:00";"PE";101;"53.8";"PAULISTA";"Pedestre cruzava a pista fora da faixa";"Colisão traseira";"Com Vítimas Feridas";"Pleno dia";"Decrescente";"Céu Claro";"Múltipla";"Reta";"Sim";2;0;1;1;0;0;2;2;-7,93805869;-34,90322482;"SR-PE";"UOP02";"DEL01"
340187;2021-02-12;"sexta";"11:30:00";"SC";470;"172.5";"POUSO REDONDO";"Acesso irregular";"Colisão transversal";"Com Vítimas Feridas";"Pleno dia";"Decrescente";"Céu Claro";"Simples";"Reta";"Não";2;0;1;0;1;0;1;2;-27,257526;-49,909592;"SR-SC";"UOP02";"DEL04"
340188;2021-02-12;"sexta";"11:40:00";"BA";324;"576";"SAO SEBASTIAO DO PASSE";"Ultrapassagem Indevida";"Colisão lateral mesmo sentido";"Com Vítimas Feridas";"Pleno dia";"Decrescente";"Sol";"Dupla";"Não Informado";"Não";2;0;1;0;1;0;1;2;-12,58899416;-38,52347374;"SR-BA";"UOP01";"DEL01"
340189;2021-02-12;"sexta";"12:00:00";"SC";101;"40.8";"JOINVILLE";"Velocidade Incompatível";"Colisão traseira";"Com Vítimas Feridas";"Pleno dia";"Crescente";"Nublado";"Dupla";"Desvio Temporário";"Sim";2;0;1;0;1;0;1;2;-26,27176094;-48,89468382;"SR-SC";"UOP01";"DEL03"
340190;2021-02-12;"sexta";"12:10:00";"SE";101;"115.5";"ITAPORANGA DAJUDA";"Frear bruscamente";"Saída de leito carroçável";"Sem Vítimas";"Pleno dia";"Decrescente";"Céu Claro";"Dupla";"Curva";"Não";1;0;0;0;1;0;0;1;-11,01146389;-37,31286103;"SR-SE";"UOP01";"DEL02"
340191;2021-02-12;"sexta";"11:25:00";"MG";262;"38.2";"MANHUACU";"Obras na pista";"Colisão traseira";"Com Vítimas Feridas";"Pleno dia";"Decrescente";"Nublado";"Simples";"Não Informado";"Não";2;0;0;1;1;0;1;2;-20,26305859;-42,03684948;"SR-MG";"UOP04";"DEL06"
340193;2021-02-12;"sexta";"07:30:00";"PI";402;"78";"CAJUEIRO DA PRAIA";"Conversão proibida";"Colisão lateral";"Com Vítimas Feridas";"Pleno dia";"Crescente";"Céu Claro";"Simples";"Interseção de vias";"Não";3;0;1;1;1;0;2;2;-3,0778768;-41,43570003;"SR-PI";"UOP01";"DEL05"
340195;2021-02-12;"sexta";"11:00:00";"MA";10;"257";"IMPERATRIZ";"Conversão proibida";"Colisão transversal";"Com Vítimas Feridas";"Pleno dia";"Crescente";"Céu Claro";"Simples";"Reta";"Sim";3;0;1;1;1;0;2;2;-5,490634;-47,471973;"SR-MA";"UOP01";"DEL04"
340196;2021-02-12;"sexta";"12:25:00";"CE";20;"430";"FORTALEZA";"Condutor deixou de manter distância do veículo da frente";"Colisão traseira";"Com Vítimas Feridas";"Pleno dia";"Crescente";"Nublado";"Dupla";"Viaduto";"Sim";3;0;2;0;1;0;2;2;-3,76999035;-38,67006282;"SR-CE";"UOP02";"DEL01"
340197;2021-02-12;"sexta";"10:30:00";"GO";40;"4.8";"VALPARAISO DE GOIAS";"Ingestão de álcool pelo condutor";"Saída de leito carroçável";"Sem Vítimas";"Pleno dia";"Crescente";"Nublado";"Dupla";"Reta";"Sim";1;0;0;0;1;0;0;1;-16,085241;-47,986752;"SR-DF";"UOP01";"DEL01"
340198;2021-02-12;"sexta";"12:00:00";"RS";470;"287";"MONTENEGRO";"Reação tardia ou ineficiente do condutor";"Colisão traseira";"Com Vítimas Feridas";"Pleno dia";"Crescente";"Céu Claro";"Simples";"Reta";"Não";2;0;0;1;1;0;1;2;-29,64978706;-51,45797809;"SR-RS";"UOP02";"DEL04"
340200;2021-02-12;"sexta";"13:00:00";"SE";101;"71.8";"MARUIM";"Reação tardia ou ineficiente do condutor";"Colisão traseira";"Com Vítimas Feridas";"Pleno dia";"Crescente";"Sol";"Dupla";"Reta";"Não";4;0;3;0;0;1;3;2;-10,74264798;-37,09334602;"SR-SE";"UOP01";"DEL01"
340201;2021-02-12;"sexta";"12:40:00";"MG";381;"804.8";"SAO GONCALO DO SAPUCAI";"Velocidade Incompatível";"Saída de leito carroçável";"Com Vítimas Feridas";"Pleno dia";"Crescente";"Chuva";"Dupla";"Curva";"Não";2;0;2;0;0;0;2;1;-21,996186;-45,6744899;"SR-MG";"UOP02";"DEL16"
340202;2021-01-11;"segunda";"17:05:00";"PA";222;"245";"MARABA";"Acessar a via sem observar a presença dos outros veículos";"Colisão lateral";"Com Vítimas Feridas";"Pleno dia";"Crescente";"Céu Claro";"Simples";"Não Informado";"Sim";2;0;1;0;1;0;1;2;-5,355886;-49,079418;"SR-PA";"UOP01";"DEL03"
340203;2021-02-12;"sexta";"11:10:00";"AC";317;"74";"SENADOR GUIOMARD";"Objeto estático sobre o leito carroçável";"Saída de leito carroçável";"Com Vítimas Feridas";"Pleno dia";"Decrescente";"Garoa/Chuvisco";"Simples";"Reta";"Não";4;0;2;0;2;0;2;1;-10,0758401;-67,59040266;"SR-AC";"UOP01";"DEL01"
340204;2021-02-12;"sexta";"12:30:00";"PR";277;"3";"FOZ DO IGUACU";"Desrespeitar a preferência no cruzamento";"Colisão transversal";"Com Vítimas Feridas";"Pleno dia";"Crescente";"Céu Claro";"Dupla";"Reta";"Sim";2;0;1;0;1;0;1;2;-25,5469;-54,5882;"SR-PR";"UOP03";"DEL05"
340205;2021-02-12;"sexta";"12:12:00";"ES";101;"145";"LINHARES";"Trafegar com motocicleta (ou similar) entre as faixas";"Queda de ocupante de veículo";"Com Vítimas Feridas";"Pleno dia";"Crescente";"Céu Claro";"Múltipla";"Reta";"Não";1;0;1;0;0;0;1;1;-19,36089598;-40,06464018;"SR-ES";"UOP01";"DEL04"
340206;2021-02-12;"sexta";"09:40:00";"RJ";101;"512";"ANGRA DOS REIS";"Acesso irregular";"Colisão transversal";"Com Vítimas Feridas";"Pleno dia";"Decrescente";"Sol";"Simples";"Curva";"Sim";2;0;1;0;1;0;1;2;-22,96909;-44,44151;"SR-RJ";"UOP02";"DEL03"
340207;2021-02-12;"sexta";"13:45:00";"CE";116;"34.6";"AQUIRAZ";"Demais falhas mecânicas ou elétricas";"Incêndio";"Sem Vítimas";"Pleno dia";"Crescente";"Céu Claro";"Dupla";"Reta";"Não";1;0;0;0;1;0;0;1;-4,04340809;-38,50824339;"SR-CE";"UOP02";"DEL01"
340208;2021-02-12;"sexta";"14:40:00";"GO";20;"120";"FLORES DE GOIAS";"Demais falhas mecânicas ou elétricas";"Colisão lateral";"Sem Vítimas";"Pleno dia";"Decrescente";"Chuva";"Simples";"Reta";"Não";2;0;0;0;2;0;0;2;-14,870668;-46,827091;"SR-DF";"UOP02";"DEL02"
340209;2021-02-12;"sexta";"07:43:00";"PR";277;"586.7";"CASCAVEL";"Acessar a via sem observar a presença dos outros veículos";"Colisão lateral";"Com Vítimas Feridas";"Pleno dia";"Crescente";"Céu Claro";"Simples";"Interseção de vias";"Não";2;0;1;0;1;0;1;2;-24,9649472;-53,4210459;"SR-PR";"UOP01";"DEL04"
340210;2021-02-12;"sexta";"13:20:00";"PR";376;"614";"SAO JOSE DOS PINHAIS";"Avarias e/ou desgaste excessivo no pneu";"Engavetamento";"Sem Vítimas";"Pleno dia";"Crescente";"Nublado";"Dupla";"Reta";"Não";3;0;0;0;3;0;0;3;-25,57084314;-49,19356398;"SR-PR";"UOP01";"DEL01"
340211;2021-01-30;"sábado";"11:10:00";"PA";10;"142.6";"PARAGOMINAS";"Manobra de mudança de faixa";"Tombamento";"Com Vítimas Feridas";"Pleno dia";"Crescente";"Nublado";"Simples";"Reta";"Sim";1;0;1;0;0;0;1;1;-3,196254;-47,48449302;"SR-PA";"UOP01";"DEL02"
340212;2021-02-12;"sexta";"13:50:00";"GO";40;"52";"LUZIANIA";"Chuva";"Capotamento";"Com Vítimas Feridas";"Pleno dia";"Crescente";"Chuva";"Dupla";"Curva";"Não";1;0;1;0;0;0;1;1;-16,459224;-47,80724;"SR-DF";"UOP04";"DEL01"
340213;2021-02-12;"sexta";"00:05:00";"PR";376;"538.4";"PALMEIRA";"Frear bruscamente";"Colisão traseira";"Sem Vítimas";"Plena Noite";"Decrescente";"Céu Claro";"Dupla";"Reta";"Não";4;0;0;0;4;0;0;2;-25,400283;-49,789084;"SR-PR";"UOP06";"DEL01"
340214;2021-02-12;"sexta";"14:20:00";"PE";101;"41.1";"IGARASSU";"Acostamento em desnível";"Tombamento";"Com Vítimas Feridas";"Pleno dia";"Crescente";"Nublado";"Dupla";"Reta";"Sim";1;0;1;0;0;0;1;1;-7,83038346;-34,91426785;"SR-PE";"UOP02";"DEL01"
340216;2021-02-12;"sexta";"14:15:00";"PR";116;"14";"CAMPINA GRANDE DO SUL";"Velocidade Incompatível";"Saída de leito carroçável";"Com Vítimas Feridas";"Pleno dia";"Decrescente";"Garoa/Chuvisco";"Dupla";"Curva";"Não";1;0;1;0;0;0;1;1;-25,09836429;-48,67391969;"SR-PR";"UOP02";"DEL01"
340217;2021-02-12;"sexta";"14:35:00";"PB";230;"70";"SOBRADO";"Condutor deixou de manter distância do veículo da frente";"Engavetamento";"Sem Vítimas";"Pleno dia";"Decrescente";"Céu Claro";"Dupla";"Reta";"Não";3;0;0;0;3;0;0;3;-7,1919;-35,2261;"SR-PB";"UOP03";"DEL01"
340218;2021-02-12;"sexta";"14:20:00";"MG";251;"280.8";"SALINAS";"Acessar a via sem observar a presença dos outros veículos";"Colisão transversal";"Com Vítimas Feridas";"Pleno dia";"Decrescente";"Céu Claro";"Simples";"Reta";"Não";5;0;0;2;2;1;2;2;-16,03203628;-42,10805393;"SR-MG";"UOP02";"DEL11"
340219;2021-02-12;"sexta";"14:18:00";"SC";101;"79.8";"ARAQUARI";"Acessar a via sem observar a presença dos outros veículos";"Colisão transversal";"Com Vítimas Feridas";"Pleno dia";"Decrescente";"Chuva";"Dupla";"Curva";"Não";4;0;3;0;1;0;3;2;-26,58559601;-48,72192112;"SR-SC";"UOP02";"DEL03"
340220;2021-02-12;"sexta";"07:15:00";"BA";116;"595.8";"IRAJUBA";"Velocidade Incompatível";"Tombamento";"Com Vítimas Feridas";"Pleno dia";"Crescente";"Céu Claro";"Simples";"Curva";"Não";1;0;1;0;0;0;1;1;-13,17351892;-39,99933014;"SR-BA";"UOP02";"DEL03"
340221;2021-02-12;"sexta";"15:05:00";"PE";428;"186";"PETROLINA";"Acessar a via sem observar a presença dos outros veículos";"Colisão transversal";"Sem Vítimas";"Pleno dia";"Decrescente";"Céu Claro";"Simples";"Rotatória";"Sim";3;0;0;0;2;1;0;3;-9,34807826;-40,47441248;"SR-PE";"UOP01";"DEL06"
340222;2021-02-12;"sexta";"14:00:00";"SC";101;"339.5";"TUBARAO";"Condutor deixou de manter distância do veículo da frente";"Colisão com objeto";"Com Vítimas Feridas";"Pleno dia";"Decrescente";"Céu Claro";"Dupla";"Reta";"Não";1;0;1;0;0;0;1;1;-28,49351117;-49,04178985;"SR-SC";"UOP01";"DEL02"
340223;2021-02-08;"segunda";"10:00:00";"MG";40;"787";"JUIZ DE FORA";"Velocidade Incompatível";"Colisão com objeto";"Com Vítimas Feridas";"Pleno dia";"Crescente";"Nublado";"Dupla";"Curva";"Não";1;0;1;0;0;0;1;1;-21,5995554;-43,458047;"SR-MG";"UOP01";"DEL05"
340224;2021-02-12;"sexta";"13:00:00";"ES";262;"116.3";"CONCEICAO DO CASTELO";"Mal súbito do condutor";"Colisão lateral";"Com Vítimas Feridas";"Pleno dia";"Decrescente";"Garoa/Chuvisco";"Simples";"Reta";"Não";2;0;1;0;1;0;1;2;-20,31763106;-41,22741303;"SR-ES";"UOP02";"DEL01"
340226;2021-02-12;"sexta";"15:50:00";"RJ";116;"175";"NOVA IGUACU";"Reação tardia ou ineficiente do condutor";"Colisão lateral mesmo sentido";"Com Vítimas Feridas";"Pleno dia";"Crescente";"Nublado";"Múltipla";"Reta";"Sim";4;0;1;0;3;0;1;2;-22,76324554;-43,42090175;"SR-RJ";"UOP02";"DEL01"
340227;2021-02-12;"sexta";"15:30:00";"RN";101;"105";"PARNAMIRIM";"Manobra de mudança de faixa";"Colisão traseira";"Sem Vítimas";"Pleno dia";"Decrescente";"Céu Claro";"Dupla";"Reta";"Sim";2;0;0;0;2;0;0;2;-5,90165196;-35,25928517;"SR-RN";"UOP01";"DEL01"
340228;2021-02-12;"sexta";"16:00:00";"PB";230;"22";"JOAO PESSOA";"Ausência de reação do condutor";"Colisão traseira";"Sem Vítimas";"Pleno dia";"Crescente";"Sol";"Dupla";"Reta";"Sim";2;0;0;0;2;0;0;2;-7,1495;-34,8517;"SR-PB";"UOP01";"DEL01"
340229;2021-02-12;"sexta";"16:05:00";"SP";153;"58.9";"SAO JOSE DO RIO PRETO";"Reação tardia ou ineficiente do condutor";"Tombamento";"Com Vítimas Feridas";"Pleno dia";"Decrescente";"Nublado";"Múltipla";"Reta";"Sim";1;0;0;1;0;0;1;1;-20,77838195;-49,35300538;"SR-SP";"UOP01";"DEL09"
340230;2021-02-12;"sexta";"15:30:00";"TO";153;"334";"GUARAI";"Manobra de mudança de faixa";"Colisão lateral";"Com Vítimas Feridas";"Pleno dia";"Crescente";"Céu Claro";"Simples";"Reta";"Sim";2;0;1;0;1;0;1;2;-8,835718;-48,512123;"SR-TO";"UOP02";"DEL02"
340231;2021-02-12;"sexta";"15:50:00";"PB";230;"22";"JOAO PESSOA";"Manobra de mudança de faixa";"Queda de ocupante de veículo";"Com Vítimas Feridas";"Pleno dia";"Decrescente";"Céu Claro";"Dupla";"Reta";"Sim";2;0;2;0;0;0;2;1;-7,1495;-34,8517;"SR-PB";"UOP01";"DEL01"
340232;2021-02-12;"sexta";"16:20:00";"PR";116;"6";"CAMPINA GRANDE DO SUL";"Velocidade Incompatível";"Capotamento";"Com Vítimas Feridas";"Pleno dia";"Decrescente";"Chuva";"Dupla";"Curva";"Não";4;0;2;2;0;0;4;1;-25,08710459;-48,60776389;"SR-PR";"UOP02";"DEL01"
340233;2021-02-12;"sexta";"16:00:00";"SC";282;"3.8";"FLORIANOPOLIS";"Ausência de reação do condutor";"Colisão lateral";"Com Vítimas Feridas";"Pleno dia";"Crescente";"Chuva";"Múltipla";"Reta";"Sim";2;0;1;0;1;0;1;2;-27,600384;-48,599705;"SR-SC";"UOP01";"DEL01"
340234;2021-01-26;"terça";"10:15:00";"RJ";116;"163";"RIO DE JANEIRO";"Ausência de sinalização";"Colisão com objeto";"Sem Vítimas";"Pleno dia";"Decrescente";"Céu Claro";"Simples";"Reta";"Sim";1;0;0;0;1;0;0;1;-22,802729;-43,290424;"SR-RJ";"UOP01";"DEL01"
340235;2021-02-12;"sexta";"16:20:00";"SP";116;"282";"EMBU DAS ARTES";"Manobra de mudança de faixa";"Colisão lateral mesmo sentido";"Com Vítimas Feridas";"Pleno dia";"Crescente";"Sol";"Dupla";"Reta";"Sim";2;0;0;1;1;0;1;2;-23,66234056;-46,85326077;"SR-SP";"UOP01";"DEL04"
340236;2021-02-12;"sexta";"16:30:00";"GO";20;"75";"FORMOSA";"Velocidade Incompatível";"Saída de leito carroçável";"Com Vítimas Fatais";"Pleno dia";"Crescente";"Chuva";"Simples";"Reta";"Não";3;1;0;2;0;0;2;1;-15,128218;-47,126556;"SR-DF";"UOP01";"DEL02"
340237;2021-02-12;"sexta";"16:00:00";"SC";101;"204";"SAO JOSE";"Manobra de mudança de faixa";"Colisão lateral mesmo sentido";"Com Vítimas Feridas";"Pleno dia";"Crescente";"Garoa/Chuvisco";"Múltipla";"Reta";"Sim";2;0;1;0;1;0;1;2;-27,57413014;-48,61363083;"SR-SC";"UOP01";"DEL01"
340238;2021-02-12;"sexta";"16:30:00";"PR";376;"230";"APUCARANA";"Velocidade Incompatível";"Tombamento";"Com Vítimas Feridas";"Pleno dia";"Decrescente";"Céu Claro";"Dupla";"Curva";"Não";1;0;1;0;0;0;1;1;-23,566952;-51,520935;"SR-PR";"UAP01";"DEL07"
340239;2021-02-12;"sexta";"16:00:00";"GO";60;"176";"ABADIA DE GOIAS";"Ingestão de álcool pelo condutor";"Colisão com objeto";"Sem Vítimas";"Pleno dia";"Crescente";"Chuva";"Dupla";"Interseção de vias";"Sim";1;0;0;0;1;0;0;1;-16,7563;-49,4402;"SR-GO";"UOP02";"DEL01"
340240;2021-02-12;"sexta";"16:40:00";"SC";101;"339.3";"TUBARAO";"Condutor deixou de manter distância do veículo da frente";"Tombamento";"Com Vítimas Feridas";"Pleno dia";"Decrescente";"Garoa/Chuvisco";"Dupla";"Reta";"Sim";1;0;1;0;0;0;1;1;-28,5820168;-49,05059372;"SR-SC";"UOP01";"DEL02"
340241;2021-02-12;"sexta";"16:00:00";"ES";262;"163.8";"IBATIBA";"Reação tardia ou ineficiente do condutor";"Colisão com objeto";"Com Vítimas Feridas";"Pleno dia";"Crescente";"Chuva";"Simples";"Não Informado";"Não";2;0;1;0;1;0;1;1;-20,23781414;-41,53986149;"SR-ES";"UOP02";"DEL01"
340242;2021-02-12;"sexta";"15:25:00";"PR";277;"587.6";"CASCAVEL";"Acessar a via sem observar a presença dos outros veículos";"Colisão lateral mesmo sentido";"Com Vítimas Feridas";"Pleno dia";"Decrescente";"Sol";"Simples";"Reta";"Não";2;0;1;0;1;0;1;2;-24,96941255;-53,42959722;"SR-PR";"UOP01";"DEL04"
340244;2021-02-12;"sexta";"17:00:00";"MG";365;"706";"MONTE ALEGRE DE MINAS";"Reação tardia ou ineficiente do condutor";"Colisão traseira";"Com Vítimas Feridas";"Pleno dia";"Crescente";"Garoa/Chuvisco";"Dupla";"Desvio Temporário";"Não";3;0;2;0;1;0;2;2;-18,87801632;-49,05717373;"SR-MG";"UOP03";"DEL15"
340245;2021-02-12;"sexta";"15:30:00";"GO";60;"95";"ANAPOLIS";"Reação tardia ou ineficiente do condutor";"Saída de leito carroçável";"Com Vítimas Feridas";"Pleno dia";"Decrescente";"Chuva";"Dupla";"Reta";"Sim";2;0;1;1;0;0;2;1;-16,3679;-48,939;"SR-GO";"UOP01";"DEL02"
340246;2021-02-12;"sexta";"16:40:00";"DF";40;"2.9";"BRASILIA";"Frear bruscamente";"Saída de leito carroçável";"Sem Vítimas";"Pleno dia";"Crescente";"Chuva";"Dupla";"Viaduto";"Sim";1;0;0;0;1;0;0;1;-16,003145;-47,983944;"SR-DF";"UOP01";"DEL01"
340247;2021-02-12;"sexta";"17:15:00";"SP";116;"488";"CAJATI";"Desrespeitar a preferência no cruzamento";"Colisão transversal";"Com Vítimas Feridas";"Pleno dia";"Crescente";"Nublado";"Dupla";"Interseção de vias";"Sim";5;0;0;1;4;0;1;2;-24,73097634;-48,09815591;"SR-SP";"UOP01";"DEL05"
340248;2021-02-12;"sexta";"16:45:00";"RS";101;"9";"TORRES";"Desrespeitar a preferência no cruzamento";"Colisão transversal";"Sem Vítimas";"Pleno dia";"Decrescente";"Garoa/Chuvisco";"Dupla";"Rotatória";"Sim";2;0;0;0;2;0;0;2;-29,36685801;-49,81514399;"SR-RS";"UOP02";"DEL03"
340249;2021-02-12;"sexta";"16:50:00";"SC";101;"341";"TUBARAO";"Condutor deixou de manter distância do veículo da frente";"Colisão traseira";"Com Vítimas Feridas";"Pleno dia";"Decrescente";"Garoa/Chuvisco";"Dupla";"Reta";"Não";9;0;4;0;5;0;4;3;-28,50999405;-49,05070686;"SR-SC";"UOP01";"DEL02"
340251;2021-02-12;"sexta";"17:30:00";"SC";101;"406";"ARARANGUA";"Manobra de mudança de faixa";"Colisão transversal";"Com Vítimas Feridas";"Pleno dia";"Decrescente";"Nublado";"Dupla";"Reta";"Não";5;0;3;0;2;0;3;2;-28,89284011;-49,46880088;"SR-SC";"UOP02";"DEL02"
340252;2021-02-12;"sexta";"17:55:00";"RS";386;"235.7";"SOLEDADE";"Reação tardia ou ineficiente do condutor";"Saída de leito carroçável";"Com Vítimas Feridas";"Pleno dia";"Crescente";"Nublado";"Simples";"Não Informado";"Não";2;0;1;1;0;0;2;1;-28,70459118;-52,58348465;"SR-RS";"UOP03";"DEL04"
340254;2021-02-12;"sexta";"17:40:00";"PR";476;"136";"CURITIBA";"Trafegar com motocicleta (ou similar) entre as faixas";"Colisão traseira";"Com Vítimas Feridas";"Pleno dia";"Crescente";"Nublado";"Dupla";"Reta";"Sim";3;0;1;0;2;0;1;3;-25,491047;-49,271679;"SR-PR";"UOP03";"DEL01"
340255;2021-02-12;"sexta";"17:20:00";"PR";476;"137";"CURITIBA";"Trafegar com motocicleta (ou similar) entre as faixas";"Colisão lateral";"Com Vítimas Feridas";"Pleno dia";"Crescente";"Céu Claro";"Múltipla";"Reta";"Não";4;0;1;0;3;0;1;4;-25,498302;-49,277546;"SR-PR";"UOP03";"DEL01"
340257;2021-02-12;"sexta";"17:54:00";"SP";116;"563";"BARRA DO TURVO";"Velocidade Incompatível";"Saída de leito carroçável";"Sem Vítimas";"Anoitecer";"Crescente";"Chuva";"Dupla";"Reta";"Não";1;0;0;0;1;0;0;1;-25,02939642;-48,5286439;"SR-SP";"UOP02";"DEL05"
340258;2021-02-12;"sexta";"15:30:00";"PR";376;"414.6";"TIBAGI";"Mal súbito do condutor";"Colisão com objeto";"Com Vítimas Feridas";"Pleno dia";"Decrescente";"Sol";"Simples";"Reta";"Não";2;0;1;0;1;0;1;1;-24,64830799;-50,62100887;"SR-PR";"UOP02";"DEL03"
340259;2021-02-12;"sexta";"18:02:00";"SE";235;"50";"ITABAIANA";"Frear bruscamente";"Colisão traseira";"Com Vítimas Feridas";"Plena Noite";"Crescente";"Céu Claro";"Simples";"Reta";"Sim";2;0;1;0;1;0;1;2;-10,707879;-37,42606;"SR-SE";"UOP02";"DEL01"
340260;2021-02-12;"sexta";"16:30:00";"PE";101;"48";"ABREU E LIMA";"Ausência de reação do condutor";"Colisão traseira";"Com Vítimas Feridas";"Anoitecer";"Decrescente";"Chuva";"Múltipla";"Reta";"Sim";3;0;1;0;2;0;1;3;-7,89174705;-34,9033493;"SR-PE";"UOP02";"DEL01"
340261;2021-02-12;"sexta";"17:35:00";"RJ";116;"185";"NOVA IGUACU";"Trafegar com motocicleta (ou similar) entre as faixas";"Queda de ocupante de veículo";"Com Vítimas Feridas";"Pleno dia";"Decrescente";"Nublado";"Dupla";"Reta";"Sim";2;0;1;0;1;0;1;1;-22,74151051;-43,45351823;"SR-RJ";"UOP02";"DEL01"
340262;2021-02-12;"sexta";"17:45:00";"MG";40;"726.5";"BARBACENA";"Velocidade Incompatível";"Saída de leito carroçável";"Com Vítimas Feridas";"Pleno dia";"Crescente";"Nublado";"Dupla";"Curva";"Não";2;0;2;0;0;0;2;1;-21,31059847;-43,60380204;"SR-MG";"UOP01";"DEL05"
340263;2021-02-12;"sexta";"16:20:00";"ES";101;"355";"ANCHIETA";"Desrespeitar a preferência no cruzamento";"Colisão transversal";"Com Vítimas Feridas";"Pleno dia";"Crescente";"Nublado";"Simples";"Interseção de vias";"Não";2;0;0;1;1;0;1;2;-20,68854312;-40,67978692;"SR-ES";"UOP01";"DEL03"
340264;2021-02-12;"sexta";"17:40:00";"RJ";101;"483";"ANGRA DOS REIS";"Conversão proibida";"Colisão transversal";"Com Vítimas Feridas";"Anoitecer";"Decrescente";"Chuva";"Simples";"Reta";"Sim";2;0;1;0;1;0;1;2;-22,99719001;-44,30136205;"SR-RJ";"UOP01";"DEL03"
340265;2021-02-12;"sexta";"16:20:00";"SC";280;"125.6";"RIO NEGRINHO";"Condutor deixou de manter distância do veículo da frente";"Engavetamento";"Com Vítimas Feridas";"Pleno dia";"Crescente";"Céu Claro";"Simples";"Desvio Temporário";"Sim";4;0;1;0;3;0;1;3;-26,23763684;-49,48434497;"SR-SC";"UOP03";"DEL06"
340266;2021-02-12;"sexta";"17:30:00";"GO";153;"438";"ANAPOLIS";"Reação tardia ou ineficiente do condutor";"Colisão lateral mesmo sentido";"Com Vítimas Feridas";"Pleno dia";"Decrescente";"Chuva";"Dupla";"Reta";"Sim";2;0;1;0;1;0;1;2;-16,291595;-48,934811;"SR-GO";"UOP01";"DEL02"
340267;2021-02-12;"sexta";"18:10:00";"ES";101;"67";"SAO MATEUS";"Ausência de reação do condutor";"Colisão lateral mesmo sentido";"Com Vítimas Feridas";"Pleno dia";"Crescente";"Céu Claro";"Simples";"Curva";"Não";2;0;1;0;1;0;1;2;-18,72054021;-39,8658931;"SR-ES";"UOP02";"DEL04"
340268;2021-02-12;"sexta";"17:00:00";"ES";101;"125.8";"SOORETAMA";"Pista Escorregadia";"Tombamento";"Com Vítimas Feridas";"Pleno dia";"Crescente";"Nublado";"Múltipla";"Reta";"Sim";1;0;1;0;0;0;1;1;-19,18496498;-40,09429827;"SR-ES";"UOP01";"DEL04"
340269;2021-02-12;"sexta";"18:07:00";"RN";427;"52";"JARDIM DO SERIDO";"Ingestão de álcool pelo condutor";"Colisão traseira";"Com Vítimas Feridas";"Anoitecer";"Crescente";"Céu Claro";"Simples";"Reta";"Sim";2;0;1;0;1;0;1;2;-6,57034713;-36,75450881;"SR-RN";"UOP01";"DEL03"
340270;2021-02-12;"sexta";"16:20:00";"SC";280;"125";"RIO NEGRINHO";"Conversão proibida";"Colisão lateral";"Com Vítimas Feridas";"Pleno dia";"Decrescente";"Céu Claro";"Simples";"Reta";"Não";4;0;3;0;1;0;3;2;-26,23763684;-49,48434497;"SR-SC";"UOP03";"DEL06"
340271;2021-02-12;"sexta";"17:50:00";"PR";376;"496.5";"PONTA GROSSA";"Reação tardia ou ineficiente do condutor";"Engavetamento";"Sem Vítimas";"Pleno dia";"Decrescente";"Céu Claro";"Dupla";"Reta";"Sim";3;0;0;0;3;0;0;3;-25,17702586;-50,1005139;"SR-PR";"UAP01";"DEL03"
340273;2021-02-12;"sexta";"17:00:00";"RJ";101;"290";"ITABORAI";"Condutor Dormindo";"Colisão lateral mesmo sentido";"Com Vítimas Feridas";"Anoitecer";"Crescente";"Nublado";"Múltipla";"Reta";"Não";2;0;1;0;1;0;1;2;-22,76708384;-42,86081305;"SR-RJ";"UOP03";"DEL02"
340274;2021-02-12;"sexta";"17:40:00";"MT";163;"95.5";"RONDONOPOLIS";"Mal súbito do condutor";"Capotamento";"Com Vítimas Fatais";"Pleno dia";"Decrescente";"Nublado";"Dupla";"Reta";"Sim";1;1;0;0;0;0;0;1;-16,69254292;-54,66450986;"SR-MT";"UOP01";"DEL02"
340275;2021-02-12;"sexta";"18:35:00";"RS";386;"396.6";"TRIUNFO";"Demais falhas mecânicas ou elétricas";"Incêndio";"Sem Vítimas";"Anoitecer";"Decrescente";"Chuva";"Simples";"Reta";"Não";1;0;0;0;1;0;0;1;-29,732574;-51,631935;"SR-RS";"UOP02";"DEL04"