"id";"data_inversa";"dia_semana";"horario";"uf";"br";"km";"municipio";"causa_acidente";"tipo_acidente";"classificacao_acidente";"fase_dia";"sentido_via";"condicao_metereologica";"tipo_pista";"tracado_via";"uso_solo";"pessoas";"mortos";"feridos_leves";"feridos_graves";"ilesos";"ignorados";"feridos";"veiculos";"latitude";"longitude";"regional";"delegacia";"uop"
340945;2021-02-15;"segunda";"17:05:00";"MT";174;"36";"PONTES E LACERDA";"Ausência de reação do condutor";"Saída de leito carroçável";"Sem Vítimas";"Pleno dia";"Decrescente";"Nublado";"Simples";"Reta";"Não";1;0;0;0;0;1;0;1;-15,226537;-59,335728;"SR-MT";"UOP01";"DEL04"
340946;2021-02-15;"segunda";"17:50:00";"RJ";116;"85";"TERESOPOLIS";"Mal súbito do condutor";"Saída de leito carroçável";"Com Vítimas Feridas";"Pleno dia";"Crescente";"Garoa/Chuvisco";"Simples";"Curva";"Não";1;0;1;0;0;0;1;1;-22,42972396;-42,95095697;"SR-RJ";"UOP01";"DEL04"
340947;2021-02-15;"segunda";"18:52:00";"SE";101;"116";"ITAPORANGA DAJUDA";"Ingestão de álcool pelo condutor";"Tombamento";"Com Vítimas Feridas";"Plena Noite";"Crescente";"Céu Claro";"Dupla";"Não Informado";"Sim";1;0;1;0;0;0;1;1;-11,01146389;-37,31286103;"SR-SE";"UOP01";"DEL02"
340949;2021-02-15;"segunda";"18:25:00";"BA";324;"620";"SALVADOR";"Reação tardia ou ineficiente do condutor";"Queda de ocupante de veículo";"Com Vítimas Fatais";"Plena Noite";"Decrescente";"Céu Claro";"Múltipla";"Reta";"Sim";3;1;0;0;1;1;0;2;-12,90482172;-38,45556535;"SR-BA";"UOP01";"DEL01"
340950;2021-02-15;"segunda";"18:00:00";"RJ";40;"93.5";"DUQUE DE CAXIAS";"Chuva";"Saída de leito carroçável";"Com Vítimas Feridas";"Anoitecer";"Crescente";"Garoa/Chuvisco";"Simples";"Curva";"Não";3;0;1;0;2;0;1;1;-22,5554282;-43,25829998;"SR-RJ";"UOP01";"DEL01"
340951;2021-02-15;"segunda";"19:05:00";"RJ";101;"268";"RIO BONITO";"Ausência de reação do condutor";"Colisão lateral";"Sem Vítimas";"Plena Noite";"Crescente";"Nublado";"Dupla";"Reta";"Não";2;0;0;0;2;0;0;2;-22,7112997;-42,66922613;"SR-RJ";"UOP03";"DEL02"
340952;2021-02-15;"segunda";"18:21:00";"GO";153;"501";"GOIANIA";"Estacionar ou parar em local proibido";"Colisão com objeto";"Com Vítimas Feridas";"Plena Noite";"Crescente";"Céu Claro";"Múltipla";"Reta";"Sim";2;0;1;0;1;0;1;2;-16,7189;-49,2382;"SR-GO";"UOP01";"DEL01"
340953;2021-02-15;"segunda";"18:40:00";"MG";40;"522.9";"CONTAGEM";"Manobra de mudança de faixa";"Colisão lateral mesmo sentido";"Com Vítimas Feridas";"Plena Noite";"Crescente";"Nublado";"Dupla";"Reta";"Sim";1;0;1;0;0;0;1;1;-19,8638731;-44,06749809;"SR-MG";"UOP02";"DEL01"
340954;2021-02-15;"segunda";"18:20:00";"MG";40;"643";"CONSELHEIRO LAFAIETE";"Velocidade Incompatível";"Saída de leito carroçável";"Com Vítimas Feridas";"Anoitecer";"Decrescente";"Chuva";"Simples";"Curva";"Não";1;0;1;0;0;0;1;1;-20,77107137;-43,80623917;"SR-MG";"UOP02";"DEL05"
340955;2021-02-15;"segunda";"17:05:00";"PR";277;"99";"CURITIBA";"Mal súbito do condutor";"Colisão com objeto";"Com Vítimas Feridas";"Pleno dia";"Crescente";"Sol";"Simples";"Desvio Temporário";"Sim";4;0;3;0;1;0;3;1;-25,53375211;-49,31824405;"SR-PR";"UOP01";"DEL01"
340956;2021-02-15;"segunda";"14:10:00";"SC";116;"64.3";"PAPANDUVA";"Ultrapassagem Indevida";"Colisão lateral mesmo sentido";"Sem Vítimas";"Pleno dia";"Decrescente";"Chuva";"Simples";"Não Informado";"Não";2;0;0;0;2;0;0;2;-26,41544499;-50,22732716;"SR-SC";"UOP02";"DEL06"
340957;2021-02-15;"segunda";"16:31:00";"SC";116;"64.3";"PAPANDUVA";"Ultrapassagem Indevida";"Colisão frontal";"Com Vítimas Feridas";"Pleno dia";"Crescente";"Nublado";"Simples";"Não Informado";"Não";3;0;1;0;1;1;1;3;-26,40644298;-50,22649816;"SR-SC";"UOP02";"DEL06"
340958;2021-02-15;"segunda";"12:30:00";"MT";70;"366";"CAMPO VERDE";"Acesso irregular";"Colisão traseira";"Com Vítimas Feridas";"Pleno dia";"Crescente";"Chuva";"Simples";"Reta";"Sim";2;0;1;0;1;0;1;2;-15,47156133;-55,00330391;"SR-MT";"UOP02";"DEL05"
340959;2021-02-15;"segunda";"19:15:00";"SC";101;"333.7";"TUBARAO";"Desrespeitar a preferência no cruzamento";"Colisão transversal";"Com Vítimas Feridas";"Plena Noite";"Decrescente";"Céu Claro";"Simples";"Interseção de vias";"Sim";2;0;1;0;1;0;1;2;-28,46630107;-48,99653096;"SR-SC";"UOP01";"DEL02"
340961;2021-02-15;"segunda";"14:45:00";"RN";304;"24";"MOSSORO";"Velocidade Incompatível";"Saída de leito carroçável";"Com Vítimas Feridas";"Pleno dia";"Decrescente";"Céu Claro";"Dupla";"Rotatória";"Não";1;0;0;1;0;0;1;1;-5,06673877;-37,3309207;"SR-RN";"UOP02";"DEL04"
340962;2021-02-15;"segunda";"17:40:00";"DF";251;"17";"BRASILIA";"Condutor Dormindo";"Saída de leito carroçável";"Com Vítimas Feridas";"Pleno dia";"Crescente";"Nublado";"Simples";"Reta";"Não";1;0;1;0;0;0;1;1;-15,942561;-47,622921;"SR-DF";"UOP01";"DEL01"
340963;2021-02-15;"segunda";"18:45:00";"CE";20;"82.9";"TAUA";"Transitar na contramão";"Colisão frontal";"Com Vítimas Feridas";"Plena Noite";"Decrescente";"Céu Claro";"Simples";"Reta";"Sim";4;0;2;0;0;2;2;2;-6,01386965;-40,29326037;"SR-CE";"UOP02";"DEL02"
340964;2021-02-15;"segunda";"19:15:00";"PR";277;"586.3";"CASCAVEL";"Ingestão de álcool pelo condutor";"Colisão transversal";"Sem Vítimas";"Anoitecer";"Decrescente";"Céu Claro";"Simples";"Reta";"Não";2;0;0;0;2;0;0;2;-24,9649472;-53,4210459;"SR-PR";"UOP01";"DEL04"
340965;2021-02-15;"segunda";"20:00:00";"RJ";101;"23";"CAMPOS DOS GOYTACAZES";"Chuva";"Colisão com objeto";"Com Vítimas Feridas";"Plena Noite";"Crescente";"Chuva";"Simples";"Não Informado";"Não";2;0;1;0;1;0;1;1;-21,40784584;-41,34290939;"SR-RJ";"UOP01";"DEL08"
340966;2021-02-15;"segunda";"19:30:00";"MS";163;"280.4";"DOURADOS";"Acessar a via sem observar a presença dos outros veículos";"Colisão com objeto";"Com Vítimas Feridas";"Plena Noite";"Decrescente";"Céu Claro";"Dupla";"Reta";"Sim";2;0;1;0;1;0;1;2;-22,13794223;-54,61956683;"SR-MS";"UOP01";"DEL04"
340967;2021-02-15;"segunda";"19:50:00";"PR";476;"136.9";"CURITIBA";"Desrespeitar a preferência no cruzamento";"Colisão transversal";"Sem Vítimas";"Plena Noite";"Crescente";"Céu Claro";"Dupla";"Não Informado";"Sim";2;0;0;0;1;1;0;2;-25,491047;-49,271679;"SR-PR";"UOP03";"DEL01"
340968;2021-02-15;"segunda";"20:00:00";"MG";381;"500";"BETIM";"Avarias e/ou desgaste excessivo no pneu";"Tombamento";"Com Vítimas Feridas";"Plena Noite";"Decrescente";"Céu Claro";"Dupla";"Reta";"Sim";2;0;2;0;0;0;2;1;-20,02513493;-44,23112709;"SR-MG";"UOP03";"DEL01"
340970;2021-02-15;"segunda";"19:55:00";"RO";319;"63";"PORTO VELHO";"Manobra de mudança de faixa";"Colisão lateral";"Com Vítimas Feridas";"Plena Noite";"Crescente";"Chuva";"Dupla";"Reta";"Sim";3;0;2;0;1;0;2;2;-8,766685;-63,884052;"SR-RO";"UOP01";"DEL01"
340971;2021-02-15;"segunda";"20:30:00";"PR";116;"75";"QUATRO BARRAS";"Pedestre andava na pista";"Atropelamento de Pedestre";"Com Vítimas Fatais";"Plena Noite";"Decrescente";"Céu Claro";"Dupla";"Reta";"Não";6;1;1;0;4;0;1;2;-25,37129423;-49,04588263;"SR-PR";"UOP01";"DEL01"
340972;2021-02-15;"segunda";"20:30:00";"GO";70;"2";"AGUAS LINDAS DE GOIAS";"Pedestre cruzava a pista fora da faixa";"Atropelamento de Pedestre";"Com Vítimas Feridas";"Plena Noite";"Crescente";"Nublado";"Dupla";"Curva";"Sim";3;0;0;1;2;0;1;2;-15,767021;-48,229945;"SR-DF";"UOP03";"DEL01"
340973;2021-02-15;"segunda";"20:40:00";"RN";101;"101.5";"PARNAMIRIM";"Ingestão de álcool pelo condutor";"Tombamento";"Com Vítimas Feridas";"Plena Noite";"Decrescente";"Céu Claro";"Dupla";"Reta";"Sim";1;0;1;0;0;0;1;1;-5,88730754;-35,23292899;"SR-RN";"UOP01";"DEL01"
340974;2021-02-15;"segunda";"19:15:00";"PI";343;"181";"PIRIPIRI";"Acessar a via sem observar a presença dos outros veículos";"Colisão transversal";"Com Vítimas Feridas";"Plena Noite";"Decrescente";"Céu Claro";"Simples";"Reta";"Sim";2;0;0;1;1;0;1;2;-4,249616;-41,764942;"SR-PI";"UOP01";"DEL02"
340975;2021-01-26;"terça";"13:40:00";"ES";101;"0";"SERRA";"Acessar a via sem observar a presença dos outros veículos";"Colisão traseira";"Sem Vítimas";"Pleno dia";"Crescente";"Céu Claro";"Dupla";"Reta";"Não";3;0;0;0;3;0;0;3;-20,129093;-40,308125;"SR-ES";"UOP01";"DEL02"
340976;2021-02-15;"segunda";"21:20:00";"PB";230;"462";"SOUSA";"Ausência de reação do condutor";"Colisão com objeto";"Com Vítimas Fatais";"Plena Noite";"Decrescente";"Céu Claro";"Simples";"Rotatória";"Sim";1;1;0;0;0;0;0;1;-6,7768;-38,215;"SR-PB";"UOP03";"DEL03"
340978;2021-02-15;"segunda";"19:30:00";"MG";262;"430";"SAO GONCALO DO PARA";"Velocidade Incompatível";"Capotamento";"Com Vítimas Feridas";"Plena Noite";"Crescente";"Céu Claro";"Dupla";"Não Informado";"Não";1;0;0;1;0;0;1;1;-19,89011218;-44,80551997;"SR-MG";"UOP03";"DEL08"
340979;2021-02-15;"segunda";"16:35:00";"ES";262;"61";"MARECHAL FLORIANO";"Chuva";"Queda de ocupante de veículo";"Com Vítimas Feridas";"Plena Noite";"Decrescente";"Chuva";"Simples";"Não Informado";"Não";1;0;1;0;0;0;1;1;-20,42818717;-40,79167114;"SR-ES";"UOP02";"DEL01"
340980;2021-02-15;"segunda";"17:30:00";"SC";163;"100.5";"SAO JOSE DO CEDRO";"Condutor deixou de manter distância do veículo da frente";"Colisão frontal";"Com Vítimas Feridas";"Pleno dia";"Decrescente";"Céu Claro";"Simples";"Não Informado";"Não";4;0;2;0;2;0;2;2;-26,4861159;-53,50382419;"SR-SC";"UOP03";"DEL07"
340981;2021-02-15;"segunda";"21:10:00";"SC";101;"83";"BARRA VELHA";"Restrição de visibilidade em curvas verticais";"Colisão frontal";"Com Vítimas Feridas";"Plena Noite";"Decrescente";"Chuva";"Simples";"Desvio Temporário";"Sim";3;0;3;0;0;0;3;3;-26,62133025;-48,71664584;"SR-SC";"UOP02";"DEL03"
340982;2021-02-15;"segunda";"21:30:00";"RJ";356;"163.1";"SAO JOAO DA BARRA";"Velocidade Incompatível";"Colisão lateral sentido oposto";"Com Vítimas Fatais";"Plena Noite";"Decrescente";"Chuva";"Simples";"Curva";"Não";2;1;0;0;1;0;0;2;-21,70953958;-41,13992572;"SR-RJ";"UOP02";"DEL08"
340983;2021-02-15;"segunda";"19:10:00";"RO";364;"351";"JI-PARANA";"Acessar a via sem observar a presença dos outros veículos";"Colisão transversal";"Com Vítimas Feridas";"Plena Noite";"Crescente";"Céu Claro";"Simples";"Não Informado";"Não";2;0;1;0;0;1;1;2;-10,84031861;-62,00639574;"SR-RO";"UOP01";"DEL02"
340984;2021-02-15;"segunda";"20:40:00";"MA";135;"7.6";"SAO LUIS";"Ausência de reação do condutor";"Colisão transversal";"Com Vítimas Feridas";"Plena Noite";"Crescente";"Garoa/Chuvisco";"Dupla";"Rotatória";"Sim";2;0;0;1;1;0;1;2;-2,63608835;-44,26848552;"SR-MA";"UOP01";"DEL01"
340986;2021-02-15;"segunda";"18:45:00";"RJ";101;"418";"MANGARATIBA";"Demais falhas na via";"Queda de ocupante de veículo";"Com Vítimas Feridas";"Anoitecer";"Crescente";"Nublado";"Simples";"Reta";"Não";1;0;1;0;0;0;1;1;-22,9178274;-43,90471593;"SR-RJ";"UOP01";"DEL03"
340987;2021-02-15;"segunda";"20:20:00";"RO";364;"745";"PORTO VELHO";"Transitar na contramão";"Colisão lateral";"Sem Vítimas";"Plena Noite";"Decrescente";"Céu Claro";"Simples";"Reta";"Não";3;0;0;0;3;0;0;2;-9,01895208;-64,01035069;"SR-RO";"UOP02";"DEL01"
340988;2021-02-14;"domingo";"00:05:00";"AP";156;"35";"MACAPA";"Faixas de trânsito com largura insuficiente";"Colisão frontal";"Com Vítimas Feridas";"Plena Noite";"Crescente";"Ignorado";"Simples";"Não Informado";"Não";3;0;1;1;0;1;2;2;0,2028299;-51,116314;"SR-AP";"UOP01";"DEL01"
340989;2021-02-15;"segunda";"17:43:00";"MG";40;"142";"JOAO PINHEIRO";"Acessar a via sem observar a presença dos outros veículos";"Colisão transversal";"Com Vítimas Feridas";"Pleno dia";"Decrescente";"Nublado";"Simples";"Reta";"Sim";2;0;0;1;1;0;1;2;-17,740382;-46,185728;"SR-MG";"UOP01";"DEL14"
340990;2021-02-15;"segunda";"19:27:00";"MG";40;"320";"TRES MARIAS";"Ausência de reação do condutor";"Saída de leito carroçável";"Com Vítimas Feridas";"Plena Noite";"Decrescente";"Nublado";"Simples";"Desvio Temporário";"Não";1;0;1;0;0;0;1;1;-18,51802789;-45,0769043;"SR-MG";"UOP02";"DEL14"
340991;2021-02-15;"segunda";"22:10:00";"RS";116;"149.1";"CAXIAS DO SUL";"Condutor desrespeitou a iluminação vermelha do semáforo";"Colisão transversal";"Com Vítimas Feridas";"Plena Noite";"Decrescente";"Nublado";"Dupla";"Interseção de vias";"Sim";4;0;1;0;0;3;1;2;-29,15996905;-51,15645292;"SR-RS";"UOP01";"DEL05"
340992;2021-02-15;"segunda";"22:15:00";"RO";364;"342.9";"JI-PARANA";"Condutor deixou de manter distância do veículo da frente";"Colisão traseira";"Com Vítimas Feridas";"Plena Noite";"Crescente";"Céu Claro";"Dupla";"Ponte";"Sim";2;0;2;0;0;0;2;2;-10,88126942;-61,94160461;"SR-RO";"UOP01";"DEL02"
340993;2021-02-15;"segunda";"18:30:00";"MT";364;"496";"JANGADA";"Transitar na contramão";"Colisão frontal";"Com Vítimas Fatais";"Anoitecer";"Crescente";"Céu Claro";"Simples";"Reta";"Sim";3;1;1;0;1;0;1;2;-15,27668678;-56,44275675;"SR-MT";"UOP01";"DEL01"
340994;2021-02-16;"terça";"00:00:00";"PR";376;"626";"SAO JOSE DOS PINHAIS";"Condutor Dormindo";"Colisão traseira";"Com Vítimas Feridas";"Plena Noite";"Decrescente";"Céu Claro";"Dupla";"Reta";"Não";2;0;1;0;1;0;1;2;-25,66095117;-49,15500053;"SR-PR";"UOP04";"DEL01"
340996;2021-02-15;"segunda";"22:45:00";"MG";153;"45";"CANAPOLIS";"Pista Escorregadia";"Saída de leito carroçável";"Sem Vítimas";"Plena Noite";"Crescente";"Chuva";"Dupla";"Desvio Temporário";"Não";1;0;0;0;1;0;0;1;-18,78035791;-49,07866011;"SR-MG";"UOP03";"DEL15"
340997;2021-02-15;"segunda";"21:20:00";"MT";364;"491.6";"JANGADA";"Reação tardia ou ineficiente do condutor";"Colisão traseira";"Com Vítimas Feridas";"Plena Noite";"Crescente";"Nublado";"Simples";"Reta";"Não";2;0;1;0;1;0;1;2;-15,25462526;-56,46466255;"SR-MT";"UOP02";"DEL01"
341001;2021-02-16;"terça";"02:25:00";"BA";407;"138.2";"SENHOR DO BONFIM";"Ingestão de álcool pelo condutor";"Colisão traseira";"Com Vítimas Fatais";"Plena Noite";"Crescente";"Nublado";"Simples";"Reta";"Não";2;1;0;0;0;1;0;2;-10,55096499;-40,13701592;"SR-BA";"UOP01";"DEL04"
341002;2021-01-14;"quinta";"08:30:00";"PA";316;"84.5";"SAO FRANCISCO DO PARA";"Acessar a via sem observar a presença dos outros veículos";"Colisão transversal";"Com Vítimas Feridas";"Pleno dia";"Decrescente";"Céu Claro";"Simples";"Reta";"Não";2;0;1;0;1;0;1;2;-1,311744;-47,735767;"SR-PA";"UOP02";"DEL01"
341003;2021-02-15;"segunda";"23:20:00";"RO";364;"192.8";"PIMENTA BUENO";"Ingestão de álcool ou de substâncias psicoativas pelo pedestre";"Atropelamento de Pedestre";"Com Vítimas Feridas";"Plena Noite";"Decrescente";"Nublado";"Simples";"Reta";"Sim";2;0;0;1;0;1;1;1;-11,70628176;-61,16485082;"SR-RO";"UOP02";"DEL02"
341004;2021-02-16;"terça";"02:00:00";"ES";101;"148.9";"LINHARES";"Condutor desrespeitou a iluminação vermelha do semáforo";"Colisão transversal";"Com Vítimas Feridas";"Plena Noite";"Crescente";"Chuva";"Simples";"Interseção de vias";"Sim";3;0;1;1;1;0;2;2;-19,39479654;-40,06527185;"SR-ES";"UOP01";"DEL04"
341005;2021-02-16;"terça";"00:15:00";"SC";101;"277";"IMBITUBA";"Condutor Dormindo";"Colisão traseira";"Com Vítimas Feridas";"Plena Noite";"Crescente";"Céu Claro";"Dupla";"Reta";"Sim";4;0;2;0;2;0;2;2;-28,15478103;-48,69265474;"SR-SC";"UOP03";"DEL02"
341006;2021-02-16;"terça";"02:30:00";"BA";242;"889";"LUIS EDUARDO MAGALHAES";"Acumulo de água sobre o pavimento";"Saída de leito carroçável";"Com Vítimas Fatais";"Plena Noite";"Decrescente";"Chuva";"Simples";"Reta";"Não";5;1;2;0;2;0;2;1;-12,099096;-45,854089;"SR-BA";"UOP01";"DEL10"
341007;2021-02-16;"terça";"03:00:00";"PR";376;"245.4";"APUCARANA";"Ingestão de álcool pelo condutor";"Colisão com objeto";"Com Vítimas Feridas";"Plena Noite";"Crescente";"Céu Claro";"Dupla";"Não Informado";"Não";3;0;2;0;0;1;2;1;-23,58410821;-51,41599417;"SR-PR";"UAP01";"DEL07"
341008;2021-02-16;"terça";"01:00:00";"PI";316;"275";"DOM EXPEDITO LOPES";"Acumulo de água sobre o pavimento";"Saída de leito carroçável";"Sem Vítimas";"Plena Noite";"Crescente";"Chuva";"Simples";"Reta";"Não";2;0;0;0;2;0;0;1;-6,95126284;-41,72588901;"SR-PI";"UOP01";"DEL04"
341009;2021-02-15;"segunda";"18:40:00";"BA";101;"285";"LAJE";"Acessar a via sem observar a presença dos outros veículos";"Colisão lateral";"Com Vítimas Feridas";"Amanhecer";"Crescente";"Céu Claro";"Simples";"Reta";"Não";4;0;3;0;1;0;3;2;-13,268436;-39,325351;"SR-BA";"UOP02";"DEL01"
341010;2021-02-16;"terça";"05:20:00";"SP";116;"81";"ROSEIRA";"Animais na Pista";"Atropelamento de Animal";"Com Vítimas Feridas";"Amanhecer";"Decrescente";"Nublado";"Dupla";"Reta";"Sim";1;0;1;0;0;0;1;1;-22,90482177;-45,31030655;"SR-SP";"UOP01";"DEL08"
341011;2021-01-19;"terça";"00:50:00";"RS";472;"138";"TRES DE MAIO";"Velocidade Incompatível";"Colisão com objeto";"Com Vítimas Feridas";"Plena Noite";"Decrescente";"Céu Claro";"Simples";"Rotatória";"Não";1;0;1;0;0;0;1;1;-27,77486303;-54,29383814;"SR-RS";"UOP01";"DEL10"
341012;2021-02-16;"terça";"05:40:00";"RJ";101;"424";"MANGARATIBA";"Ultrapassagem Indevida";"Colisão frontal";"Com Vítimas Fatais";"Amanhecer";"Crescente";"Céu Claro";"Simples";"Reta";"Não";2;1;0;0;0;1;0;2;-22,92127842;-43,95599173;"SR-RJ";"UOP01";"DEL03"
341013;2021-02-16;"terça";"06:15:00";"PI";407;"428.2";"GEMINIANO";"Ausência de reação do condutor";"Colisão com objeto";"Com Vítimas Fatais";"Amanhecer";"Crescente";"Chuva";"Simples";"Curva";"Não";1;1;0;0;0;0;0;1;-7,11675111;-41,40735611;"SR-PI";"UOP01";"DEL04"
341015;2021-02-16;"terça";"07:10:00";"SC";470;"53.8";"BLUMENAU";"Acessar a via sem observar a presença dos outros veículos";"Colisão com objeto";"Com Vítimas Feridas";"Pleno dia";"Decrescente";"Céu Claro";"Simples";"Curva";"Sim";3;0;2;0;1;0;2;2;-26,867121;-49,102066;"SR-SC";"UOP01";"DEL04"
341016;2021-02-14;"domingo";"15:20:00";"PE";101;"89.5";"CABO DE SANTO AGOSTINHO";"Ingestão de álcool pelo condutor";"Colisão traseira";"Com Vítimas Feridas";"Pleno dia";"Decrescente";"Céu Claro";"Simples";"Reta";"Sim";4;0;0;1;1;2;1;2;-8,228311;-34,97133;"SR-PE";"UOP03";"DEL01"
341017;2021-02-16;"terça";"03:00:00";"RJ";101;"224";"SILVA JARDIM";"Ausência de reação do condutor";"Saída de leito carroçável";"Com Vítimas Feridas";"Plena Noite";"Crescente";"Céu Claro";"Dupla";"Reta";"Não";1;0;1;0;0;0;1;1;-22,53147198;-42,34340586;"SR-RJ";"UOP03";"DEL02"
341018;2021-02-16;"terça";"07:14:00";"SC";101;"205";"SAO JOSE";"Condutor deixou de manter distância do veículo da frente";"Colisão traseira";"Com Vítimas Feridas";"Pleno dia";"Decrescente";"Céu Claro";"Múltipla";"Reta";"Sim";2;0;1;0;0;1;1;2;-27,58313237;-48,61532885;"SR-SC";"UOP01";"DEL01"
341019;2021-02-16;"terça";"04:00:00";"PR";277;"71.5";"SAO JOSE DOS PINHAIS";"Velocidade Incompatível";"Saída de leito carroçável";"Com Vítimas Feridas";"Plena Noite";"Crescente";"Nublado";"Dupla";"Reta";"Sim";1;0;1;0;0;0;1;1;-25,507594;-49,136625;"SR-PR";"UOP01";"DEL01"
341020;2021-02-16;"terça";"06:35:00";"RS";116;"267";"CANOAS";"Ingestão de álcool pelo condutor";"Saída de leito carroçável";"Sem Vítimas";"Pleno dia";"Decrescente";"Céu Claro";"Múltipla";"Reta";"Sim";1;0;0;0;1;0;0;1;-29,94142398;-51,17697062;"SR-RS";"UOP01";"DEL01"
341021;2021-02-16;"terça";"07:20:00";"SC";101;"152.1";"ITAPEMA";"Condutor deixou de manter distância do veículo da frente";"Colisão lateral mesmo sentido";"Com Vítimas Feridas";"Pleno dia";"Decrescente";"Céu Claro";"Dupla";"Reta";"Sim";2;0;1;0;0;1;1;2;-27,13563503;-48,61004665;"SR-SC";"UOP03";"DEL04"
341022;2021-02-16;"terça";"07:30:00";"SE";101;"93";"NOSSA SENHORA DO SOCORRO";"Condutor deixou de manter distância do veículo da frente";"Colisão lateral";"Com Vítimas Feridas";"Pleno dia";"Decrescente";"Sol";"Dupla";"Curva";"Sim";3;0;2;0;1;0;2;2;-10,90120275;-37,14293003;"SR-SE";"UOP01";"DEL01"
341023;2021-02-15;"segunda";"21:45:00";"PB";230;"236.8";"JUAZEIRINHO";"Pedestre andava na pista";"Atropelamento de Pedestre";"Com Vítimas Fatais";"Plena Noite";"Decrescente";"Céu Claro";"Simples";"Reta";"Não";2;1;0;0;0;1;0;1;-7,0495;-36,5348;"SR-PB";"UOP02";"DEL02"
341024;2021-02-16;"terça";"06:30:00";"SC";116;"192";"SAO CRISTOVAO DO SUL";"Demais falhas mecânicas ou elétricas";"Tombamento";"Sem Vítimas";"Pleno dia";"Decrescente";"Sol";"Simples";"Reta";"Não";1;0;0;0;1;0;0;1;-27,36303564;-50,43355252;"SR-SC";"UOP03";"DEL05"
341025;2021-02-16;"terça";"07:45:00";"ES";101;"270.6";"SERRA";"Condutor desrespeitou a iluminação vermelha do semáforo";"Colisão transversal";"Com Vítimas Feridas";"Pleno dia";"Crescente";"Céu Claro";"Múltipla";"Reta";"Sim";2;0;2;0;0;0;2;2;-20,22662056;-40,27075088;"SR-ES";"UOP01";"DEL02"
341026;2021-01-11;"segunda";"18:15:00";"PA";163;"1004";"SANTAREM";"Ingestão de álcool pelo condutor";"Engavetamento";"Sem Vítimas";"Anoitecer";"Crescente";"Ignorado";"Dupla";"Reta";"Sim";3;0;0;0;3;0;0;3;-2,43824523;-54,73276577;"SR-PA";"UOP01";"DEL05"
341028;2021-02-16;"terça";"08:30:00";"SP";153;"42";"ONDA VERDE";"Ausência de reação do condutor";"Tombamento";"Com Vítimas Feridas";"Pleno dia";"Crescente";"Céu Claro";"Simples";"Reta";"Não";1;0;1;0;0;0;1;1;-20,63725202;-49,33843793;"SR-SP";"UOP01";"DEL09"
341029;2021-02-16;"terça";"06:40:00";"MT";163;"674";"LUCAS DO RIO VERDE";"Problema com o freio";"Colisão traseira";"Com Vítimas Feridas";"Pleno dia";"Crescente";"Chuva";"Simples";"Desvio Temporário";"Não";3;0;1;0;2;0;1;3;-13,29032613;-56,03348571;"SR-MT";"UOP01";"DEL06"
341030;2021-02-16;"terça";"06:45:00";"SP";381;"75.5";"SAO PAULO";"Ausência de reação do condutor";"Capotamento";"Com Vítimas Feridas";"Pleno dia";"Decrescente";"Céu Claro";"Dupla";"Não Informado";"Não";1;0;1;0;0;0;1;1;-23,37660089;-46,56409613;"SR-SP";"UOP01";"DEL03"
341032;2021-02-16;"terça";"08:04:00";"SC";101;"42";"JOINVILLE";"Reação tardia ou ineficiente do condutor";"Colisão traseira";"Com Vítimas Feridas";"Pleno dia";"Decrescente";"Céu Claro";"Dupla";"Não Informado";"Não";3;0;1;0;2;0;1;2;-26,29251598;-48,88474385;"SR-SC";"UOP01";"DEL03"
341033;2021-02-16;"terça";"08:00:00";"RS";290;"109.9";"ELDORADO DO SUL";"Reação tardia ou ineficiente do condutor";"Colisão lateral mesmo sentido";"Sem Vítimas";"Pleno dia";"Crescente";"Nublado";"Dupla";"Reta";"Sim";2;0;0;0;2;0;0;2;-30,015047;-51,317017;"SR-RS";"UOP01";"DEL02"
341034;2021-02-16;"terça";"06:50:00";"MG";365;"99.5";"JEQUITAI";"Acumulo de água sobre o pavimento";"Saída de leito carroçável";"Com Vítimas Fatais";"Pleno dia";"Crescente";"Chuva";"Simples";"Reta";"Não";2;1;0;1;0;0;1;1;-17,22649424;-44,5163489;"SR-MG";"UOP01";"DEL12"
341035;2021-02-16;"terça";"07:30:00";"MG";381;"332";"NOVA ERA";"Velocidade Incompatível";"Saída de leito carroçável";"Com Vítimas Feridas";"Pleno dia";"Crescente";"Céu Claro";"Dupla";"Reta";"Não";2;0;2;0;0;0;2;1;-19,79994695;-43,05451587;"SR-MG";"UOP01";"DEL03"
341036;2021-01-11;"segunda";"14:35:00";"SC";101;"216";"PALHOCA";"Manobra de mudança de faixa";"Queda de ocupante de veículo";"Com Vítimas Feridas";"Pleno dia";"Decrescente";"Céu Claro";"Múltipla";"Reta";"Sim";3;0;1;1;1;0;2;2;-27,66608701;-48,67451236;"SR-SC";"UOP02";"DEL01"
341037;2021-02-16;"terça";"08:40:00";"DF";60;"3";"BRASILIA";"Ingestão de álcool pelo condutor";"Saída de leito carroçável";"Sem Vítimas";"Pleno dia";"Decrescente";"Garoa/Chuvisco";"Dupla";"Reta";"Sim";1;0;0;0;1;0;0;1;-15,890521;-48,086864;"SR-DF";"UOP02";"DEL01"
341038;2021-02-10;"quarta";"09:30:00";"CE";20;"405";"CAUCAIA";"Conversão proibida";"Colisão lateral";"Com Vítimas Feridas";"Pleno dia";"Crescente";"Céu Claro";"Simples";"Reta";"Não";2;0;1;0;1;0;1;2;-3,7740804;-38,6780848;"SR-CE";"UOP01";"DEL01"