"id";"data_inversa";"dia_semana";"horario";"uf";"br";"km";"municipio";"causa_acidente";"tipo_acidente";"classificacao_acidente";"fase_dia";"sentido_via";"condicao_metereologica";"tipo_pista";"tracado_via";"uso_solo";"pessoas";"mortos";"feridos_leves";"feridos_graves";"ilesos";"ignorados";"feridos";"veiculos";"latitude";"longitude";"regional";"delegacia";"uop"
341039;2021-02-16;"terça";"07:40:00";"RO";364;"63";"PORTO VELHO";"Condutor deixou de manter distância do veículo da frente";"Colisão traseira";"Com Vítimas Feridas";"Pleno dia";"Crescente";"Céu Claro";"Dupla";"Reta";"Sim";2;0;1;0;0;1;1;2;-8,75678822;-63,88622761;"SR-RO";"UOP01";"DEL04"
341040;2021-02-16;"terça";"07:50:00";"MT";364;"269.1";"JACIARA";"Acessar a via sem observar a presença dos outros veículos";"Colisão transversal";"Com Vítimas Feridas";"Pleno dia";"Decrescente";"Sol";"Dupla";"Reta";"Não";2;0;1;0;1;0;1;2;-15,974228;-54,938;"SR-MT";"UOP01";"DEL02"
341041;2021-02-16;"terça";"08:20:00";"BA";116;"345.9";"SERRINHA";"Ultrapassagem Indevida";"Colisão traseira";"Com Vítimas Feridas";"Pleno dia";"Crescente";"Céu Claro";"Simples";"Reta";"Sim";4;0;2;0;2;0;2;3;-11,55614617;-38,98973366;"SR-BA";"UOP01";"DEL02"
341042;2021-02-16;"terça";"09:00:00";"MG";116;"638";"DIVINO";"Afundamento ou ondulação no pavimento";"Saída de leito carroçável";"Com Vítimas Feridas";"Pleno dia";"Crescente";"Céu Claro";"Simples";"Reta";"Não";2;0;1;0;1;0;1;1;-20,63760369;-42,23590851;"SR-MG";"UOP03";"DEL07"
341043;2021-02-16;"terça";"09:45:00";"MG";381;"484.1";"BETIM";"Demais falhas na via";"Tombamento";"Com Vítimas Feridas";"Pleno dia";"Decrescente";"Nublado";"Dupla";"Não Informado";"Sim";1;0;1;0;0;0;1;1;-19,95531717;-44,11722196;"SR-MG";"UOP03";"DEL01"
341044;2021-02-16;"terça";"09:30:00";"PR";277;"649.5";"MATELANDIA";"Reação tardia ou ineficiente do condutor";"Saída de leito carroçável";"Com Vítimas Feridas";"Pleno dia";"Crescente";"Céu Claro";"Simples";"Reta";"Não";2;0;2;0;0;0;2;1;-25,18405201;-53,93053899;"SR-PR";"UOP02";"DEL05"
341045;2021-02-16;"terça";"10:00:00";"RS";293;"12";"CAPAO DO LEAO";"Animais na Pista";"Colisão traseira";"Com Vítimas Feridas";"Pleno dia";"Decrescente";"Céu Claro";"Simples";"Reta";"Sim";2;0;1;0;1;0;1;2;-31,75636452;-52,44078991;"SR-RS";"UOP01";"DEL07"
341046;2021-02-16;"terça";"08:10:00";"MA";10;"248.9";"IMPERATRIZ";"Acumulo de areia ou detritos sobre o pavimento";"Tombamento";"Com Vítimas Feridas";"Pleno dia";"Crescente";"Nublado";"Simples";"Reta";"Sim";1;0;1;0;0;0;1;1;-5,566143;-47,449028;"SR-MA";"UOP01";"DEL04"
341047;2021-02-16;"terça";"08:50:00";"PB";104;"115.8";"LAGOA SECA";"Ausência de reação do condutor";"Saída de leito carroçável";"Com Vítimas Feridas";"Pleno dia";"Decrescente";"Céu Claro";"Simples";"Curva";"Sim";1;0;1;0;0;0;1;1;-7,172018;-35,85983397;"SR-PB";"UOP04";"DEL02"
341049;2021-02-16;"terça";"09:30:00";"MG";40;"515";"RIBEIRAO DAS NEVES";"Avarias e/ou desgaste excessivo no pneu";"Saída de leito carroçável";"Sem Vítimas";"Pleno dia";"Decrescente";"Nublado";"Dupla";"Não Informado";"Sim";1;0;0;0;0;1;0;1;-19,8090079;-44,09493479;"SR-MG";"UOP02";"DEL01"
341050;2021-02-16;"terça";"10:40:00";"PR";277;"106";"CAMPO LARGO";"Objeto estático sobre o leito carroçável";"Engavetamento";"Sem Vítimas";"Pleno dia";"Decrescente";"Céu Claro";"Dupla";"Não Informado";"Não";4;0;0;0;2;2;0;3;-25,47984808;-49,3494472;"SR-PR";"UOP01";"DEL01"
341051;2021-02-16;"terça";"11:05:00";"GO";153;"665";"GOIATUBA";"Condutor Dormindo";"Colisão lateral mesmo sentido";"Com Vítimas Feridas";"Pleno dia";"Decrescente";"Céu Claro";"Dupla";"Reta";"Não";2;0;1;0;1;0;1;2;-18,0987;-49,2738;"SR-GO";"UOP02";"DEL03"
341053;2021-02-16;"terça";"11:20:00";"SP";116;"298";"ITAPECERICA DA SERRA";"Manobra de mudança de faixa";"Colisão lateral mesmo sentido";"Com Vítimas Feridas";"Pleno dia";"Decrescente";"Céu Claro";"Dupla";"Reta";"Não";6;0;1;0;5;0;1;2;-23,790858;-46,91450298;"SR-SP";"UOP01";"DEL04"
341054;2021-02-16;"terça";"10:50:00";"SC";470;"50.8";"BLUMENAU";"Condutor deixou de manter distância do veículo da frente";"Colisão traseira";"Com Vítimas Feridas";"Pleno dia";"Decrescente";"Céu Claro";"Múltipla";"Não Informado";"Sim";2;0;1;0;1;0;1;2;-26,86230437;-49,08200026;"SR-SC";"UOP01";"DEL04"
341055;2021-02-16;"terça";"12:05:00";"SC";101;"251.8";"PAULO LOPES";"Demais falhas mecânicas ou elétricas";"Incêndio";"Sem Vítimas";"Pleno dia";"Crescente";"Céu Claro";"Múltipla";"Reta";"Sim";2;0;0;0;2;0;0;1;-27,94186028;-48,66644267;"SR-SC";"UOP03";"DEL02"
341056;2021-02-16;"terça";"12:20:00";"GO";40;"91";"CRISTALINA";"Condutor Dormindo";"Colisão traseira";"Com Vítimas Feridas";"Pleno dia";"Crescente";"Céu Claro";"Dupla";"Reta";"Não";2;0;1;0;1;0;1;2;-16,72736;-47,634957;"SR-DF";"UOP04";"DEL01"
341057;2021-02-16;"terça";"12:50:00";"PE";101;"95.3";"CABO DE SANTO AGOSTINHO";"Velocidade Incompatível";"Saída de leito carroçável";"Com Vítimas Feridas";"Pleno dia";"Decrescente";"Céu Claro";"Dupla";"Reta";"Não";2;0;2;0;0;0;2;1;-8,25099;-35,01426;"SR-PE";"UOP03";"DEL01"
341059;2021-02-16;"terça";"11:30:00";"MT";163;"90.2";"RONDONOPOLIS";"Chuva";"Capotamento";"Com Vítimas Feridas";"Pleno dia";"Decrescente";"Chuva";"Dupla";"Curva";"Não";3;0;1;0;2;0;1;1;-16,74053802;-54,64595296;"SR-MT";"UOP01";"DEL02"
341060;2021-02-16;"terça";"13:20:00";"PI";343;"434";"LAGOINHA DO PIAUI";"Acessar a via sem observar a presença dos outros veículos";"Colisão transversal";"Com Vítimas Fatais";"Pleno dia";"Crescente";"Chuva";"Simples";"Reta";"Não";3;1;0;1;1;0;1;2;-5,802182;-42,62067;"SR-PI";"UOP02";"DEL01"
341061;2021-02-16;"terça";"13:00:00";"RJ";101;"426";"MANGARATIBA";"Acessar a via sem observar a presença dos outros veículos";"Colisão transversal";"Com Vítimas Feridas";"Pleno dia";"Decrescente";"Céu Claro";"Simples";"Rotatória";"Não";4;0;0;2;2;0;2;2;-22,92769078;-43,97265811;"SR-RJ";"UOP01";"DEL03"
341062;2021-02-16;"terça";"13:30:00";"ES";262;"1";"CARIACICA";"Manobra de mudança de faixa";"Colisão lateral";"Com Vítimas Feridas";"Pleno dia";"Decrescente";"Céu Claro";"Dupla";"Ponte";"Não";3;0;1;1;1;0;2;2;-20,32955204;-40,35492602;"SR-ES";"UOP01";"DEL01"
341063;2021-02-16;"terça";"13:30:00";"SP";116;"280";"EMBU DAS ARTES";"Manobra de mudança de faixa";"Colisão lateral mesmo sentido";"Com Vítimas Feridas";"Pleno dia";"Decrescente";"Sol";"Dupla";"Não Informado";"Não";2;0;1;0;1;0;1;2;-23,66996108;-46,85590758;"SR-SP";"UOP01";"DEL04"
341065;2021-02-16;"terça";"14:00:00";"RJ";101;"282";"ITABORAI";"Curva acentuada";"Colisão com objeto";"Com Vítimas Fatais";"Pleno dia";"Decrescente";"Céu Claro";"Dupla";"Desvio Temporário";"Não";1;1;0;0;0;0;0;1;-22,7371391;-42,79664601;"SR-RJ";"UOP03";"DEL02"
341066;2021-02-16;"terça";"14:00:00";"SC";101;"189";"BIGUACU";"Reação tardia ou ineficiente do condutor";"Saída de leito carroçável";"Sem Vítimas";"Pleno dia";"Decrescente";"Nublado";"Múltipla";"Curva";"Sim";2;0;0;0;2;0;0;2;-27,459393;-48,638914;"SR-SC";"UOP01";"DEL01"
341067;2021-02-16;"terça";"13:55:00";"GO";60;"126.5";"GOIANAPOLIS";"Obras na pista";"Eventos atípicos";"Com Vítimas Feridas";"Pleno dia";"Decrescente";"Sol";"Dupla";"Curva";"Não";3;0;2;0;1;0;2;2;-16,5324;-49,1473;"SR-GO";"UOP01";"DEL01"
341068;2021-02-16;"terça";"13:20:00";"MT";364;"194";"RONDONOPOLIS";"Transitar na contramão";"Colisão lateral";"Com Vítimas Feridas";"Pleno dia";"Decrescente";"Nublado";"Simples";"Reta";"Não";2;0;1;0;1;0;1;2;-16,52647302;-54,59191501;"SR-MT";"UOP01";"DEL02"
341069;2021-02-16;"terça";"12:30:00";"CE";20;"337.8";"CARIDADE";"Velocidade Incompatível";"Saída de leito carroçável";"Com Vítimas Feridas";"Pleno dia";"Decrescente";"Chuva";"Simples";"Curva";"Não";1;0;1;0;0;0;1;1;-4,15564756;-39,13797913;"SR-CE";"UOP01";"DEL02"
341070;2021-02-16;"terça";"13:20:00";"MG";381;"660.4";"SANTO ANTONIO DO AMPARO";"Demais falhas mecânicas ou elétricas";"Incêndio";"Sem Vítimas";"Pleno dia";"Crescente";"Céu Claro";"Dupla";"Não Informado";"Não";1;0;0;0;1;0;0;1;-21,010711;-44,983413;"SR-MG";"UOP02";"DEL04"
341071;2021-02-16;"terça";"09:00:00";"PB";104;"130.8";"CAMPINA GRANDE";"Ausência de reação do condutor";"Colisão traseira";"Com Vítimas Feridas";"Pleno dia";"Decrescente";"Céu Claro";"Simples";"Reta";"Sim";2;0;0;1;0;1;1;2;-7,29900408;-35,89187256;"SR-PB";"UOP03";"DEL02"
341072;2021-02-16;"terça";"14:30:00";"PR";476;"180";"CONTENDA";"Velocidade Incompatível";"Tombamento";"Com Vítimas Feridas";"Pleno dia";"Crescente";"Céu Claro";"Simples";"Reta";"Não";3;0;1;2;0;0;3;1;-25,706665;-49,591278;"SR-PR";"UOP03";"DEL01"
341073;2021-02-16;"terça";"12:10:00";"MG";153;"150";"COMENDADOR GOMES";"Avarias e/ou desgaste excessivo no pneu";"Saída de leito carroçável";"Com Vítimas Feridas";"Pleno dia";"Crescente";"Nublado";"Simples";"Curva";"Não";1;0;1;0;0;0;1;1;-19,6373804;-48,87226618;"SR-MG";"UOP02";"DEL13"
341074;2021-02-16;"terça";"14:50:00";"SC";101;"41";"JOINVILLE";"Reação tardia ou ineficiente do condutor";"Colisão transversal";"Com Vítimas Feridas";"Pleno dia";"Decrescente";"Céu Claro";"Dupla";"Rotatória";"Sim";2;0;1;0;1;0;1;2;-26,31884433;-48,87126446;"SR-SC";"UOP01";"DEL03"
341076;2021-02-16;"terça";"14:30:00";"PR";369;"372";"CAMPO MOURAO";"Acumulo de água sobre o pavimento";"Saída de leito carroçável";"Com Vítimas Feridas";"Pleno dia";"Decrescente";"Chuva";"Simples";"Curva";"Não";2;0;1;0;1;0;1;1;-24,1556;-52,4658;"SR-PR";"UOP03";"DEL09"
341077;2021-02-16;"terça";"10:30:00";"GO";364;"152.3";"JATAI";"Animais na Pista";"Saída de leito carroçável";"Com Vítimas Feridas";"Pleno dia";"Crescente";"Céu Claro";"Simples";"Desvio Temporário";"Não";1;0;1;0;0;0;1;1;-18,151361;-51,44133;"SR-GO";"UOP01";"DEL05"
341078;2021-02-16;"terça";"14:30:00";"BA";324;"520";"FEIRA DE SANTANA";"Avarias e/ou desgaste excessivo no pneu";"Queda de ocupante de veículo";"Com Vítimas Feridas";"Pleno dia";"Crescente";"Céu Claro";"Dupla";"Reta";"Não";2;0;2;0;0;0;2;1;-12,286329;-38,917032;"SR-BA";"UOP03";"DEL01"
341079;2021-02-16;"terça";"14:26:00";"PE";428;"173.3";"PETROLINA";"Manobra de mudança de faixa";"Saída de leito carroçável";"Sem Vítimas";"Pleno dia";"Crescente";"Chuva";"Simples";"Reta";"Não";1;0;0;0;1;0;0;1;-9,25846;-40,42842;"SR-PE";"UOP01";"DEL06"
341080;2021-02-16;"terça";"15:00:00";"MG";381;"480";"CONTAGEM";"Reação tardia ou ineficiente do condutor";"Colisão com objeto";"Sem Vítimas";"Pleno dia";"Decrescente";"Céu Claro";"Simples";"Reta";"Sim";1;0;0;0;1;0;0;1;-19,95749597;-44,07899901;"SR-MG";"UOP03";"DEL01"
341081;2021-02-16;"terça";"14:30:00";"MG";40;"661";"CARANDAI";"Velocidade Incompatível";"Colisão frontal";"Com Vítimas Feridas";"Pleno dia";"Crescente";"Nublado";"Simples";"Curva";"Não";2;0;0;1;1;0;1;2;-20,90511396;-43,82787922;"SR-MG";"UOP02";"DEL05"
341082;2021-02-16;"terça";"15:20:00";"MG";381;"480";"CONTAGEM";"Ausência de reação do condutor";"Tombamento";"Com Vítimas Feridas";"Pleno dia";"Decrescente";"Céu Claro";"Dupla";"Reta";"Sim";1;0;1;0;0;0;1;1;-19,95749597;-44,07899901;"SR-MG";"UOP03";"DEL01"
341083;2021-02-16;"terça";"15:30:00";"SP";116;"287";"ITAPECERICA DA SERRA";"Pista Escorregadia";"Tombamento";"Com Vítimas Feridas";"Pleno dia";"Crescente";"Nublado";"Simples";"Rotatória";"Não";1;0;1;0;0;0;1;1;-23,71441779;-46,87929634;"SR-SP";"UOP01";"DEL04"
341084;2021-02-16;"terça";"14:30:00";"MT";163;"101.4";"RONDONOPOLIS";"Acumulo de água sobre o pavimento";"Capotamento";"Com Vítimas Feridas";"Pleno dia";"Crescente";"Chuva";"Dupla";"Reta";"Não";2;0;2;0;0;0;2;1;-16,65297112;-54,68569822;"SR-MT";"UOP01";"DEL02"
341085;2021-02-16;"terça";"14:30:00";"RJ";40;"106";"DUQUE DE CAXIAS";"Condutor deixou de manter distância do veículo da frente";"Colisão lateral";"Com Vítimas Feridas";"Pleno dia";"Decrescente";"Céu Claro";"Dupla";"Reta";"Sim";2;0;1;0;1;0;1;2;-22,64679;-43,283726;"SR-RJ";"UOP01";"DEL01"
341086;2021-02-16;"terça";"14:30:00";"PE";232;"78.2";"GRAVATA";"Acessar a via sem observar a presença dos outros veículos";"Colisão frontal";"Com Vítimas Feridas";"Pleno dia";"Decrescente";"Céu Claro";"Múltipla";"Reta";"Sim";2;0;1;0;1;0;1;2;-8,194052;-35,553985;"SR-PE";"UOP04";"DEL01"
341088;2021-02-16;"terça";"16:20:00";"BA";116;"418";"FEIRA DE SANTANA";"Manobra de mudança de faixa";"Colisão lateral";"Sem Vítimas";"Pleno dia";"Crescente";"Céu Claro";"Simples";"Reta";"Sim";2;0;0;0;2;0;0;2;-12,19774076;-38,9654261;"SR-BA";"UOP01";"DEL02"
341089;2021-02-16;"terça";"16:25:00";"SC";101;"357.8";"SANGAO";"Condutor Dormindo";"Saída de leito carroçável";"Com Vítimas Feridas";"Pleno dia";"Decrescente";"Garoa/Chuvisco";"Dupla";"Reta";"Não";2;0;2;0;0;0;2;1;-28,635168;-49,09467;"SR-SC";"UOP01";"DEL02"
341090;2021-02-16;"terça";"16:20:00";"RN";405;"46";"APODI";"Obras na pista";"Saída de leito carroçável";"Com Vítimas Feridas";"Pleno dia";"Crescente";"Garoa/Chuvisco";"Simples";"Reta";"Não";5;0;3;1;1;0;4;1;-5,43064602;-37,65390597;"SR-RN";"UOP02";"DEL04"
341091;2021-02-16;"terça";"15:15:00";"MG";381;"616.9";"OLIVEIRA";"Velocidade Incompatível";"Tombamento";"Sem Vítimas";"Pleno dia";"Decrescente";"Céu Claro";"Simples";"Curva";"Não";1;0;0;0;0;1;0;1;-20,75304819;-44,77475634;"SR-MG";"UOP01";"DEL04"
341092;2021-02-16;"terça";"15:57:00";"PR";373;"183";"PONTA GROSSA";"Desrespeitar a preferência no cruzamento";"Colisão transversal";"Com Vítimas Feridas";"Pleno dia";"Decrescente";"Sol";"Dupla";"Não Informado";"Não";3;0;2;1;0;0;3;2;-25,039466;-50,27819;"SR-PR";"UAP01";"DEL03"
341093;2021-02-16;"terça";"16:45:00";"ES";101;"262.5";"SERRA";"Velocidade Incompatível";"Colisão lateral mesmo sentido";"Com Vítimas Feridas";"Pleno dia";"Decrescente";"Garoa/Chuvisco";"Dupla";"Reta";"Sim";8;0;1;1;4;2;2;4;-20,1605755;-40,2756024;"SR-ES";"UOP01";"DEL02"
341094;2021-02-16;"terça";"16:30:00";"PB";101;"86";"BAYEUX";"Reação tardia ou ineficiente do condutor";"Colisão com objeto";"Sem Vítimas";"Pleno dia";"Decrescente";"Nublado";"Dupla";"Viaduto";"Sim";1;0;0;0;0;1;0;1;-7,14994451;-34,91172021;"SR-PB";"UOP01";"DEL01"
341095;2021-02-16;"terça";"14:30:00";"MT";364;"605.5";"DIAMANTINO";"Velocidade Incompatível";"Tombamento";"Sem Vítimas";"Pleno dia";"Decrescente";"Nublado";"Simples";"Curva";"Não";2;0;0;0;2;0;0;2;-14,47258811;-56,2427432;"SR-MT";"UOP01";"DEL01"
341096;2021-02-16;"terça";"16:50:00";"BA";116;"16.1";"VITORIA DA CONQUISTA";"Manobra de mudança de faixa";"Colisão lateral";"Com Vítimas Feridas";"Pleno dia";"Decrescente";"Nublado";"Simples";"Curva";"Sim";2;0;0;1;1;0;1;2;-14,90225962;-40,84909916;"SR-BA";"UOP01";"DEL08"
341097;2021-02-16;"terça";"16:00:00";"PE";232;"99.5";"BEZERROS";"Manobra de mudança de faixa";"Saída de leito carroçável";"Com Vítimas Feridas";"Pleno dia";"Decrescente";"Nublado";"Simples";"Reta";"Sim";1;0;1;0;0;0;1;1;-8,237717;-35,73892;"SR-PE";"UOP04";"DEL01"
341098;2021-02-16;"terça";"17:30:00";"GO";153;"493";"GOIANIA";"Transitar na contramão";"Colisão traseira";"Sem Vítimas";"Pleno dia";"Crescente";"Céu Claro";"Dupla";"Desvio Temporário";"Sim";2;0;0;0;2;0;0;2;-16,6537;-49,2172;"SR-GO";"UOP01";"DEL01"
341099;2021-02-16;"terça";"15:50:00";"RJ";101;"391";"ITAGUAI";"Demais falhas mecânicas ou elétricas";"Incêndio";"Sem Vítimas";"Pleno dia";"Crescente";"Céu Claro";"Dupla";"Reta";"Não";1;0;0;0;1;0;0;1;-22,894827;-43,68492;"SR-RJ";"UOP04";"DEL01"
341100;2021-02-16;"terça";"17:20:00";"SP";116;"101.5";"PINDAMONHANGABA";"Condutor deixou de manter distância do veículo da frente";"Engavetamento";"Com Vítimas Feridas";"Pleno dia";"Decrescente";"Céu Claro";"Múltipla";"Não Informado";"Não";4;0;1;0;3;0;1;4;-22,99074204;-45,48115098;"SR-SP";"UOP01";"DEL08"
341101;2021-02-16;"terça";"17:20:00";"SC";116;"3";"MAFRA";"Condutor Dormindo";"Saída de leito carroçável";"Com Vítimas Feridas";"Pleno dia";"Crescente";"Céu Claro";"Simples";"Reta";"Não";2;0;1;0;1;0;1;2;-26,13073161;-49,79922442;"SR-SC";"UOP01";"DEL06"
341102;2021-02-16;"terça";"17:50:00";"PE";101;"43.8";"IGARASSU";"Condutor deixou de manter distância do veículo da frente";"Colisão traseira";"Com Vítimas Feridas";"Anoitecer";"Crescente";"Vento";"Múltipla";"Reta";"Sim";3;0;1;0;2;0;1;2;-7,84753808;-34,90977038;"SR-PE";"UOP02";"DEL01"
341103;2021-02-12;"sexta";"11:15:00";"SC";282;"49";"AGUAS MORNAS";"Condutor Dormindo";"Capotamento";"Com Vítimas Feridas";"Pleno dia";"Decrescente";"Chuva";"Simples";"Desvio Temporário";"Não";2;0;1;0;1;0;1;2;-27,712931;-48,943741;"SR-SC";"UOP03";"DEL01"
341104;2021-02-16;"terça";"17:55:00";"RS";290;"19.3";"SANTO ANTONIO DA PATRULHA";"Reação tardia ou ineficiente do condutor";"Colisão lateral mesmo sentido";"Com Vítimas Feridas";"Pleno dia";"Crescente";"Céu Claro";"Múltipla";"Reta";"Não";6;0;2;0;4;0;2;2;-29,886535;-50,451436;"SR-RS";"UOP01";"DEL03"
341105;2021-02-16;"terça";"17:00:00";"BA";418;"57";"CARAVELAS";"Condutor deixou de manter distância do veículo da frente";"Colisão traseira";"Com Vítimas Feridas";"Anoitecer";"Crescente";"Céu Claro";"Simples";"Reta";"Não";4;0;3;0;0;1;3;2;-17,76479675;-39,59539638;"SR-BA";"UOP02";"DEL09"
341106;2021-02-16;"terça";"16:20:00";"MT";174;"4";"PONTES E LACERDA";"Acumulo de areia ou detritos sobre o pavimento";"Tombamento";"Com Vítimas Feridas";"Pleno dia";"Crescente";"Nublado";"Simples";"Reta";"Sim";1;0;1;0;0;0;1;1;-15;-59;"SR-MT";"UOP01";"DEL03"
341107;2021-02-16;"terça";"17:20:00";"GO";153;"503.1";"APARECIDA DE GOIANIA";"Ausência de sinalização";"Colisão lateral mesmo sentido";"Com Vítimas Feridas";"Anoitecer";"Crescente";"Nublado";"Dupla";"Curva";"Sim";3;0;0;1;2;0;1;3;-16,7366;-49,243;"SR-GO";"UOP01";"DEL01"
341108;2021-02-16;"terça";"12:30:00";"GO";153;"20.7";"PORANGATU";"Condutor Dormindo";"Saída de leito carroçável";"Com Vítimas Feridas";"Pleno dia";"Crescente";"Céu Claro";"Simples";"Reta";"Não";3;0;3;0;0;0;3;1;-13,003985;-49,158108;"SR-GO";"UOP01";"DEL07"
341109;2021-02-16;"terça";"17:08:00";"SC";470;"174.8";"POUSO REDONDO";"Acessar a via sem observar a presença dos outros veículos";"Colisão transversal";"Com Vítimas Feridas";"Pleno dia";"Crescente";"Sol";"Simples";"Interseção de vias";"Sim";3;0;1;0;2;0;1;2;-27,258179;-49,929146;"SR-SC";"UOP02";"DEL04"
341110;2021-02-16;"terça";"15:00:00";"GO";153;"58";"PORANGATU";"Reação tardia ou ineficiente do condutor";"Engavetamento";"Com Vítimas Feridas";"Pleno dia";"Decrescente";"Sol";"Simples";"Não Informado";"Não";5;0;1;0;4;0;1;3;-13,319465;-49,118431;"SR-GO";"UOP01";"DEL07"
341112;2021-02-16;"terça";"18:15:00";"MG";50;"81.9";"UBERLANDIA";"Velocidade Incompatível";"Colisão traseira";"Com Vítimas Feridas";"Anoitecer";"Decrescente";"Céu Claro";"Dupla";"Não Informado";"Não";3;0;2;0;1;0;2;2;-18,98624946;-48,21199894;"SR-MG";"UOP01";"DEL15"
341113;2021-02-16;"terça";"18:29:00";"RN";304;"279.9";"MACAIBA";"Reação tardia ou ineficiente do condutor";"Tombamento";"Com Vítimas Feridas";"Plena Noite";"Crescente";"Nublado";"Simples";"Rotatória";"Não";1;0;1;0;0;0;1;1;-5,889381;-35,49145;"SR-RN";"UOP02";"DEL01"
341114;2021-02-16;"terça";"18:40:00";"PR";376;"357";"ORTIGUEIRA";"Reação tardia ou ineficiente do condutor";"Saída de leito carroçável";"Com Vítimas Feridas";"Pleno dia";"Crescente";"Céu Claro";"Simples";"Curva";"Não";1;0;1;0;0;0;1;1;-24,29316601;-50,87585101;"SR-PR";"UAP01";"DEL07"
341115;2021-02-16;"terça";"18:55:00";"CE";116;"20";"EUSEBIO";"Acesso irregular";"Atropelamento de Pedestre";"Com Vítimas Feridas";"Plena Noite";"Decrescente";"Nublado";"Dupla";"Reta";"Sim";2;0;1;0;0;1;1;1;-3,92277497;-38,50762327;"SR-CE";"UOP02";"DEL01"
341116;2021-02-16;"terça";"17:00:00";"MS";376;"11.9";"DOURADOS";"Avarias e/ou desgaste excessivo no pneu";"Saída de leito carroçável";"Com Vítimas Feridas";"Anoitecer";"Crescente";"Céu Claro";"Simples";"Reta";"Não";2;0;1;1;0;0;2;1;-22,26978204;-54,62598605;"SR-MS";"UOP04";"DEL04"
341117;2021-02-16;"terça";"18:20:00";"SP";116;"272.7";"TABOAO DA SERRA";"Manobra de mudança de faixa";"Colisão lateral mesmo sentido";"Com Vítimas Feridas";"Anoitecer";"Crescente";"Nublado";"Dupla";"Reta";"Sim";3;0;1;0;1;1;1;3;-23,621691;-46,813288;"SR-SP";"UOP01";"DEL04"
341119;2021-02-16;"terça";"17:50:00";"DF";80;"12.8";"BRASILIA";"Ingestão de álcool pelo condutor";"Colisão traseira";"Sem Vítimas";"Anoitecer";"Crescente";"Nublado";"Simples";"Curva";"Sim";2;0;0;0;2;0;0;2;-15,729063;-48,193009;"SR-DF";"UOP03";"DEL01"
341120;2021-02-16;"terça";"18:40:00";"PI";343;"1";"TERESINA";"Desrespeitar a preferência no cruzamento";"Colisão transversal";"Com Vítimas Feridas";"Plena Noite";"Decrescente";"Chuva";"Dupla";"Reta";"Sim";2;0;1;0;1;0;1;2;-5,089569;-42,802288;"SR-PI";"UOP01";"DEL01"
341122;2021-02-16;"terça";"16:40:00";"MG";40;"619.6";"CONGONHAS";"Ingestão de álcool pelo condutor";"Colisão frontal";"Com Vítimas Feridas";"Pleno dia";"Crescente";"Chuva";"Simples";"Curva";"Não";5;0;0;3;1;1;3;3;-20,57831942;-43,80880063;"SR-MG";"UOP02";"DEL05"
341124;2021-02-16;"terça";"19:30:00";"GO";153;"508";"APARECIDA DE GOIANIA";"Ingestão de álcool pelo condutor";"Queda de ocupante de veículo";"Com Vítimas Feridas";"Plena Noite";"Crescente";"Nublado";"Dupla";"Não Informado";"Sim";2;0;1;1;0;0;2;1;-16,7804;-49,2371;"SR-GO";"UOP03";"DEL01"
341125;2021-02-16;"terça";"16:40:00";"PR";373;"389";"CANDOI";"Manobra de mudança de faixa";"Saída de leito carroçável";"Sem Vítimas";"Pleno dia";"Crescente";"Céu Claro";"Simples";"Reta";"Não";1;0;0;0;1;0;0;1;-25,51684399;-51,96266503;"SR-PR";"UOP01";"DEL08"
341126;2021-02-16;"terça";"18:00:00";"MG";267;"28.5";"ARGIRITA";"Falta de acostamento";"Saída de leito carroçável";"Com Vítimas Feridas";"Anoitecer";"Crescente";"Nublado";"Simples";"Curva";"Não";1;0;1;0;0;0;1;1;-21,62799078;-42,83040926;"SR-MG";"UOP01";"DEL07"
341128;2021-02-16;"terça";"20:10:00";"MG";381;"485";"BETIM";"Avarias e/ou desgaste excessivo no pneu";"Queda de ocupante de veículo";"Com Vítimas Feridas";"Plena Noite";"Crescente";"Céu Claro";"Dupla";"Reta";"Sim";2;0;1;0;1;0;1;1;-19,95659361;-44,12622893;"SR-MG";"UOP03";"DEL01"
341129;2021-02-16;"terça";"18:15:00";"PE";408;"49.2";"NAZARE DA MATA";"Acessar a via sem observar a presença dos outros veículos";"Colisão transversal";"Sem Vítimas";"Plena Noite";"Decrescente";"Céu Claro";"Simples";"Curva";"Não";2;0;0;0;1;1;0;2;-7,72110607;-35,2389439;"SR-PE";"UOP01";"DEL01"
341133;2021-02-16;"terça";"17:30:00";"GO";153;"628.3";"MORRINHOS";"Chuva";"Saída de leito carroçável";"Com Vítimas Feridas";"Pleno dia";"Decrescente";"Chuva";"Dupla";"Reta";"Não";2;0;1;0;1;0;1;1;-17,7843;-49,1865;"SR-GO";"UOP01";"DEL03"
341134;2021-02-16;"terça";"20:35:00";"GO";153;"703";"ITUMBIARA";"Deficiência do Sistema de Iluminação/Sinalização";"Capotamento";"Com Vítimas Feridas";"Plena Noite";"Decrescente";"Céu Claro";"Dupla";"Não Informado";"Sim";2;0;1;0;1;0;1;1;-18,411018;-49,195927;"SR-GO";"UOP02";"DEL03"
341135;2021-02-16;"terça";"12:00:00";"MG";365;"484";"PATROCINIO";"Reação tardia ou ineficiente do condutor";"Colisão lateral";"Com Vítimas Feridas";"Pleno dia";"Crescente";"Céu Claro";"Dupla";"Reta";"Não";2;0;0;1;1;0;1;2;-18,89723142;-47,10443306;"SR-MG";"UOP01";"DEL10"