"id";"data_inversa";"dia_semana";"horario";"uf";"br";"km";"municipio";"causa_acidente";"tipo_acidente";"classificacao_acidente";"fase_dia";"sentido_via";"condicao_metereologica";"tipo_pista";"tracado_via";"uso_solo";"pessoas";"mortos";"feridos_leves";"feridos_graves";"ilesos";"ignorados";"feridos";"veiculos";"latitude";"longitude";"regional";"delegacia";"uop"
341136;2021-02-16;"terça";"20:30:00";"RS";153;"41.4";"ERECHIM";"Desrespeitar a preferência no cruzamento";"Colisão transversal";"Com Vítimas Feridas";"Plena Noite";"Crescente";"Céu Claro";"Simples";"Reta";"Não";5;0;3;0;1;1;3;2;-27,59755702;-52,2349289;"SR-RS";"UOP04";"DEL08"
341137;2021-02-16;"terça";"19:00:00";"PA";316;"64";"CASTANHAL";"Demais falhas mecânicas ou elétricas";"Colisão transversal";"Com Vítimas Feridas";"Plena Noite";"Crescente";"Nublado";"Dupla";"Reta";"Sim";5;0;3;0;2;0;3;2;-1,29629557;-47,91983997;"SR-PA";"UOP01";"DEL01"
341139;2021-02-16;"terça";"15:49:00";"MG";381;"864.5";"POUSO ALEGRE";"Velocidade Incompatível";"Colisão traseira";"Com Vítimas Feridas";"Pleno dia";"Decrescente";"Céu Claro";"Dupla";"Reta";"Não";6;0;2;0;4;0;2;5;-22,38757269;-45,95265452;"SR-MG";"UOP01";"DEL16"
341140;2021-02-16;"terça";"19:09:00";"AM";230;"613";"HUMAITA";"Condutor deixou de manter distância do veículo da frente";"Colisão traseira";"Com Vítimas Feridas";"Plena Noite";"Crescente";"Céu Claro";"Simples";"Interseção de vias";"Sim";4;0;2;0;2;0;2;2;-7,52123527;-63,03625703;"SR-RO";"UOP03";"DEL01"
341141;2021-02-16;"terça";"20:20:00";"SC";470;"68.1";"INDAIAL";"Acesso irregular";"Colisão transversal";"Com Vítimas Feridas";"Plena Noite";"Crescente";"Céu Claro";"Simples";"Reta";"Não";3;0;0;2;1;0;2;2;-26,877615;-49,239231;"SR-SC";"UOP01";"DEL04"
341142;2021-02-16;"terça";"19:00:00";"PR";467;"93.5";"CASCAVEL";"Ingestão de álcool pelo condutor";"Saída de leito carroçável";"Com Vítimas Feridas";"Anoitecer";"Crescente";"Céu Claro";"Dupla";"Não Informado";"Não";1;0;1;0;0;0;1;1;-24,8599;-53,5868;"SR-PR";"UOP01";"DEL04"
341143;2021-02-16;"terça";"19:10:00";"MT";163;"546";"DIAMANTINO";"Chuva";"Saída de leito carroçável";"Com Vítimas Feridas";"Plena Noite";"Decrescente";"Chuva";"Simples";"Reta";"Não";2;0;1;0;1;0;1;1;-14,34231194;-56,14794124;"SR-MT";"UOP01";"DEL01"
341144;2021-02-16;"terça";"21:30:00";"SP";381;"76";"SAO PAULO";"Velocidade Incompatível";"Capotamento";"Com Vítimas Feridas";"Plena Noite";"Decrescente";"Céu Claro";"Dupla";"Curva";"Não";2;0;2;0;0;0;2;1;-23,38372401;-46,56502116;"SR-SP";"UOP01";"DEL03"
341145;2021-02-16;"terça";"18:00:00";"MG";116;"793";"ALEM PARAIBA";"Reação tardia ou ineficiente do condutor";"Colisão com objeto";"Com Vítimas Feridas";"Anoitecer";"Decrescente";"Nublado";"Simples";"Ponte";"Não";2;0;1;0;1;0;1;2;-21,70195806;-42,72965349;"SR-MG";"UOP01";"DEL07"
341147;2021-02-16;"terça";"19:45:00";"PI";20;"333.2";"SANTO ANTONIO DE LISBOA";"Animais na Pista";"Atropelamento de Animal";"Com Vítimas Feridas";"Plena Noite";"Crescente";"Nublado";"Simples";"Reta";"Não";5;0;4;1;0;0;5;1;-7,05602222;-41,23787169;"SR-PI";"UOP01";"DEL04"
341148;2021-02-16;"terça";"21:30:00";"ES";101;"335";"GUARAPARI";"Velocidade Incompatível";"Saída de leito carroçável";"Com Vítimas Feridas";"Plena Noite";"Crescente";"Nublado";"Dupla";"Curva";"Sim";1;0;0;1;0;0;1;1;-20,62718356;-40,52742029;"SR-ES";"UOP01";"DEL03"
341149;2021-02-16;"terça";"17:25:00";"MG";116;"557.2";"MANHUACU";"Velocidade Incompatível";"Capotamento";"Com Vítimas Feridas";"Pleno dia";"Crescente";"Nublado";"Simples";"Curva";"Não";1;0;1;0;0;0;1;1;-20,00948396;-42,1528244;"SR-MG";"UOP04";"DEL06"
341150;2021-02-16;"terça";"22:20:00";"DF";20;"11.5";"BRASILIA";"Acessar a via sem observar a presença dos outros veículos";"Colisão transversal";"Com Vítimas Feridas";"Plena Noite";"Decrescente";"Garoa/Chuvisco";"Dupla";"Reta";"Sim";5;0;1;0;4;0;1;2;-15,64654;-47,766422;"SR-DF";"UOP01";"DEL02"
341151;2021-02-16;"terça";"21:25:00";"MS";163;"148";"NAVIRAI";"Ingestão de álcool pelo condutor";"Saída de leito carroçável";"Com Vítimas Feridas";"Plena Noite";"Crescente";"Céu Claro";"Simples";"Reta";"Não";1;0;1;0;0;0;1;1;-22,97569122;-54,41510119;"SR-MS";"UOP01";"DEL09"
341152;2021-02-16;"terça";"20:00:00";"SC";282;"155.5";"BOM RETIRO";"Animais na Pista";"Atropelamento de Animal";"Sem Vítimas";"Plena Noite";"Decrescente";"Céu Claro";"Simples";"Reta";"Não";3;0;0;0;3;0;0;2;-27,739244;-49,734146;"SR-SC";"UOP01";"DEL05"
341153;2021-02-16;"terça";"22:45:00";"CE";116;"16";"ITAITINGA";"Iluminação deficiente";"Queda de ocupante de veículo";"Com Vítimas Feridas";"Plena Noite";"Crescente";"Chuva";"Dupla";"Reta";"Sim";1;0;1;0;0;0;1;1;-3,88732794;-38,50185439;"SR-CE";"UOP02";"DEL01"
341154;2021-02-16;"terça";"21:30:00";"PB";101;"29";"MAMANGUAPE";"Ingestão de álcool pelo condutor";"Colisão com objeto";"Com Vítimas Feridas";"Plena Noite";"Crescente";"Nublado";"Dupla";"Interseção de vias";"Não";2;0;1;0;1;0;1;1;-6,74032319;-35,13146581;"SR-PB";"UOP04";"DEL01"
341155;2021-02-16;"terça";"17:30:00";"RS";116;"166.1";"CAXIAS DO SUL";"Problema com o freio";"Tombamento";"Sem Vítimas";"Pleno dia";"Crescente";"Céu Claro";"Simples";"Curva";"Não";1;0;0;0;1;0;0;1;-29,26709501;-51,15960601;"SR-RS";"UOP02";"DEL05"
341156;2021-02-16;"terça";"18:45:00";"PE";316;"331.5";"FLORESTA";"Animais na Pista";"Atropelamento de Animal";"Com Vítimas Feridas";"Plena Noite";"Crescente";"Céu Claro";"Simples";"Reta";"Não";1;0;1;0;0;0;1;1;-8,75082452;-38,40150973;"SR-PE";"UOP02";"DEL04"
341157;2021-02-16;"terça";"18:45:00";"SC";282;"370";"ERVAL VELHO";"Ingestão de álcool pelo condutor";"Colisão transversal";"Sem Vítimas";"Anoitecer";"Decrescente";"Céu Claro";"Simples";"Rotatória";"Sim";2;0;0;0;2;0;0;2;-27,268663;-51,443768;"SR-SC";"UOP05";"DEL07"
341158;2021-02-16;"terça";"18:30:00";"SC";282;"396.9";"JOACABA";"Ausência de reação do condutor";"Colisão lateral sentido oposto";"Com Vítimas Feridas";"Pleno dia";"Decrescente";"Céu Claro";"Simples";"Curva";"Não";2;0;1;0;1;0;1;2;-27,155375;-51,601593;"SR-SC";"UOP05";"DEL07"
341160;2021-02-16;"terça";"23:00:00";"RS";101;"4.5";"TORRES";"Ingestão de álcool pelo condutor";"Saída de leito carroçável";"Sem Vítimas";"Plena Noite";"Decrescente";"Nublado";"Dupla";"Não Informado";"Não";1;0;0;0;1;0;0;1;-29,32909775;-49,7828722;"SR-RS";"UOP02";"DEL03"
341161;2021-02-16;"terça";"23:15:00";"RS";290;"79.5";"GRAVATAI";"Velocidade Incompatível";"Saída de leito carroçável";"Com Vítimas Feridas";"Plena Noite";"Crescente";"Céu Claro";"Dupla";"Retorno Regulamentado";"Sim";1;0;1;0;0;0;1;1;-29,952908;-51,048054;"SR-RS";"UOP01";"DEL01"
341162;2021-02-16;"terça";"23:03:00";"MG";50;"198";"DELTA";"Reação tardia ou ineficiente do condutor";"Atropelamento de Pedestre";"Com Vítimas Feridas";"Plena Noite";"Crescente";"Céu Claro";"Dupla";"Reta";"Não";2;0;1;0;0;1;1;1;-19,915821;-47,829349;"SR-MG";"UOP01";"DEL13"
341163;2021-02-16;"terça";"21:10:00";"PI";343;"202.8";"PIRIPIRI";"Ausência de reação do condutor";"Colisão traseira";"Com Vítimas Feridas";"Plena Noite";"Decrescente";"Céu Claro";"Simples";"Reta";"Não";4;0;0;1;3;0;1;2;-4,395802;-41,859032;"SR-PI";"UOP01";"DEL02"
341164;2021-02-16;"terça";"23:20:00";"GO";40;"12.4";"LUZIANIA";"Pedestre cruzava a pista fora da faixa";"Atropelamento de Pedestre";"Com Vítimas Fatais";"Plena Noite";"Crescente";"Céu Claro";"Dupla";"Reta";"Sim";2;1;1;0;0;0;1;1;-16,145123;-47,945382;"SR-DF";"UOP01";"DEL01"
341165;2021-02-16;"terça";"23:00:00";"PR";376;"634";"SAO JOSE DOS PINHAIS";"Animais na Pista";"Atropelamento de Animal";"Com Vítimas Feridas";"Plena Noite";"Decrescente";"Céu Claro";"Dupla";"Reta";"Não";2;0;0;2;0;0;2;1;-25,73029716;-49,13356446;"SR-PR";"UOP04";"DEL01"
341166;2021-02-16;"terça";"22:55:00";"AL";316;"235.5";"ATALAIA";"Reação tardia ou ineficiente do condutor";"Saída de leito carroçável";"Com Vítimas Fatais";"Plena Noite";"Decrescente";"Céu Claro";"Simples";"Reta";"Não";2;1;0;0;0;1;0;1;-9,497557;-36,073702;"SR-AL";"UOP01";"DEL01"
341167;2021-02-16;"terça";"23:00:00";"SC";101;"244.8";"PAULO LOPES";"Demais falhas mecânicas ou elétricas";"Incêndio";"Sem Vítimas";"Plena Noite";"Decrescente";"Céu Claro";"Dupla";"Reta";"Não";1;0;0;0;1;0;0;1;-27,89294003;-48,64821868;"SR-SC";"UOP02";"DEL01"
341168;2021-02-17;"quarta";"00:50:00";"CE";222;"7.4";"CAUCAIA";"Acessar a via sem observar a presença dos outros veículos";"Colisão transversal";"Com Vítimas Feridas";"Plena Noite";"Crescente";"Nublado";"Dupla";"Retorno Regulamentado";"Sim";3;0;1;0;1;1;1;2;-3,7512;-38,63375;"SR-CE";"UOP01";"DEL01"
341169;2021-02-17;"quarta";"00:10:00";"SC";280;"72.5";"JARAGUA DO SUL";"Velocidade Incompatível";"Colisão traseira";"Com Vítimas Feridas";"Plena Noite";"Crescente";"Nublado";"Simples";"Reta";"Não";3;0;2;0;1;0;2;2;-26,45955419;-49,14342101;"SR-SC";"UOP03";"DEL03"
341170;2021-02-16;"terça";"23:35:00";"TO";153;"561";"FATIMA";"Ingestão de álcool pelo condutor";"Saída de leito carroçável";"Sem Vítimas";"Plena Noite";"Crescente";"Garoa/Chuvisco";"Múltipla";"Desvio Temporário";"Sim";1;0;0;0;1;0;0;1;-10,75197807;-48,90257114;"SR-TO";"UOP01";"DEL01"
341171;2021-02-17;"quarta";"01:00:00";"RR";174;"520";"BOA VISTA";"Reação tardia ou ineficiente do condutor";"Saída de leito carroçável";"Sem Vítimas";"Plena Noite";"Decrescente";"Nublado";"Simples";"Reta";"Não";2;0;0;0;0;2;0;1;2,93594;-60,71649;"SR-RR";"UOP01";"DEL01"
341172;2021-02-17;"quarta";"01:30:00";"RJ";116;"256.5";"PINHEIRAL";"Ingestão de álcool pelo condutor";"Colisão frontal";"Com Vítimas Feridas";"Plena Noite";"Decrescente";"Nublado";"Dupla";"Desvio Temporário";"Não";6;0;4;0;2;0;4;3;-22,58770344;-44,05860901;"SR-RJ";"UOP02";"DEL07"
341173;2021-02-17;"quarta";"02:30:00";"RJ";493;"111.5";"SEROPEDICA";"Condutor Dormindo";"Colisão frontal";"Com Vítimas Fatais";"Plena Noite";"Crescente";"Céu Claro";"Dupla";"Reta";"Não";1;1;0;0;0;0;0;1;-22,8588962;-43,7591292;"SR-RJ";"UOP04";"DEL01"
341174;2021-02-17;"quarta";"03:40:00";"SC";101;"198.4";"SAO JOSE";"Pedestre andava na pista";"Atropelamento de Pedestre";"Com Vítimas Feridas";"Plena Noite";"Decrescente";"Céu Claro";"Múltipla";"Reta";"Não";2;0;0;1;1;0;1;1;-27,52658712;-48,63506019;"SR-SC";"UOP01";"DEL01"
341175;2021-02-17;"quarta";"03:40:00";"RS";290;"83";"CACHOEIRINHA";"Condutor Dormindo";"Saída de leito carroçável";"Com Vítimas Feridas";"Plena Noite";"Crescente";"Céu Claro";"Dupla";"Reta";"Sim";2;0;1;0;1;0;1;1;-29,959141;-51,088791;"SR-RS";"UOP01";"DEL01"
341176;2021-02-17;"quarta";"03:45:00";"PE";101;"77.8";"JABOATAO DOS GUARARAPES";"Animais na Pista";"Atropelamento de Animal";"Com Vítimas Feridas";"Plena Noite";"Decrescente";"Chuva";"Dupla";"Curva";"Sim";1;0;1;0;0;0;1;1;-8,133356;-34,946758;"SR-PE";"UOP01";"DEL01"
341177;2021-02-17;"quarta";"03:50:00";"GO";40;"10";"LUZIANIA";"Manobra de mudança de faixa";"Saída de leito carroçável";"Sem Vítimas";"Plena Noite";"Decrescente";"Nublado";"Dupla";"Reta";"Não";1;0;0;0;0;1;0;1;-16,131285;-47,957923;"SR-DF";"UOP01";"DEL01"
341178;2021-02-17;"quarta";"02:50:00";"MG";116;"479.6";"DOM CAVATI";"Ingestão de álcool pelo condutor";"Saída de leito carroçável";"Sem Vítimas";"Plena Noite";"Decrescente";"Nublado";"Simples";"Reta";"Sim";1;0;0;0;1;0;0;1;-19,385223;-42,1121509;"SR-MG";"UOP02";"DEL06"
341179;2021-02-17;"quarta";"03:40:00";"BA";116;"441";"FEIRA DE SANTANA";"Demais falhas mecânicas ou elétricas";"Incêndio";"Sem Vítimas";"Plena Noite";"Crescente";"Céu Claro";"Dupla";"Reta";"Não";1;0;0;0;1;0;0;1;-12,33163605;-39,06586497;"SR-BA";"UOP01";"DEL02"
341180;2021-02-16;"terça";"15:50:00";"GO";80;"115";"BARRO ALTO";"Velocidade Incompatível";"Capotamento";"Com Vítimas Feridas";"Pleno dia";"Decrescente";"Chuva";"Simples";"Curva";"Não";4;0;1;0;3;0;1;1;-15,117498;-48,838548;"SR-GO";"UOP01";"DEL07"
341181;2021-02-17;"quarta";"05:20:00";"RS";NA;"";"PORTO ALEGRE";"Ausência de reação do condutor";"Colisão traseira";"Com Vítimas Feridas";"Amanhecer";"Não Informado";"Nublado";"Dupla";"Não Informado";"Não";2;0;0;1;1;0;1;2;-29,98817957;-51,20966256;"SR-RS";"UOP01";"DEL01"
341183;2021-02-17;"quarta";"06:00:00";"SE";235;"3.9";"ARACAJU";"Retorno proibido";"Colisão transversal";"Com Vítimas Feridas";"Pleno dia";"Decrescente";"Céu Claro";"Dupla";"Curva";"Sim";2;0;1;0;0;1;1;2;-10,9059;-37,111;"SR-SE";"UOP01";"DEL01"
341184;2021-02-17;"quarta";"05:15:00";"SP";116;"222";"GUARULHOS";"Reação tardia ou ineficiente do condutor";"Queda de ocupante de veículo";"Com Vítimas Feridas";"Pleno dia";"Decrescente";"Céu Claro";"Múltipla";"Reta";"Sim";1;0;1;0;0;0;1;1;-23,47093408;-46,51631097;"SR-SP";"UOP01";"DEL01"
341185;2021-02-17;"quarta";"06:00:00";"SE";101;"36.9";"JAPARATUBA";"Ultrapassagem Indevida";"Colisão lateral mesmo sentido";"Com Vítimas Feridas";"Pleno dia";"Crescente";"Céu Claro";"Simples";"Reta";"Não";2;0;0;1;1;0;1;2;-10,49230498;-36,94471029;"SR-SE";"UOP02";"DEL02"
341186;2021-02-17;"quarta";"04:30:00";"CE";20;"423.5";"MARACANAU";"Reação tardia ou ineficiente do condutor";"Saída de leito carroçável";"Sem Vítimas";"Plena Noite";"Decrescente";"Chuva";"Dupla";"Reta";"Não";1;0;0;0;0;1;0;1;-3,76999035;-38,67006282;"SR-CE";"UOP02";"DEL01"
341187;2021-02-17;"quarta";"00:50:00";"MG";40;"780.8";"JUIZ DE FORA";"Estacionar ou parar em local proibido";"Colisão lateral";"Com Vítimas Feridas";"Plena Noite";"Decrescente";"Nublado";"Dupla";"Reta";"Não";2;0;0;1;1;0;1;2;-21,67939981;-43,44987329;"SR-MG";"UOP01";"DEL05"
341188;2021-02-17;"quarta";"05:30:00";"SC";101;"169";"TIJUCAS";"Mal súbito do condutor";"Tombamento";"Com Vítimas Feridas";"Amanhecer";"Decrescente";"Céu Claro";"Dupla";"Reta";"Não";1;0;1;0;0;0;1;1;-27,28790602;-48,63095745;"SR-SC";"UOP03";"DEL04"
341189;2021-02-17;"quarta";"00:30:00";"MG";381;"189.8";"PERIQUITO";"Condutor Dormindo";"Saída de leito carroçável";"Com Vítimas Feridas";"Plena Noite";"Decrescente";"Nublado";"Simples";"Curva";"Não";3;0;1;0;2;0;1;1;-19,0758273;-42,17960358;"SR-MG";"UOP01";"DEL06"
341190;2021-02-17;"quarta";"03:45:00";"BA";101;"63";"ENTRE RIOS";"Ausência de sinalização";"Colisão lateral";"Com Vítimas Feridas";"Plena Noite";"Decrescente";"Céu Claro";"Simples";"Reta";"Não";4;0;3;0;1;0;3;3;-11,957972;-38,09195;"SR-BA";"UOP04";"DEL01"
341191;2021-02-17;"quarta";"06:15:00";"MG";381;"486";"BETIM";"Velocidade Incompatível";"Tombamento";"Com Vítimas Feridas";"Pleno dia";"Crescente";"Nublado";"Simples";"Curva";"Não";1;0;1;0;0;0;1;1;-19,95515708;-44,10993576;"SR-MG";"UOP03";"DEL01"
341192;2021-02-17;"quarta";"06:50:00";"MG";40;"523";"CONTAGEM";"Trafegar com motocicleta (ou similar) entre as faixas";"Colisão lateral";"Com Vítimas Feridas";"Pleno dia";"Crescente";"Chuva";"Dupla";"Reta";"Sim";2;0;1;0;1;0;1;2;-19,86874894;-44,05962197;"SR-MG";"UOP02";"DEL01"
341193;2021-02-17;"quarta";"06:35:00";"MG";40;"523";"CONTAGEM";"Condutor deixou de manter distância do veículo da frente";"Colisão traseira";"Com Vítimas Feridas";"Pleno dia";"Crescente";"Chuva";"Dupla";"Reta";"Sim";2;0;2;0;0;0;2;2;-19,86874894;-44,05962197;"SR-MG";"UOP02";"DEL01"
341195;2021-02-17;"quarta";"05:40:00";"GO";364;"65";"CACHOEIRA ALTA";"Condutor deixou de manter distância do veículo da frente";"Colisão traseira";"Com Vítimas Feridas";"Amanhecer";"Decrescente";"Céu Claro";"Simples";"Reta";"Não";2;0;1;0;1;0;1;2;-18,692944;-50,973087;"SR-GO";"UOP02";"DEL05"
341196;2021-02-17;"quarta";"05:40:00";"BA";324;"584";"CANDEIAS";"Condutor Dormindo";"Saída de leito carroçável";"Sem Vítimas";"Pleno dia";"Crescente";"Nublado";"Dupla";"Reta";"Não";1;0;0;0;1;0;0;1;-12,62182288;-38,48260875;"SR-BA";"UOP01";"DEL01"
341197;2021-02-17;"quarta";"07:15:00";"SC";101;"297";"LAGUNA";"Carga excessiva e/ou mal acondicionada";"Tombamento";"Sem Vítimas";"Pleno dia";"Crescente";"Céu Claro";"Múltipla";"Não Informado";"Sim";1;0;0;0;1;0;0;1;-28,31353989;-48,7240982;"SR-SC";"UOP03";"DEL02"
341199;2021-02-17;"quarta";"07:45:00";"PR";116;"122";"CURITIBA";"Manobra de mudança de faixa";"Colisão lateral mesmo sentido";"Com Vítimas Feridas";"Pleno dia";"Crescente";"Sol";"Dupla";"Curva";"Não";2;0;1;0;0;1;1;2;-25,56857207;-49,31023179;"SR-PR";"UOP03";"DEL01"
341200;2021-02-17;"quarta";"07:45:00";"RS";116;"515.5";"PELOTAS";"Reação tardia ou ineficiente do condutor";"Saída de leito carroçável";"Com Vítimas Feridas";"Pleno dia";"Crescente";"Sol";"Simples";"Reta";"Sim";2;0;2;0;0;0;2;1;-31,66114092;-52,3386834;"SR-RS";"UOP01";"DEL07"
341202;2021-02-17;"quarta";"07:40:00";"SP";116;"274";"TABOAO DA SERRA";"Manobra de mudança de faixa";"Colisão traseira";"Com Vítimas Feridas";"Pleno dia";"Decrescente";"Céu Claro";"Dupla";"Reta";"Sim";6;0;4;0;2;0;4;4;-23,63445084;-46,82418514;"SR-SP";"UOP01";"DEL04"
341203;2021-02-17;"quarta";"08:00:00";"SE";101;"92.5";"NOSSA SENHORA DO SOCORRO";"Condutor deixou de manter distância do veículo da frente";"Colisão traseira";"Com Vítimas Feridas";"Pleno dia";"Decrescente";"Céu Claro";"Dupla";"Reta";"Não";2;0;1;0;1;0;1;2;-10,90169474;-37,13619222;"SR-SE";"UOP01";"DEL01"
341204;2021-02-17;"quarta";"07:30:00";"PE";232;"411.9";"SERRA TALHADA";"Desrespeitar a preferência no cruzamento";"Colisão transversal";"Com Vítimas Feridas";"Pleno dia";"Decrescente";"Nublado";"Simples";"Reta";"Sim";2;0;1;0;1;0;1;2;-7,98147336;-38,31653595;"SR-PE";"UOP01";"DEL04"
341205;2021-02-17;"quarta";"07:55:00";"AP";210;"3";"MACAPA";"Chuva";"Queda de ocupante de veículo";"Com Vítimas Feridas";"Pleno dia";"Decrescente";"Chuva";"Dupla";"Reta";"Sim";1;0;1;0;0;0;1;1;0,08723365;-51,08569007;"SR-AP";"UOP01";"DEL01"
341206;2021-02-17;"quarta";"07:55:00";"RS";386;"343.7";"LAJEADO";"Acessar a via sem observar a presença dos outros veículos";"Colisão transversal";"Com Vítimas Feridas";"Pleno dia";"Decrescente";"Sol";"Simples";"Reta";"Não";2;0;1;0;1;0;1;2;-29,43794464;-51,99521184;"SR-RS";"UOP01";"DEL04"
341207;2021-02-17;"quarta";"05:30:00";"BA";349;"1071";"CORRENTINA";"Condutor Dormindo";"Saída de leito carroçável";"Com Vítimas Feridas";"Amanhecer";"Crescente";"Nublado";"Simples";"Reta";"Não";3;0;1;0;2;0;1;1;-13,798454;-46,136891;"SR-BA";"UOP01";"DEL10"
341208;2021-02-17;"quarta";"07:45:00";"SC";101;"45";"JOINVILLE";"Acessar a via sem observar a presença dos outros veículos";"Colisão lateral";"Com Vítimas Feridas";"Pleno dia";"Decrescente";"Céu Claro";"Dupla";"Não Informado";"Sim";2;0;1;0;1;0;1;2;-26,32214492;-48,8689509;"SR-SC";"UOP01";"DEL03"
341209;2021-02-17;"quarta";"08:15:00";"RS";290;"58";"GLORINHA";"Manobra de mudança de faixa";"Colisão lateral mesmo sentido";"Com Vítimas Feridas";"Pleno dia";"Crescente";"Céu Claro";"Múltipla";"Reta";"Não";3;0;1;0;2;0;1;3;-29,920788;-50,838261;"SR-RS";"UOP01";"DEL03"
341210;2021-02-17;"quarta";"08:20:00";"MA";316;"469";"CODO";"Chuva";"Tombamento";"Com Vítimas Feridas";"Pleno dia";"Decrescente";"Chuva";"Simples";"Reta";"Sim";2;0;0;1;1;0;1;2;-4,562772;-43,988922;"SR-MA";"UOP02";"DEL03"
341211;2021-02-17;"quarta";"08:30:00";"AL";101;"135.7";"SAO MIGUEL DOS CAMPOS";"Acessar a via sem observar a presença dos outros veículos";"Colisão transversal";"Com Vítimas Feridas";"Pleno dia";"Crescente";"Céu Claro";"Simples";"Reta";"Não";2;0;1;0;1;0;1;2;-9,78834902;-36,10509283;"SR-AL";"UOP01";"DEL02"
341212;2021-02-17;"quarta";"06:30:00";"RJ";101;"324";"NITEROI";"Ausência de reação do condutor";"Colisão traseira";"Com Vítimas Feridas";"Pleno dia";"Crescente";"Céu Claro";"Múltipla";"Reta";"Não";2;0;1;0;1;0;1;2;-22,87381074;-43,12640997;"SR-RJ";"UOP02";"DEL02"
341213;2021-02-17;"quarta";"07:00:00";"AC";364;"131";"RIO BRANCO";"Ausência de reação do condutor";"Colisão com objeto";"Com Vítimas Feridas";"Pleno dia";"Crescente";"Céu Claro";"Dupla";"Curva";"Sim";1;0;0;1;0;0;1;1;-10,01594689;-67,84093848;"SR-AC";"UOP01";"DEL01"
341215;2021-02-17;"quarta";"10:15:00";"SC";101;"335.3";"TUBARAO";"Condutor deixou de manter distância do veículo da frente";"Colisão traseira";"Com Vítimas Feridas";"Pleno dia";"Crescente";"Sol";"Simples";"Interseção de vias";"Sim";2;0;1;0;1;0;1;2;-28,46927473;-49,01557908;"SR-SC";"UOP01";"DEL02"
341217;2021-02-17;"quarta";"09:45:00";"PI";230;"172";"SAO JOAO DA VARJOTA";"Demais falhas mecânicas ou elétricas";"Incêndio";"Sem Vítimas";"Pleno dia";"Decrescente";"Céu Claro";"Simples";"Reta";"Não";2;0;0;0;1;1;0;1;-6,93823599;-41,921182;"SR-PI";"UOP01";"DEL04"
341218;2021-02-17;"quarta";"08:35:00";"MT";158;"557";"AGUA BOA";"Manobra de mudança de faixa";"Colisão traseira";"Com Vítimas Feridas";"Pleno dia";"Decrescente";"Nublado";"Simples";"Reta";"Não";3;0;0;2;1;0;2;2;-13,96585002;-52,12248897;"SR-MT";"UOP02";"DEL07"
341219;2021-02-17;"quarta";"10:00:00";"RJ";101;"327";"NITEROI";"Condutor deixou de manter distância do veículo da frente";"Colisão traseira";"Com Vítimas Feridas";"Pleno dia";"Decrescente";"Céu Claro";"Múltipla";"Ponte";"Não";2;0;1;0;1;0;1;2;-22,87117393;-43,15595099;"SR-RJ";"UOP02";"DEL02"
341220;2021-02-17;"quarta";"10:16:00";"SC";101;"27.5";"JOINVILLE";"Reação tardia ou ineficiente do condutor";"Colisão transversal";"Com Vítimas Feridas";"Pleno dia";"Decrescente";"Céu Claro";"Dupla";"Reta";"Sim";2;0;1;0;1;0;1;2;-26,20130351;-48,91331794;"SR-SC";"UOP01";"DEL03"
341221;2021-02-17;"quarta";"09:46:00";"MG";116;"413.5";"GOVERNADOR VALADARES";"Desrespeitar a preferência no cruzamento";"Colisão transversal";"Com Vítimas Feridas";"Pleno dia";"Decrescente";"Céu Claro";"Simples";"Retorno Regulamentado";"Sim";2;0;1;0;1;0;1;2;-18,873907;-41,966366;"SR-MG";"UOP01";"DEL06"
341222;2021-02-17;"quarta";"08:20:00";"SP";116;"140";"SAO JOSE DOS CAMPOS";"Manobra de mudança de faixa";"Colisão traseira";"Com Vítimas Feridas";"Pleno dia";"Crescente";"Nublado";"Dupla";"Reta";"Sim";1;0;1;0;0;0;1;1;-23,16577714;-45,81246193;"SR-SP";"UOP01";"DEL02"
341223;2021-02-17;"quarta";"10:53:00";"SP";116;"209";"GUARULHOS";"Condutor deixou de manter distância do veículo da frente";"Colisão traseira";"Com Vítimas Feridas";"Pleno dia";"Crescente";"Céu Claro";"Dupla";"Reta";"Sim";5;0;2;0;3;0;2;2;-23,42511799;-46,40221101;"SR-SP";"UOP01";"DEL01"
341224;2021-02-17;"quarta";"10:55:00";"MG";354;"745";"POUSO ALTO";"Ausência de reação do condutor";"Colisão com objeto";"Sem Vítimas";"Pleno dia";"Crescente";"Céu Claro";"Simples";"Ponte";"Sim";1;0;0;0;1;0;0;1;-22,25480842;-44,92814626;"SR-MG";"UOP01";"DEL17"
341225;2021-02-17;"quarta";"11:40:00";"RS";290;"124";"ELDORADO DO SUL";"Reação tardia ou ineficiente do condutor";"Colisão traseira";"Sem Vítimas";"Pleno dia";"Decrescente";"Céu Claro";"Simples";"Reta";"Não";8;0;0;0;8;0;0;2;-30,054256;-51,448662;"SR-RS";"UOP01";"DEL02"
341226;2021-02-17;"quarta";"11:00:00";"PI";316;"1.7";"TERESINA";"Condutor deixou de manter distância do veículo da frente";"Colisão traseira";"Com Vítimas Feridas";"Pleno dia";"Decrescente";"Céu Claro";"Múltipla";"Reta";"Sim";2;0;1;0;1;0;1;2;-5,12861853;-42,80706778;"SR-PI";"UOP02";"DEL01"
341227;2021-02-17;"quarta";"11:59:00";"SP";116;"302";"SAO LOURENCO DA SERRA";"Ausência de reação do condutor";"Tombamento";"Com Vítimas Feridas";"Pleno dia";"Decrescente";"Nublado";"Dupla";"Reta";"Não";1;0;0;1;0;0;1;1;-23,81957108;-46,92449376;"SR-SP";"UOP01";"DEL04"