"id";"data_inversa";"dia_semana";"horario";"uf";"br";"km";"municipio";"causa_acidente";"tipo_acidente";"classificacao_acidente";"fase_dia";"sentido_via";"condicao_metereologica";"tipo_pista";"tracado_via";"uso_solo";"pessoas";"mortos";"feridos_leves";"feridos_graves";"ilesos";"ignorados";"feridos";"veiculos";"latitude";"longitude";"regional";"delegacia";"uop"
341322;2021-02-17;"quarta";"19:20:00";"MS";60;"57";"PARAISO DAS AGUAS";"Pista esburacada";"Tombamento";"Com Vítimas Feridas";"Plena Noite";"Crescente";"Nevoeiro/Neblina";"Simples";"Reta";"Não";1;0;0;1;0;0;1;1;-18,99646605;-52,97879095;"SR-MS";"UOP01";"DEL08"
341323;2021-02-17;"quarta";"20:30:00";"MT";163;"703";"SORRISO";"Pista em desnível";"Saída de leito carroçável";"Com Vítimas Feridas";"Plena Noite";"Decrescente";"Nublado";"Simples";"Não Informado";"Não";1;0;1;0;0;0;1;1;-13,05944726;-55,91677072;"SR-MT";"UOP01";"DEL06"
341325;2021-02-17;"quarta";"22:30:00";"RJ";40;"108";"DUQUE DE CAXIAS";"Ingestão de álcool pelo condutor";"Queda de ocupante de veículo";"Com Vítimas Feridas";"Plena Noite";"Crescente";"Chuva";"Dupla";"Reta";"Sim";2;0;2;0;0;0;2;1;-22,66476979;-43,28495144;"SR-RJ";"UOP01";"DEL01"
341326;2021-02-18;"quinta";"00:01:00";"ES";101;"78";"SAO MATEUS";"Chuva";"Atropelamento de Pedestre";"Com Vítimas Feridas";"Plena Noite";"Crescente";"Céu Claro";"Simples";"Reta";"Não";2;0;1;0;0;1;1;1;-18,80685577;-39,8956893;"SR-ES";"UOP02";"DEL04"
341327;2021-02-17;"quarta";"22:50:00";"SC";101;"41";"JOINVILLE";"Carga excessiva e/ou mal acondicionada";"Colisão com objeto";"Com Vítimas Feridas";"Plena Noite";"Decrescente";"Nublado";"Dupla";"Curva";"Sim";2;0;1;0;1;0;1;2;-26,28215489;-48,88973081;"SR-SC";"UOP01";"DEL03"
341328;2021-02-17;"quarta";"19:30:00";"PR";373;"173";"PONTA GROSSA";"Entrada inopinada do pedestre";"Atropelamento de Pedestre";"Com Vítimas Feridas";"Anoitecer";"Decrescente";"Céu Claro";"Dupla";"Reta";"Sim";2;0;1;0;1;0;1;1;-25,0805653;-50,20175905;"SR-PR";"UAP01";"DEL03"
341329;2021-02-18;"quinta";"01:10:00";"PR";277;"681";"SAO MIGUEL DO IGUACU";"Demais falhas mecânicas ou elétricas";"Queda de ocupante de veículo";"Com Vítimas Feridas";"Plena Noite";"Crescente";"Céu Claro";"Dupla";"Reta";"Não";1;0;1;0;0;0;1;1;-25,32705338;-54,17332888;"SR-PR";"UOP01";"DEL05"
341331;2021-02-17;"quarta";"20:00:00";"MG";251;"503.2";"FRANCISCO SA";"Chuva";"Saída de leito carroçável";"Sem Vítimas";"Plena Noite";"Crescente";"Chuva";"Simples";"Reta";"Não";1;0;0;0;1;0;0;1;-16,61472808;-43,6647179;"SR-MG";"UOP01";"DEL12"
341332;2021-02-18;"quinta";"03:15:00";"RJ";101;"285";"ITABORAI";"Condutor deixou de manter distância do veículo da frente";"Colisão lateral";"Com Vítimas Feridas";"Plena Noite";"Crescente";"Nublado";"Dupla";"Reta";"Não";2;0;1;0;1;0;1;2;-22,7498742;-42,81644087;"SR-RJ";"UOP03";"DEL02"
341333;2021-02-18;"quinta";"01:00:00";"BA";116;"777.3";"PLANALTO";"Ausência de reação do condutor";"Colisão traseira";"Com Vítimas Feridas";"Plena Noite";"Decrescente";"Nublado";"Simples";"Reta";"Sim";3;0;2;0;0;1;2;2;-14,607391;-40,44086601;"SR-BA";"UOP02";"DEL08"
341334;2021-02-18;"quinta";"03:00:00";"MT";163;"917";"ITAUBA";"Ingestão de álcool pelo condutor";"Saída de leito carroçável";"Sem Vítimas";"Plena Noite";"Crescente";"Garoa/Chuvisco";"Simples";"Reta";"Não";1;0;0;0;1;0;0;1;-11,15603213;-55,31429202;"SR-MT";"UOP02";"DEL06"
341335;2021-02-18;"quinta";"06:05:00";"RN";110;"47.9";"MOSSORO";"Ultrapassagem Indevida";"Colisão lateral mesmo sentido";"Sem Vítimas";"Amanhecer";"Decrescente";"Céu Claro";"Simples";"Reta";"Sim";2;0;0;0;1;1;0;2;-5,20338376;-37,32563418;"SR-RN";"UOP01";"DEL04"
341336;2021-02-18;"quinta";"04:30:00";"RJ";101;"493";"ANGRA DOS REIS";"Objeto estático sobre o leito carroçável";"Queda de ocupante de veículo";"Com Vítimas Feridas";"Plena Noite";"Crescente";"Nublado";"Simples";"Reta";"Não";1;0;1;0;0;0;1;1;-22,94374503;-44,32522199;"SR-RJ";"UOP01";"DEL03"
341337;2021-02-18;"quinta";"05:55:00";"SP";381;"83";"SAO PAULO";"Acessar a via sem observar a presença dos outros veículos";"Atropelamento de Pedestre";"Com Vítimas Fatais";"Amanhecer";"Decrescente";"Céu Claro";"Múltipla";"Reta";"Sim";2;1;0;0;1;0;0;1;-23,4309671;-46,56998022;"SR-SP";"UOP01";"DEL03"
341338;2021-02-18;"quinta";"06:20:00";"MG";262;"360";"BETIM";"Velocidade Incompatível";"Colisão com objeto";"Com Vítimas Feridas";"Pleno dia";"Crescente";"Chuva";"Múltipla";"Curva";"Sim";1;0;1;0;0;0;1;1;-19,98141539;-44,21310425;"SR-MG";"UOP03";"DEL01"
341339;2021-02-18;"quinta";"06:20:00";"SC";470;"69.9";"INDAIAL";"Transitar na contramão";"Colisão frontal";"Com Vítimas Feridas";"Amanhecer";"Decrescente";"Sol";"Simples";"Não Informado";"Sim";2;0;1;0;1;0;1;2;-26,88830184;-49,25327724;"SR-SC";"UOP01";"DEL04"
341340;2021-02-18;"quinta";"06:40:00";"SC";470;"55.7";"BLUMENAU";"Conversão proibida";"Colisão transversal";"Com Vítimas Feridas";"Pleno dia";"Crescente";"Céu Claro";"Simples";"Reta";"Não";2;0;1;0;1;0;1;2;-26,875601;-49,117992;"SR-SC";"UOP01";"DEL04"
341341;2021-02-18;"quinta";"06:51:00";"SP";116;"221";"GUARULHOS";"Manobra de mudança de faixa";"Colisão traseira";"Com Vítimas Feridas";"Pleno dia";"Crescente";"Céu Claro";"Dupla";"Reta";"Sim";2;0;1;0;1;0;1;2;-23,46802395;-46,50704901;"SR-SP";"UOP01";"DEL01"
341342;2021-02-18;"quinta";"06:30:00";"MG";381;"903";"CAMBUI";"Velocidade Incompatível";"Tombamento";"Com Vítimas Feridas";"Amanhecer";"Decrescente";"Nublado";"Dupla";"Não Informado";"Não";1;0;1;0;0;0;1;1;-22,63967955;-46,08043671;"SR-MG";"UOP03";"DEL16"
341343;2021-02-18;"quinta";"02:45:00";"SC";116;"143";"SANTA CECILIA";"Velocidade Incompatível";"Tombamento";"Com Vítimas Feridas";"Plena Noite";"Crescente";"Céu Claro";"Simples";"Curva";"Não";1;0;1;0;0;0;1;1;-26,98647529;-50,39438169;"SR-SC";"UOP02";"DEL06"
341344;2021-02-18;"quinta";"04:20:00";"BA";116;"433";"FEIRA DE SANTANA";"Condutor Dormindo";"Tombamento";"Com Vítimas Feridas";"Plena Noite";"Decrescente";"Céu Claro";"Dupla";"Reta";"Não";1;0;1;0;0;0;1;1;-12,28864802;-39,014561;"SR-BA";"UOP01";"DEL02"
341345;2021-02-18;"quinta";"03:50:00";"PB";230;"51";"CRUZ DO ESPIRITO SANTO";"Condutor Dormindo";"Capotamento";"Com Vítimas Feridas";"Amanhecer";"Decrescente";"Céu Claro";"Dupla";"Reta";"Não";1;0;1;0;0;0;1;1;-7,1897;-35,0615;"SR-PB";"UOP03";"DEL01"
341346;2021-02-18;"quinta";"06:10:00";"GO";153;"305.8";"RIALMA";"Demais falhas mecânicas ou elétricas";"Saída de leito carroçável";"Com Vítimas Feridas";"Amanhecer";"Decrescente";"Chuva";"Simples";"Não Informado";"Não";1;0;1;0;0;0;1;1;-15,34634285;-49,56864165;"SR-GO";"UOP02";"DEL02"
341347;2021-02-18;"quinta";"06:45:00";"GO";20;"59.5";"FORMOSA";"Pista Escorregadia";"Colisão frontal";"Com Vítimas Fatais";"Pleno dia";"Crescente";"Chuva";"Simples";"Não Informado";"Não";3;1;1;0;1;0;1;2;-15,25577;-47,165115;"SR-DF";"UOP01";"DEL02"
341348;2021-02-18;"quinta";"05:40:00";"MG";50;"17.3";"ARAGUARI";"Condutor Dormindo";"Colisão com objeto";"Com Vítimas Feridas";"Amanhecer";"Decrescente";"Céu Claro";"Dupla";"Reta";"Não";3;0;0;1;1;1;1;2;-18,56671055;-48,05902719;"SR-MG";"UOP02";"DEL15"
341349;2021-02-18;"quinta";"07:00:00";"RJ";40;"50";"PETROPOLIS";"Transitar no acostamento";"Colisão traseira";"Com Vítimas Feridas";"Pleno dia";"Crescente";"Céu Claro";"Dupla";"Reta";"Não";2;0;1;0;0;1;1;2;-22,31806204;-43,13158166;"SR-RJ";"UOP01";"DEL06"
341350;2021-01-23;"sábado";"00:40:00";"MT";163;"111";"RONDONOPOLIS";"Reação tardia ou ineficiente do condutor";"Tombamento";"Com Vítimas Feridas";"Plena Noite";"Crescente";"Ignorado";"Dupla";"Reta";"Não";1;0;1;0;0;0;1;1;-16,56983504;-54,68343692;"SR-MT";"UOP01";"DEL02"
341351;2021-02-18;"quinta";"07:00:00";"ES";101;"265.3";"SERRA";"Manobra de mudança de faixa";"Colisão lateral";"Com Vítimas Feridas";"Pleno dia";"Crescente";"Céu Claro";"Dupla";"Reta";"Sim";2;0;1;0;1;0;1;2;-20,1816849;-40,26536036;"SR-ES";"UOP01";"DEL02"
341352;2021-02-18;"quinta";"07:45:00";"PR";116;"111";"CURITIBA";"Condutor deixou de manter distância do veículo da frente";"Engavetamento";"Com Vítimas Feridas";"Pleno dia";"Crescente";"Sol";"Dupla";"Reta";"Não";5;0;1;0;4;0;1;4;-25,56885181;-49,22724597;"SR-PR";"UOP01";"DEL01"
341353;2021-02-18;"quinta";"07:50:00";"RS";386;"34.6";"FREDERICO WESTPHALEN";"Desrespeitar a preferência no cruzamento";"Colisão transversal";"Com Vítimas Feridas";"Pleno dia";"Decrescente";"Céu Claro";"Simples";"Interseção de vias";"Sim";6;0;4;0;2;0;4;3;-27,358442;-53,388298;"SR-RS";"UOP02";"DEL08"
341354;2021-02-18;"quinta";"07:05:00";"MT";163;"853";"SINOP";"Ausência de reação do condutor";"Colisão transversal";"Com Vítimas Feridas";"Pleno dia";"Decrescente";"Nublado";"Simples";"Reta";"Sim";3;0;1;0;2;0;1;2;-11,697;-55,452;"SR-MT";"UOP02";"DEL06"
341357;2021-02-18;"quinta";"06:30:00";"MG";50;"180";"UBERABA";"Manobra de mudança de faixa";"Colisão lateral";"Sem Vítimas";"Pleno dia";"Crescente";"Céu Claro";"Dupla";"Não Informado";"Não";2;0;0;0;1;1;0;2;-19,77848216;-47,92194709;"SR-MG";"UOP01";"DEL13"
341358;2021-02-18;"quinta";"07:35:00";"MG";381;"486";"BETIM";"Trafegar com motocicleta (ou similar) entre as faixas";"Queda de ocupante de veículo";"Com Vítimas Feridas";"Pleno dia";"Decrescente";"Garoa/Chuvisco";"Dupla";"Reta";"Sim";1;0;0;1;0;0;1;1;-19,95644414;-44,13611598;"SR-MG";"UOP03";"DEL01"
341359;2021-02-18;"quinta";"07:30:00";"MG";40;"43.9";"PARACATU";"Condutor deixou de manter distância do veículo da frente";"Colisão lateral mesmo sentido";"Com Vítimas Feridas";"Pleno dia";"Crescente";"Céu Claro";"Simples";"Reta";"Sim";2;0;1;0;1;0;1;2;-17,22598002;-46,86163701;"SR-MG";"UOP01";"DEL14"
341360;2021-02-06;"sábado";"21:00:00";"PR";153;"508";"GENERAL CARNEIRO";"Transitar na contramão";"Colisão frontal";"Com Vítimas Feridas";"Plena Noite";"Crescente";"Céu Claro";"Simples";"Não Informado";"Não";2;0;0;1;1;0;1;2;-26,35764208;-51,25676751;"SR-PR";"UOP03";"DEL02"
341361;2021-02-18;"quinta";"05:40:00";"MG";251;"483.3";"FRANCISCO SA";"Animais na Pista";"Atropelamento de Animal";"Sem Vítimas";"Amanhecer";"Decrescente";"Nublado";"Simples";"Reta";"Sim";1;0;0;0;1;0;0;1;-16,49782462;-43,52859022;"SR-MG";"UOP01";"DEL12"
341362;2021-02-18;"quinta";"08:35:00";"AP";210;"6";"MACAPA";"Animais na Pista";"Atropelamento de Animal";"Com Vítimas Feridas";"Pleno dia";"Decrescente";"Céu Claro";"Dupla";"Reta";"Sim";1;0;1;0;0;0;1;1;0;-51;"SR-AP";"UOP01";"DEL01"
341363;2021-02-12;"sexta";"22:55:00";"PA";316;"110";"SANTA MARIA DO PARA";"Acessar a via sem observar a presença dos outros veículos";"Colisão transversal";"Com Vítimas Feridas";"Plena Noite";"Crescente";"Céu Claro";"Simples";"Reta";"Não";4;0;1;0;2;1;1;2;-1,32235116;-47,52052288;"SR-PA";"UOP02";"DEL01"
341364;2021-02-18;"quinta";"07:20:00";"RJ";101;"393.4";"RIO DE JANEIRO";"Reação tardia ou ineficiente do condutor";"Colisão com objeto";"Com Vítimas Feridas";"Pleno dia";"Crescente";"Nublado";"Dupla";"Reta";"Não";1;0;1;0;0;0;1;1;-22,887847;-43,707546;"SR-RJ";"UOP04";"DEL01"
341366;2021-02-18;"quinta";"08:30:00";"PB";230;"21.8";"JOAO PESSOA";"Manobra de mudança de faixa";"Colisão lateral mesmo sentido";"Com Vítimas Feridas";"Pleno dia";"Decrescente";"Céu Claro";"Dupla";"Reta";"Sim";3;0;2;0;0;1;2;2;-7,1415;-34,8519;"SR-PB";"UOP01";"DEL01"
341367;2021-02-18;"quinta";"07:50:00";"SC";101;"151";"ITAPEMA";"Problema com o freio";"Colisão traseira";"Com Vítimas Feridas";"Pleno dia";"Decrescente";"Sol";"Múltipla";"Reta";"Sim";2;0;1;0;1;0;1;2;-27,126536;-48,609642;"SR-SC";"UOP03";"DEL04"
341368;2021-02-18;"quinta";"08:55:00";"RS";116;"265";"CANOAS";"Reação tardia ou ineficiente do condutor";"Colisão traseira";"Com Vítimas Feridas";"Pleno dia";"Crescente";"Céu Claro";"Dupla";"Reta";"Não";2;0;1;0;1;0;1;2;-29,92342302;-51,17780944;"SR-RS";"UOP01";"DEL01"
341369;2021-02-18;"quinta";"07:20:00";"BA";101;"479";"ITAJUIPE";"Avarias e/ou desgaste excessivo no pneu";"Saída de leito carroçável";"Com Vítimas Feridas";"Pleno dia";"Crescente";"Chuva";"Simples";"Curva";"Não";2;0;1;0;1;0;1;1;-14,74283539;-39,32713431;"SR-BA";"UOP01";"DEL05"
341370;2021-01-03;"domingo";"06:50:00";"SP";116;"489.9";"CAJATI";"Reação tardia ou ineficiente do condutor";"Colisão com objeto";"Com Vítimas Feridas";"Pleno dia";"Crescente";"Céu Claro";"Dupla";"Curva";"Não";5;0;3;0;2;0;3;1;-24,73034183;-48,10760707;"SR-SP";"UOP01";"DEL05"
341371;2021-02-18;"quinta";"08:50:00";"MG";251;"425";"GRAO MOGOL";"Condutor Dormindo";"Colisão frontal";"Com Vítimas Feridas";"Pleno dia";"Crescente";"Ignorado";"Simples";"Curva";"Não";3;0;1;2;0;0;3;2;-16,32542814;-43,12377194;"SR-MG";"UOP01";"DEL12"
341372;2021-02-18;"quinta";"07:50:00";"SP";381;"52";"ATIBAIA";"Condutor deixou de manter distância do veículo da frente";"Colisão traseira";"Com Vítimas Feridas";"Pleno dia";"Crescente";"Sol";"Múltipla";"Reta";"Não";2;0;1;0;1;0;1;2;-23,2300622;-46,59963076;"SR-SP";"UOP01";"DEL03"
341373;2021-02-18;"quinta";"09:20:00";"SE";235;"9.6";"NOSSA SENHORA DO SOCORRO";"Animais na Pista";"Atropelamento de Animal";"Com Vítimas Feridas";"Pleno dia";"Decrescente";"Céu Claro";"Simples";"Reta";"Não";1;0;1;0;0;0;1;1;-10,881238;-37,14354;"SR-SE";"UOP01";"DEL01"
341374;2021-02-18;"quinta";"08:30:00";"ES";262;"6.6";"CARIACICA";"Condutor desrespeitou a iluminação vermelha do semáforo";"Colisão transversal";"Com Vítimas Feridas";"Pleno dia";"Decrescente";"Céu Claro";"Múltipla";"Reta";"Sim";3;0;0;1;1;1;1;2;-20,34007493;-40,39451305;"SR-ES";"UOP01";"DEL01"
341375;2021-02-18;"quinta";"08:30:00";"MG";381;"930";"EXTREMA";"Demais falhas na via";"Queda de ocupante de veículo";"Com Vítimas Feridas";"Pleno dia";"Crescente";"Céu Claro";"Dupla";"Curva";"Não";1;0;1;0;0;0;1;1;-22,80188832;-46,26962063;"SR-MG";"UOP03";"DEL16"
341376;2021-02-18;"quinta";"09:30:00";"RJ";101;"59";"CAMPOS DOS GOYTACAZES";"Retorno proibido";"Colisão transversal";"Com Vítimas Feridas";"Pleno dia";"Crescente";"Nublado";"Simples";"Reta";"Sim";2;0;1;0;1;0;1;2;-21,72099218;-41,3151598;"SR-RJ";"UOP01";"DEL08"
341379;2021-02-18;"quinta";"06:59:00";"MG";381;"339";"BELA VISTA DE MINAS";"Chuva";"Colisão frontal";"Com Vítimas Feridas";"Pleno dia";"Crescente";"Nublado";"Simples";"Curva";"Não";3;0;2;0;1;0;2;2;-19,833665;-43,09613103;"SR-MG";"UOP01";"DEL03"
341381;2021-02-18;"quinta";"09:00:00";"PR";476;"133";"CURITIBA";"Manobra de mudança de faixa";"Colisão lateral mesmo sentido";"Sem Vítimas";"Pleno dia";"Decrescente";"Céu Claro";"Múltipla";"Reta";"Não";2;0;0;0;2;0;0;2;-25,469219;-49,254143;"SR-PR";"UOP03";"DEL01"
341382;2021-02-18;"quinta";"08:40:00";"PE";424;"120.5";"GARANHUNS";"Condutor deixou de manter distância do veículo da frente";"Colisão traseira";"Sem Vítimas";"Pleno dia";"Crescente";"Céu Claro";"Simples";"Curva";"Sim";2;0;0;0;2;0;0;2;-9,04217918;-36,39999709;"SR-PE";"UOP01";"DEL03"
341383;2021-02-18;"quinta";"10:05:00";"SP";381;"72";"SAO PAULO";"Demais falhas mecânicas ou elétricas";"Tombamento";"Com Vítimas Feridas";"Pleno dia";"Crescente";"Céu Claro";"Dupla";"Não Informado";"Não";2;0;1;0;1;0;1;2;-23,35761806;-46,54970281;"SR-SP";"UOP01";"DEL03"
341384;2021-01-30;"sábado";"08:15:00";"RJ";101;"393";"RIO DE JANEIRO";"Condutor deixou de manter distância do veículo da frente";"Engavetamento";"Com Vítimas Feridas";"Pleno dia";"Crescente";"Céu Claro";"Dupla";"Reta";"Não";9;0;2;0;7;0;2;4;-22,88924912;-43,70370205;"SR-RJ";"UOP04";"DEL01"
341385;2021-02-18;"quinta";"09:40:00";"DF";20;"49";"BRASILIA";"Velocidade Incompatível";"Capotamento";"Com Vítimas Feridas";"Pleno dia";"Decrescente";"Chuva";"Dupla";"Não Informado";"Não";1;0;1;0;0;0;1;1;-15,582393;-47,43119;"SR-DF";"UOP01";"DEL02"
341386;2021-01-09;"sábado";"17:00:00";"RS";101;"52.4";"TERRA DE AREIA";"Ausência de reação do condutor";"Colisão com objeto";"Com Vítimas Feridas";"Pleno dia";"Crescente";"Céu Claro";"Dupla";"Reta";"Sim";3;0;1;0;2;0;1;1;-29,625474;-50,09928703;"SR-RS";"UOP02";"DEL03"
341388;2021-02-17;"quarta";"23:30:00";"BA";101;"825";"ITAMARAJU";"Condutor Dormindo";"Saída de leito carroçável";"Sem Vítimas";"Plena Noite";"Crescente";"Céu Claro";"Simples";"Curva";"Não";1;0;0;0;1;0;0;1;-17,14113256;-39,56864312;"SR-BA";"UOP02";"DEL09"
341389;2021-01-30;"sábado";"23:00:00";"PA";163;"1002";"SANTAREM";"Desrespeitar a preferência no cruzamento";"Colisão transversal";"Com Vítimas Feridas";"Plena Noite";"Crescente";"Nublado";"Simples";"Interseção de vias";"Sim";3;0;2;0;0;1;2;2;-2,45146179;-54,72955411;"SR-PA";"UOP01";"DEL05"
341390;2021-02-18;"quinta";"10:30:00";"MG";50;"37.5";"ARAGUARI";"Reação tardia ou ineficiente do condutor";"Saída de leito carroçável";"Com Vítimas Feridas";"Pleno dia";"Crescente";"Céu Claro";"Dupla";"Reta";"Sim";6;0;0;3;2;1;3;2;-18,65828089;-48,15590858;"SR-MG";"UOP02";"DEL15"
341391;2021-02-18;"quinta";"10:40:00";"SC";101;"49";"JOINVILLE";"Ingestão de álcool pelo condutor";"Colisão com objeto";"Sem Vítimas";"Pleno dia";"Decrescente";"Céu Claro";"Dupla";"Desvio Temporário";"Não";1;0;0;0;1;0;0;1;-26,38085718;-48,85163069;"SR-SC";"UOP01";"DEL03"
341392;2021-02-18;"quinta";"10:00:00";"ES";101;"293.4";"CARIACICA";"Ausência de reação do condutor";"Colisão lateral";"Sem Vítimas";"Pleno dia";"Crescente";"Nublado";"Dupla";"Reta";"Sim";2;0;0;0;1;1;0;2;-20,31526144;-40,39567044;"SR-ES";"UOP01";"DEL01"
341393;2021-02-18;"quinta";"07:30:00";"DF";20;"2";"BRASILIA";"Condutor deixou de manter distância do veículo da frente";"Engavetamento";"Sem Vítimas";"Pleno dia";"Decrescente";"Nublado";"Dupla";"Reta";"Sim";3;0;0;0;3;0;0;3;-15,682896;-47,840729;"SR-DF";"UOP01";"DEL02"
341394;2021-02-18;"quinta";"09:00:00";"MG";356;"270.4";"MURIAE";"Acessar a via sem observar a presença dos outros veículos";"Colisão lateral";"Com Vítimas Feridas";"Pleno dia";"Decrescente";"Céu Claro";"Simples";"Interseção de vias";"Não";2;0;1;0;1;0;1;2;-21,12839937;-42,32458406;"SR-MG";"UOP02";"DEL07"
341395;2021-02-18;"quinta";"10:50:00";"GO";40;"2";"VALPARAISO DE GOIAS";"Trafegar com motocicleta (ou similar) entre as faixas";"Colisão lateral";"Com Vítimas Feridas";"Pleno dia";"Crescente";"Céu Claro";"Dupla";"Reta";"Sim";2;0;0;1;1;0;1;2;-16,067129;-47,984235;"SR-DF";"UOP01";"DEL01"
341396;2021-02-18;"quinta";"11:00:00";"SE";235;"1.3";"ARACAJU";"Reação tardia ou ineficiente do condutor";"Colisão traseira";"Com Vítimas Feridas";"Pleno dia";"Crescente";"Céu Claro";"Dupla";"Reta";"Sim";2;0;1;0;1;0;1;2;-10,9073;-37,0947;"SR-SE";"UOP01";"DEL01"
341397;2021-02-18;"quinta";"10:56:00";"RN";101;"106";"PARNAMIRIM";"Acessar a via sem observar a presença dos outros veículos";"Colisão transversal";"Sem Vítimas";"Pleno dia";"Crescente";"Céu Claro";"Simples";"Reta";"Sim";2;0;0;0;2;0;0;2;-5,91056401;-35,26130795;"SR-RN";"UOP01";"DEL01"
341399;2021-02-18;"quinta";"11:05:00";"RJ";116;"208";"SEROPEDICA";"Demais falhas mecânicas ou elétricas";"Incêndio";"Sem Vítimas";"Pleno dia";"Crescente";"Céu Claro";"Dupla";"Reta";"Sim";1;0;0;0;1;0;0;1;-22,71489519;-43,72569323;"SR-RJ";"UOP03";"DEL01"
341401;2021-02-18;"quinta";"09:30:00";"RO";364;"716";"PORTO VELHO";"Acessar a via sem observar a presença dos outros veículos";"Colisão lateral";"Com Vítimas Feridas";"Pleno dia";"Crescente";"Céu Claro";"Dupla";"Reta";"Sim";2;0;1;0;1;0;1;2;-8,78751669;-63,90015548;"SR-RO";"UOP01";"DEL01"
341402;2021-02-11;"quinta";"22:30:00";"MS";487;"84";"ITAQUIRAI";"Ingestão de álcool pelo condutor";"Saída de leito carroçável";"Sem Vítimas";"Plena Noite";"Crescente";"Chuva";"Simples";"Reta";"Não";1;0;0;0;1;0;0;1;-23,24516533;-54,20447196;"SR-MS";"UOP01";"DEL09"
341403;2021-01-13;"quarta";"14:10:00";"BA";330;"806.5";"JEQUIE";"Velocidade Incompatível";"Colisão frontal";"Com Vítimas Feridas";"Pleno dia";"Decrescente";"Nublado";"Simples";"Reta";"Sim";1;0;1;0;0;0;1;1;-13,98328201;-39,94236501;"SR-BA";"UOP01";"DEL03"
341404;2021-02-18;"quinta";"12:00:00";"RS";116;"247";"SAO LEOPOLDO";"Manobra de mudança de faixa";"Colisão lateral";"Com Vítimas Feridas";"Pleno dia";"Decrescente";"Céu Claro";"Dupla";"Reta";"Sim";2;0;1;0;1;0;1;2;-29,7664;-51,1534;"SR-RS";"UOP02";"DEL01"
341405;2021-02-11;"quinta";"05:30:00";"MA";316;"199.1";"ZE DOCA";"Transitar na contramão";"Colisão frontal";"Com Vítimas Fatais";"Pleno dia";"Crescente";"Céu Claro";"Simples";"Reta";"Sim";2;1;1;0;0;0;1;2;-3,286687;-45,657146;"SR-MA";"UOP01";"DEL02"
341406;2021-02-18;"quinta";"10:50:00";"RO";364;"711";"PORTO VELHO";"Pista esburacada";"Tombamento";"Com Vítimas Feridas";"Pleno dia";"Crescente";"Sol";"Dupla";"Não Informado";"Sim";1;0;1;0;0;0;1;1;-8,77726178;-63,87289345;"SR-RO";"UOP01";"DEL01"
341407;2021-02-18;"quinta";"12:00:00";"SC";101;"407";"ARARANGUA";"Reação tardia ou ineficiente do condutor";"Saída de leito carroçável";"Com Vítimas Feridas";"Pleno dia";"Decrescente";"Céu Claro";"Simples";"Rotatória";"Não";1;0;1;0;0;0;1;1;-28,90009415;-49,47472781;"SR-SC";"UOP02";"DEL02"
341408;2021-02-18;"quinta";"12:12:00";"MG";381;"704.5";"LAVRAS";"Velocidade Incompatível";"Saída de leito carroçável";"Com Vítimas Feridas";"Pleno dia";"Crescente";"Ignorado";"Dupla";"Curva";"Não";1;0;1;0;0;0;1;1;-21,34177704;-45,17643719;"SR-MG";"UOP02";"DEL04"
341409;2021-02-18;"quinta";"12:20:00";"BA";324;"613";"SALVADOR";"Condutor deixou de manter distância do veículo da frente";"Colisão traseira";"Com Vítimas Feridas";"Pleno dia";"Crescente";"Sol";"Dupla";"Reta";"Sim";6;0;3;0;3;0;3;4;-12,85531601;-38,42055197;"SR-BA";"UOP01";"DEL01"
341410;2021-02-18;"quinta";"12:55:00";"RS";290;"2.9";"OSORIO";"Conversão proibida";"Colisão transversal";"Com Vítimas Fatais";"Pleno dia";"Decrescente";"Nublado";"Dupla";"Reta";"Não";4;1;2;1;0;0;3;2;-29,896878;-50,302031;"SR-RS";"UOP01";"DEL03"
341411;2021-02-18;"quinta";"12:00:00";"SP";116;"110.4";"TAUBATE";"Condutor deixou de manter distância do veículo da frente";"Colisão traseira";"Com Vítimas Feridas";"Pleno dia";"Decrescente";"Sol";"Dupla";"Reta";"Não";2;0;1;0;1;0;1;2;-23,03412614;-45,5526999;"SR-SP";"UOP02";"DEL02"
341412;2021-02-18;"quinta";"11:10:00";"MG";116;"303";"ITAMBACURI";"Reação tardia ou ineficiente do condutor";"Saída de leito carroçável";"Com Vítimas Feridas";"Pleno dia";"Crescente";"Sol";"Simples";"Desvio Temporário";"Não";1;0;0;1;0;0;1;1;-18,017686;-41,644608;"SR-MG";"UOP01";"DEL11"
341413;2021-02-18;"quinta";"12:40:00";"RS";116;"450";"SAO LOURENCO DO SUL";"Reação tardia ou ineficiente do condutor";"Colisão traseira";"Com Vítimas Feridas";"Pleno dia";"Decrescente";"Céu Claro";"Dupla";"Reta";"Não";2;0;1;0;1;0;1;2;-31,19584196;-52,02180486;"SR-RS";"UOP02";"DEL02"
341414;2021-02-18;"quinta";"09:30:00";"PR";277;"386.2";"CANDOI";"Ultrapassagem Indevida";"Colisão lateral";"Com Vítimas Feridas";"Pleno dia";"Decrescente";"Céu Claro";"Simples";"Reta";"Não";3;0;2;0;1;0;2;2;-25,4251913;-51,79264882;"SR-PR";"UOP01";"DEL08"
341415;2021-02-18;"quinta";"11:40:00";"SC";280;"67";"JARAGUA DO SUL";"Acessar a via sem observar a presença dos outros veículos";"Colisão transversal";"Com Vítimas Feridas";"Pleno dia";"Decrescente";"Céu Claro";"Simples";"Reta";"Sim";1;0;1;0;0;0;1;1;-26,4775146;-49,10363575;"SR-SC";"UOP03";"DEL03"