"id";"data_inversa";"dia_semana";"horario";"uf";"br";"km";"municipio";"causa_acidente";"tipo_acidente";"classificacao_acidente";"fase_dia";"sentido_via";"condicao_metereologica";"tipo_pista";"tracado_via";"uso_solo";"pessoas";"mortos";"feridos_leves";"feridos_graves";"ilesos";"ignorados";"feridos";"veiculos";"latitude";"longitude";"regional";"delegacia";"uop"
341416;2021-02-14;"domingo";"20:15:00";"MG";40;"140.3";"JOAO PINHEIRO";"Animais na Pista";"Colisão com objeto";"Com Vítimas Feridas";"Plena Noite";"Decrescente";"Nublado";"Simples";"Desvio Temporário";"Não";3;0;2;0;1;0;2;1;-17,738873;-46,200024;"SR-MG";"UOP01";"DEL14"
341417;2021-02-18;"quinta";"10:10:00";"AL";104;"43";"BRANQUINHA";"Condutor deixou de manter distância do veículo da frente";"Colisão traseira";"Com Vítimas Feridas";"Pleno dia";"Crescente";"Sol";"Simples";"Reta";"Não";3;0;2;0;1;0;2;2;-9,2223957;-36,03009171;"SR-AL";"UOP02";"DEL01"
341418;2021-02-18;"quinta";"13:30:00";"PR";153;"452.4";"UNIAO DA VITORIA";"Acessar a via sem observar a presença dos outros veículos";"Colisão transversal";"Com Vítimas Feridas";"Pleno dia";"Crescente";"Céu Claro";"Simples";"Viaduto";"Sim";3;0;0;1;1;1;1;2;-26,11512;-51,05216;"SR-PR";"UOP03";"DEL02"
341419;2021-02-18;"quinta";"13:25:00";"BA";116;"537";"ITATIM";"Problema na suspensão";"Capotamento";"Com Vítimas Feridas";"Pleno dia";"Crescente";"Nublado";"Simples";"Reta";"Não";2;0;0;2;0;0;2;1;-12,76346895;-39,80607807;"SR-BA";"UOP02";"DEL03"
341420;2021-02-18;"quinta";"12:15:00";"MS";262;"367.7";"CAMPO GRANDE";"Reação tardia ou ineficiente do condutor";"Colisão transversal";"Com Vítimas Feridas";"Pleno dia";"Crescente";"Sol";"Simples";"Reta";"Sim";6;0;1;0;4;1;1;2;-20,47734957;-54,75069718;"SR-MS";"UOP03";"DEL01"
341421;2021-02-18;"quinta";"09:20:00";"MG";356;"265.3";"MURIAE";"Reação tardia ou ineficiente do condutor";"Colisão traseira";"Com Vítimas Feridas";"Pleno dia";"Decrescente";"Sol";"Simples";"Curva";"Não";3;0;1;0;1;1;1;2;-21,12838898;-42,366803;"SR-MG";"UOP02";"DEL07"
341423;2021-02-18;"quinta";"13:50:00";"RJ";116;"303.5";"RESENDE";"Ultrapassagem Indevida";"Colisão lateral mesmo sentido";"Com Vítimas Feridas";"Pleno dia";"Decrescente";"Céu Claro";"Simples";"Reta";"Não";2;0;1;0;1;0;1;2;-22,45434989;-44,37845201;"SR-RJ";"UOP02";"DEL07"
341424;2021-02-18;"quinta";"14:30:00";"PB";101;"82";"BAYEUX";"Ausência de reação do condutor";"Colisão traseira";"Com Vítimas Feridas";"Pleno dia";"Crescente";"Céu Claro";"Dupla";"Reta";"Sim";2;0;1;0;1;0;1;2;-7,12911;-34,93714;"SR-PB";"UOP01";"DEL01"
341425;2021-02-18;"quinta";"11:35:00";"RJ";101;"321";"NITEROI";"Ausência de reação do condutor";"Tombamento";"Com Vítimas Feridas";"Pleno dia";"Crescente";"Céu Claro";"Dupla";"Curva";"Sim";1;0;1;0;0;0;1;1;-22,86981096;-43,11046465;"SR-RJ";"UOP02";"DEL02"
341426;2021-02-18;"quinta";"13:40:00";"PE";428;"168.9";"PETROLINA";"Mal súbito do condutor";"Saída de leito carroçável";"Com Vítimas Fatais";"Pleno dia";"Decrescente";"Nublado";"Simples";"Reta";"Não";2;1;1;0;0;0;1;2;-9,22277;-40,409147;"SR-PE";"UOP01";"DEL06"
341427;2021-02-18;"quinta";"15:25:00";"RJ";40;"114";"DUQUE DE CAXIAS";"Sinalização mal posicionada";"Colisão lateral mesmo sentido";"Com Vítimas Feridas";"Pleno dia";"Crescente";"Nublado";"Múltipla";"Desvio Temporário";"Não";3;0;1;0;2;0;1;3;-22,71853604;-43,28993324;"SR-RJ";"UOP01";"DEL01"
341428;2021-02-18;"quinta";"14:30:00";"SP";116;"271";"TABOAO DA SERRA";"Acessar a via sem observar a presença dos outros veículos";"Colisão traseira";"Com Vítimas Feridas";"Pleno dia";"Decrescente";"Céu Claro";"Dupla";"Reta";"Sim";2;0;1;0;1;0;1;2;-23,61809286;-46,80556302;"SR-SP";"UOP01";"DEL04"
341430;2021-01-25;"segunda";"01:50:00";"MA";135;"9";"SAO LUIS";"Condutor deixou de manter distância do veículo da frente";"Colisão traseira";"Com Vítimas Fatais";"Plena Noite";"Decrescente";"Chuva";"Dupla";"Não Informado";"Não";2;1;0;0;1;0;0;2;-2,64941425;-44,28038883;"SR-MA";"UOP01";"DEL01"
341432;2021-02-18;"quinta";"14:30:00";"SC";470;"111";"APIUNA";"Carga excessiva e/ou mal acondicionada";"Colisão com objeto";"Sem Vítimas";"Pleno dia";"Decrescente";"Céu Claro";"Simples";"Curva";"Não";1;0;0;0;1;0;0;1;-27,099657;-49,461211;"SR-SC";"UOP02";"DEL04"
341433;2021-01-31;"domingo";"15:00:00";"BA";116;"113";"MACURURE";"Ultrapassagem Indevida";"Colisão lateral";"Com Vítimas Feridas";"Pleno dia";"Crescente";"Céu Claro";"Simples";"Reta";"Não";3;0;1;0;1;1;1;3;-9,60332913;-39,10064752;"SR-BA";"UOP01";"DEL07"
341434;2021-02-10;"quarta";"19:20:00";"MT";364;"203.8";"RONDONOPOLIS";"Manobra de mudança de faixa";"Colisão lateral mesmo sentido";"Com Vítimas Feridas";"Plena Noite";"Decrescente";"Céu Claro";"Dupla";"Reta";"Sim";2;0;0;1;1;0;1;2;-16,45731661;-54,66188765;"SR-MT";"UOP01";"DEL02"
341436;2021-02-18;"quinta";"14:00:00";"MG";116;"554.2";"SANTA BARBARA DO LESTE";"Desrespeitar a preferência no cruzamento";"Colisão transversal";"Com Vítimas Feridas";"Pleno dia";"Decrescente";"Nublado";"Simples";"Reta";"Não";2;0;0;1;1;0;1;2;-20,00117809;-42,14034158;"SR-MG";"UOP02";"DEL06"
341438;2021-02-07;"domingo";"20:00:00";"PA";10;"354";"SANTA MARIA DO PARA";"Pedestre cruzava a pista fora da faixa";"Atropelamento de Pedestre";"Com Vítimas Feridas";"Plena Noite";"Crescente";"Céu Claro";"Simples";"Reta";"Sim";2;0;1;1;0;0;2;1;-1,34759789;-47,57735696;"SR-PA";"UOP02";"DEL01"
341439;2021-02-18;"quinta";"15:00:00";"GO";60;"18.7";"ALEXANIA";"Velocidade Incompatível";"Capotamento";"Com Vítimas Feridas";"Pleno dia";"Crescente";"Nublado";"Dupla";"Curva";"Não";1;0;0;1;0;0;1;1;-16,0963;-48,5202;"SR-DF";"UOP02";"DEL01"
341441;2021-02-18;"quinta";"16:10:00";"RN";101;"107";"PARNAMIRIM";"Reação tardia ou ineficiente do condutor";"Colisão traseira";"Com Vítimas Feridas";"Pleno dia";"Decrescente";"Céu Claro";"Dupla";"Reta";"Sim";2;0;1;0;1;0;1;2;-5,91920796;-35,26412409;"SR-RN";"UOP01";"DEL01"
341442;2021-02-18;"quinta";"16:05:00";"SP";116;"345.6";"MIRACATU";"Reação tardia ou ineficiente do condutor";"Saída de leito carroçável";"Com Vítimas Feridas";"Pleno dia";"Crescente";"Céu Claro";"Dupla";"Curva";"Não";1;0;1;0;0;0;1;1;-24,03551364;-47,18593225;"SR-SP";"UOP02";"DEL04"
341443;2021-02-07;"domingo";"19:10:00";"MA";316;"84";"MARANHAOZINHO";"Animais na Pista";"Atropelamento de Animal";"Com Vítimas Fatais";"Plena Noite";"Crescente";"Nublado";"Simples";"Reta";"Não";2;1;1;0;0;0;1;1;-2,278262;-45,847191;"SR-MA";"UOP02";"DEL02"
341444;2021-02-18;"quinta";"16:30:00";"ES";101;"145";"LINHARES";"Ausência de reação do condutor";"Colisão traseira";"Com Vítimas Feridas";"Pleno dia";"Crescente";"Chuva";"Dupla";"Reta";"Sim";2;0;0;1;1;0;1;2;-19,36307925;-40,06487153;"SR-ES";"UOP01";"DEL04"
341445;2021-02-18;"quinta";"15:30:00";"BA";101;"280";"LAJE";"Velocidade Incompatível";"Saída de leito carroçável";"Com Vítimas Fatais";"Pleno dia";"Decrescente";"Nublado";"Simples";"Reta";"Não";3;1;1;1;0;0;2;1;-13,22604198;-39,32501409;"SR-BA";"UOP02";"DEL01"
341446;2021-02-18;"quinta";"14:20:00";"PR";277;"78";"CURITIBA";"Demais falhas mecânicas ou elétricas";"Tombamento";"Com Vítimas Feridas";"Pleno dia";"Decrescente";"Sol";"Dupla";"Reta";"Sim";1;0;0;1;0;0;1;1;-25,46953926;-49,21279281;"SR-PR";"UOP01";"DEL01"
341447;2021-02-18;"quinta";"13:40:00";"SC";116;"139";"SANTA CECILIA";"Mal súbito do condutor";"Colisão traseira";"Com Vítimas Feridas";"Pleno dia";"Decrescente";"Céu Claro";"Simples";"Reta";"Sim";3;0;1;1;0;1;2;2;-26,96007677;-50,41626976;"SR-SC";"UOP02";"DEL06"
341448;2021-02-18;"quinta";"16:30:00";"PE";101;"54.6";"PAULISTA";"Objeto estático sobre o leito carroçável";"Colisão lateral";"Com Vítimas Feridas";"Pleno dia";"Crescente";"Sol";"Dupla";"Reta";"Não";2;0;1;0;0;1;1;2;-7,93961103;-34,90356584;"SR-PE";"UOP02";"DEL01"
341449;2021-02-18;"quinta";"17:00:00";"MG";40;"479.9";"SETE LAGOAS";"Chuva";"Saída de leito carroçável";"Com Vítimas Feridas";"Pleno dia";"Decrescente";"Chuva";"Dupla";"Não Informado";"Não";3;0;3;0;0;0;3;1;-19,540798;-44,250375;"SR-MG";"UOP01";"DEL02"
341450;2021-02-18;"quinta";"15:00:00";"MG";381;"489";"BETIM";"Velocidade Incompatível";"Tombamento";"Com Vítimas Feridas";"Pleno dia";"Crescente";"Céu Claro";"Dupla";"Reta";"Sim";1;0;1;0;0;0;1;1;-19,95586847;-44,14414767;"SR-MG";"UOP03";"DEL01"
341451;2021-02-18;"quinta";"08:30:00";"RS";116;"158";"CAXIAS DO SUL";"Demais falhas mecânicas ou elétricas";"Incêndio";"Sem Vítimas";"Pleno dia";"Decrescente";"Sol";"Dupla";"Reta";"Não";1;0;0;0;1;0;0;1;-29,22015528;-51,16867117;"SR-RS";"UOP01";"DEL05"
341452;2021-02-18;"quinta";"16:25:00";"PR";277;"723.1";"FOZ DO IGUACU";"Reação tardia ou ineficiente do condutor";"Colisão traseira";"Com Vítimas Feridas";"Pleno dia";"Decrescente";"Sol";"Dupla";"Reta";"Sim";2;0;2;0;0;0;2;2;-25,499544;-54,531363;"SR-PR";"UOP03";"DEL05"
341454;2021-02-18;"quinta";"16:00:00";"PR";277;"38";"MORRETES";"Condutor deixou de manter distância do veículo da frente";"Colisão traseira";"Com Vítimas Feridas";"Pleno dia";"Crescente";"Céu Claro";"Dupla";"Não Informado";"Não";3;0;1;0;2;0;1;3;-25,56584471;-48,81116269;"SR-PR";"UOP05";"DEL01"
341455;2021-02-18;"quinta";"18:00:00";"GO";414;"379.1";"CORUMBA DE GOIAS";"Acessar a via sem observar a presença dos outros veículos";"Colisão transversal";"Com Vítimas Feridas";"Anoitecer";"Decrescente";"Nublado";"Simples";"Reta";"Não";2;0;1;0;1;0;1;2;-15,8369201;-48,77559308;"SR-GO";"UOP01";"DEL02"
341456;2021-02-18;"quinta";"15:10:00";"CE";402;"295.7";"UMIRIM";"Falta de elemento de contenção que evite a saída do leito carroçável";"Capotamento";"Sem Vítimas";"Pleno dia";"Decrescente";"Céu Claro";"Simples";"Não Informado";"Não";1;0;0;0;1;0;0;1;-3,66394565;-39,40929572;"SR-CE";"UOP03";"DEL01"
341457;2021-02-18;"quinta";"17:18:00";"SP";116;"277.1";"EMBU DAS ARTES";"Demais falhas mecânicas ou elétricas";"Queda de ocupante de veículo";"Com Vítimas Feridas";"Pleno dia";"Decrescente";"Céu Claro";"Dupla";"Reta";"Sim";1;0;1;0;0;0;1;1;-23,64870535;-46,84395469;"SR-SP";"UOP01";"DEL04"
341458;2021-02-18;"quinta";"16:40:00";"TO";153;"676.5";"GURUPI";"Demais falhas na via";"Queda de ocupante de veículo";"Com Vítimas Feridas";"Pleno dia";"Decrescente";"Nublado";"Simples";"Desvio Temporário";"Não";1;0;1;0;0;0;1;1;-11,76028512;-49,09631084;"SR-TO";"UOP02";"DEL01"
341459;2021-02-18;"quinta";"10:30:00";"BA";101;"667.2";"ITAPEBI";"Velocidade Incompatível";"Saída de leito carroçável";"Com Vítimas Feridas";"Pleno dia";"Decrescente";"Céu Claro";"Simples";"Curva";"Não";1;0;1;0;0;0;1;1;-15,98329461;-39,56858223;"SR-BA";"UOP01";"DEL09"
341460;2021-02-18;"quinta";"17:05:00";"SP";116;"292";"ITAPECERICA DA SERRA";"Acumulo de óleo sobre o pavimento";"Tombamento";"Com Vítimas Feridas";"Pleno dia";"Crescente";"Céu Claro";"Simples";"Curva";"Não";1;0;1;0;0;0;1;1;-23,74581995;-46,90003027;"SR-SP";"UOP01";"DEL04"
341461;2021-02-18;"quinta";"17:20:00";"RS";290;"114";"ELDORADO DO SUL";"Condutor deixou de manter distância do veículo da frente";"Colisão traseira";"Sem Vítimas";"Pleno dia";"Decrescente";"Céu Claro";"Simples";"Reta";"Não";2;0;0;0;2;0;0;2;-30,044607;-51,347553;"SR-RS";"UOP01";"DEL02"
341462;2021-02-18;"quinta";"16:00:00";"PR";376;"599";"CURITIBA";"Ausência de reação do condutor";"Saída de leito carroçável";"Com Vítimas Feridas";"Pleno dia";"Crescente";"Céu Claro";"Dupla";"Reta";"Sim";2;0;1;0;1;0;1;2;-25,52629711;-49,32958412;"SR-PR";"UOP01";"DEL01"
341463;2021-01-23;"sábado";"09:00:00";"BA";330;"813.4";"JITAUNA";"Desrespeitar a preferência no cruzamento";"Colisão lateral";"Com Vítimas Feridas";"Pleno dia";"Decrescente";"Céu Claro";"Simples";"Curva";"Sim";3;0;0;1;2;0;1;2;-14,00984943;-39,89588438;"SR-BA";"UOP01";"DEL03"
341465;2021-02-18;"quinta";"09:50:00";"RS";116;"129.9";"SAO MARCOS";"Demais falhas mecânicas ou elétricas";"Saída de leito carroçável";"Sem Vítimas";"Pleno dia";"Crescente";"Céu Claro";"Simples";"Reta";"Não";1;0;0;0;1;0;0;1;-29,03661379;-51,10112013;"SR-RS";"UOP01";"DEL05"
341467;2021-01-15;"sexta";"14:25:00";"BA";324;"562";"SAO SEBASTIAO DO PASSE";"Condutor deixou de manter distância do veículo da frente";"Colisão traseira";"Com Vítimas Feridas";"Pleno dia";"Decrescente";"Céu Claro";"Dupla";"Reta";"Não";3;0;0;2;1;0;2;2;-12,503202;-38,639217;"SR-BA";"UOP01";"DEL01"
341468;2021-02-18;"quinta";"18:00:00";"ES";101;"393";"RIO NOVO DO SUL";"Desrespeitar a preferência no cruzamento";"Tombamento";"Com Vítimas Feridas";"Anoitecer";"Decrescente";"Chuva";"Simples";"Reta";"Não";1;0;1;0;0;0;1;1;-20,86733567;-40,90426608;"SR-ES";"UOP02";"DEL03"
341470;2021-02-18;"quinta";"16:00:00";"PR";376;"591.6";"CURITIBA";"Reação tardia ou ineficiente do condutor";"Colisão traseira";"Sem Vítimas";"Pleno dia";"Crescente";"Céu Claro";"Dupla";"Reta";"Não";1;0;0;0;0;1;0;1;-25,45999605;-49,35895013;"SR-PR";"UOP01";"DEL01"
341471;2021-01-18;"segunda";"07:30:00";"BA";324;"593";"CANDEIAS";"Condutor deixou de manter distância do veículo da frente";"Colisão traseira";"Sem Vítimas";"Pleno dia";"Decrescente";"Sol";"Dupla";"Reta";"Não";2;0;0;0;2;0;0;2;-12,69890302;-38,46419428;"SR-BA";"UOP01";"DEL01"
341472;2021-02-18;"quinta";"18:15:00";"SC";101;"202.2";"SAO JOSE";"Trafegar com motocicleta (ou similar) entre as faixas";"Colisão lateral";"Com Vítimas Feridas";"Pleno dia";"Crescente";"Céu Claro";"Dupla";"Reta";"Sim";3;0;1;0;2;0;1;3;-27,55711595;-48,61897889;"SR-SC";"UOP01";"DEL01"
341474;2021-02-18;"quinta";"18:15:00";"RS";116;"243";"SAO LEOPOLDO";"Reação tardia ou ineficiente do condutor";"Colisão traseira";"Com Vítimas Feridas";"Pleno dia";"Crescente";"Nublado";"Dupla";"Não Informado";"Sim";3;0;2;0;1;0;2;2;-29,73094591;-51,14956498;"SR-RS";"UOP02";"DEL01"
341475;2021-02-18;"quinta";"17:45:00";"DF";70;"7";"BRASILIA";"Área urbana sem a presença de local apropriado para a travessia de pedestres";"Atropelamento de Pedestre";"Com Vítimas Feridas";"Anoitecer";"Crescente";"Nublado";"Dupla";"Reta";"Sim";4;0;1;2;1;0;3;1;-15,787601;-48,114429;"SR-DF";"UOP03";"DEL01"
341476;2021-02-18;"quinta";"15:45:00";"MG";381;"904";"CAMBUI";"Reação tardia ou ineficiente do condutor";"Saída de leito carroçável";"Com Vítimas Feridas";"Pleno dia";"Decrescente";"Céu Claro";"Dupla";"Não Informado";"Não";1;0;1;0;0;0;1;1;-22,68841562;-46,10648041;"SR-MG";"UOP03";"DEL16"
341477;2021-01-23;"sábado";"07:40:00";"BA";101;"228";"SAPEACU";"Transitar na contramão";"Colisão frontal";"Com Vítimas Fatais";"Pleno dia";"Crescente";"Céu Claro";"Simples";"Reta";"Não";3;2;1;0;0;0;1;2;-12,710954;-39,172569;"SR-BA";"UOP02";"DEL01"
341479;2021-01-10;"domingo";"05:20:00";"BA";324;"546";"AMELIA RODRIGUES";"Condutor deixou de manter distância do veículo da frente";"Colisão traseira";"Sem Vítimas";"Amanhecer";"Decrescente";"Céu Claro";"Dupla";"Não Informado";"Não";2;0;0;0;2;0;0;2;-12,41513603;-38,75158107;"SR-BA";"UOP03";"DEL01"
341480;2021-02-18;"quinta";"19:00:00";"CE";222;"10.1";"CAUCAIA";"Entrada inopinada do pedestre";"Atropelamento de Pedestre";"Com Vítimas Feridas";"Plena Noite";"Decrescente";"Céu Claro";"Múltipla";"Reta";"Sim";2;0;1;1;0;0;2;1;-3,76186908;-38,65413796;"SR-CE";"UOP01";"DEL01"
341481;2021-02-18;"quinta";"17:00:00";"GO";20;"225";"POSSE";"Chuva";"Saída de leito carroçável";"Com Vítimas Feridas";"Pleno dia";"Decrescente";"Chuva";"Simples";"Curva";"Não";9;0;0;1;8;0;1;1;-14,153014;-46,325546;"SR-DF";"UOP02";"DEL02"
341482;2021-02-18;"quinta";"17:50:00";"RJ";101;"334";"RIO DE JANEIRO";"Manobra de mudança de faixa";"Colisão lateral";"Sem Vítimas";"Anoitecer";"Decrescente";"Céu Claro";"Dupla";"Reta";"Não";3;0;0;0;3;0;0;2;-22,88517902;-43,21704364;"SR-RJ";"UOP02";"DEL02"
341483;2021-02-18;"quinta";"18:00:00";"PB";101;"122.7";"CAAPORA";"Velocidade Incompatível";"Saída de leito carroçável";"Com Vítimas Feridas";"Plena Noite";"Crescente";"Céu Claro";"Dupla";"Não Informado";"Não";4;0;4;0;0;0;4;1;-7,45038197;-34,97994215;"SR-PB";"UOP02";"DEL01"
341484;2021-01-10;"domingo";"22:30:00";"BA";324;"5";"FEIRA DE SANTANA";"Transitar na contramão";"Colisão frontal";"Com Vítimas Fatais";"Plena Noite";"Crescente";"Céu Claro";"Dupla";"Reta";"Sim";2;1;0;0;1;0;0;2;-12,267113;-38,966988;"SR-BA";"UOP01";"DEL02"
341486;2021-01-26;"terça";"01:30:00";"BA";324;"405";"NOVA FATIMA";"Transitar na contramão";"Colisão frontal";"Com Vítimas Fatais";"Plena Noite";"Crescente";"Céu Claro";"Simples";"Reta";"Não";2;1;0;0;1;0;0;2;-11,61071279;-39,62475667;"SR-BA";"UOP02";"DEL04"
341487;2021-02-18;"quinta";"19:00:00";"BA";324;"582";"CANDEIAS";"Condutor Dormindo";"Saída de leito carroçável";"Com Vítimas Feridas";"Plena Noite";"Crescente";"Céu Claro";"Dupla";"Curva";"Não";1;0;1;0;0;0;1;1;-12,60856603;-38,49390902;"SR-BA";"UOP01";"DEL01"
341488;2021-01-29;"sexta";"14:00:00";"BA";116;"249";"TUCANO";"Manobra de mudança de faixa";"Colisão frontal";"Com Vítimas Feridas";"Pleno dia";"Decrescente";"Céu Claro";"Simples";"Reta";"Não";6;0;0;1;4;1;1;2;-10,76756888;-38,89819176;"SR-BA";"UOP02";"DEL07"
341489;2021-01-14;"quinta";"15:20:00";"BA";116;"775.8";"PLANALTO";"Manobra de mudança de faixa";"Colisão lateral sentido oposto";"Com Vítimas Fatais";"Pleno dia";"Decrescente";"Céu Claro";"Simples";"Não Informado";"Não";2;1;1;0;0;0;1;2;-14,664698;-40,463026;"SR-BA";"UOP02";"DEL08"
341490;2021-02-18;"quinta";"19:28:00";"SC";282;"3.7";"FLORIANOPOLIS";"Condutor deixou de manter distância do veículo da frente";"Colisão traseira";"Com Vítimas Feridas";"Plena Noite";"Crescente";"Céu Claro";"Múltipla";"Curva";"Sim";2;0;0;1;1;0;1;2;-27,59953836;-48,6000663;"SR-SC";"UOP01";"DEL01"
341491;2021-02-18;"quinta";"19:15:00";"RS";101;"1.8";"TORRES";"Ausência de reação do condutor";"Saída de leito carroçável";"Com Vítimas Feridas";"Plena Noite";"Decrescente";"Céu Claro";"Dupla";"Reta";"Sim";3;0;2;0;1;0;2;1;-29,315223;-49,773947;"SR-RS";"UOP02";"DEL03"
341492;2021-02-18;"quinta";"19:45:00";"PR";376;"143";"PRESIDENTE CASTELO BRANCO";"Manobra de mudança de faixa";"Saída de leito carroçável";"Com Vítimas Feridas";"Plena Noite";"Decrescente";"Céu Claro";"Dupla";"Reta";"Não";2;0;0;1;1;0;1;1;-23,26518298;-52,16200896;"SR-PR";"UOP02";"DEL09"
341493;2021-01-21;"quinta";"16:40:00";"BA";242;"738";"CRISTOPOLIS";"Reação tardia ou ineficiente do condutor";"Colisão frontal";"Com Vítimas Feridas";"Pleno dia";"Crescente";"Céu Claro";"Simples";"Reta";"Não";5;0;1;1;3;0;2;3;-12,22319668;-44,34507402;"SR-BA";"UOP01";"DEL10"
341494;2021-02-18;"quinta";"19:10:00";"MT";163;"750";"SORRISO";"Ausência de reação do condutor";"Atropelamento de Pedestre";"Com Vítimas Feridas";"Plena Noite";"Crescente";"Céu Claro";"Dupla";"Reta";"Sim";2;0;0;1;0;1;1;1;-12,67193506;-55,79367178;"SR-MT";"UOP01";"DEL06"
341495;2021-01-14;"quinta";"14:55:00";"BA";242;"787";"BARREIRAS";"Manobra de mudança de faixa";"Colisão frontal";"Sem Vítimas";"Pleno dia";"Crescente";"Céu Claro";"Simples";"Curva";"Não";2;0;0;0;1;1;0;2;-12,13886925;-44,77232202;"SR-BA";"UOP01";"DEL10"
341496;2021-02-18;"quinta";"18:00:00";"GO";452;"33";"SANTA HELENA DE GOIAS";"Declive acentuado";"Colisão lateral sentido oposto";"Com Vítimas Feridas";"Anoitecer";"Decrescente";"Céu Claro";"Simples";"Reta";"Não";4;0;3;0;1;0;3;2;-17,91196909;-50,61949705;"SR-GO";"UOP01";"DEL04"
341497;2021-02-18;"quinta";"19:50:00";"SC";101;"153";"PORTO BELO";"Velocidade Incompatível";"Queda de ocupante de veículo";"Com Vítimas Feridas";"Plena Noite";"Crescente";"Céu Claro";"Múltipla";"Reta";"Sim";1;0;1;0;0;0;1;1;-27,144717;-48,61063935;"SR-SC";"UOP03";"DEL04"
341498;2021-02-18;"quinta";"20:50:00";"GO";153;"506.9";"APARECIDA DE GOIANIA";"Ausência de reação do condutor";"Saída de leito carroçável";"Com Vítimas Feridas";"Plena Noite";"Decrescente";"Nublado";"Simples";"Não Informado";"Sim";1;0;1;0;0;0;1;1;-16,7633;-49,24;"SR-GO";"UOP01";"DEL01"
341499;2021-02-18;"quinta";"19:50:00";"SC";101;"157.9";"PORTO BELO";"Ausência de reação do condutor";"Colisão lateral";"Com Vítimas Feridas";"Plena Noite";"Crescente";"Céu Claro";"Dupla";"Reta";"Sim";2;0;0;1;1;0;1;2;-27,181625;-48,6121179;"SR-SC";"UOP03";"DEL04"
341500;2021-02-18;"quinta";"17:50:00";"RS";290;"19.9";"SANTO ANTONIO DA PATRULHA";"Mal súbito do condutor";"Saída de leito carroçável";"Com Vítimas Feridas";"Pleno dia";"Decrescente";"Nublado";"Dupla";"Reta";"Não";1;0;1;0;0;0;1;1;-29,884407;-50,444893;"SR-RS";"UOP01";"DEL03"
341501;2021-02-18;"quinta";"19:00:00";"RS";290;"4.5";"OSORIO";"Conversão proibida";"Colisão transversal";"Com Vítimas Feridas";"Anoitecer";"Decrescente";"Céu Claro";"Múltipla";"Reta";"Sim";4;0;2;0;2;0;2;2;-29,898134;-50,31419;"SR-RS";"UOP01";"DEL03"
341502;2021-02-18;"quinta";"21:20:00";"RN";101;"72.6";"EXTREMOZ";"Animais na Pista";"Atropelamento de Animal";"Sem Vítimas";"Plena Noite";"Crescente";"Céu Claro";"Simples";"Não Informado";"Não";1;0;0;0;1;0;0;1;-5,69866248;-35,26316835;"SR-RN";"UOP01";"DEL02"
341503;2021-02-18;"quinta";"21:30:00";"RS";116;"268.1";"CANOAS";"Ingestão de álcool pelo condutor";"Colisão traseira";"Sem Vítimas";"Plena Noite";"Crescente";"Céu Claro";"Dupla";"Reta";"Sim";2;0;0;0;2;0;0;2;-29,95042502;-51,17652939;"SR-RS";"UOP01";"DEL01"
341504;2021-02-18;"quinta";"19:00:00";"RS";471;"160.5";"RIO PARDO";"Desrespeitar a preferência no cruzamento";"Colisão transversal";"Com Vítimas Feridas";"Plena Noite";"Crescente";"Nublado";"Simples";"Interseção de vias";"Não";2;0;2;0;0;0;2;2;-29,8654701;-52,39065528;"SR-RS";"UOP03";"DEL02"
341505;2021-02-18;"quinta";"20:30:00";"MG";262;"121.7";"RIO CASCA";"Desrespeitar a preferência no cruzamento";"Colisão transversal";"Com Vítimas Feridas";"Plena Noite";"Crescente";"Chuva";"Simples";"Não Informado";"Não";2;0;0;1;1;0;1;2;-20,21063427;-42,6604349;"SR-MG";"UOP03";"DEL03"
341506;2021-02-18;"quinta";"21:25:00";"CE";20;"420";"MARACANAU";"Transitar na contramão";"Colisão frontal";"Com Vítimas Feridas";"Plena Noite";"Crescente";"Céu Claro";"Múltipla";"Reta";"Não";2;0;1;0;1;0;1;2;-3,76999035;-38,67006282;"SR-CE";"UOP02";"DEL01"
341507;2021-02-18;"quinta";"20:30:00";"BA";407;"222";"CAPIM GROSSO";"Animais na Pista";"Atropelamento de Animal";"Com Vítimas Feridas";"Plena Noite";"Crescente";"Garoa/Chuvisco";"Simples";"Reta";"Não";2;0;2;0;0;0;2;1;-11,28824597;-40,02096672;"SR-BA";"UOP02";"DEL04"
341508;2021-02-04;"quinta";"09:05:00";"SC";101;"145.5";"ITAPEMA";"Condutor deixou de manter distância do veículo da frente";"Colisão traseira";"Com Vítimas Feridas";"Pleno dia";"Decrescente";"Sol";"Dupla";"Reta";"Não";6;0;2;0;4;0;2;4;-27,08139206;-48,60130993;"SR-SC";"UOP03";"DEL04"
341509;2021-02-18;"quinta";"20:00:00";"SC";116;"138.2";"SANTA CECILIA";"Desrespeitar a preferência no cruzamento";"Colisão transversal";"Com Vítimas Feridas";"Plena Noite";"Decrescente";"Céu Claro";"Simples";"Reta";"Não";3;0;3;0;0;0;3;2;-26,95365013;-50,42351412;"SR-SC";"UOP02";"DEL06"
341510;2021-02-18;"quinta";"16:10:00";"RO";364;"14";"VILHENA";"Frear bruscamente";"Tombamento";"Com Vítimas Feridas";"Pleno dia";"Decrescente";"Nublado";"Simples";"Interseção de vias";"Sim";1;0;1;0;0;0;1;1;-12,73898138;-60,13911417;"SR-RO";"UOP01";"DEL04"