"id";"data_inversa";"dia_semana";"horario";"uf";"br";"km";"municipio";"causa_acidente";"tipo_acidente";"classificacao_acidente";"fase_dia";"sentido_via";"condicao_metereologica";"tipo_pista";"tracado_via";"uso_solo";"pessoas";"mortos";"feridos_leves";"feridos_graves";"ilesos";"ignorados";"feridos";"veiculos";"latitude";"longitude";"regional";"delegacia";"uop"
341617;2021-02-19;"sexta";"10:30:00";"RJ";356;"63";"ITAPERUNA";"Avarias e/ou desgaste excessivo no pneu";"Saída de leito carroçável";"Com Vítimas Feridas";"Pleno dia";"Decrescente";"Chuva";"Simples";"Curva";"Não";1;0;1;0;0;0;1;1;-21,339923;-41,710355;"SR-RJ";"UOP03";"DEL08"
341618;2021-02-19;"sexta";"09:45:00";"CE";20;"202";"BOA VIAGEM";"Reação tardia ou ineficiente do condutor";"Atropelamento de Pedestre";"Com Vítimas Feridas";"Pleno dia";"Decrescente";"Céu Claro";"Simples";"Curva";"Sim";3;0;3;0;0;0;3;1;-5,13728811;-39,73839081;"SR-CE";"UOP02";"DEL02"
341619;2021-01-06;"quarta";"19:20:00";"CE";222;"10";"CAUCAIA";"Retorno proibido";"Colisão lateral";"Com Vítimas Fatais";"Plena Noite";"Decrescente";"Céu Claro";"Simples";"Reta";"Não";3;1;2;0;0;0;2;2;-3,736507;-38,65337;"SR-CE";"UOP01";"DEL01"
341621;2021-02-19;"sexta";"06:30:00";"SC";470;"178.2";"POUSO REDONDO";"Desrespeitar a preferência no cruzamento";"Colisão transversal";"Com Vítimas Feridas";"Amanhecer";"Crescente";"Céu Claro";"Simples";"Reta";"Sim";2;0;0;1;1;0;1;2;-27,248392;-49,967083;"SR-SC";"UOP02";"DEL04"
341622;2021-02-19;"sexta";"11:50:00";"MG";381;"344";"BELA VISTA DE MINAS";"Velocidade Incompatível";"Saída de leito carroçável";"Com Vítimas Feridas";"Pleno dia";"Crescente";"Chuva";"Simples";"Reta";"Não";3;0;1;2;0;0;3;1;-19,85986781;-43,11280984;"SR-MG";"UOP01";"DEL03"
341623;2021-02-19;"sexta";"12:15:00";"MG";251;"492.3";"FRANCISCO SA";"Chuva";"Saída de leito carroçável";"Com Vítimas Feridas";"Pleno dia";"Crescente";"Chuva";"Simples";"Não Informado";"Não";1;0;1;0;0;0;1;1;-16,54433804;-43,59543496;"SR-MG";"UOP01";"DEL12"
341624;2021-02-19;"sexta";"12:20:00";"MG";50;"119";"UBERABA";"Velocidade Incompatível";"Saída de leito carroçável";"Com Vítimas Feridas";"Pleno dia";"Decrescente";"Céu Claro";"Dupla";"Reta";"Não";1;0;1;0;0;0;1;1;-19,29969201;-48,11376802;"SR-MG";"UOP01";"DEL13"
341626;2021-02-19;"sexta";"11:30:00";"SP";116;"484.2";"CAJATI";"Acessar a via sem observar a presença dos outros veículos";"Colisão lateral mesmo sentido";"Com Vítimas Feridas";"Pleno dia";"Decrescente";"Céu Claro";"Dupla";"Retorno Regulamentado";"Não";4;0;2;0;2;0;2;2;-24,72231195;-48,062511;"SR-SP";"UOP01";"DEL05"
341627;2021-02-19;"sexta";"12:20:00";"RS";285;"307";"PASSO FUNDO";"Velocidade Incompatível";"Saída de leito carroçável";"Com Vítimas Feridas";"Pleno dia";"Decrescente";"Céu Claro";"Simples";"Curva";"Não";1;0;1;0;0;0;1;1;-28,226831;-52,506958;"SR-RS";"UOP03";"DEL08"
341628;2021-02-07;"domingo";"13:45:00";"SC";470;"185";"POUSO REDONDO";"Acessar a via sem observar a presença dos outros veículos";"Colisão transversal";"Com Vítimas Feridas";"Pleno dia";"Crescente";"Céu Claro";"Simples";"Curva";"Não";3;0;1;2;0;0;3;2;-27,254034;-50,036575;"SR-SC";"UOP02";"DEL04"
341630;2021-02-05;"sexta";"16:58:00";"MG";40;"797.6";"JUIZ DE FORA";"Ausência de reação do condutor";"Colisão traseira";"Com Vítimas Feridas";"Pleno dia";"Decrescente";"Nublado";"Dupla";"Reta";"Sim";4;0;0;1;2;1;1;2;-21,80377629;-43,30522538;"SR-MG";"UOP01";"DEL05"
341631;2021-02-19;"sexta";"12:50:00";"RN";101;"176.3";"CANGUARETAMA";"Velocidade Incompatível";"Colisão com objeto";"Com Vítimas Feridas";"Pleno dia";"Crescente";"Céu Claro";"Dupla";"Desvio Temporário";"Não";1;0;1;0;0;0;1;1;-6,50166475;-35,11200246;"SR-RN";"UOP01";"DEL01"
341633;2021-02-19;"sexta";"10:20:00";"RO";364;"706";"PORTO VELHO";"Acumulo de água sobre o pavimento";"Saída de leito carroçável";"Com Vítimas Feridas";"Pleno dia";"Decrescente";"Chuva";"Dupla";"Curva";"Sim";1;0;1;0;0;0;1;1;-8,80030539;-63,823428;"SR-RO";"UOP01";"DEL01"
341634;2021-02-18;"quinta";"03:00:00";"MS";262;"182";"RIBAS DO RIO PARDO";"Reação tardia ou ineficiente do condutor";"Tombamento";"Com Vítimas Feridas";"Plena Noite";"Decrescente";"Céu Claro";"Simples";"Reta";"Não";1;0;1;0;0;0;1;1;-20,41123522;-53,22613882;"SR-MS";"UOP02";"DEL07"
341635;2021-02-04;"quinta";"18:01:00";"SC";101;"126";"ITAJAI";"Velocidade Incompatível";"Colisão traseira";"Com Vítimas Feridas";"Pleno dia";"Crescente";"Nublado";"Múltipla";"Reta";"Não";2;0;0;1;1;0;1;2;-26,95564404;-48,67978366;"SR-SC";"UOP04";"DEL04"
341636;2021-02-19;"sexta";"12:30:00";"TO";153;"355";"FORTALEZA DO TABOCAO";"Avarias e/ou desgaste excessivo no pneu";"Saída de leito carroçável";"Com Vítimas Feridas";"Pleno dia";"Crescente";"Nublado";"Simples";"Reta";"Não";2;0;1;0;1;0;1;1;-9,02301795;-48,50307549;"SR-TO";"UOP02";"DEL02"
341638;2021-02-10;"quarta";"14:20:00";"MS";359;"523.9";"LADARIO";"Acumulo de água sobre o pavimento";"Colisão frontal";"Com Vítimas Feridas";"Pleno dia";"Decrescente";"Chuva";"Simples";"Curva";"Não";3;0;1;2;0;0;3;2;-19,02177276;-57,61507992;"SR-MS";"UOP03";"DEL03"
341639;2021-02-19;"sexta";"13:00:00";"MA";316;"546.9";"CAXIAS";"Acessar a via sem observar a presença dos outros veículos";"Colisão transversal";"Com Vítimas Feridas";"Pleno dia";"Crescente";"Nublado";"Simples";"Rotatória";"Não";2;0;0;1;0;1;1;2;-4,87529747;-43,39598536;"SR-MA";"UOP02";"DEL03"
341640;2021-02-19;"sexta";"14:00:00";"PE";101;"3.9";"GOIANA";"Velocidade Incompatível";"Saída de leito carroçável";"Com Vítimas Feridas";"Pleno dia";"Decrescente";"Céu Claro";"Dupla";"Curva";"Não";1;0;1;0;0;0;1;1;-7,52387351;-34,99333161;"SR-PE";"UOP02";"DEL01"
341642;2021-01-30;"sábado";"22:20:00";"BA";324;"601";"SIMOES FILHO";"Velocidade Incompatível";"Colisão traseira";"Com Vítimas Feridas";"Plena Noite";"Crescente";"Céu Claro";"Dupla";"Reta";"Não";3;0;2;0;0;1;2;2;-12,75619292;-38,42803587;"SR-BA";"UOP01";"DEL01"
341644;2021-02-19;"sexta";"14:00:00";"BA";101;"2";"RIO REAL";"Transitar na contramão";"Colisão frontal";"Com Vítimas Feridas";"Pleno dia";"Crescente";"Céu Claro";"Simples";"Reta";"Não";2;0;1;0;1;0;1;2;-11,55298004;-37,86626786;"SR-SE";"UOP03";"DEL02"
341645;2021-02-19;"sexta";"13:00:00";"RO";364;"698";"PORTO VELHO";"Avarias e/ou desgaste excessivo no pneu";"Queda de ocupante de veículo";"Com Vítimas Feridas";"Pleno dia";"Decrescente";"Chuva";"Dupla";"Reta";"Não";1;0;1;0;0;0;1;1;-8,80051561;-63,75889778;"SR-RO";"UOP01";"DEL01"
341646;2021-02-19;"sexta";"14:00:00";"GO";158;"234";"JATAI";"Ingestão de álcool pelo condutor";"Tombamento";"Com Vítimas Feridas";"Pleno dia";"Decrescente";"Céu Claro";"Simples";"Curva";"Não";2;0;1;1;0;0;2;2;-17,5967891;-51,86528219;"SR-GO";"UOP01";"DEL05"
341647;2021-02-19;"sexta";"14:45:00";"RS";287;"252";"SANTA MARIA";"Acessar a via sem observar a presença dos outros veículos";"Colisão transversal";"Com Vítimas Feridas";"Pleno dia";"Crescente";"Céu Claro";"Simples";"Interseção de vias";"Sim";3;0;3;0;0;0;3;2;-29,68894752;-53,89493465;"SR-RS";"UOP01";"DEL09"
341648;2021-02-19;"sexta";"14:50:00";"SC";101;"139";"BALNEARIO CAMBORIU";"Desrespeitar a preferência no cruzamento";"Colisão transversal";"Com Vítimas Feridas";"Pleno dia";"Crescente";"Céu Claro";"Múltipla";"Interseção de vias";"Sim";2;0;2;0;0;0;2;2;-27,02982303;-48,60115006;"SR-SC";"UOP03";"DEL04"
341649;2021-02-19;"sexta";"14:30:00";"RJ";40;"57";"PETROPOLIS";"Ausência de reação do condutor";"Colisão lateral";"Com Vítimas Feridas";"Pleno dia";"Decrescente";"Céu Claro";"Simples";"Viaduto";"Não";2;0;1;0;1;0;1;2;-22,37036795;-43,12819612;"SR-RJ";"UOP01";"DEL06"
341650;2021-02-19;"sexta";"15:00:00";"ES";101;"229";"FUNDAO";"Reação tardia ou ineficiente do condutor";"Atropelamento de Pedestre";"Com Vítimas Feridas";"Pleno dia";"Crescente";"Chuva";"Simples";"Reta";"Sim";3;0;2;0;1;0;2;1;-19,92727879;-40,40587142;"SR-ES";"UOP01";"DEL02"
341651;2021-02-19;"sexta";"13:45:00";"BA";101;"717";"EUNAPOLIS";"Condutor desrespeitou a iluminação vermelha do semáforo";"Colisão transversal";"Com Vítimas Feridas";"Pleno dia";"Decrescente";"Nublado";"Simples";"Rotatória";"Sim";2;0;1;0;1;0;1;2;-16,36461542;-39,58107948;"SR-BA";"UOP01";"DEL09"
341652;2021-02-19;"sexta";"15:30:00";"PE";232;"180";"BELO JARDIM";"Desrespeitar a preferência no cruzamento";"Colisão transversal";"Com Vítimas Feridas";"Pleno dia";"Crescente";"Céu Claro";"Simples";"Reta";"Sim";3;0;2;0;1;0;2;2;-8,34449745;-36,4288801;"SR-PE";"UOP02";"DEL02"
341653;2021-02-19;"sexta";"14:30:00";"SC";282;"96.6";"ALFREDO WAGNER";"Condutor Dormindo";"Saída de leito carroçável";"Com Vítimas Feridas";"Pleno dia";"Crescente";"Céu Claro";"Simples";"Curva";"Não";2;0;1;0;1;0;1;1;-27,712412;-49,263622;"SR-SC";"UOP03";"DEL01"
341654;2021-02-19;"sexta";"14:00:00";"RJ";116;"248.5";"PIRAI";"Avarias e/ou desgaste excessivo no pneu";"Capotamento";"Com Vítimas Feridas";"Pleno dia";"Crescente";"Nublado";"Dupla";"Curva";"Não";1;0;1;0;0;0;1;1;-22,59976123;-43,94042912;"SR-RJ";"UOP01";"DEL07"
341655;2021-02-19;"sexta";"15:35:00";"RS";470;"214.5";"BENTO GONCALVES";"Reação tardia ou ineficiente do condutor";"Colisão traseira";"Com Vítimas Feridas";"Pleno dia";"Crescente";"Céu Claro";"Simples";"Não Informado";"Sim";2;0;1;0;1;0;1;2;-29,15711354;-51,53093403;"SR-RS";"UOP01";"DEL06"
341656;2021-02-19;"sexta";"15:28:00";"RS";386;"412.5";"MONTENEGRO";"Ingestão de álcool pelo condutor";"Colisão com objeto";"Com Vítimas Feridas";"Pleno dia";"Decrescente";"Céu Claro";"Dupla";"Reta";"Sim";2;0;1;0;1;0;1;1;-29,81128321;-51,49634426;"SR-RS";"UOP02";"DEL04"
341657;2021-02-19;"sexta";"15:15:00";"SP";116;"271.7";"TABOAO DA SERRA";"Demais falhas mecânicas ou elétricas";"Incêndio";"Sem Vítimas";"Pleno dia";"Decrescente";"Céu Claro";"Dupla";"Reta";"Sim";2;0;0;0;2;0;0;1;-23,61809286;-46,80556302;"SR-SP";"UOP01";"DEL04"
341658;2021-02-19;"sexta";"12:20:00";"SC";470;"331.7";"CAMPOS NOVOS";"Ultrapassagem Indevida";"Colisão frontal";"Com Vítimas Feridas";"Pleno dia";"Crescente";"Céu Claro";"Simples";"Reta";"Não";3;0;1;0;2;0;1;2;-27,475849;-51,307117;"SR-SC";"UOP06";"DEL07"
341659;2021-02-19;"sexta";"15:30:00";"BA";324;"622";"SALVADOR";"Trafegar com motocicleta (ou similar) entre as faixas";"Queda de ocupante de veículo";"Com Vítimas Fatais";"Pleno dia";"Decrescente";"Céu Claro";"Múltipla";"Não Informado";"Sim";2;1;0;0;1;0;0;2;-12,91888605;-38,46502095;"SR-BA";"UOP01";"DEL01"
341660;2021-02-19;"sexta";"16:00:00";"MG";40;"749.8";"SANTOS DUMONT";"Velocidade Incompatível";"Tombamento";"Sem Vítimas";"Pleno dia";"Decrescente";"Nublado";"Dupla";"Curva";"Não";1;0;0;0;1;0;0;1;-21,447874;-43,55738803;"SR-MG";"UOP01";"DEL05"
341661;2021-02-19;"sexta";"15:15:00";"SP";116;"482";"JACUPIRANGA";"Velocidade Incompatível";"Saída de leito carroçável";"Com Vítimas Feridas";"Pleno dia";"Crescente";"Céu Claro";"Dupla";"Curva";"Não";3;0;1;1;1;0;2;1;-24,72213327;-48,04339385;"SR-SP";"UOP01";"DEL05"
341662;2021-02-19;"sexta";"15:50:00";"PE";232;"57.1";"POMBOS";"Acessar a via sem observar a presença dos outros veículos";"Colisão transversal";"Com Vítimas Feridas";"Pleno dia";"Crescente";"Céu Claro";"Dupla";"Não Informado";"Sim";2;0;0;2;0;0;2;2;-8,1412132;-35,38181492;"SR-PE";"UOP04";"DEL01"
341663;2021-02-19;"sexta";"15:30:00";"SC";101;"142.3";"ITAPEMA";"Manobra de mudança de faixa";"Colisão lateral";"Com Vítimas Feridas";"Pleno dia";"Crescente";"Céu Claro";"Dupla";"Desvio Temporário";"Sim";2;0;1;0;1;0;1;2;-27,056089;-48,599449;"SR-SC";"UOP03";"DEL04"
341664;2021-02-11;"quinta";"18:03:00";"PR";369;"163.1";"CAMBE";"Pedestre andava na pista";"Colisão lateral";"Sem Vítimas";"Anoitecer";"Crescente";"Céu Claro";"Dupla";"Curva";"Sim";2;0;0;0;2;0;0;2;-23,29700336;-51,27606687;"SR-PR";"UOP01";"DEL07"
341665;2021-02-19;"sexta";"11:55:00";"SP";116;"144";"SAO JOSE DOS CAMPOS";"Demais falhas mecânicas ou elétricas";"Incêndio";"Sem Vítimas";"Pleno dia";"Crescente";"Céu Claro";"Múltipla";"Reta";"Não";1;0;0;0;1;0;0;1;-23,18274416;-45,84633592;"SR-SP";"UOP01";"DEL02"
341666;2021-02-19;"sexta";"16:25:00";"GO";153;"122.5";"ESTRELA DO NORTE";"Avarias e/ou desgaste excessivo no pneu";"Saída de leito carroçável";"Com Vítimas Feridas";"Pleno dia";"Crescente";"Chuva";"Simples";"Reta";"Não";1;0;1;0;0;0;1;1;-13,840469;-49,045723;"SR-GO";"UOP01";"DEL07"
341667;2021-02-19;"sexta";"15:30:00";"PR";116;"63";"CAMPINA GRANDE DO SUL";"Manobra de mudança de faixa";"Colisão com objeto";"Sem Vítimas";"Pleno dia";"Crescente";"Nublado";"Dupla";"Curva";"Sim";1;0;0;0;1;0;0;1;-25,30777688;-48,98320998;"SR-PR";"UOP02";"DEL01"
341668;2021-01-22;"sexta";"22:40:00";"SP";116;"489.8";"CAJATI";"Reação tardia ou ineficiente do condutor";"Colisão traseira";"Com Vítimas Feridas";"Plena Noite";"Decrescente";"Chuva";"Dupla";"Reta";"Sim";2;0;0;2;0;0;2;2;-24,73034183;-48,10760707;"SR-SP";"UOP01";"DEL05"
341669;2021-02-19;"sexta";"16:15:00";"RS";290;"76";"GRAVATAI";"Falta de elemento de contenção que evite a saída do leito carroçável";"Saída de leito carroçável";"Com Vítimas Feridas";"Pleno dia";"Crescente";"Sol";"Dupla";"Reta";"Não";3;0;3;0;0;0;3;1;-29,956612;-51,017124;"SR-RS";"UOP01";"DEL01"
341672;2021-02-19;"sexta";"16:50:00";"GO";153;"511.3";"APARECIDA DE GOIANIA";"Manobra de mudança de faixa";"Colisão lateral mesmo sentido";"Com Vítimas Feridas";"Pleno dia";"Crescente";"Céu Claro";"Múltipla";"Retorno Regulamentado";"Sim";4;0;0;2;2;0;2;3;-16,8067;-49,2394;"SR-GO";"UOP03";"DEL01"
341673;2021-02-11;"quinta";"16:05:00";"PR";369;"95";"CORNELIO PROCOPIO";"Obras na pista";"Colisão com objeto";"Sem Vítimas";"Pleno dia";"Decrescente";"Nublado";"Simples";"Não Informado";"Não";1;0;0;0;1;0;0;1;-23,2332227;-50,6795454;"SR-PR";"UOP01";"DEL07"
341674;2021-02-19;"sexta";"16:40:00";"RJ";101;"249";"RIO BONITO";"Acumulo de água sobre o pavimento";"Capotamento";"Sem Vítimas";"Pleno dia";"Decrescente";"Garoa/Chuvisco";"Dupla";"Reta";"Não";1;0;0;0;1;0;0;1;-22,66899692;-42,50868109;"SR-RJ";"UOP03";"DEL02"
341676;2021-02-19;"sexta";"10:05:00";"MG";381;"743.5";"TRES CORACOES";"Condutor Dormindo";"Saída de leito carroçável";"Com Vítimas Feridas";"Pleno dia";"Decrescente";"Céu Claro";"Dupla";"Não Informado";"Não";1;0;0;1;0;0;1;1;-21,61378651;-45,24131298;"SR-MG";"UOP02";"DEL16"
341678;2021-02-19;"sexta";"16:00:00";"MG";381;"490";"BETIM";"Trafegar com motocicleta (ou similar) entre as faixas";"Colisão transversal";"Com Vítimas Feridas";"Pleno dia";"Decrescente";"Céu Claro";"Dupla";"Reta";"Sim";3;0;1;0;2;0;1;2;-19,96502819;-44,17422195;"SR-MG";"UOP03";"DEL01"
341679;2021-02-19;"sexta";"16:34:00";"SC";101;"134";"BALNEARIO CAMBORIU";"Manobra de mudança de faixa";"Colisão lateral mesmo sentido";"Com Vítimas Feridas";"Pleno dia";"Crescente";"Céu Claro";"Múltipla";"Reta";"Sim";2;0;0;1;1;0;1;2;-27,00218;-48,636433;"SR-SC";"UOP03";"DEL04"
341680;2021-02-19;"sexta";"16:15:00";"PB";101;"86";"BAYEUX";"Avarias e/ou desgaste excessivo no pneu";"Queda de ocupante de veículo";"Com Vítimas Feridas";"Pleno dia";"Decrescente";"Céu Claro";"Dupla";"Desvio Temporário";"Sim";1;0;1;0;0;0;1;1;-7,15118983;-34,91012184;"SR-PB";"UOP01";"DEL01"
341682;2021-02-19;"sexta";"12:30:00";"RR";174;"571";"BOA VISTA";"Manobra de mudança de faixa";"Colisão frontal";"Com Vítimas Fatais";"Pleno dia";"Decrescente";"Céu Claro";"Simples";"Reta";"Não";2;1;0;0;0;1;0;2;3,360663;-60,874676;"SR-RR";"UOP01";"DEL01"
341683;2021-02-19;"sexta";"13:00:00";"PE";NA;"";"SERTANIA";"Animais na Pista";"Colisão traseira";"Sem Vítimas";"Pleno dia";"Não Informado";"Céu Claro";"Simples";"Interseção de vias";"Não";2;0;0;0;2;0;0;2;-8,08939746;-37,26541042;"SR-PE";"UOP01";"DEL03"
341684;2021-02-19;"sexta";"17:20:00";"MG";365;"611";"UBERLANDIA";"Manobra de mudança de faixa";"Colisão lateral mesmo sentido";"Com Vítimas Feridas";"Pleno dia";"Crescente";"Céu Claro";"Dupla";"Reta";"Sim";2;0;1;0;1;0;1;2;-18,92793854;-48,19198317;"SR-MG";"UOP01";"DEL15"
341685;2021-02-19;"sexta";"16:05:00";"SC";282;"521";"XAXIM";"Manobra de mudança de faixa";"Colisão lateral mesmo sentido";"Sem Vítimas";"Pleno dia";"Decrescente";"Sol";"Simples";"Não Informado";"Não";2;0;0;0;2;0;0;2;-26,950993;-52,534767;"SR-SC";"UOP01";"DEL07"
341686;2021-02-19;"sexta";"16:30:00";"MA";135;"5";"SAO LUIS";"Condutor deixou de manter distância do veículo da frente";"Colisão traseira";"Sem Vítimas";"Pleno dia";"Decrescente";"Nublado";"Dupla";"Reta";"Sim";2;0;0;0;2;0;0;2;-2,62145385;-44,25797421;"SR-MA";"UOP01";"DEL01"
341687;2021-02-19;"sexta";"17:00:00";"AL";316;"268";"SATUBA";"Retorno proibido";"Colisão transversal";"Com Vítimas Feridas";"Anoitecer";"Crescente";"Nublado";"Simples";"Reta";"Sim";2;0;0;1;1;0;1;2;-9,58021969;-35,83876014;"SR-AL";"UOP01";"DEL02"
341689;2021-02-19;"sexta";"13:50:00";"GO";50;"201.6";"CAMPO ALEGRE DE GOIAS";"Ausência de reação do condutor";"Colisão transversal";"Com Vítimas Feridas";"Pleno dia";"Crescente";"Céu Claro";"Dupla";"Reta";"Não";2;0;1;0;1;0;1;2;-17,5864;-47,8127;"SR-GO";"UOP01";"DEL06"
341690;2021-02-19;"sexta";"13:55:00";"MG";116;"161.4";"PONTO DOS VOLANTES";"Velocidade Incompatível";"Colisão com objeto";"Com Vítimas Feridas";"Pleno dia";"Decrescente";"Nublado";"Simples";"Ponte";"Não";1;0;0;1;0;0;1;1;-16,94236685;-41,45959948;"SR-MG";"UOP02";"DEL11"
341692;2021-02-19;"sexta";"17:50:00";"SC";101;"159.6";"PORTO BELO";"Condutor deixou de manter distância do veículo da frente";"Colisão traseira";"Com Vítimas Feridas";"Pleno dia";"Decrescente";"Céu Claro";"Dupla";"Reta";"Não";2;0;0;1;1;0;1;2;-27,1998778;-48,61534236;"SR-SC";"UOP03";"DEL04"
341693;2021-02-19;"sexta";"16:30:00";"MG";381;"430";"SABARA";"Ultrapassagem Indevida";"Colisão lateral sentido oposto";"Com Vítimas Feridas";"Pleno dia";"Decrescente";"Nublado";"Simples";"Curva";"Não";5;0;4;0;1;0;4;3;-19,78694703;-43,70027661;"SR-MG";"UOP01";"DEL01"
341695;2021-02-19;"sexta";"17:50:00";"PR";277;"581.8";"CASCAVEL";"Pedestre andava na pista";"Atropelamento de Pedestre";"Com Vítimas Fatais";"Pleno dia";"Crescente";"Céu Claro";"Dupla";"Não Informado";"Não";6;1;0;0;5;0;0;1;-24,98125257;-53,37778678;"SR-PR";"UOP01";"DEL04"
341696;2021-02-19;"sexta";"17:00:00";"ES";101;"220";"IBIRACU";"Condutor deixou de manter distância do veículo da frente";"Colisão traseira";"Com Vítimas Feridas";"Anoitecer";"Crescente";"Chuva";"Simples";"Reta";"Não";2;0;0;1;1;0;1;2;-19,866;-40,398;"SR-ES";"UOP01";"DEL02"
341697;2021-02-19;"sexta";"17:20:00";"SC";101;"105";"PENHA";"Ingestão de álcool pelo condutor";"Colisão traseira";"Sem Vítimas";"Pleno dia";"Crescente";"Céu Claro";"Dupla";"Reta";"Não";2;0;0;0;2;0;0;2;-26,80215497;-48,67891041;"SR-SC";"UOP02";"DEL03"
341698;2021-02-19;"sexta";"17:10:00";"GO";153;"434";"ANAPOLIS";"Acumulo de água sobre o pavimento";"Saída de leito carroçável";"Com Vítimas Feridas";"Pleno dia";"Crescente";"Chuva";"Dupla";"Não Informado";"Sim";2;0;2;0;0;0;2;1;-16,275604;-48,967766;"SR-GO";"UOP01";"DEL02"
341700;2021-02-19;"sexta";"18:25:00";"GO";452;"40.5";"RIO VERDE";"Manobra de mudança de faixa";"Colisão lateral";"Com Vítimas Feridas";"Anoitecer";"Crescente";"Céu Claro";"Múltipla";"Reta";"Não";4;0;1;2;1;0;3;2;-17,929288;-50,555247;"SR-GO";"UOP01";"DEL04"
341701;2021-02-19;"sexta";"18:30:00";"PR";116;"16.9";"CAMPINA GRANDE DO SUL";"Velocidade Incompatível";"Saída de leito carroçável";"Com Vítimas Feridas";"Pleno dia";"Decrescente";"Sol";"Dupla";"Curva";"Não";1;0;1;0;0;0;1;1;-25,09969807;-48,692225;"SR-PR";"UOP02";"DEL01"
341702;2021-02-19;"sexta";"18:35:00";"RJ";116;"171.4";"SAO JOAO DE MERITI";"Manobra de mudança de faixa";"Colisão traseira";"Sem Vítimas";"Plena Noite";"Crescente";"Céu Claro";"Dupla";"Reta";"Sim";2;0;0;0;2;0;0;2;-22,77992613;-43,39342302;"SR-RJ";"UOP02";"DEL01"
341704;2021-02-19;"sexta";"18:30:00";"PR";376;"160";"MARINGA";"Ausência de reação do condutor";"Saída de leito carroçável";"Sem Vítimas";"Anoitecer";"Crescente";"Céu Claro";"Dupla";"Não Informado";"Não";1;0;0;0;1;0;0;1;-23,36838484;-52,06572891;"SR-PR";"UOP01";"DEL09"
341705;2021-02-19;"sexta";"18:00:00";"RS";392;"13";"RIO GRANDE";"Acessar a via sem observar a presença dos outros veículos";"Colisão transversal";"Com Vítimas Feridas";"Pleno dia";"Decrescente";"Sol";"Múltipla";"Curva";"Sim";2;0;0;1;1;0;1;2;-32,12632387;-52,14931396;"SR-RS";"UOP02";"DEL07"
341706;2021-02-19;"sexta";"19:05:00";"RS";386;"272.5";"FONTOURA XAVIER";"Conversão proibida";"Colisão transversal";"Com Vítimas Feridas";"Anoitecer";"Decrescente";"Céu Claro";"Simples";"Não Informado";"Não";3;0;1;1;1;0;2;2;-28,98914;-52,366314;"SR-RS";"UOP03";"DEL04"
341708;2021-02-19;"sexta";"18:10:00";"RS";158;"267";"JULIO DE CASTILHOS";"Desrespeitar a preferência no cruzamento";"Colisão transversal";"Com Vítimas Feridas";"Anoitecer";"Crescente";"Céu Claro";"Simples";"Reta";"Sim";3;0;3;0;0;0;3;2;-29,254251;-53,66482;"SR-RS";"UOP01";"DEL09"
341709;2021-02-19;"sexta";"18:50:00";"PI";343;"13.8";"PARNAIBA";"Ingestão de álcool pelo condutor";"Colisão traseira";"Sem Vítimas";"Plena Noite";"Crescente";"Céu Claro";"Dupla";"Reta";"Sim";2;0;0;0;2;0;0;2;-2,919029;-41,754124;"SR-PI";"UOP01";"DEL05"
341710;2021-02-19;"sexta";"14:10:00";"PR";153;"4";"JACAREZINHO";"Ingestão de álcool pelo condutor";"Colisão traseira";"Com Vítimas Feridas";"Pleno dia";"Decrescente";"Céu Claro";"Simples";"Reta";"Não";3;0;1;0;2;0;1;2;-23,02699797;-49,91481404;"SR-PR";"UOP03";"DEL07"
341711;2021-02-19;"sexta";"17:45:00";"RS";153;"3";"MARCELINO RAMOS";"Carga excessiva e/ou mal acondicionada";"Colisão com objeto";"Sem Vítimas";"Pleno dia";"Decrescente";"Céu Claro";"Múltipla";"Reta";"Não";1;0;0;0;1;0;0;1;-27,39202692;-52,00953309;"SR-RS";"UOP04";"DEL08"
341712;2021-02-19;"sexta";"17:40:00";"SP";381;"32";"ATIBAIA";"Reação tardia ou ineficiente do condutor";"Colisão traseira";"Com Vítimas Feridas";"Pleno dia";"Crescente";"Céu Claro";"Dupla";"Reta";"Sim";2;0;1;0;1;0;1;2;-23,06461405;-46,57048121;"SR-SP";"UOP01";"DEL03"
341713;2021-02-19;"sexta";"19:30:00";"PR";376;"201";"MANDAGUARI";"Avarias e/ou desgaste excessivo no pneu";"Queda de ocupante de veículo";"Com Vítimas Feridas";"Plena Noite";"Crescente";"Céu Claro";"Dupla";"Não Informado";"Não";2;0;2;0;0;0;2;1;-23,50951388;-51,72140497;"SR-PR";"UOP01";"DEL09"
341714;2021-01-26;"terça";"21:45:00";"SP";116;"444.7";"REGISTRO";"Acessar a via sem observar a presença dos outros veículos";"Colisão lateral";"Com Vítimas Feridas";"Plena Noite";"Decrescente";"Céu Claro";"Simples";"Desvio Temporário";"Sim";2;0;1;0;1;0;1;2;-24,49129421;-47,83614553;"SR-SP";"UOP01";"DEL05"
341715;2021-02-19;"sexta";"19:15:00";"PB";101;"83";"BAYEUX";"Velocidade Incompatível";"Saída de leito carroçável";"Sem Vítimas";"Plena Noite";"Decrescente";"Céu Claro";"Dupla";"Reta";"Sim";2;0;0;0;1;1;0;1;-7,1337703;-34,92963914;"SR-PB";"UOP01";"DEL01"
341717;2021-02-19;"sexta";"19:00:00";"BA";324;"623";"SALVADOR";"Velocidade Incompatível";"Colisão traseira";"Com Vítimas Feridas";"Plena Noite";"Decrescente";"Céu Claro";"Múltipla";"Reta";"Sim";3;0;2;0;0;1;2;2;-12,92628699;-38,46838679;"SR-BA";"UOP01";"DEL01"