"id";"data_inversa";"dia_semana";"horario";"uf";"br";"km";"municipio";"causa_acidente";"tipo_acidente";"classificacao_acidente";"fase_dia";"sentido_via";"condicao_metereologica";"tipo_pista";"tracado_via";"uso_solo";"pessoas";"mortos";"feridos_leves";"feridos_graves";"ilesos";"ignorados";"feridos";"veiculos";"latitude";"longitude";"regional";"delegacia";"uop"
341718;2021-02-19;"sexta";"19:30:00";"PE";232;"5";"RECIFE";"Frear bruscamente";"Colisão traseira";"Com Vítimas Feridas";"Plena Noite";"Crescente";"Céu Claro";"Múltipla";"Reta";"Sim";3;0;1;0;2;0;1;2;-8,06795766;-34,94535414;"SR-PE";"UOP01";"DEL01"
341719;2021-02-19;"sexta";"17:35:00";"RO";364;"234.9";"CACOAL";"Carga excessiva e/ou mal acondicionada";"Tombamento";"Com Vítimas Feridas";"Pleno dia";"Crescente";"Nublado";"Simples";"Reta";"Sim";1;0;1;0;0;0;1;1;-11,451546;-61,42917579;"SR-RO";"UOP02";"DEL02"
341720;2021-02-19;"sexta";"19:00:00";"RN";110;"7.8";"AREIA BRANCA";"Animais na Pista";"Atropelamento de Animal";"Com Vítimas Feridas";"Plena Noite";"Decrescente";"Céu Claro";"Simples";"Reta";"Não";3;0;2;0;1;0;2;1;-4,9755507;-37,08623;"SR-RN";"UOP01";"DEL04"
341721;2021-02-19;"sexta";"19:10:00";"SC";101;"125.7";"ITAJAI";"Trafegar com motocicleta (ou similar) entre as faixas";"Colisão lateral";"Com Vítimas Feridas";"Plena Noite";"Crescente";"Céu Claro";"Múltipla";"Não Informado";"Não";3;0;2;0;1;0;2;2;-26,94802427;-48,68338515;"SR-SC";"UOP04";"DEL04"
341722;2021-02-19;"sexta";"16:30:00";"SC";470;"103.9";"APIUNA";"Velocidade Incompatível";"Saída de leito carroçável";"Com Vítimas Feridas";"Pleno dia";"Crescente";"Sol";"Simples";"Curva";"Não";1;0;0;1;0;0;1;1;-27,064796;-49,401424;"SR-SC";"UOP02";"DEL04"
341723;2021-02-19;"sexta";"14:30:00";"MG";40;"19";"PARACATU";"Reação tardia ou ineficiente do condutor";"Saída de leito carroçável";"Com Vítimas Feridas";"Pleno dia";"Crescente";"Chuva";"Simples";"Curva";"Não";2;0;2;0;0;0;2;1;-17,10842562;-47,0178787;"SR-MG";"UOP01";"DEL14"
341724;2021-02-19;"sexta";"19:50:00";"DF";251;"23.4";"BRASILIA";"Acumulo de água sobre o pavimento";"Saída de leito carroçável";"Com Vítimas Feridas";"Plena Noite";"Decrescente";"Nublado";"Simples";"Desvio Temporário";"Não";1;0;1;0;0;0;1;1;-15,961851;-47,663284;"SR-DF";"UOP01";"DEL01"
341725;2021-02-19;"sexta";"16:45:00";"TO";153;"386";"RIO DOS BOIS";"Chuva";"Capotamento";"Com Vítimas Feridas";"Pleno dia";"Crescente";"Chuva";"Simples";"Curva";"Não";1;0;1;0;0;0;1;1;-9,29692089;-48,55327785;"SR-TO";"UOP02";"DEL02"
341726;2021-02-19;"sexta";"19:50:00";"PR";373;"283.5";"PRUDENTOPOLIS";"Conversão proibida";"Colisão transversal";"Com Vítimas Fatais";"Plena Noite";"Decrescente";"Céu Claro";"Simples";"Reta";"Não";2;1;0;0;1;0;0;2;-25,288215;-51,122017;"SR-PR";"UOP01";"DEL08"
341727;2021-02-19;"sexta";"15:30:00";"MG";153;"1";"ARAPORA";"Demais falhas mecânicas ou elétricas";"Incêndio";"Sem Vítimas";"Pleno dia";"Decrescente";"Céu Claro";"Dupla";"Reta";"Sim";1;0;0;0;1;0;0;1;-18,42608911;-49,19359032;"SR-MG";"UOP03";"DEL15"
341728;2021-02-19;"sexta";"19:30:00";"MG";262;"877";"CAMPO FLORIDO";"Desrespeitar a preferência no cruzamento";"Colisão frontal";"Com Vítimas Feridas";"Plena Noite";"Crescente";"Céu Claro";"Simples";"Reta";"Sim";3;0;0;1;2;0;1;2;-19,7835568;-48,51504105;"SR-MG";"UOP01";"DEL13"
341729;2021-02-19;"sexta";"15:50:00";"MG";40;"44";"PARACATU";"Acessar a via sem observar a presença dos outros veículos";"Colisão transversal";"Com Vítimas Feridas";"Pleno dia";"Crescente";"Chuva";"Simples";"Reta";"Sim";3;0;1;0;2;0;1;2;-17,23154203;-46,85337424;"SR-MG";"UOP01";"DEL14"
341730;2021-02-19;"sexta";"20:10:00";"ES";262;"20";"CARIACICA";"Acessar a via sem observar a presença dos outros veículos";"Atropelamento de Pedestre";"Com Vítimas Feridas";"Plena Noite";"Decrescente";"Chuva";"Dupla";"Reta";"Sim";2;0;1;0;1;0;1;1;-20,3919143;-40,49002338;"SR-ES";"UOP01";"DEL01"
341731;2021-02-19;"sexta";"20:15:00";"MG";40;"632.5";"CONSELHEIRO LAFAIETE";"Objeto estático sobre o leito carroçável";"Colisão com objeto";"Com Vítimas Feridas";"Plena Noite";"Decrescente";"Nublado";"Simples";"Não Informado";"Não";3;0;1;0;1;1;1;2;-20,67912491;-43,79407883;"SR-MG";"UOP02";"DEL05"
341732;2021-02-19;"sexta";"19:00:00";"MT";174;"248";"PONTES E LACERDA";"Desvio temporário";"Saída de leito carroçável";"Sem Vítimas";"Plena Noite";"Decrescente";"Céu Claro";"Simples";"Reta";"Não";1;0;0;0;0;1;0;1;-15,48797858;-59,04782395;"SR-MT";"UOP01";"DEL04"
341733;2021-02-19;"sexta";"20:40:00";"PR";116;"85";"PIRAQUARA";"Ausência de reação do condutor";"Colisão traseira";"Sem Vítimas";"Plena Noite";"Crescente";"Céu Claro";"Dupla";"Reta";"Não";2;0;0;0;0;2;0;2;-25,43036239;-49,08349472;"SR-PR";"UOP01";"DEL01"
341734;2021-02-07;"domingo";"00:25:00";"GO";153;"443";"ANAPOLIS";"Ingestão de álcool pelo condutor";"Queda de ocupante de veículo";"Com Vítimas Feridas";"Plena Noite";"Crescente";"Garoa/Chuvisco";"Dupla";"Não Informado";"Sim";4;0;1;1;2;0;2;3;-16,334681;-48,922447;"SR-GO";"UOP01";"DEL02"
341735;2021-02-19;"sexta";"20:55:00";"RS";116;"426.5";"CRISTAL";"Transitar na contramão";"Colisão lateral sentido oposto";"Com Vítimas Feridas";"Plena Noite";"Crescente";"Céu Claro";"Simples";"Reta";"Sim";3;0;1;0;2;0;1;2;-30,98614155;-52,02972422;"SR-RS";"UOP02";"DEL02"
341737;2021-02-19;"sexta";"18:30:00";"MT";364;"437";"VARZEA GRANDE";"Manobra de mudança de faixa";"Colisão traseira";"Com Vítimas Feridas";"Plena Noite";"Decrescente";"Céu Claro";"Dupla";"Reta";"Não";2;0;1;0;1;0;1;2;-15,64508616;-56,15511411;"SR-MT";"UOP02";"DEL01"
341739;2021-02-19;"sexta";"20:35:00";"PR";376;"491.2";"PONTA GROSSA";"Manobra de mudança de faixa";"Colisão lateral";"Com Vítimas Fatais";"Plena Noite";"Crescente";"Céu Claro";"Dupla";"Reta";"Não";2;1;0;0;0;1;0;2;-25,15130703;-50,1421625;"SR-PR";"UAP01";"DEL03"
341740;2021-02-19;"sexta";"21:43:00";"MG";381;"511";"SAO JOAQUIM DE BICAS";"Reação tardia ou ineficiente do condutor";"Colisão frontal";"Com Vítimas Feridas";"Pleno dia";"Crescente";"Céu Claro";"Múltipla";"Reta";"Sim";2;0;1;0;1;0;1;2;-20,08463223;-44,3099407;"SR-MG";"UOP03";"DEL01"
341741;2021-02-19;"sexta";"16:20:00";"BA";101;"307";"PRESIDENTE TANCREDO NEVES";"Condutor deixou de manter distância do veículo da frente";"Saída de leito carroçável";"Com Vítimas Feridas";"Pleno dia";"Decrescente";"Sol";"Simples";"Reta";"Não";1;0;1;0;0;0;1;1;-13,41294894;-39,41077911;"SR-BA";"UOP03";"DEL05"
341742;2021-02-19;"sexta";"18:40:00";"SP";488;"5.4";"APARECIDA";"Transitar na contramão";"Colisão frontal";"Com Vítimas Feridas";"Plena Noite";"Crescente";"Nublado";"Dupla";"Curva";"Não";2;0;2;0;0;0;2;2;-22,865681;-45,25523;"SR-SP";"UOP01";"DEL08"
341743;2021-02-19;"sexta";"19:50:00";"PR";369;"502";"UBIRATA";"Transitar na contramão";"Colisão frontal";"Sem Vítimas";"Anoitecer";"Crescente";"Céu Claro";"Simples";"Reta";"Não";3;0;0;0;3;0;0;2;-24,55079459;-53,01399814;"SR-PR";"UOP03";"DEL09"
341744;2021-02-19;"sexta";"19:20:00";"CE";222;"312.4";"TIANGUA";"Transitar na contramão";"Colisão frontal";"Com Vítimas Feridas";"Plena Noite";"Crescente";"Céu Claro";"Simples";"Reta";"Sim";2;0;0;1;1;0;1;2;-3,71699311;-40,9914242;"SR-CE";"UOP02";"DEL04"
341746;2021-02-19;"sexta";"20:30:00";"SP";116;"210.9";"GUARULHOS";"Ingestão de álcool pelo condutor";"Engavetamento";"Sem Vítimas";"Plena Noite";"Decrescente";"Céu Claro";"Múltipla";"Reta";"Sim";3;0;0;0;3;0;0;3;-23,43243813;-46,41930699;"SR-SP";"UOP01";"DEL01"
341747;2021-02-19;"sexta";"14:40:00";"BA";101;"421";"IBIRAPITANGA";"Reação tardia ou ineficiente do condutor";"Tombamento";"Com Vítimas Feridas";"Pleno dia";"Decrescente";"Sol";"Simples";"Curva";"Não";1;0;1;0;0;0;1;1;-14,13624273;-39,35852051;"SR-BA";"UOP03";"DEL05"
341748;2021-02-19;"sexta";"17:50:00";"MS";60;"448.2";"SIDROLANDIA";"Acessar a via sem observar a presença dos outros veículos";"Colisão transversal";"Sem Vítimas";"Anoitecer";"Crescente";"Céu Claro";"Simples";"Curva";"Não";3;0;0;0;3;0;0;2;-21,00228807;-55,12025096;"SR-MS";"UOP04";"DEL01"
341749;2021-01-06;"quarta";"20:00:00";"PB";101;"122.2";"CAAPORA";"Reação tardia ou ineficiente do condutor";"Colisão traseira";"Com Vítimas Feridas";"Plena Noite";"Decrescente";"Céu Claro";"Dupla";"Não Informado";"Não";3;0;1;0;1;1;1;2;-7,45399757;-34,98038661;"SR-PB";"UOP02";"DEL01"
341750;2021-02-19;"sexta";"17:50:00";"AM";174;"889";"MANAUS";"Ultrapassagem Indevida";"Colisão frontal";"Com Vítimas Feridas";"Anoitecer";"Decrescente";"Chuva";"Simples";"Reta";"Não";3;0;2;0;1;0;2;2;-2,932778;-60,034575;"SR-AM";"UOP01";"DEL01"
341751;2021-02-19;"sexta";"22:10:00";"PR";376;"596";"CURITIBA";"Iluminação deficiente";"Atropelamento de Pedestre";"Com Vítimas Feridas";"Plena Noite";"Decrescente";"Céu Claro";"Dupla";"Reta";"Sim";2;0;0;1;0;1;1;1;-25,50194708;-49,3415524;"SR-PR";"UOP01";"DEL01"
341752;2021-01-15;"sexta";"12:15:00";"SC";101;"204";"SAO JOSE";"Manobra de mudança de faixa";"Colisão traseira";"Com Vítimas Feridas";"Pleno dia";"Decrescente";"Céu Claro";"Dupla";"Reta";"Sim";2;0;1;0;1;0;1;2;-27,57413014;-48,61363083;"SR-SC";"UOP01";"DEL01"
341753;2021-02-19;"sexta";"20:45:00";"RS";287;"248";"SANTA MARIA";"Área urbana sem a presença de local apropriado para a travessia de pedestres";"Atropelamento de Pedestre";"Com Vítimas Feridas";"Plena Noite";"Decrescente";"Céu Claro";"Dupla";"Não Informado";"Sim";3;0;1;0;2;0;1;1;-29,69545;-53,854916;"SR-RS";"UOP01";"DEL09"
341754;2021-02-19;"sexta";"22:20:00";"PR";376;"228.6";"APUCARANA";"Velocidade Incompatível";"Colisão traseira";"Com Vítimas Feridas";"Plena Noite";"Decrescente";"Céu Claro";"Dupla";"Não Informado";"Não";4;0;1;1;1;1;2;2;-23,56842766;-51,54667139;"SR-PR";"UAP01";"DEL07"
341755;2021-02-19;"sexta";"21:15:00";"PR";476;"121.1";"COLOMBO";"Velocidade Incompatível";"Colisão transversal";"Com Vítimas Fatais";"Plena Noite";"Crescente";"Céu Claro";"Dupla";"Reta";"Sim";3;1;0;0;2;0;0;2;-25,379221;-49,197685;"SR-PR";"UOP02";"DEL01"
341756;2021-02-19;"sexta";"22:00:00";"SC";101;"339";"TUBARAO";"Ingestão de álcool pelo condutor";"Saída de leito carroçável";"Sem Vítimas";"Plena Noite";"Decrescente";"Céu Claro";"Dupla";"Reta";"Não";1;0;0;0;0;1;0;1;-28,49351117;-49,04178985;"SR-SC";"UOP01";"DEL02"
341757;2021-02-19;"sexta";"22:35:00";"TO";153;"376";"FORTALEZA DO TABOCAO";"Acumulo de água sobre o pavimento";"Colisão frontal";"Com Vítimas Fatais";"Plena Noite";"Decrescente";"Chuva";"Simples";"Reta";"Não";2;1;1;0;0;0;1;2;-9,21332521;-48,54255807;"SR-TO";"UOP02";"DEL02"
341758;2021-02-19;"sexta";"22:00:00";"RJ";493;"18.5";"MAGE";"Pedestre cruzava a pista fora da faixa";"Atropelamento de Pedestre";"Com Vítimas Feridas";"Plena Noite";"Crescente";"Garoa/Chuvisco";"Simples";"Reta";"Não";4;0;1;0;1;2;1;1;-22,6687122;-43,01862696;"SR-RJ";"UOP04";"DEL02"
341759;2021-02-19;"sexta";"22:00:00";"PB";230;"8";"CABEDELO";"Ausência de reação do condutor";"Colisão traseira";"Sem Vítimas";"Plena Noite";"Decrescente";"Céu Claro";"Dupla";"Reta";"Sim";2;0;0;0;1;1;0;2;-7,0355;-34,8429;"SR-PB";"UOP01";"DEL01"
341760;2021-02-19;"sexta";"23:00:00";"PR";163;"319";"TERRA ROXA";"Acessar a via sem observar a presença dos outros veículos";"Colisão transversal";"Sem Vítimas";"Plena Noite";"Crescente";"Céu Claro";"Simples";"Reta";"Não";2;0;0;0;1;1;0;2;-24,35318399;-54,14934204;"SR-PR";"UOP01";"DEL06"
341761;2021-02-19;"sexta";"22:10:00";"SC";470;"109.7";"APIUNA";"Ingestão de álcool pelo condutor";"Colisão lateral sentido oposto";"Com Vítimas Feridas";"Pleno dia";"Crescente";"Nublado";"Simples";"Reta";"Não";2;0;1;0;1;0;1;2;-27,09722596;-49,45791721;"SR-SC";"UOP02";"DEL04"
341762;2021-02-19;"sexta";"22:15:00";"RJ";116;"180";"NOVA IGUACU";"Velocidade Incompatível";"Saída de leito carroçável";"Com Vítimas Feridas";"Plena Noite";"Decrescente";"Nublado";"Dupla";"Reta";"Sim";2;0;1;0;1;0;1;1;-22,7651616;-43,4154728;"SR-RJ";"UOP02";"DEL01"
341763;2021-02-19;"sexta";"21:35:00";"MT";70;"518";"VARZEA GRANDE";"Reação tardia ou ineficiente do condutor";"Colisão traseira";"Com Vítimas Feridas";"Plena Noite";"Decrescente";"Céu Claro";"Simples";"Reta";"Sim";3;0;1;0;1;1;1;2;-15,67197717;-56,17902972;"SR-MT";"UOP02";"DEL01"
341764;2021-02-19;"sexta";"19:20:00";"MT";174;"289";"PONTES E LACERDA";"Ausência de reação do condutor";"Saída de leito carroçável";"Com Vítimas Feridas";"Plena Noite";"Crescente";"Céu Claro";"Simples";"Reta";"Sim";1;0;0;1;0;0;1;1;-15,22419218;-59,31889821;"SR-MT";"UOP01";"DEL04"
341765;2021-02-19;"sexta";"20:30:00";"SC";282;"571";"NOVA ERECHIM";"Manobra de mudança de faixa";"Colisão lateral sentido oposto";"Com Vítimas Feridas";"Plena Noite";"Decrescente";"Céu Claro";"Simples";"Curva";"Não";2;0;1;0;1;0;1;2;-26,883053;-52,939816;"SR-SC";"UOP02";"DEL07"
341767;2021-02-19;"sexta";"22:20:00";"MG";381;"657.6";"SANTO ANTONIO DO AMPARO";"Condutor Dormindo";"Colisão traseira";"Com Vítimas Feridas";"Plena Noite";"Decrescente";"Nublado";"Dupla";"Não Informado";"Não";3;0;3;0;0;0;3;2;-21,01108617;-44,98405087;"SR-MG";"UOP02";"DEL04"
341768;2021-02-20;"sábado";"00:15:00";"PR";376;"120";"ALTO PARANA";"Ausência de reação do condutor";"Colisão traseira";"Sem Vítimas";"Plena Noite";"Crescente";"Céu Claro";"Dupla";"Não Informado";"Não";2;0;0;0;2;0;0;2;-23,11487553;-52,32774138;"SR-PR";"UOP02";"DEL09"
341769;2021-02-20;"sábado";"00:50:00";"PE";423;"132";"SALOA";"Velocidade Incompatível";"Tombamento";"Com Vítimas Fatais";"Plena Noite";"Crescente";"Céu Claro";"Simples";"Não Informado";"Não";1;1;0;0;0;0;0;1;-8,9612481;-36,73240198;"SR-PE";"UOP01";"DEL03"
341770;2021-02-19;"sexta";"23:00:00";"MT";70;"522";"VARZEA GRANDE";"Acessar a via sem observar a presença dos outros veículos";"Colisão transversal";"Com Vítimas Fatais";"Plena Noite";"Crescente";"Céu Claro";"Simples";"Reta";"Não";2;1;0;0;1;0;0;2;-15,67187525;-56,18089786;"SR-MT";"UOP02";"DEL01"
341771;2021-02-20;"sábado";"01:00:00";"PR";376;"87.8";"PARANAVAI";"Velocidade Incompatível";"Colisão traseira";"Com Vítimas Fatais";"Plena Noite";"Crescente";"Céu Claro";"Simples";"Reta";"Não";2;1;0;0;1;0;0;2;-22,99527855;-52,58495389;"SR-PR";"UOP02";"DEL09"
341772;2021-02-19;"sexta";"22:50:00";"PR";116;"14";"CAMPINA GRANDE DO SUL";"Reação tardia ou ineficiente do condutor";"Capotamento";"Sem Vítimas";"Plena Noite";"Decrescente";"Garoa/Chuvisco";"Dupla";"Reta";"Não";1;0;0;0;1;0;0;1;-25,09836429;-48,67391969;"SR-PR";"UOP02";"DEL01"
341773;2021-02-20;"sábado";"02:00:00";"RJ";493;"18";"GUAPIMIRIM";"Velocidade Incompatível";"Tombamento";"Com Vítimas Feridas";"Plena Noite";"Crescente";"Céu Claro";"Simples";"Reta";"Sim";1;0;1;0;0;0;1;1;-22,6687122;-43,01862696;"SR-RJ";"UOP04";"DEL02"
341774;2021-02-20;"sábado";"01:57:00";"RO";364;"355.1";"JI-PARANA";"Falta de elemento de contenção que evite a saída do leito carroçável";"Saída de leito carroçável";"Com Vítimas Feridas";"Plena Noite";"Decrescente";"Garoa/Chuvisco";"Simples";"Não Informado";"Não";1;0;1;0;0;0;1;1;-10,80768392;-62,02081678;"SR-RO";"UOP01";"DEL02"
341775;2021-02-20;"sábado";"01:15:00";"MG";381;"730.1";"CARMO DA CACHOEIRA";"Ausência de reação do condutor";"Saída de leito carroçável";"Com Vítimas Feridas";"Plena Noite";"Decrescente";"Nublado";"Dupla";"Reta";"Não";1;0;1;0;0;0;1;1;-21,50282545;-45,21498603;"SR-MG";"UOP02";"DEL16"
341776;2021-02-20;"sábado";"02:10:00";"PR";277;"112";"CURITIBA";"Condutor deixou de manter distância do veículo da frente";"Colisão traseira";"Com Vítimas Feridas";"Plena Noite";"Crescente";"Céu Claro";"Dupla";"Curva";"Não";2;0;0;1;1;0;1;2;-25,43257515;-49,36978297;"SR-PR";"UOP06";"DEL01"
341777;2021-02-20;"sábado";"01:30:00";"MG";251;"465.5";"FRANCISCO SA";"Pista Escorregadia";"Colisão com objeto";"Com Vítimas Feridas";"Plena Noite";"Crescente";"Chuva";"Simples";"Não Informado";"Não";2;0;2;0;0;0;2;1;-16,442777;-43,397777;"SR-MG";"UOP01";"DEL12"
341778;2021-02-20;"sábado";"02:00:00";"CE";402;"196.7";"MORRINHOS";"Animais na Pista";"Capotamento";"Sem Vítimas";"Plena Noite";"Decrescente";"Garoa/Chuvisco";"Simples";"Reta";"Não";1;0;0;0;1;0;0;1;-3,22616128;-40,06910504;"SR-CE";"UOP03";"DEL01"
341779;2021-02-20;"sábado";"03:00:00";"RS";290;"260.8";"CACHOEIRA DO SUL";"Velocidade Incompatível";"Colisão traseira";"Com Vítimas Feridas";"Plena Noite";"Decrescente";"Céu Claro";"Simples";"Reta";"Não";3;0;0;2;0;1;2;2;-30,259363;-52,82523;"SR-RS";"UOP03";"DEL02"
341780;2021-02-20;"sábado";"01:30:00";"PR";116;"163";"QUITANDINHA";"Velocidade Incompatível";"Capotamento";"Sem Vítimas";"Pleno dia";"Crescente";"Nublado";"Simples";"Reta";"Não";1;0;0;0;1;0;0;1;-25,86442035;-49,41795105;"SR-PR";"UOP03";"DEL01"
341781;2021-02-20;"sábado";"04:20:00";"SC";101;"312";"LAGUNA";"Ingestão de álcool pelo condutor";"Colisão lateral mesmo sentido";"Sem Vítimas";"Amanhecer";"Decrescente";"Céu Claro";"Dupla";"Reta";"Não";2;0;0;0;2;0;0;2;-28,433701;-48,806344;"SR-SC";"UOP01";"DEL02"
341782;2021-02-20;"sábado";"04:00:00";"PR";116;"147";"MANDIRITUBA";"Conversão proibida";"Colisão transversal";"Com Vítimas Feridas";"Plena Noite";"Crescente";"Ignorado";"Simples";"Reta";"Não";2;0;1;0;1;0;1;2;-25,79053901;-49,32743694;"SR-PR";"UOP03";"DEL01"
341783;2021-02-19;"sexta";"12:50:00";"PR";116;"22";"CAMPINA GRANDE DO SUL";"Condutor usando celular";"Saída de leito carroçável";"Sem Vítimas";"Pleno dia";"Crescente";"Céu Claro";"Dupla";"Reta";"Não";1;0;0;0;1;0;0;1;-25,10922624;-48,74659689;"SR-PR";"UOP02";"DEL01"
341784;2021-02-20;"sábado";"04:50:00";"PR";277;"584";"CASCAVEL";"Ingestão de álcool pelo condutor";"Colisão com objeto";"Sem Vítimas";"Amanhecer";"Crescente";"Céu Claro";"Simples";"Rotatória";"Sim";1;0;0;0;1;0;0;1;-24,96684176;-53,40258186;"SR-PR";"UOP01";"DEL04"
341785;2021-02-20;"sábado";"04:49:00";"SC";101;"150.7";"ITAPEMA";"Condutor Dormindo";"Colisão traseira";"Com Vítimas Feridas";"Plena Noite";"Crescente";"Céu Claro";"Dupla";"Reta";"Sim";4;0;1;0;2;1;1;4;-27,11744799;-48,60940987;"SR-SC";"UOP03";"DEL04"
341786;2021-02-19;"sexta";"11:00:00";"PE";428;"187.9";"PETROLINA";"Ingestão de álcool pelo condutor";"Colisão com objeto";"Sem Vítimas";"Pleno dia";"Crescente";"Garoa/Chuvisco";"Dupla";"Não Informado";"Sim";1;0;0;0;1;0;0;1;-9,35604301;-40,47854198;"SR-PE";"UOP01";"DEL06"
341787;2021-02-20;"sábado";"06:15:00";"SC";470;"43.1";"GASPAR";"Velocidade Incompatível";"Colisão frontal";"Com Vítimas Feridas";"Pleno dia";"Crescente";"Céu Claro";"Simples";"Não Informado";"Não";4;0;3;1;0;0;4;2;-26,874519;-49,013454;"SR-SC";"UOP01";"DEL04"
341788;2021-02-20;"sábado";"05:15:00";"PR";277;"727.2";"FOZ DO IGUACU";"Ingestão de álcool pelo condutor";"Saída de leito carroçável";"Sem Vítimas";"Plena Noite";"Decrescente";"Nublado";"Dupla";"Reta";"Sim";2;0;0;0;2;0;0;1;-25,51017487;-54,56454899;"SR-PR";"UOP03";"DEL05"
341789;2021-02-20;"sábado";"03:00:00";"BA";20;"135";"SAO DESIDERIO";"Acessar a via sem observar a presença dos outros veículos";"Colisão transversal";"Sem Vítimas";"Plena Noite";"Crescente";"Chuva";"Simples";"Reta";"Sim";2;0;0;0;1;1;0;2;-12,71287154;-45,93527019;"SR-BA";"UOP01";"DEL10"
341790;2021-02-20;"sábado";"06:35:00";"SP";116;"212";"GUARULHOS";"Avarias e/ou desgaste excessivo no pneu";"Colisão com objeto";"Com Vítimas Feridas";"Pleno dia";"Decrescente";"Nublado";"Múltipla";"Reta";"Sim";1;0;1;0;0;0;1;1;-23,43608315;-46,42805094;"SR-SP";"UOP01";"DEL01"
341792;2021-02-20;"sábado";"02:15:00";"SC";101;"338.5";"TUBARAO";"Ausência de reação do condutor";"Colisão traseira";"Com Vítimas Feridas";"Plena Noite";"Decrescente";"Céu Claro";"Dupla";"Reta";"Sim";2;0;0;2;0;0;2;2;-28,485725;-49,03726;"SR-SC";"UOP01";"DEL02"
341794;2021-02-20;"sábado";"07:05:00";"PE";101;"71";"RECIFE";"Manobra de mudança de faixa";"Colisão lateral mesmo sentido";"Com Vítimas Feridas";"Pleno dia";"Crescente";"Sol";"Dupla";"Reta";"Sim";2;0;1;0;0;1;1;2;-8,06776119;-34,94265074;"SR-PE";"UOP01";"DEL01"
341795;2021-02-20;"sábado";"06:30:00";"PB";104;"78.1";"REMIGIO";"Velocidade Incompatível";"Saída de leito carroçável";"Com Vítimas Feridas";"Pleno dia";"Decrescente";"Céu Claro";"Simples";"Curva";"Não";1;0;0;1;0;0;1;1;-6,91407298;-35,85669499;"SR-PB";"UOP04";"DEL02"
341797;2021-02-20;"sábado";"07:10:00";"PB";230;"79.6";"RIACHAO DO POCO";"Conversão proibida";"Colisão transversal";"Com Vítimas Feridas";"Pleno dia";"Crescente";"Céu Claro";"Dupla";"Túnel";"Não";2;0;0;1;1;0;1;2;-7,1828;-35,3041;"SR-PB";"UOP03";"DEL01"
341798;2021-02-19;"sexta";"20:30:00";"GO";153;"566";"PROFESSOR JAMIL";"Condutor deixou de manter distância do veículo da frente";"Colisão traseira";"Sem Vítimas";"Plena Noite";"Decrescente";"Nublado";"Dupla";"Não Informado";"Não";2;0;0;0;2;0;0;2;-17,2668;-49,2409;"SR-GO";"UOP01";"DEL03"
341799;2021-02-20;"sábado";"05:30:00";"PI";316;"154";"ELESBAO VELOSO";"Ingestão de álcool pelo condutor";"Saída de leito carroçável";"Sem Vítimas";"Amanhecer";"Crescente";"Garoa/Chuvisco";"Simples";"Curva";"Não";3;0;0;0;1;2;0;3;-6,14341798;-42,13698297;"SR-PI";"UOP02";"DEL04"
341800;2021-02-20;"sábado";"06:45:00";"RS";116;"306.9";"GUAIBA";"Acessar a via sem observar a presença dos outros veículos";"Colisão transversal";"Com Vítimas Feridas";"Pleno dia";"Crescente";"Céu Claro";"Simples";"Interseção de vias";"Sim";3;0;1;0;2;0;1;2;-30,16925677;-51,3836101;"SR-RS";"UOP01";"DEL02"
341801;2021-02-20;"sábado";"06:15:00";"BA";324;"542";"AMELIA RODRIGUES";"Manobra de mudança de faixa";"Colisão lateral";"Com Vítimas Feridas";"Pleno dia";"Decrescente";"Céu Claro";"Dupla";"Reta";"Sim";3;0;1;0;2;0;1;2;-12,400751;-38,75893;"SR-BA";"UOP03";"DEL01"
341802;2021-02-20;"sábado";"06:40:00";"PR";158;"521";"PATO BRANCO";"Condutor Dormindo";"Colisão frontal";"Com Vítimas Feridas";"Pleno dia";"Crescente";"Céu Claro";"Simples";"Curva";"Não";2;0;1;0;1;0;1;2;-26,11888095;-52,64133111;"SR-PR";"UOP01";"DEL02"
341803;2021-01-09;"sábado";"07:20:00";"MT";364;"237.2";"JUSCIMEIRA";"Reação tardia ou ineficiente do condutor";"Colisão com objeto";"Com Vítimas Fatais";"Pleno dia";"Decrescente";"Céu Claro";"Dupla";"Não Informado";"Não";4;1;2;0;0;1;2;2;-16,20352277;-54,78153532;"SR-MT";"UOP01";"DEL02"
341804;2021-02-20;"sábado";"07:10:00";"MS";163;"700";"RIO VERDE DE MATO GROSSO";"Avarias e/ou desgaste excessivo no pneu";"Tombamento";"Com Vítimas Feridas";"Pleno dia";"Crescente";"Céu Claro";"Simples";"Reta";"Não";2;0;1;0;1;0;1;1;-18,75701944;-54,82411039;"SR-MS";"UOP01";"DEL06"
341805;2021-02-20;"sábado";"08:10:00";"PR";153;"352.1";"REBOUCAS";"Ingestão de álcool pelo condutor";"Colisão transversal";"Com Vítimas Feridas";"Pleno dia";"Decrescente";"Céu Claro";"Simples";"Curva";"Sim";3;0;2;1;0;0;3;2;-25,6240101;-50,70976188;"SR-PR";"UOP03";"DEL03"
341806;2021-02-19;"sexta";"05:10:00";"RJ";116;"176";"NOVA IGUACU";"Velocidade Incompatível";"Colisão traseira";"Com Vítimas Feridas";"Amanhecer";"Crescente";"Céu Claro";"Múltipla";"Reta";"Sim";3;0;1;0;0;2;1;2;-22,7839538;-43,38195488;"SR-RJ";"UOP02";"DEL01"
341807;2021-02-20;"sábado";"08:00:00";"SC";101;"220";"PALHOCA";"Ingestão de álcool pelo condutor";"Saída de leito carroçável";"Com Vítimas Feridas";"Pleno dia";"Crescente";"Céu Claro";"Simples";"Curva";"Sim";1;0;1;0;0;0;1;1;-27,69198941;-48,66368358;"SR-SC";"UOP02";"DEL01"