"id";"data_inversa";"dia_semana";"horario";"uf";"br";"km";"municipio";"causa_acidente";"tipo_acidente";"classificacao_acidente";"fase_dia";"sentido_via";"condicao_metereologica";"tipo_pista";"tracado_via";"uso_solo";"pessoas";"mortos";"feridos_leves";"feridos_graves";"ilesos";"ignorados";"feridos";"veiculos";"latitude";"longitude";"regional";"delegacia";"uop"
341808;2021-02-20;"sábado";"08:45:00";"CE";116;"4.2";"FORTALEZA";"Reação tardia ou ineficiente do condutor";"Tombamento";"Com Vítimas Feridas";"Pleno dia";"Decrescente";"Chuva";"Múltipla";"Reta";"Não";2;0;2;0;0;0;2;1;-3,7867209031;-38,511456796;"SR-CE";"UOP02";"DEL01"
341809;2021-02-20;"sábado";"08:45:00";"SC";101;"214.3";"PALHOCA";"Desrespeitar a preferência no cruzamento";"Colisão transversal";"Com Vítimas Feridas";"Pleno dia";"Decrescente";"Céu Claro";"Múltipla";"Viaduto";"Sim";3;0;2;0;1;0;2;2;-27,64443;-48,67057;"SR-SC";"UOP02";"DEL01"
341810;2021-02-20;"sábado";"08:00:00";"RJ";101;"280";"TANGUA";"Condutor Dormindo";"Colisão com objeto";"Com Vítimas Feridas";"Pleno dia";"Crescente";"Nublado";"Dupla";"Reta";"Sim";4;0;3;0;1;0;3;1;-22,73840017;-42,77718501;"SR-RJ";"UOP03";"DEL02"
341811;2021-02-20;"sábado";"08:00:00";"MS";163;"486.7";"CAMPO GRANDE";"Reação tardia ou ineficiente do condutor";"Saída de leito carroçável";"Com Vítimas Feridas";"Pleno dia";"Crescente";"Sol";"Simples";"Reta";"Sim";1;0;0;1;0;0;1;1;-20,4336361;-54,54376745;"SR-MS";"UOP02";"DEL01"
341812;2021-02-16;"terça";"02:00:00";"RJ";101;"299";"ITABORAI";"Demais falhas mecânicas ou elétricas";"Incêndio";"Sem Vítimas";"Plena Noite";"Decrescente";"Chuva";"Dupla";"Reta";"Sim";1;0;0;0;1;0;0;1;-22,77432673;-42,93823207;"SR-RJ";"UOP02";"DEL02"
341813;2021-02-20;"sábado";"08:40:00";"RJ";101;"474";"ANGRA DOS REIS";"Manobra de mudança de faixa";"Engavetamento";"Sem Vítimas";"Pleno dia";"Crescente";"Céu Claro";"Simples";"Curva";"Sim";6;0;0;0;6;0;0;6;-22,99498627;-44,24919963;"SR-RJ";"UOP01";"DEL03"
341814;2021-02-20;"sábado";"08:35:00";"MG";40;"630.9";"CONSELHEIRO LAFAIETE";"Retorno proibido";"Colisão lateral";"Com Vítimas Feridas";"Pleno dia";"Crescente";"Céu Claro";"Simples";"Reta";"Sim";2;0;1;0;1;0;1;2;-20,66956881;-43,80141735;"SR-MG";"UOP02";"DEL05"
341815;2021-02-20;"sábado";"07:30:00";"BA";101;"387";"IBIRAPITANGA";"Velocidade Incompatível";"Tombamento";"Com Vítimas Feridas";"Pleno dia";"Crescente";"Sol";"Simples";"Curva";"Não";1;0;1;0;0;0;1;1;-13,8799126;-39,48829651;"SR-BA";"UOP03";"DEL05"
341816;2021-02-20;"sábado";"06:40:00";"PI";407;"461";"JAICOS";"Transitar na contramão";"Colisão lateral sentido oposto";"Com Vítimas Feridas";"Amanhecer";"Crescente";"Céu Claro";"Simples";"Reta";"Não";2;0;1;0;1;0;1;2;-7,318882;-41,159879;"SR-PI";"UOP01";"DEL04"
341818;2021-02-20;"sábado";"08:50:00";"GO";153;"496.5";"GOIANIA";"Demais falhas mecânicas ou elétricas";"Tombamento";"Com Vítimas Feridas";"Pleno dia";"Crescente";"Nublado";"Dupla";"Reta";"Sim";2;0;2;0;0;0;2;1;-16,6776;-49,2314;"SR-GO";"UOP01";"DEL01"
341819;2021-02-20;"sábado";"09:40:00";"MG";262;"388";"FLORESTAL";"Acessar a via sem observar a presença dos outros veículos";"Colisão traseira";"Com Vítimas Feridas";"Pleno dia";"Crescente";"Nublado";"Dupla";"Retorno Regulamentado";"Não";3;0;1;0;2;0;1;2;-19,9366751;-44,44352695;"SR-MG";"UOP03";"DEL01"
341820;2021-02-19;"sexta";"19:30:00";"BA";101;"165";"CONCEICAO DO JACUIPE";"Iluminação deficiente";"Atropelamento de Animal";"Com Vítimas Feridas";"Plena Noite";"Crescente";"Céu Claro";"Simples";"Reta";"Não";1;0;1;0;0;0;1;1;-12,35551436;-38,782478;"SR-BA";"UOP03";"DEL01"
341821;2021-02-20;"sábado";"05:00:00";"MG";40;"186";"JOAO PINHEIRO";"Demais falhas mecânicas ou elétricas";"Saída de leito carroçável";"Com Vítimas Feridas";"Amanhecer";"Decrescente";"Chuva";"Simples";"Reta";"Não";2;0;1;0;1;0;1;1;-17,99179584;-45,93440797;"SR-MG";"UOP02";"DEL14"
341822;2021-02-20;"sábado";"10:00:00";"RS";116;"312.2";"BARRA DO RIBEIRO";"Reação tardia ou ineficiente do condutor";"Colisão lateral mesmo sentido";"Com Vítimas Feridas";"Pleno dia";"Decrescente";"Céu Claro";"Simples";"Desvio Temporário";"Não";3;0;0;1;1;1;1;2;-30,21844198;-51,40424588;"SR-RS";"UOP01";"DEL02"
341823;2021-02-20;"sábado";"09:20:00";"PR";153;"38.3";"SANTO ANTONIO DA PLATINA";"Pista esburacada";"Queda de ocupante de veículo";"Com Vítimas Feridas";"Pleno dia";"Decrescente";"Céu Claro";"Simples";"Não Informado";"Não";1;0;1;0;0;0;1;1;-23,26665491;-50,06410039;"SR-PR";"UOP03";"DEL07"
341824;2021-02-20;"sábado";"09:30:00";"DF";20;"15.6";"BRASILIA";"Condutor deixou de manter distância do veículo da frente";"Colisão traseira";"Com Vítimas Feridas";"Pleno dia";"Decrescente";"Céu Claro";"Dupla";"Reta";"Sim";2;0;1;0;1;0;1;2;-15,630189;-47,733288;"SR-DF";"UOP01";"DEL02"
341827;2021-02-20;"sábado";"10:20:00";"SC";282;"42.5";"AGUAS MORNAS";"Conversão proibida";"Colisão transversal";"Com Vítimas Feridas";"Pleno dia";"Crescente";"Céu Claro";"Simples";"Reta";"Não";3;0;2;0;1;0;2;2;-27,72077;-48,887478;"SR-SC";"UOP03";"DEL01"
341828;2021-02-20;"sábado";"10:15:00";"RS";116;"219";"DOIS IRMAOS";"Reação tardia ou ineficiente do condutor";"Colisão lateral";"Com Vítimas Feridas";"Pleno dia";"Decrescente";"Céu Claro";"Simples";"Curva";"Não";2;0;1;0;1;0;1;2;-29,556364;-51,09063899;"SR-RS";"UOP02";"DEL05"
341829;2021-02-20;"sábado";"10:40:00";"SP";116;"229.5";"SAO PAULO";"Objeto estático sobre o leito carroçável";"Queda de ocupante de veículo";"Com Vítimas Feridas";"Pleno dia";"Crescente";"Céu Claro";"Múltipla";"Reta";"Não";1;0;1;0;0;0;1;1;-23,51291902;-46,57604698;"SR-SP";"UOP01";"DEL01"
341830;2021-02-20;"sábado";"09:45:00";"MG";116;"415.6";"GOVERNADOR VALADARES";"Condutor deixou de manter distância do veículo da frente";"Colisão traseira";"Com Vítimas Feridas";"Pleno dia";"Crescente";"Sol";"Simples";"Não Informado";"Sim";2;0;1;0;1;0;1;2;-18,88401297;-41,94924399;"SR-MG";"UOP01";"DEL06"
341832;2021-02-20;"sábado";"09:20:00";"MS";163;"23";"MUNDO NOVO";"Conversão proibida";"Colisão transversal";"Com Vítimas Feridas";"Pleno dia";"Decrescente";"Céu Claro";"Simples";"Reta";"Não";6;0;2;0;4;0;2;2;-23,9028426;-54,30261081;"SR-MS";"UOP02";"DEL09"
341833;2021-02-20;"sábado";"11:00:00";"RN";304;"290";"MACAIBA";"Condutor deixou de manter distância do veículo da frente";"Colisão traseira";"Com Vítimas Feridas";"Pleno dia";"Decrescente";"Céu Claro";"Simples";"Reta";"Não";3;0;0;1;2;0;1;3;-5,86659018;-35,40283899;"SR-RN";"UOP02";"DEL01"
341834;2021-02-20;"sábado";"11:50:00";"SC";282;"16";"PALHOCA";"Acessar a via sem observar a presença dos outros veículos";"Colisão transversal";"Com Vítimas Feridas";"Pleno dia";"Decrescente";"Céu Claro";"Simples";"Reta";"Sim";2;0;1;1;0;0;2;2;-27,658611;-48,681847;"SR-SC";"UOP02";"DEL01"
341835;2021-02-20;"sábado";"10:50:00";"PR";476;"281.2";"SAO MATEUS DO SUL";"Reação tardia ou ineficiente do condutor";"Saída de leito carroçável";"Com Vítimas Feridas";"Pleno dia";"Crescente";"Sol";"Simples";"Curva";"Sim";1;0;1;0;0;0;1;1;-25,876148;-50,425007;"SR-PR";"UOP04";"DEL02"
341836;2021-02-20;"sábado";"11:45:00";"PR";153;"17.7";"JACAREZINHO";"Condutor deixou de manter distância do veículo da frente";"Colisão traseira";"Com Vítimas Feridas";"Pleno dia";"Crescente";"Sol";"Simples";"Interseção de vias";"Sim";3;0;1;0;2;0;1;2;-23,135487;-49,9450358;"SR-PR";"UOP03";"DEL07"
341837;2021-02-20;"sábado";"10:55:00";"RS";101;"11";"DOM PEDRO DE ALCANTARA";"Reação tardia ou ineficiente do condutor";"Colisão traseira";"Com Vítimas Feridas";"Pleno dia";"Crescente";"Céu Claro";"Dupla";"Reta";"Sim";4;0;2;0;2;0;2;2;-29,37276611;-49,82302391;"SR-RS";"UOP02";"DEL03"
341838;2021-02-20;"sábado";"11:55:00";"SC";101;"199";"SAO JOSE";"Velocidade Incompatível";"Queda de ocupante de veículo";"Com Vítimas Feridas";"Pleno dia";"Decrescente";"Sol";"Múltipla";"Reta";"Sim";2;0;2;0;0;0;2;1;-27,53413705;-48,63003205;"SR-SC";"UOP01";"DEL01"
341839;2021-02-20;"sábado";"11:30:00";"BA";116;"573";"BREJOES";"Acessar a via sem observar a presença dos outros veículos";"Colisão transversal";"Com Vítimas Feridas";"Pleno dia";"Decrescente";"Céu Claro";"Simples";"Reta";"Não";3;0;0;1;2;0;1;2;-13,03377993;-39,96519711;"SR-BA";"UOP02";"DEL03"
341840;2021-02-20;"sábado";"11:00:00";"PR";369;"233";"JANDAIA DO SUL";"Velocidade Incompatível";"Capotamento";"Com Vítimas Feridas";"Pleno dia";"Crescente";"Céu Claro";"Simples";"Reta";"Não";2;0;2;0;0;0;2;1;-23,61575891;-51,66612625;"SR-PR";"UOP01";"DEL09"
341841;2021-02-20;"sábado";"11:50:00";"RN";101;"84.4";"SAO GONCALO DO AMARANTE";"Pedestre cruzava a pista fora da faixa";"Atropelamento de Pedestre";"Com Vítimas Feridas";"Pleno dia";"Decrescente";"Céu Claro";"Dupla";"Reta";"Sim";5;0;1;1;1;2;2;2;-5,774175;-35,2578;"SR-RN";"UOP01";"DEL02"
341842;2021-02-20;"sábado";"11:00:00";"PR";476;"106";"COLOMBO";"Ultrapassagem Indevida";"Saída de leito carroçável";"Com Vítimas Feridas";"Pleno dia";"Decrescente";"Céu Claro";"Simples";"Reta";"Não";3;0;1;0;1;1;1;2;-25,285248;-49,14677;"SR-PR";"UOP02";"DEL01"
341843;2021-02-20;"sábado";"12:30:00";"MG";381;"506";"BETIM";"Manobra de mudança de faixa";"Colisão lateral mesmo sentido";"Com Vítimas Feridas";"Pleno dia";"Decrescente";"Nublado";"Dupla";"Ponte";"Sim";3;0;1;0;2;0;1;2;-20,03920053;-44,25632;"SR-MG";"UOP03";"DEL01"
341844;2021-02-20;"sábado";"12:27:00";"RS";116;"40";"VACARIA";"Acessar a via sem observar a presença dos outros veículos";"Colisão transversal";"Com Vítimas Feridas";"Pleno dia";"Crescente";"Céu Claro";"Simples";"Reta";"Sim";3;0;1;1;1;0;2;2;-28,51839098;-50,93942202;"SR-RS";"UOP03";"DEL05"
341846;2021-02-20;"sábado";"12:20:00";"PR";277;"206.5";"PALMEIRA";"Velocidade Incompatível";"Saída de leito carroçável";"Com Vítimas Feridas";"Pleno dia";"Crescente";"Céu Claro";"Simples";"Curva";"Não";1;0;0;1;0;0;1;1;-25,46468901;-50,25988;"SR-PR";"UOP03";"DEL03"
341847;2021-02-20;"sábado";"12:20:00";"DF";60;"4.2";"BRASILIA";"Manobra de mudança de faixa";"Colisão lateral mesmo sentido";"Com Vítimas Feridas";"Pleno dia";"Crescente";"Nublado";"Dupla";"Reta";"Sim";2;0;1;0;1;0;1;2;-15,892721;-48,095741;"SR-DF";"UOP02";"DEL01"
341848;2021-02-20;"sábado";"12:30:00";"SP";116;"175.8";"GUARAREMA";"Reação tardia ou ineficiente do condutor";"Capotamento";"Com Vítimas Feridas";"Pleno dia";"Crescente";"Sol";"Dupla";"Reta";"Não";2;0;0;2;0;0;2;1;-23,32173972;-46,100353;"SR-SP";"UOP01";"DEL01"
341849;2021-02-20;"sábado";"11:30:00";"SC";101;"280";"IMBITUBA";"Velocidade Incompatível";"Colisão traseira";"Com Vítimas Feridas";"Pleno dia";"Crescente";"Céu Claro";"Dupla";"Reta";"Sim";3;0;1;0;2;0;1;2;-28,17962805;-48,6956297;"SR-SC";"UOP03";"DEL02"
341851;2021-02-20;"sábado";"13:00:00";"SE";101;"66";"ROSARIO DO CATETE";"Ultrapassagem Indevida";"Colisão frontal";"Com Vítimas Feridas";"Pleno dia";"Crescente";"Céu Claro";"Simples";"Reta";"Não";3;0;0;3;0;0;3;2;-10,71207086;-37,05954216;"SR-SE";"UOP02";"DEL02"
341853;2021-02-20;"sábado";"08:50:00";"RS";471;"179.2";"RIO PARDO";"Demais falhas mecânicas ou elétricas";"Incêndio";"Sem Vítimas";"Pleno dia";"Decrescente";"Céu Claro";"Simples";"Reta";"Não";1;0;0;0;0;1;0;1;-30,067255;-52,366642;"SR-RS";"UOP03";"DEL02"
341854;2021-02-20;"sábado";"11:40:00";"SC";163;"71";"SAO MIGUEL DO OESTE";"Retorno proibido";"Colisão transversal";"Com Vítimas Feridas";"Pleno dia";"Crescente";"Céu Claro";"Dupla";"Reta";"Não";2;0;1;0;1;0;1;2;-26,72772401;-53,51281303;"SR-SC";"UOP03";"DEL07"
341855;2021-02-20;"sábado";"12:20:00";"MG";40;"297";"TRES MARIAS";"Velocidade Incompatível";"Saída de leito carroçável";"Com Vítimas Feridas";"Pleno dia";"Crescente";"Chuva";"Simples";"Curva";"Não";1;0;1;0;0;0;1;1;-18,32760097;-45,10834689;"SR-MG";"UOP02";"DEL14"
341856;2021-02-20;"sábado";"12:50:00";"BA";116;"653.8";"JEQUIE";"Avarias e/ou desgaste excessivo no pneu";"Saída de leito carroçável";"Com Vítimas Feridas";"Pleno dia";"Crescente";"Sol";"Simples";"Desvio Temporário";"Não";2;0;2;0;0;0;2;1;-13,63748802;-40,09329578;"SR-BA";"UOP01";"DEL03"
341857;2021-02-20;"sábado";"13:23:00";"SC";101;"79.1";"ARAQUARI";"Ingestão de álcool pelo condutor";"Colisão traseira";"Sem Vítimas";"Pleno dia";"Crescente";"Sol";"Múltipla";"Reta";"Sim";3;0;0;0;3;0;0;3;-26,58559601;-48,72192112;"SR-SC";"UOP02";"DEL03"
341858;2021-02-20;"sábado";"13:00:00";"MG";40;"256";"SAO GONCALO DO ABAETE";"Avarias e/ou desgaste excessivo no pneu";"Saída de leito carroçável";"Com Vítimas Feridas";"Pleno dia";"Decrescente";"Chuva";"Simples";"Não Informado";"Não";1;0;1;0;0;0;1;1;-18,13457305;-45,39156601;"SR-MG";"UOP02";"DEL14"
341859;2021-02-20;"sábado";"11:50:00";"SP";116;"562";"BARRA DO TURVO";"Ausência de reação do condutor";"Queda de ocupante de veículo";"Com Vítimas Feridas";"Pleno dia";"Crescente";"Céu Claro";"Dupla";"Curva";"Não";2;0;1;0;0;1;1;1;-25,02464023;-48,52213701;"SR-SP";"UOP02";"DEL05"
341860;2021-02-20;"sábado";"11:10:00";"SP";116;"517";"CAJATI";"Demais falhas mecânicas ou elétricas";"Incêndio";"Sem Vítimas";"Pleno dia";"Crescente";"Céu Claro";"Simples";"Reta";"Não";1;0;0;0;1;0;0;1;-24,8768469;-48,22732309;"SR-SP";"UOP02";"DEL05"
341863;2021-02-20;"sábado";"14:00:00";"SP";101;"47";"UBATUBA";"Acessar a via sem observar a presença dos outros veículos";"Colisão transversal";"Com Vítimas Feridas";"Pleno dia";"Crescente";"Nublado";"Simples";"Reta";"Sim";2;0;0;2;0;0;2;2;-23,429897;-45,082436;"SR-SP";"UOP02";"DEL06"
341864;2021-02-20;"sábado";"13:50:00";"SC";101;"371";"ICARA";"Manobra de mudança de faixa";"Saída de leito carroçável";"Com Vítimas Feridas";"Pleno dia";"Decrescente";"Céu Claro";"Dupla";"Reta";"Não";2;0;1;0;1;0;1;1;-28,70403682;-49,2008731;"SR-SC";"UOP01";"DEL02"
341865;2021-02-20;"sábado";"13:20:00";"MA";222;"656.6";"ACAILANDIA";"Ingestão de álcool pelo condutor";"Saída de leito carroçável";"Sem Vítimas";"Pleno dia";"Crescente";"Nublado";"Simples";"Curva";"Não";5;0;0;0;5;0;0;1;-4,85741265;-47,31514418;"SR-MA";"UOP03";"DEL04"
341866;2021-02-20;"sábado";"14:10:00";"SC";163;"72";"SAO MIGUEL DO OESTE";"Manobra de mudança de faixa";"Colisão lateral";"Com Vítimas Feridas";"Pleno dia";"Crescente";"Céu Claro";"Dupla";"Não Informado";"Sim";2;0;1;0;1;0;1;2;-26,71908804;-53,5157791;"SR-SC";"UOP03";"DEL07"
341867;2021-02-20;"sábado";"14:50:00";"SC";101;"123";"ITAJAI";"Ausência de reação do condutor";"Queda de ocupante de veículo";"Com Vítimas Feridas";"Pleno dia";"Crescente";"Céu Claro";"Dupla";"Reta";"Sim";1;0;1;0;0;0;1;1;-26,93668609;-48,69876905;"SR-SC";"UOP04";"DEL04"
341868;2021-02-20;"sábado";"15:18:00";"RS";386;"273.7";"FONTOURA XAVIER";"Pista em desnível";"Tombamento";"Com Vítimas Feridas";"Pleno dia";"Crescente";"Sol";"Simples";"Não Informado";"Não";1;0;1;0;0;0;1;1;-28,994553;-52,359726;"SR-RS";"UOP03";"DEL04"
341869;2021-02-20;"sábado";"15:00:00";"RN";304;"188";"LAJES";"Acessar a via sem observar a presença dos outros veículos";"Colisão lateral mesmo sentido";"Com Vítimas Feridas";"Pleno dia";"Decrescente";"Céu Claro";"Simples";"Reta";"Não";2;0;1;1;0;0;2;2;-5,69597023;-36,2672161;"SR-RN";"UOP03";"DEL01"
341870;2021-02-20;"sábado";"15:30:00";"PE";101;"72.2";"RECIFE";"Ingestão de álcool ou de substâncias psicoativas pelo pedestre";"Atropelamento de Pedestre";"Com Vítimas Fatais";"Pleno dia";"Decrescente";"Céu Claro";"Dupla";"Curva";"Sim";2;1;1;0;0;0;1;1;-8,08493106;-34,9450639;"SR-PE";"UOP01";"DEL01"
341871;2021-02-20;"sábado";"15:00:00";"GO";60;"171";"GOIANIA";"Ingestão de álcool pelo condutor";"Colisão com objeto";"Com Vítimas Fatais";"Pleno dia";"Decrescente";"Céu Claro";"Dupla";"Reta";"Não";2;1;0;0;1;0;0;1;-16,7333;-49,3996;"SR-GO";"UOP02";"DEL01"
341872;2021-02-20;"sábado";"15:20:00";"ES";262;"16.3";"VIANA";"Ausência de reação do condutor";"Queda de ocupante de veículo";"Com Vítimas Feridas";"Pleno dia";"Crescente";"Nublado";"Dupla";"Reta";"Não";2;0;2;0;0;0;2;1;-20,38441093;-40,463078;"SR-ES";"UOP01";"DEL01"
341873;2021-02-20;"sábado";"15:45:00";"PR";376;"134.9";"NOVA ESPERANCA";"Condutor Dormindo";"Colisão traseira";"Com Vítimas Feridas";"Pleno dia";"Crescente";"Sol";"Dupla";"Não Informado";"Não";2;0;0;1;1;0;1;2;-23,2034458;-52,19572306;"SR-PR";"UOP02";"DEL09"
341874;2021-02-20;"sábado";"15:20:00";"RJ";101;"323";"NITEROI";"Avarias e/ou desgaste excessivo no pneu";"Tombamento";"Com Vítimas Feridas";"Pleno dia";"Decrescente";"Céu Claro";"Dupla";"Reta";"Sim";2;0;2;0;0;0;2;1;-22,87684786;-43,11728689;"SR-RJ";"UOP02";"DEL02"
341875;2021-02-20;"sábado";"14:50:00";"MG";381;"506";"SAO JOAQUIM DE BICAS";"Condutor deixou de manter distância do veículo da frente";"Colisão traseira";"Com Vítimas Feridas";"Pleno dia";"Crescente";"Céu Claro";"Dupla";"Reta";"Sim";2;0;1;0;1;0;1;2;-20,05039397;-44,27962502;"SR-MG";"UOP03";"DEL01"
341876;2021-02-20;"sábado";"11:00:00";"RO";364;"425";"JARU";"Reação tardia ou ineficiente do condutor";"Colisão com objeto";"Com Vítimas Feridas";"Pleno dia";"Decrescente";"Nublado";"Dupla";"Reta";"Sim";2;0;0;1;1;0;1;2;-10,43752488;-62,47169791;"SR-RO";"UOP02";"DEL03"
341877;2021-02-20;"sábado";"15:45:00";"MG";365;"691";"MONTE ALEGRE DE MINAS";"Demais falhas na via";"Saída de leito carroçável";"Com Vítimas Feridas";"Pleno dia";"Decrescente";"Sol";"Dupla";"Reta";"Não";1;0;1;0;0;0;1;1;-18,87690265;-48,91252701;"SR-MG";"UOP03";"DEL15"
341878;2021-02-20;"sábado";"12:17:00";"BA";116;"570";"BREJOES";"Ultrapassagem Indevida";"Colisão lateral";"Com Vítimas Fatais";"Pleno dia";"Decrescente";"Céu Claro";"Simples";"Não Informado";"Não";3;1;0;0;2;0;0;3;-13,00883474;-39,956981;"SR-BA";"UOP02";"DEL03"
341879;2021-02-19;"sexta";"15:40:00";"SC";NA;"";"CHAPECO";"Desrespeitar a preferência no cruzamento";"Colisão traseira";"Com Vítimas Feridas";"Pleno dia";"Não Informado";"Céu Claro";"Simples";"Interseção de vias";"Sim";3;0;1;0;2;0;1;2;-27,05056469;-52,63546678;"SR-SC";"UOP01";"DEL07"
341880;2021-02-20;"sábado";"15:40:00";"SC";101;"414";"ARARANGUA";"Ausência de reação do condutor";"Saída de leito carroçável";"Com Vítimas Feridas";"Pleno dia";"Decrescente";"Céu Claro";"Dupla";"Curva";"Não";1;0;1;0;0;0;1;1;-28,95360392;-49,50985011;"SR-SC";"UOP02";"DEL02"
341881;2021-02-20;"sábado";"15:40:00";"SP";153;"173";"GUAICARA";"Reação tardia ou ineficiente do condutor";"Saída de leito carroçável";"Com Vítimas Feridas";"Pleno dia";"Decrescente";"Céu Claro";"Simples";"Reta";"Não";1;0;1;0;0;0;1;1;-21,62412004;-49,7872237;"SR-SP";"UOP01";"DEL07"
341882;2021-02-20;"sábado";"16:20:00";"SC";280;"73.5";"JARAGUA DO SUL";"Velocidade Incompatível";"Colisão com objeto";"Com Vítimas Feridas";"Pleno dia";"Decrescente";"Sol";"Simples";"Rotatória";"Sim";1;0;0;1;0;0;1;1;-26,45917102;-49,15245;"SR-SC";"UOP03";"DEL03"
341883;2021-02-20;"sábado";"16:00:00";"MG";262;"385";"MATEUS LEME";"Velocidade Incompatível";"Saída de leito carroçável";"Com Vítimas Feridas";"Pleno dia";"Crescente";"Nublado";"Dupla";"Curva";"Não";2;0;1;0;1;0;1;1;-19,91929189;-44,48922157;"SR-MG";"UOP03";"DEL01"
341884;2021-02-20;"sábado";"16:10:00";"MG";262;"385";"MATEUS LEME";"Ausência de reação do condutor";"Saída de leito carroçável";"Com Vítimas Feridas";"Pleno dia";"Crescente";"Nublado";"Dupla";"Curva";"Não";3;0;3;0;0;0;3;1;-19,93325094;-44,42077402;"SR-MG";"UOP03";"DEL01"
341885;2021-02-20;"sábado";"15:50:00";"MG";381;"850.1";"POUSO ALEGRE";"Demais falhas mecânicas ou elétricas";"Queda de ocupante de veículo";"Com Vítimas Feridas";"Pleno dia";"Crescente";"Sol";"Simples";"Curva";"Não";1;0;1;0;0;0;1;1;-22,2786871;-45,89472262;"SR-MG";"UOP01";"DEL16"
341886;2021-02-20;"sábado";"13:45:00";"RO";364;"88";"VILHENA";"Transitar na contramão";"Colisão frontal";"Com Vítimas Feridas";"Pleno dia";"Crescente";"Nublado";"Simples";"Não Informado";"Não";2;0;0;2;0;0;2;2;-12,373816;-60,62153;"SR-RO";"UOP01";"DEL04"
341887;2021-02-20;"sábado";"16:36:00";"BA";101;"491";"ITAJUIPE";"Acessar a via sem observar a presença dos outros veículos";"Colisão transversal";"Com Vítimas Feridas";"Pleno dia";"Crescente";"Céu Claro";"Simples";"Interseção de vias";"Não";2;0;1;0;1;0;1;2;-14,69955184;-39,36508;"SR-BA";"UOP01";"DEL05"
341888;2021-02-20;"sábado";"16:20:00";"SP";381;"36";"ATIBAIA";"Condutor deixou de manter distância do veículo da frente";"Colisão traseira";"Com Vítimas Feridas";"Pleno dia";"Crescente";"Céu Claro";"Dupla";"Não Informado";"Sim";2;0;0;1;1;0;1;2;-23,09707232;-46,57180706;"SR-SP";"UOP01";"DEL03"
341890;2021-02-20;"sábado";"15:15:00";"RN";101;"108";"PARNAMIRIM";"Acessar a via sem observar a presença dos outros veículos";"Colisão lateral";"Com Vítimas Feridas";"Pleno dia";"Decrescente";"Sol";"Dupla";"Reta";"Sim";2;0;0;1;1;0;1;2;-5,92825102;-35,26465683;"SR-RN";"UOP01";"DEL01"
341892;2021-02-20;"sábado";"16:50:00";"MG";381;"503.5";"BETIM";"Ausência de reação do condutor";"Atropelamento de Pedestre";"Com Vítimas Feridas";"Pleno dia";"Crescente";"Nublado";"Simples";"Reta";"Não";2;0;1;0;1;0;1;1;-20,03855134;-44,25495493;"SR-MG";"UOP03";"DEL01"
341893;2021-02-20;"sábado";"15:50:00";"RS";471;"529.9";"RIO GRANDE";"Demais falhas mecânicas ou elétricas";"Saída de leito carroçável";"Com Vítimas Feridas";"Pleno dia";"Decrescente";"Céu Claro";"Simples";"Reta";"Não";5;0;3;0;2;0;3;1;-32,634071;-52,581524;"SR-RS";"UOP02";"DEL07"
341894;2021-02-20;"sábado";"17:25:00";"PB";101;"86";"JOAO PESSOA";"Manobra de mudança de faixa";"Queda de ocupante de veículo";"Com Vítimas Feridas";"Pleno dia";"Crescente";"Céu Claro";"Dupla";"Reta";"Sim";2;0;1;0;1;0;1;2;-7,157;-34,906;"SR-PB";"UOP01";"DEL01"
341895;2021-02-20;"sábado";"16:45:00";"SP";116;"142";"SAO JOSE DOS CAMPOS";"Carga excessiva e/ou mal acondicionada";"Colisão traseira";"Com Vítimas Feridas";"Pleno dia";"Decrescente";"Céu Claro";"Dupla";"Não Informado";"Sim";3;0;0;1;2;0;1;3;-23,17426078;-45,82940111;"SR-SP";"UOP01";"DEL02"
341896;2021-02-20;"sábado";"16:30:00";"RJ";116;"300";"RESENDE";"Pista esburacada";"Queda de ocupante de veículo";"Com Vítimas Feridas";"Pleno dia";"Decrescente";"Nublado";"Dupla";"Interseção de vias";"Sim";2;0;2;0;0;0;2;1;-22,45223481;-44,35432502;"SR-RJ";"UOP02";"DEL07"
341897;2021-02-20;"sábado";"16:40:00";"PE";101;"159.1";"GAMELEIRA";"Carga excessiva e/ou mal acondicionada";"Tombamento";"Sem Vítimas";"Pleno dia";"Decrescente";"Céu Claro";"Dupla";"Curva";"Não";1;0;0;0;1;0;0;1;-8,55252537;-35,41389482;"SR-PE";"UOP03";"DEL01"
341898;2021-02-20;"sábado";"16:40:00";"MG";356;"270.9";"MURIAE";"Demais falhas mecânicas ou elétricas";"Colisão traseira";"Com Vítimas Feridas";"Pleno dia";"Crescente";"Chuva";"Simples";"Não Informado";"Não";2;0;1;0;1;0;1;2;-21,12696064;-42,32689641;"SR-MG";"UOP02";"DEL07"
341899;2021-02-20;"sábado";"17:00:00";"MG";381;"509";"SAO JOAQUIM DE BICAS";"Chuva";"Colisão transversal";"Com Vítimas Feridas";"Anoitecer";"Decrescente";"Chuva";"Dupla";"Reta";"Não";2;0;1;0;1;0;1;2;-20,07008;-44,298819;"SR-MG";"UOP03";"DEL01"
341900;2021-02-20;"sábado";"17:15:00";"SP";381;"2";"VARGEM";"Curva acentuada";"Queda de ocupante de veículo";"Com Vítimas Feridas";"Pleno dia";"Crescente";"Céu Claro";"Dupla";"Reta";"Não";1;0;0;1;0;0;1;1;-22,88187369;-46,39059388;"SR-SP";"UOP01";"DEL03"