"id";"data_inversa";"dia_semana";"horario";"uf";"br";"km";"municipio";"causa_acidente";"tipo_acidente";"classificacao_acidente";"fase_dia";"sentido_via";"condicao_metereologica";"tipo_pista";"tracado_via";"uso_solo";"pessoas";"mortos";"feridos_leves";"feridos_graves";"ilesos";"ignorados";"feridos";"veiculos";"latitude";"longitude";"regional";"delegacia";"uop"
342000;2021-02-20;"sábado";"23:45:00";"MG";262;"7.8";"MARTINS SOARES";"Demais falhas na via";"Tombamento";"Com Vítimas Feridas";"Plena Noite";"Decrescente";"Chuva";"Simples";"Reta";"Não";1;0;1;0;0;0;1;1;-20,25582453;-41,81690282;"SR-MG";"UOP04";"DEL06"
342001;2021-02-21;"domingo";"03:45:00";"PR";277;"107";"CAMPO LARGO";"Condutor Dormindo";"Saída de leito carroçável";"Sem Vítimas";"Plena Noite";"Crescente";"Céu Claro";"Dupla";"Não Informado";"Não";1;0;0;0;1;0;0;1;-25,43145156;-49,42770213;"SR-PR";"UOP01";"DEL01"
342003;2021-02-21;"domingo";"03:00:00";"PR";158;"222";"CAMPO MOURAO";"Acessar a via sem observar a presença dos outros veículos";"Colisão traseira";"Com Vítimas Feridas";"Plena Noite";"Crescente";"Céu Claro";"Simples";"Reta";"Não";2;0;1;0;1;0;1;1;-24,01311927;-52,32048079;"SR-PR";"UOP03";"DEL09"
342004;2021-02-21;"domingo";"04:20:00";"SP";116;"221";"GUARULHOS";"Ausência de reação do condutor";"Capotamento";"Com Vítimas Feridas";"Plena Noite";"Decrescente";"Céu Claro";"Múltipla";"Reta";"Não";5;0;2;0;3;0;2;1;-23,46802395;-46,50704901;"SR-SP";"UOP01";"DEL01"
342005;2021-02-21;"domingo";"00:30:00";"BA";116;"495";"RAFAEL JAMBEIRO";"Ingestão de álcool pelo condutor";"Tombamento";"Com Vítimas Feridas";"Plena Noite";"Crescente";"Céu Claro";"Simples";"Curva";"Sim";1;0;1;0;0;0;1;1;-12,59175846;-39,52537537;"SR-BA";"UOP01";"DEL02"
342006;2021-02-21;"domingo";"04:10:00";"SP";381;"67";"MAIRIPORA";"Conversão proibida";"Colisão transversal";"Sem Vítimas";"Plena Noite";"Decrescente";"Ignorado";"Dupla";"Reta";"Não";3;0;0;0;2;1;0;2;-23,33226094;-46,57675379;"SR-SP";"UOP01";"DEL03"
342007;2021-02-21;"domingo";"03:00:00";"RJ";116;"199";"QUEIMADOS";"Acessar a via sem observar a presença dos outros veículos";"Eventos atípicos";"Com Vítimas Feridas";"Amanhecer";"Decrescente";"Nublado";"Dupla";"Reta";"Não";4;0;1;1;1;1;2;3;-22,72898648;-43,635;"SR-RJ";"UOP03";"DEL01"
342008;2021-02-20;"sábado";"22:50:00";"RO";364;"411";"JARU";"Reação tardia ou ineficiente do condutor";"Colisão traseira";"Com Vítimas Feridas";"Plena Noite";"Decrescente";"Nublado";"Simples";"Não Informado";"Não";3;0;1;0;2;0;1;2;-10,52497711;-62,39404366;"SR-RO";"UOP02";"DEL03"
342009;2021-02-21;"domingo";"03:30:00";"MG";40;"510";"RIBEIRAO DAS NEVES";"Animais na Pista";"Atropelamento de Animal";"Com Vítimas Feridas";"Plena Noite";"Decrescente";"Nublado";"Dupla";"Reta";"Sim";4;0;3;0;1;0;3;2;-19,77463885;-44,12321882;"SR-MG";"UOP02";"DEL01"
342010;2021-02-21;"domingo";"04:20:00";"RS";287;"250.6";"SANTA MARIA";"Ingestão de álcool pelo condutor";"Tombamento";"Com Vítimas Feridas";"Plena Noite";"Crescente";"Céu Claro";"Simples";"Reta";"Sim";1;0;0;1;0;0;1;1;-29,69077137;-53,87064812;"SR-RS";"UOP01";"DEL09"
342011;2021-02-21;"domingo";"02:20:00";"RO";364;"425";"JARU";"Reação tardia ou ineficiente do condutor";"Tombamento";"Com Vítimas Feridas";"Plena Noite";"Crescente";"Nublado";"Múltipla";"Reta";"Sim";1;0;1;0;0;0;1;1;-10,43752488;-62,47169791;"SR-RO";"UOP02";"DEL03"
342012;2021-02-21;"domingo";"05:00:00";"PR";476;"116";"COLOMBO";"Transitar na contramão";"Colisão frontal";"Com Vítimas Feridas";"Plena Noite";"Crescente";"Céu Claro";"Simples";"Interseção de vias";"Sim";2;0;0;1;0;1;1;2;-25,34016202;-49,12004471;"SR-PR";"UOP02";"DEL01"
342013;2021-02-21;"domingo";"05:15:00";"DF";20;"16";"BRASILIA";"Condutor deixou de manter distância do veículo da frente";"Colisão traseira";"Com Vítimas Feridas";"Amanhecer";"Crescente";"Céu Claro";"Dupla";"Reta";"Sim";3;0;1;0;1;1;1;2;-15,625675;-47,725159;"SR-DF";"UOP01";"DEL02"
342015;2021-02-21;"domingo";"04:15:00";"RS";471;"149";"SANTA CRUZ DO SUL";"Ingestão de álcool pelo condutor";"Saída de leito carroçável";"Com Vítimas Feridas";"Plena Noite";"Decrescente";"Céu Claro";"Simples";"Reta";"Sim";3;0;2;1;0;0;3;1;-29,76481598;-52,4236716;"SR-RS";"UOP03";"DEL02"
342016;2021-02-21;"domingo";"04:50:00";"SC";282;"633.5";"DESCANSO";"Ingestão de álcool pelo condutor";"Saída de leito carroçável";"Com Vítimas Feridas";"Plena Noite";"Decrescente";"Céu Claro";"Simples";"Não Informado";"Não";4;0;4;0;0;0;4;1;-26,824224;-53,412407;"SR-SC";"UOP03";"DEL07"
342017;2021-02-21;"domingo";"06:30:00";"SP";116;"488";"CAJATI";"Reação tardia ou ineficiente do condutor";"Queda de ocupante de veículo";"Com Vítimas Feridas";"Pleno dia";"Crescente";"Nublado";"Dupla";"Curva";"Não";1;0;1;0;0;0;1;1;-24,73097634;-48,09815591;"SR-SP";"UOP01";"DEL05"
342018;2021-02-21;"domingo";"05:45:00";"PR";369;"82.6";"CORNELIO PROCOPIO";"Ausência de reação do condutor";"Colisão traseira";"Com Vítimas Feridas";"Amanhecer";"Crescente";"Céu Claro";"Simples";"Reta";"Não";3;0;1;0;2;0;1;2;-23,14635817;-50,57641983;"SR-PR";"UOP01";"DEL07"
342019;2021-02-08;"segunda";"07:20:00";"RS";392;"99.5";"MORRO REDONDO";"Desrespeitar a preferência no cruzamento";"Colisão transversal";"Com Vítimas Feridas";"Pleno dia";"Decrescente";"Céu Claro";"Simples";"Rotatória";"Não";3;0;1;1;1;0;2;2;-31,5378712;-52,57472992;"SR-RS";"UOP01";"DEL07"
342020;2021-02-21;"domingo";"04:45:00";"MG";365;"476.8";"PATROCINIO";"Reação tardia ou ineficiente do condutor";"Queda de ocupante de veículo";"Com Vítimas Feridas";"Amanhecer";"Decrescente";"Céu Claro";"Simples";"Rotatória";"Não";2;0;2;0;0;0;2;1;-18,91384369;-47,04103759;"SR-MG";"UOP01";"DEL10"
342021;2021-02-21;"domingo";"05:30:00";"PB";101;"83.8";"BAYEUX";"Reação tardia ou ineficiente do condutor";"Colisão com objeto";"Com Vítimas Fatais";"Pleno dia";"Decrescente";"Céu Claro";"Dupla";"Reta";"Não";1;1;0;0;0;0;0;1;-7,1337703;-34,92963914;"SR-PB";"UOP01";"DEL01"
342022;2021-02-21;"domingo";"04:30:00";"MG";116;"599.9";"SAO JOAO DO MANHUACU";"Transitar na contramão";"Colisão frontal";"Com Vítimas Fatais";"Plena Noite";"Decrescente";"Nublado";"Simples";"Curva";"Não";2;1;0;0;1;0;0;2;-20,31887234;-42,14698792;"SR-MG";"UOP04";"DEL06"
342023;2021-02-21;"domingo";"01:00:00";"MA";135;"239.5";"PERITORO";"Ausência de reação do condutor";"Saída de leito carroçável";"Com Vítimas Feridas";"Plena Noite";"Crescente";"Nublado";"Simples";"Reta";"Não";1;0;0;1;0;0;1;1;-4,479785;-44,36740098;"SR-MA";"UOP01";"DEL03"
342024;2021-02-21;"domingo";"06:30:00";"MS";163;"559.9";"BANDEIRANTES";"Condutor usando celular";"Saída de leito carroçável";"Com Vítimas Fatais";"Pleno dia";"Decrescente";"Céu Claro";"Simples";"Reta";"Não";2;1;1;0;0;0;1;1;-19,82876601;-54,3703542;"SR-MS";"UOP02";"DEL01"
342025;2021-02-20;"sábado";"20:45:00";"PR";153;"411";"PAULO FRONTIN";"Ingestão de álcool pelo condutor";"Colisão lateral sentido oposto";"Sem Vítimas";"Plena Noite";"Decrescente";"Céu Claro";"Simples";"Curva";"Não";2;0;0;0;2;0;0;2;-26,04160897;-50,82689384;"SR-PR";"UOP04";"DEL02"
342027;2021-02-21;"domingo";"06:40:00";"MG";381;"817";"CAREACU";"Velocidade Incompatível";"Saída de leito carroçável";"Com Vítimas Feridas";"Pleno dia";"Decrescente";"Sol";"Dupla";"Não Informado";"Não";2;0;1;0;1;0;1;1;-22,09779644;-45,71786074;"SR-MG";"UOP02";"DEL16"
342028;2021-02-17;"quarta";"13:40:00";"PA";230;"119";"MARABA";"Condutor deixou de manter distância do veículo da frente";"Colisão traseira";"Com Vítimas Feridas";"Pleno dia";"Decrescente";"Céu Claro";"Simples";"Ponte";"Sim";2;0;1;0;0;1;1;2;-5,35659777;-49,12261963;"SR-PA";"UOP01";"DEL03"
342029;2021-02-21;"domingo";"04:30:00";"RO";364;"824";"PORTO VELHO";"Ingestão de álcool pelo condutor";"Saída de leito carroçável";"Sem Vítimas";"Amanhecer";"Crescente";"Céu Claro";"Simples";"Reta";"Não";1;0;0;0;1;0;0;1;-9,30611113;-64,60168978;"SR-RO";"UOP02";"DEL01"
342030;2021-02-21;"domingo";"08:00:00";"RN";304;"47.9";"MOSSORO";"Acessar a via sem observar a presença dos outros veículos";"Colisão frontal";"Com Vítimas Feridas";"Pleno dia";"Crescente";"Céu Claro";"Simples";"Reta";"Sim";3;0;1;1;1;0;2;2;-5,24435991;-37,31314184;"SR-RN";"UOP01";"DEL04"
342031;2021-02-20;"sábado";"23:30:00";"BA";324;"571";"SAO SEBASTIAO DO PASSE";"Condutor Dormindo";"Capotamento";"Com Vítimas Feridas";"Plena Noite";"Decrescente";"Céu Claro";"Dupla";"Reta";"Não";2;0;2;0;0;0;2;1;-12,55142914;-38,57416911;"SR-BA";"UOP01";"DEL01"
342032;2021-02-21;"domingo";"08:30:00";"RS";468;"121.2";"TIRADENTES DO SUL";"Acessar a via sem observar a presença dos outros veículos";"Colisão transversal";"Sem Vítimas";"Pleno dia";"Decrescente";"Céu Claro";"Simples";"Curva";"Não";2;0;0;0;2;0;0;2;-27,40379776;-54,042885;"SR-RS";"UOP02";"DEL08"
342033;2021-02-21;"domingo";"07:50:00";"MS";163;"20.7";"MUNDO NOVO";"Área urbana sem a presença de local apropriado para a travessia de pedestres";"Atropelamento de Pedestre";"Com Vítimas Feridas";"Pleno dia";"Crescente";"Céu Claro";"Simples";"Reta";"Sim";2;0;0;1;1;0;1;1;-23,92529776;-54,2835309;"SR-MS";"UOP02";"DEL09"
342034;2021-01-28;"quinta";"13:00:00";"ES";101;"149";"LINHARES";"Manobra de mudança de faixa";"Colisão lateral";"Com Vítimas Feridas";"Pleno dia";"Crescente";"Céu Claro";"Simples";"Interseção de vias";"Sim";2;0;1;0;1;0;1;2;-19,39882615;-40,06272577;"SR-ES";"UOP01";"DEL04"
342035;2021-02-21;"domingo";"08:45:00";"MG";40;"465";"SETE LAGOAS";"Frear bruscamente";"Colisão com objeto";"Com Vítimas Feridas";"Pleno dia";"Decrescente";"Chuva";"Dupla";"Não Informado";"Não";3;0;2;0;1;0;2;2;-19,43835777;-44,33103681;"SR-MG";"UOP01";"DEL02"
342037;2021-02-21;"domingo";"08:50:00";"SP";116;"144";"SAO JOSE DOS CAMPOS";"Ingestão de álcool pelo condutor";"Capotamento";"Sem Vítimas";"Pleno dia";"Decrescente";"Céu Claro";"Simples";"Desvio Temporário";"Sim";1;0;0;0;1;0;0;1;-23,18274416;-45,84633592;"SR-SP";"UOP01";"DEL02"
342038;2021-02-05;"sexta";"18:30:00";"SC";101;"70.5";"ARAQUARI";"Condutor deixou de manter distância do veículo da frente";"Colisão traseira";"Com Vítimas Feridas";"Anoitecer";"Crescente";"Céu Claro";"Dupla";"Reta";"Não";2;0;1;0;1;0;1;2;-26,51082007;-48,72345612;"SR-SC";"UOP02";"DEL03"
342040;2021-02-21;"domingo";"08:50:00";"SP";116;"214.4";"GUARULHOS";"Ausência de reação do condutor";"Colisão com objeto";"Sem Vítimas";"Pleno dia";"Decrescente";"Sol";"Dupla";"Reta";"Sim";1;0;0;0;0;1;0;1;-23,44333014;-46,44531294;"SR-SP";"UOP01";"DEL01"
342041;2021-02-21;"domingo";"09:30:00";"GO";153;"61";"PORANGATU";"Acesso irregular";"Colisão frontal";"Com Vítimas Fatais";"Pleno dia";"Crescente";"Chuva";"Simples";"Reta";"Não";3;1;1;0;1;0;1;2;-13,35297;-49,12318;"SR-GO";"UOP01";"DEL07"
342042;2021-02-21;"domingo";"08:30:00";"MG";40;"516.5";"RIBEIRAO DAS NEVES";"Reação tardia ou ineficiente do condutor";"Colisão com objeto";"Com Vítimas Feridas";"Pleno dia";"Decrescente";"Céu Claro";"Dupla";"Reta";"Sim";1;0;0;1;0;0;1;1;-19,81628624;-44,08960124;"SR-MG";"UOP02";"DEL01"
342043;2021-02-21;"domingo";"09:50:00";"GO";60;"2";"SANTO ANTONIO DO DESCOBERTO";"Acumulo de água sobre o pavimento";"Capotamento";"Com Vítimas Feridas";"Pleno dia";"Crescente";"Chuva";"Dupla";"Curva";"Não";2;0;1;0;1;0;1;1;-16,083094;-48,2711792;"SR-DF";"UOP02";"DEL01"
342044;2021-02-21;"domingo";"10:30:00";"SC";101;"57";"JOINVILLE";"Condutor deixou de manter distância do veículo da frente";"Colisão traseira";"Com Vítimas Feridas";"Pleno dia";"Decrescente";"Sol";"Simples";"Reta";"Não";1;0;1;0;0;0;1;1;-26,43646093;-48,81113029;"SR-SC";"UOP01";"DEL03"
342045;2021-02-21;"domingo";"10:55:00";"ES";101;"212.9";"IBIRACU";"Condutor Dormindo";"Saída de leito carroçável";"Sem Vítimas";"Pleno dia";"Crescente";"Sol";"Simples";"Curva";"Sim";1;0;0;0;1;0;0;1;-19,81537521;-40,36655964;"SR-ES";"UOP01";"DEL02"
342046;2021-02-21;"domingo";"11:10:00";"RJ";101;"283";"ITABORAI";"Reação tardia ou ineficiente do condutor";"Tombamento";"Com Vítimas Feridas";"Pleno dia";"Decrescente";"Céu Claro";"Dupla";"Curva";"Sim";1;0;1;0;0;0;1;1;-22,73591014;-42,80592689;"SR-RJ";"UOP03";"DEL02"
342047;2021-02-21;"domingo";"03:40:00";"TO";242;"298.9";"PEIXE";"Ausência de reação do condutor";"Colisão traseira";"Com Vítimas Feridas";"Pleno dia";"Crescente";"Garoa/Chuvisco";"Simples";"Reta";"Não";4;0;0;2;1;1;2;3;-12,13998907;-48,53703775;"SR-TO";"UOP02";"DEL01"
342048;2021-02-21;"domingo";"10:40:00";"BA";116;"415";"FEIRA DE SANTANA";"Desrespeitar a preferência no cruzamento";"Colisão transversal";"Com Vítimas Feridas";"Pleno dia";"Decrescente";"Céu Claro";"Simples";"Interseção de vias";"Sim";4;0;0;2;2;0;2;2;-12,159639;-38,9648641;"SR-BA";"UOP01";"DEL02"
342049;2021-02-21;"domingo";"09:00:00";"PE";116;"34.4";"SALGUEIRO";"Ultrapassagem Indevida";"Colisão lateral mesmo sentido";"Com Vítimas Feridas";"Pleno dia";"Crescente";"Céu Claro";"Simples";"Reta";"Não";3;0;1;0;2;0;1;2;-8,135853;-39,113209;"SR-PE";"UOP01";"DEL05"
342050;2021-02-21;"domingo";"08:30:00";"MT";364;"1";"ALTO ARAGUAIA";"Reação tardia ou ineficiente do condutor";"Colisão com objeto";"Sem Vítimas";"Pleno dia";"Decrescente";"Céu Claro";"Dupla";"Desvio Temporário";"Sim";2;0;0;0;2;0;0;2;-17,31227325;-53,21828343;"SR-MT";"UOP04";"DEL02"
342051;2021-02-21;"domingo";"11:42:00";"SC";101;"216.4";"PALHOCA";"Condutor deixou de manter distância do veículo da frente";"Colisão traseira";"Com Vítimas Feridas";"Pleno dia";"Crescente";"Sol";"Dupla";"Reta";"Sim";4;0;2;0;2;0;2;3;-27,65981409;-48,67747798;"SR-SC";"UOP02";"DEL01"
342052;2021-02-21;"domingo";"10:59:00";"DF";60;"28";"BRASILIA";"Pista Escorregadia";"Saída de leito carroçável";"Com Vítimas Feridas";"Pleno dia";"Crescente";"Chuva";"Dupla";"Reta";"Sim";3;0;0;3;0;0;3;1;-16,020638;-48,250832;"SR-DF";"UOP02";"DEL01"
342053;2021-02-21;"domingo";"11:45:00";"RS";158;"327";"SANTA MARIA";"Desrespeitar a preferência no cruzamento";"Colisão transversal";"Com Vítimas Feridas";"Pleno dia";"Crescente";"Céu Claro";"Simples";"Interseção de vias";"Sim";7;0;3;0;4;0;3;2;-29,70865407;-53,8245446;"SR-RS";"UOP01";"DEL09"
342054;2021-02-21;"domingo";"09:10:00";"MG";116;"726.6";"LARANJAL";"Acessar a via sem observar a presença dos outros veículos";"Colisão transversal";"Com Vítimas Feridas";"Pleno dia";"Crescente";"Sol";"Simples";"Não Informado";"Não";2;0;0;1;0;1;1;2;-21,27973724;-42,41607785;"SR-MG";"UOP02";"DEL07"
342055;2021-02-21;"domingo";"12:30:00";"SC";101;"239";"PALHOCA";"Avarias e/ou desgaste excessivo no pneu";"Tombamento";"Com Vítimas Feridas";"Pleno dia";"Crescente";"Céu Claro";"Dupla";"Reta";"Não";2;0;1;0;1;0;1;1;-27,85046883;-48,63955216;"SR-SC";"UOP02";"DEL01"
342056;2021-02-21;"domingo";"12:30:00";"PE";116;"14";"SALGUEIRO";"Avarias e/ou desgaste excessivo no pneu";"Saída de leito carroçável";"Com Vítimas Feridas";"Pleno dia";"Crescente";"Céu Claro";"Simples";"Desvio Temporário";"Não";2;0;1;0;1;0;1;1;-7,96237;-39,1346;"SR-PE";"UOP01";"DEL05"
342058;2021-02-21;"domingo";"08:10:00";"MG";267;"186";"OLARIA";"Ausência de reação do condutor";"Tombamento";"Com Vítimas Feridas";"Amanhecer";"Decrescente";"Céu Claro";"Simples";"Curva";"Não";2;0;1;0;0;1;1;2;-21,91403182;-43,98670974;"SR-MG";"UOP01";"DEL05"
342059;2021-02-21;"domingo";"12:40:00";"SP";381;"78";"SAO PAULO";"Velocidade Incompatível";"Queda de ocupante de veículo";"Com Vítimas Feridas";"Pleno dia";"Crescente";"Sol";"Dupla";"Não Informado";"Não";1;0;1;0;0;0;1;1;-23,39620774;-46,57355227;"SR-SP";"UOP01";"DEL03"
342060;2021-02-21;"domingo";"13:25:00";"MG";40;"687.1";"RESSAQUINHA";"Reação tardia ou ineficiente do condutor";"Saída de leito carroçável";"Com Vítimas Feridas";"Pleno dia";"Decrescente";"Nublado";"Simples";"Curva";"Não";2;0;0;2;0;0;2;1;-21,09998;-43,765694;"SR-MG";"UOP02";"DEL05"
342061;2021-02-21;"domingo";"13:30:00";"GO";60;"83";"ANAPOLIS";"Velocidade Incompatível";"Saída de leito carroçável";"Com Vítimas Feridas";"Pleno dia";"Decrescente";"Chuva";"Dupla";"Desvio Temporário";"Não";5;0;4;0;1;0;4;1;-16,3149;-48,846;"SR-GO";"UOP01";"DEL02"
342062;2021-02-21;"domingo";"13:00:00";"ES";259;"57.6";"COLATINA";"Acessar a via sem observar a presença dos outros veículos";"Colisão transversal";"Com Vítimas Feridas";"Pleno dia";"Crescente";"Céu Claro";"Dupla";"Reta";"Sim";3;0;1;1;1;0;2;2;-19,50865703;-40,65581416;"SR-ES";"UOP01";"DEL02"
342063;2021-02-21;"domingo";"13:40:00";"ES";101;"412.3";"ITAPEMIRIM";"Reação tardia ou ineficiente do condutor";"Colisão lateral sentido oposto";"Com Vítimas Feridas";"Pleno dia";"Crescente";"Sol";"Simples";"Curva";"Não";3;0;0;1;1;1;1;2;-20,90878197;-41,06944138;"SR-ES";"UOP02";"DEL03"
342065;2021-02-13;"sábado";"15:40:00";"MG";153;"172";"FRUTAL";"Curva acentuada";"Tombamento";"Com Vítimas Feridas";"Pleno dia";"Crescente";"Céu Claro";"Dupla";"Interseção de vias";"Não";1;0;1;0;0;0;1;1;-19,78523104;-48,9660625;"SR-MG";"UOP02";"DEL13"
342067;2021-02-21;"domingo";"13:30:00";"SP";101;"47.5";"UBATUBA";"Desrespeitar a preferência no cruzamento";"Colisão transversal";"Com Vítimas Feridas";"Pleno dia";"Decrescente";"Chuva";"Simples";"Rotatória";"Sim";3;0;1;0;1;1;1;2;-23,433979;-45,085556;"SR-SP";"UOP02";"DEL06"
342068;2021-02-21;"domingo";"13:25:00";"SP";116;"51.2";"LORENA";"Velocidade Incompatível";"Colisão traseira";"Com Vítimas Feridas";"Pleno dia";"Decrescente";"Céu Claro";"Múltipla";"Reta";"Sim";3;0;2;0;0;1;2;2;-22,74157511;-45,09206392;"SR-SP";"UOP02";"DEL08"
342069;2021-02-05;"sexta";"18:30:00";"PR";163;"18.4";"BOM JESUS DO SUL";"Manobra de mudança de faixa";"Colisão traseira";"Com Vítimas Feridas";"Pleno dia";"Decrescente";"Céu Claro";"Simples";"Não Informado";"Não";4;0;2;0;2;0;2;2;-26,184299;-53,660488;"SR-PR";"UOP02";"DEL02"
342070;2021-02-21;"domingo";"13:45:00";"MG";50;"45";"ARAGUARI";"Velocidade Incompatível";"Saída de leito carroçável";"Com Vítimas Feridas";"Pleno dia";"Decrescente";"Céu Claro";"Dupla";"Reta";"Não";3;0;1;0;2;0;1;3;-18,71289097;-48,19662304;"SR-MG";"UOP02";"DEL15"
342071;2021-02-21;"domingo";"14:20:00";"MG";381;"934";"EXTREMA";"Velocidade Incompatível";"Colisão traseira";"Sem Vítimas";"Pleno dia";"Decrescente";"Nublado";"Dupla";"Não Informado";"Não";2;0;0;0;2;0;0;2;-22,82007572;-46,29934031;"SR-MG";"UOP03";"DEL16"
342072;2021-02-21;"domingo";"09:24:00";"SP";116;"561";"BARRA DO TURVO";"Reação tardia ou ineficiente do condutor";"Tombamento";"Com Vítimas Feridas";"Pleno dia";"Decrescente";"Sol";"Dupla";"Curva";"Não";1;0;1;0;0;0;1;1;-25,02045097;-48,51586004;"SR-SP";"UOP02";"DEL05"
342073;2021-02-21;"domingo";"15:00:00";"PB";361;"77";"PIANCO";"Ingestão de álcool pelo condutor";"Colisão com objeto";"Com Vítimas Fatais";"Pleno dia";"Crescente";"Sol";"Simples";"Reta";"Não";1;1;0;0;0;0;0;1;-7,18720074;-37,86857887;"SR-PB";"UOP01";"DEL03"
342074;2021-02-21;"domingo";"13:40:00";"MS";163;"200";"CAARAPO";"Ingestão de álcool pelo condutor";"Saída de leito carroçável";"Com Vítimas Feridas";"Pleno dia";"Crescente";"Céu Claro";"Dupla";"Reta";"Não";2;0;2;0;0;0;2;1;-22,70355597;-54,78574558;"SR-MS";"UOP02";"DEL04"
342075;2021-02-21;"domingo";"15:00:00";"PR";116;"101";"SAO JOSE DOS PINHAIS";"Demais falhas mecânicas ou elétricas";"Queda de ocupante de veículo";"Com Vítimas Feridas";"Pleno dia";"Crescente";"Céu Claro";"Dupla";"Reta";"Sim";2;0;2;0;0;0;2;1;-25,568563;-49,179359;"SR-PR";"UOP01";"DEL01"
342076;2021-02-21;"domingo";"15:20:00";"SC";101;"226";"PALHOCA";"Demais falhas mecânicas ou elétricas";"Tombamento";"Com Vítimas Feridas";"Pleno dia";"Decrescente";"Céu Claro";"Dupla";"Reta";"Não";2;0;2;0;0;0;2;1;-27,74200001;-48,63806504;"SR-SC";"UOP02";"DEL01"
342078;2021-02-21;"domingo";"08:20:00";"RO";364;"84";"VILHENA";"Demais falhas mecânicas ou elétricas";"Tombamento";"Com Vítimas Feridas";"Pleno dia";"Crescente";"Garoa/Chuvisco";"Simples";"Desvio Temporário";"Não";1;0;1;0;0;0;1;1;-12,41146228;-60,60665927;"SR-RO";"UOP01";"DEL04"
342079;2021-02-21;"domingo";"15:40:00";"SC";470;"7.2";"NAVEGANTES";"Acesso irregular";"Colisão transversal";"Sem Vítimas";"Pleno dia";"Decrescente";"Nublado";"Simples";"Reta";"Não";2;0;0;0;2;0;0;2;-26,84499;-48,71505;"SR-SC";"UOP04";"DEL04"
342080;2021-02-21;"domingo";"15:35:00";"PR";376;"649";"TIJUCAS DO SUL";"Condutor deixou de manter distância do veículo da frente";"Colisão traseira";"Com Vítimas Feridas";"Pleno dia";"Decrescente";"Céu Claro";"Dupla";"Reta";"Não";12;0;4;0;8;0;4;4;-25,84592132;-49,09776415;"SR-PR";"UOP04";"DEL01"
342081;2021-02-21;"domingo";"10:00:00";"PE";316;"20";"ARARIPINA";"Conversão proibida";"Colisão transversal";"Com Vítimas Feridas";"Pleno dia";"Crescente";"Céu Claro";"Simples";"Reta";"Não";4;0;4;0;0;0;4;2;-7,55997805;-40,53416406;"SR-PE";"UOP02";"DEL05"
342082;2021-02-21;"domingo";"15:45:00";"GO";60;"109.3";"GOIANAPOLIS";"Demais falhas mecânicas ou elétricas";"Saída de leito carroçável";"Sem Vítimas";"Pleno dia";"Crescente";"Chuva";"Dupla";"Reta";"Não";1;0;0;0;1;0;0;1;-16,4478;-49,0224;"SR-GO";"UOP01";"DEL01"
342083;2021-02-21;"domingo";"14:45:00";"GO";153;"201";"URUACU";"Manobra de mudança de faixa";"Colisão transversal";"Com Vítimas Feridas";"Pleno dia";"Decrescente";"Chuva";"Simples";"Interseção de vias";"Sim";2;0;2;0;0;0;2;2;-14,519629;-49,154972;"SR-GO";"UOP02";"DEL07"
342084;2021-02-21;"domingo";"16:10:00";"SC";101;"195.4";"BIGUACU";"Condutor deixou de manter distância do veículo da frente";"Colisão traseira";"Com Vítimas Feridas";"Pleno dia";"Crescente";"Céu Claro";"Dupla";"Reta";"Não";4;0;2;0;2;0;2;3;-27,5047092;-48,65010819;"SR-SC";"UOP01";"DEL01"
342085;2021-02-21;"domingo";"15:40:00";"PE";101;"74.1";"RECIFE";"Reação tardia ou ineficiente do condutor";"Colisão traseira";"Com Vítimas Feridas";"Pleno dia";"Decrescente";"Sol";"Dupla";"Reta";"Sim";2;0;1;0;1;0;1;2;-8,104577;-34,948583;"SR-PE";"UOP01";"DEL01"
342086;2021-02-21;"domingo";"15:20:00";"MG";40;"563.1";"NOVA LIMA";"Demais falhas mecânicas ou elétricas";"Incêndio";"Sem Vítimas";"Pleno dia";"Crescente";"Céu Claro";"Dupla";"Curva";"Não";1;0;0;0;1;0;0;1;-20,1565654;-43,9630694;"SR-MG";"UOP02";"DEL01"
342087;2021-02-21;"domingo";"12:55:00";"RS";287;"394";"SANTIAGO";"Ingestão de álcool pelo condutor";"Saída de leito carroçável";"Sem Vítimas";"Pleno dia";"Decrescente";"Céu Claro";"Simples";"Reta";"Não";1;0;0;0;1;0;0;1;-29,20624137;-54,8477054;"SR-RS";"UOP02";"DEL12"
342088;2021-02-21;"domingo";"16:45:00";"GO";70;"1";"AGUAS LINDAS DE GOIAS";"Reação tardia ou ineficiente do condutor";"Saída de leito carroçável";"Com Vítimas Feridas";"Pleno dia";"Decrescente";"Garoa/Chuvisco";"Dupla";"Não Informado";"Não";2;0;0;2;0;0;2;1;-15,77666116;-48,23324241;"SR-DF";"UOP03";"DEL01"
342089;2021-02-21;"domingo";"08:10:00";"RS";285;"585";"BOSSOROCA";"Avarias e/ou desgaste excessivo no pneu";"Capotamento";"Com Vítimas Feridas";"Pleno dia";"Crescente";"Céu Claro";"Simples";"Curva";"Não";2;0;2;0;0;0;2;1;-28,461426;-55,135197;"SR-RS";"UOP01";"DEL12"