"id";"data_inversa";"dia_semana";"horario";"uf";"br";"km";"municipio";"causa_acidente";"tipo_acidente";"classificacao_acidente";"fase_dia";"sentido_via";"condicao_metereologica";"tipo_pista";"tracado_via";"uso_solo";"pessoas";"mortos";"feridos_leves";"feridos_graves";"ilesos";"ignorados";"feridos";"veiculos";"latitude";"longitude";"regional";"delegacia";"uop"
342180;2021-02-21;"domingo";"23:30:00";"RJ";393;"172.5";"TRES RIOS";"Ingestão de substâncias psicoativas pelo condutor";"Saída de leito carroçável";"Sem Vítimas";"Plena Noite";"Crescente";"Céu Claro";"Simples";"Curva";"Não";3;0;0;0;3;0;0;1;-22,12463126;-43,17771104;"SR-RJ";"UOP01";"DEL06"
342181;2021-02-21;"domingo";"22:30:00";"MA";135;"276.7";"CAPINZAL DO NORTE";"Transitar na contramão";"Colisão lateral sentido oposto";"Com Vítimas Fatais";"Plena Noite";"Crescente";"Nublado";"Simples";"Reta";"Não";3;1;0;1;0;1;1;2;-4,798492;-44,32512207;"SR-MA";"UOP01";"DEL03"
342182;2021-02-21;"domingo";"23:55:00";"RS";290;"30";"SANTO ANTONIO DA PATRULHA";"Demais falhas mecânicas ou elétricas";"Incêndio";"Sem Vítimas";"Plena Noite";"Crescente";"Nublado";"Dupla";"Reta";"Não";1;0;0;0;1;0;0;1;-29,883583;-50,555428;"SR-RS";"UOP01";"DEL03"
342183;2021-02-22;"segunda";"00:05:00";"PR";277;"590.7";"CASCAVEL";"Ingestão de álcool pelo condutor";"Colisão traseira";"Sem Vítimas";"Plena Noite";"Decrescente";"Céu Claro";"Simples";"Reta";"Sim";2;0;0;0;2;0;0;2;-24,98325727;-53,46093178;"SR-PR";"UOP01";"DEL04"
342184;2021-02-09;"terça";"18:22:00";"MG";262;"814.4";"UBERABA";"Condutor deixou de manter distância do veículo da frente";"Colisão lateral";"Com Vítimas Feridas";"Plena Noite";"Decrescente";"Chuva";"Dupla";"Reta";"Sim";2;0;0;1;1;0;1;2;-19,76506609;-48,12286402;"SR-MG";"UOP01";"DEL13"
342185;2021-02-22;"segunda";"00:05:00";"MG";381;"928.1";"ITAPEVA";"Ingestão de álcool e/ou substâncias psicoativas pelo pedestre";"Colisão lateral";"Com Vítimas Feridas";"Plena Noite";"Crescente";"Céu Claro";"Dupla";"Reta";"Sim";4;0;2;0;2;0;2;2;-22,79586565;-46,25414729;"SR-MG";"UOP03";"DEL16"
342187;2021-02-21;"domingo";"23:45:00";"PR";116;"18";"CAMPINA GRANDE DO SUL";"Condutor Dormindo";"Colisão traseira";"Com Vítimas Feridas";"Plena Noite";"Crescente";"Céu Claro";"Dupla";"Reta";"Não";2;0;1;0;1;0;1;2;-25,103973;-48,710786;"SR-PR";"UOP02";"DEL01"
342188;2021-02-21;"domingo";"19:00:00";"MA";316;"80";"MARANHAOZINHO";"Transitar na contramão";"Colisão frontal";"Com Vítimas Feridas";"Plena Noite";"Decrescente";"Chuva";"Simples";"Reta";"Sim";2;0;1;0;1;0;1;2;-2,243207;-45,856514;"SR-MA";"UOP02";"DEL02"
342189;2021-02-21;"domingo";"21:30:00";"RJ";116;"65.9";"TERESOPOLIS";"Acessar a via sem observar a presença dos outros veículos";"Colisão frontal";"Com Vítimas Feridas";"Plena Noite";"Decrescente";"Nublado";"Simples";"Reta";"Sim";2;0;0;1;1;0;1;2;-22,27707804;-42,92764378;"SR-RJ";"UOP01";"DEL04"
342191;2021-02-21;"domingo";"17:00:00";"MS";158;"195";"SELVIRIA";"Ingestão de álcool pelo condutor";"Colisão com objeto";"Com Vítimas Feridas";"Pleno dia";"Crescente";"Céu Claro";"Simples";"Rotatória";"Sim";1;0;1;0;0;0;1;1;-20,35894395;-51,41475738;"SR-MS";"UOP01";"DEL08"
342192;2021-02-21;"domingo";"22:45:00";"SC";101;"408.7";"ARARANGUA";"Ingestão de álcool pelo condutor";"Saída de leito carroçável";"Sem Vítimas";"Plena Noite";"Decrescente";"Nublado";"Simples";"Reta";"Não";1;0;0;0;1;0;0;1;-28,93274934;-49,49512482;"SR-SC";"UOP02";"DEL02"
342193;2021-02-22;"segunda";"00:05:00";"PR";163;"92";"CAPANEMA";"Condutor Dormindo";"Saída de leito carroçável";"Com Vítimas Feridas";"Plena Noite";"Decrescente";"Céu Claro";"Simples";"Não Informado";"Não";1;0;1;0;0;0;1;1;-25,653578;-53,804709;"SR-PR";"UOP02";"DEL02"
342194;2021-02-21;"domingo";"18:50:00";"DF";20;"41";"BRASILIA";"Acessar a via sem observar a presença dos outros veículos";"Colisão traseira";"Sem Vítimas";"Plena Noite";"Crescente";"Chuva";"Dupla";"Reta";"Não";2;0;0;0;2;0;0;2;-15,581073;-47,50346;"SR-DF";"UOP01";"DEL02"
342195;2021-02-22;"segunda";"01:10:00";"PR";376;"325.5";"ORTIGUEIRA";"Velocidade Incompatível";"Saída de leito carroçável";"Com Vítimas Feridas";"Plena Noite";"Crescente";"Céu Claro";"Simples";"Curva";"Não";1;0;1;0;0;0;1;1;-24,056778;-51,062718;"SR-PR";"UAP01";"DEL07"
342196;2021-02-21;"domingo";"22:44:00";"AC";364;"123";"RIO BRANCO";"Pedestre cruzava a pista fora da faixa";"Atropelamento de Pedestre";"Com Vítimas Fatais";"Plena Noite";"Crescente";"Céu Claro";"Dupla";"Reta";"Sim";2;1;0;0;1;0;0;1;-10,0117071;-67,782373;"SR-AC";"UOP01";"DEL01"
342197;2021-02-22;"segunda";"02:00:00";"PE";101;"154.2";"RIBEIRAO";"Reação tardia ou ineficiente do condutor";"Tombamento";"Sem Vítimas";"Plena Noite";"Decrescente";"Céu Claro";"Dupla";"Curva";"Não";1;0;0;0;1;0;0;1;-8,52860711;-35,38883966;"SR-PE";"UOP03";"DEL01"
342198;2021-02-22;"segunda";"01:40:00";"PR";376;"464";"PONTA GROSSA";"Demais falhas mecânicas ou elétricas";"Colisão traseira";"Com Vítimas Feridas";"Plena Noite";"Crescente";"Céu Claro";"Dupla";"Reta";"Não";2;0;0;1;1;0;1;2;-25,02470207;-50,322659;"SR-PR";"UAP01";"DEL03"
342199;2021-02-22;"segunda";"01:40:00";"GO";20;"59.5";"FORMOSA";"Pista Escorregadia";"Colisão frontal";"Com Vítimas Feridas";"Plena Noite";"Crescente";"Garoa/Chuvisco";"Simples";"Reta";"Não";4;0;4;0;0;0;4;2;-15,25577;-47,165115;"SR-DF";"UOP01";"DEL02"
342200;2021-02-22;"segunda";"01:45:00";"SC";280;"235";"CANOINHAS";"Ingestão de álcool pelo condutor";"Saída de leito carroçável";"Sem Vítimas";"Plena Noite";"Decrescente";"Céu Claro";"Simples";"Reta";"Sim";1;0;0;0;1;0;0;1;-26,19206283;-50,41295701;"SR-SC";"UOP04";"DEL06"
342202;2021-02-22;"segunda";"04:25:00";"PE";232;"120.9";"CARUARU";"Entrada inopinada do pedestre";"Atropelamento de Pedestre";"Com Vítimas Fatais";"Plena Noite";"Decrescente";"Céu Claro";"Dupla";"Não Informado";"Não";4;1;0;0;3;0;0;1;-8,301246;-35,914714;"SR-PE";"UOP02";"DEL02"
342203;2021-02-22;"segunda";"04:00:00";"BA";242;"565";"IBOTIRAMA";"Ingestão de álcool pelo condutor";"Capotamento";"Com Vítimas Feridas";"Plena Noite";"Decrescente";"Céu Claro";"Simples";"Reta";"Não";1;0;0;1;0;0;1;1;-12,061707;-43,100788;"SR-BA";"UOP02";"DEL10"
342204;2021-02-22;"segunda";"06:40:00";"SC";101;"215";"PALHOCA";"Ultrapassagem Indevida";"Colisão traseira";"Com Vítimas Feridas";"Pleno dia";"Decrescente";"Céu Claro";"Dupla";"Reta";"Sim";3;0;2;0;1;0;2;2;-27,65184843;-48,67604941;"SR-SC";"UOP02";"DEL01"
342205;2021-02-21;"domingo";"20:08:00";"TO";153;"146.9";"ARAGUAINA";"Ausência de reação do condutor";"Engavetamento";"Sem Vítimas";"Plena Noite";"Decrescente";"Nublado";"Dupla";"Reta";"Sim";3;0;0;0;2;1;0;3;-7,22052793;-48,24739564;"SR-TO";"UOP01";"DEL02"
342206;2021-02-22;"segunda";"06:30:00";"PR";116;"120";"CURITIBA";"Reação tardia ou ineficiente do condutor";"Colisão traseira";"Sem Vítimas";"Pleno dia";"Decrescente";"Nublado";"Dupla";"Não Informado";"Sim";4;0;0;0;4;0;0;2;-25,55122256;-49,30503748;"SR-PR";"UOP03";"DEL01"
342207;2021-02-22;"segunda";"06:35:00";"RN";304;"295";"MACAIBA";"Condutor deixou de manter distância do veículo da frente";"Colisão traseira";"Com Vítimas Feridas";"Pleno dia";"Crescente";"Céu Claro";"Simples";"Reta";"Sim";3;0;2;0;1;0;2;2;-5,86605927;-35,35822096;"SR-RN";"UOP02";"DEL01"
342208;2021-02-22;"segunda";"05:40:00";"MG";381;"343";"BELA VISTA DE MINAS";"Chuva";"Saída de leito carroçável";"Com Vítimas Feridas";"Amanhecer";"Decrescente";"Chuva";"Simples";"Não Informado";"Não";1;0;1;0;0;0;1;1;-19,85663904;-43,10916603;"SR-MG";"UOP01";"DEL03"
342209;2021-02-22;"segunda";"05:40:00";"PI";316;"257.7";"IPIRANGA DO PIAUI";"Animais na Pista";"Atropelamento de Animal";"Com Vítimas Feridas";"Amanhecer";"Crescente";"Nublado";"Simples";"Não Informado";"Não";1;0;0;1;0;0;1;1;-6,80156899;-41,73855674;"SR-PI";"UOP02";"DEL04"
342210;2021-02-22;"segunda";"06:20:00";"CE";20;"294";"CANINDE";"Acessar a via sem observar a presença dos outros veículos";"Colisão transversal";"Com Vítimas Feridas";"Pleno dia";"Crescente";"Céu Claro";"Simples";"Reta";"Sim";2;0;2;0;0;0;2;2;-4,46252597;-39,34931705;"SR-CE";"UOP01";"DEL02"
342211;2021-02-10;"quarta";"07:45:00";"RS";116;"0.1";"PORTO ALEGRE";"Ausência de reação do condutor";"Engavetamento";"Com Vítimas Feridas";"Pleno dia";"Crescente";"Céu Claro";"Dupla";"Reta";"Sim";3;0;1;0;2;0;1;3;-29,9688;-51,1764;"SR-RS";"UOP01";"DEL01"
342212;2021-02-22;"segunda";"06:25:00";"RJ";101;"321";"NITEROI";"Condutor deixou de manter distância do veículo da frente";"Colisão traseira";"Com Vítimas Feridas";"Pleno dia";"Crescente";"Nublado";"Múltipla";"Reta";"Sim";2;0;1;0;1;0;1;2;-22,86981096;-43,11046465;"SR-RJ";"UOP02";"DEL02"
342213;2021-02-22;"segunda";"06:30:00";"PR";476;"283.8";"SAO MATEUS DO SUL";"Ausência de reação do condutor";"Atropelamento de Pedestre";"Com Vítimas Feridas";"Pleno dia";"Decrescente";"Céu Claro";"Simples";"Reta";"Não";2;0;2;0;0;0;2;1;-25,891396;-50,435032;"SR-PR";"UOP04";"DEL02"
342214;2021-02-22;"segunda";"06:30:00";"RS";470;"154";"NOVA PRATA";"Conversão proibida";"Saída de leito carroçável";"Com Vítimas Feridas";"Pleno dia";"Decrescente";"Céu Claro";"Simples";"Reta";"Sim";1;0;1;0;0;0;1;1;-28,77711311;-51,61126545;"SR-RS";"UOP02";"DEL06"
342215;2021-02-22;"segunda";"07:30:00";"BA";324;"621";"SALVADOR";"Condutor deixou de manter distância do veículo da frente";"Colisão traseira";"Com Vítimas Feridas";"Pleno dia";"Decrescente";"Céu Claro";"Dupla";"Reta";"Sim";2;0;1;0;1;0;1;2;-12,91233708;-38,45956983;"SR-BA";"UOP01";"DEL01"
342216;2021-02-22;"segunda";"07:40:00";"SC";470;"68.3";"INDAIAL";"Condutor deixou de manter distância do veículo da frente";"Colisão traseira";"Com Vítimas Feridas";"Pleno dia";"Crescente";"Sol";"Dupla";"Não Informado";"Sim";2;0;0;1;1;0;1;2;-26,88031583;-49,24295425;"SR-SC";"UOP01";"DEL04"
342217;2021-02-22;"segunda";"06:45:00";"RS";471;"172.7";"RIO PARDO";"Ultrapassagem Indevida";"Colisão lateral";"Com Vítimas Feridas";"Pleno dia";"Crescente";"Céu Claro";"Simples";"Reta";"Não";3;0;2;0;1;0;2;2;-29,96939;-52,37015;"SR-RS";"UOP03";"DEL02"
342218;2021-02-22;"segunda";"08:00:00";"SC";101;"214.6";"PALHOCA";"Manobra de mudança de faixa";"Colisão lateral mesmo sentido";"Com Vítimas Feridas";"Pleno dia";"Decrescente";"Sol";"Dupla";"Reta";"Sim";2;0;1;0;1;0;1;2;-27,64443;-48,67057;"SR-SC";"UOP02";"DEL01"
342219;2021-02-18;"quinta";"12:15:00";"PE";232;"14.8";"JABOATAO DOS GUARARAPES";"Carga excessiva e/ou mal acondicionada";"Colisão com objeto";"Sem Vítimas";"Pleno dia";"Crescente";"Céu Claro";"Dupla";"Reta";"Não";2;0;0;0;2;0;0;2;-8,09025488;-35,02052302;"SR-PE";"UOP01";"DEL01"
342220;2021-02-22;"segunda";"08:00:00";"GO";158;"0";"ARAGARCAS";"Desrespeitar a preferência no cruzamento";"Colisão lateral";"Com Vítimas Feridas";"Pleno dia";"Decrescente";"Céu Claro";"Dupla";"Rotatória";"Sim";3;0;1;0;1;1;1;2;-15,895746;-52,25162;"SR-GO";"UOP01";"DEL04"
342221;2021-02-22;"segunda";"07:05:00";"PR";116;"126.9";"CURITIBA";"Manobra de mudança de faixa";"Colisão lateral mesmo sentido";"Com Vítimas Feridas";"Pleno dia";"Crescente";"Céu Claro";"Dupla";"Reta";"Sim";2;0;1;0;1;0;1;2;-25,60389895;-49,31824423;"SR-PR";"UOP03";"DEL01"
342222;2021-02-22;"segunda";"08:00:00";"PR";476;"139";"CURITIBA";"Reação tardia ou ineficiente do condutor";"Tombamento";"Com Vítimas Feridas";"Pleno dia";"Decrescente";"Céu Claro";"Dupla";"Não Informado";"Sim";2;0;2;0;0;0;2;1;-25,51284;-49,289257;"SR-PR";"UOP03";"DEL01"
342223;2021-02-22;"segunda";"08:10:00";"SC";470;"65.8";"INDAIAL";"Transitar na contramão";"Colisão lateral";"Com Vítimas Feridas";"Pleno dia";"Decrescente";"Céu Claro";"Simples";"Reta";"Sim";2;0;1;0;0;1;1;2;-26,870411;-49,211864;"SR-SC";"UOP01";"DEL04"
342224;2021-02-22;"segunda";"07:15:00";"PR";376;"672.9";"GUARATUBA";"Problema com o freio";"Colisão traseira";"Com Vítimas Feridas";"Pleno dia";"Crescente";"Céu Claro";"Dupla";"Reta";"Não";6;0;0;1;5;0;1;5;-25,90718723;-48,92098188;"SR-PR";"UOP04";"DEL01"
342225;2021-02-22;"segunda";"06:20:00";"PE";101;"156";"RIBEIRAO";"Reação tardia ou ineficiente do condutor";"Colisão lateral";"Sem Vítimas";"Pleno dia";"Decrescente";"Céu Claro";"Dupla";"Reta";"Não";2;0;0;0;1;1;0;2;-8,54597711;-35,39140871;"SR-PE";"UOP03";"DEL01"
342226;2021-02-22;"segunda";"08:00:00";"PR";376;"175.7";"MARINGA";"Condutor deixou de manter distância do veículo da frente";"Colisão traseira";"Com Vítimas Feridas";"Pleno dia";"Decrescente";"Sol";"Múltipla";"Reta";"Sim";3;0;2;0;1;0;2;2;-23,4113569;-51,9407767;"SR-PR";"UOP01";"DEL09"
342227;2021-01-17;"domingo";"14:45:00";"MG";40;"465";"SETE LAGOAS";"Reação tardia ou ineficiente do condutor";"Colisão lateral mesmo sentido";"Com Vítimas Feridas";"Pleno dia";"Crescente";"Sol";"Dupla";"Reta";"Não";4;0;2;0;2;0;2;2;-19,43835777;-44,33103681;"SR-MG";"UOP01";"DEL02"
342228;2021-02-21;"domingo";"18:55:00";"BA";407;"172.7";"PONTO NOVO";"Ultrapassagem Indevida";"Colisão frontal";"Com Vítimas Feridas";"Plena Noite";"Crescente";"Céu Claro";"Simples";"Reta";"Não";2;0;0;1;1;0;1;2;-10,85708513;-40,11203125;"SR-BA";"UOP02";"DEL04"
342229;2021-02-22;"segunda";"08:35:00";"MG";262;"802";"UBERABA";"Reação tardia ou ineficiente do condutor";"Capotamento";"Com Vítimas Feridas";"Pleno dia";"Crescente";"Céu Claro";"Dupla";"Curva";"Não";4;0;1;1;1;1;2;2;-19,779234;-47,964844;"SR-MG";"UOP01";"DEL13"
342231;2021-02-21;"domingo";"21:00:00";"RJ";465;"21";"NOVA IGUACU";"Acessar a via sem observar a presença dos outros veículos";"Colisão frontal";"Com Vítimas Feridas";"Plena Noite";"Crescente";"Nublado";"Simples";"Interseção de vias";"Sim";3;0;1;0;2;0;1;3;-22,854782;-43,601933;"SR-RJ";"UOP04";"DEL01"
342232;2021-02-22;"segunda";"08:15:00";"DF";60;"4.3";"BRASILIA";"Transitar na contramão";"Colisão frontal";"Com Vítimas Fatais";"Pleno dia";"Decrescente";"Céu Claro";"Dupla";"Não Informado";"Sim";2;1;0;0;1;0;0;2;-15,893966;-48,098509;"SR-DF";"UOP02";"DEL01"
342233;2021-02-22;"segunda";"08:00:00";"PR";277;"49";"MORRETES";"Conversão proibida";"Colisão transversal";"Sem Vítimas";"Pleno dia";"Crescente";"Sol";"Dupla";"Não Informado";"Não";2;0;0;0;2;0;0;2;-25,59243579;-48,89076291;"SR-PR";"UOP05";"DEL01"
342234;2021-02-22;"segunda";"00:10:00";"RJ";40;"113";"DUQUE DE CAXIAS";"Chuva";"Queda de ocupante de veículo";"Com Vítimas Feridas";"Plena Noite";"Crescente";"Chuva";"Múltipla";"Reta";"Não";1;0;0;1;0;0;1;1;-22,74737224;-43,26622009;"SR-RJ";"UOP01";"DEL01"
342235;2021-02-22;"segunda";"07:00:00";"RJ";40;"91";"PETROPOLIS";"Velocidade Incompatível";"Colisão com objeto";"Com Vítimas Feridas";"Pleno dia";"Crescente";"Céu Claro";"Simples";"Curva";"Não";3;0;2;1;0;0;3;1;-22,54903566;-43,24229724;"SR-RJ";"UOP03";"DEL06"
342236;2021-02-22;"segunda";"07:45:00";"PR";369;"94.6";"CORNELIO PROCOPIO";"Transitar no acostamento";"Queda de ocupante de veículo";"Com Vítimas Feridas";"Pleno dia";"Crescente";"Céu Claro";"Dupla";"Reta";"Não";1;0;1;0;0;0;1;1;-23,224164;-50,673151;"SR-PR";"UOP01";"DEL07"
342237;2021-02-22;"segunda";"09:00:00";"SC";282;"5";"SAO JOSE";"Trafegar com motocicleta (ou similar) entre as faixas";"Colisão lateral mesmo sentido";"Com Vítimas Feridas";"Pleno dia";"Crescente";"Céu Claro";"Dupla";"Reta";"Sim";3;0;0;2;1;0;2;2;-27,588425;-48,612919;"SR-SC";"UOP01";"DEL01"
342238;2021-02-22;"segunda";"09:00:00";"SP";116;"273";"TABOAO DA SERRA";"Ausência de reação do condutor";"Engavetamento";"Com Vítimas Feridas";"Pleno dia";"Decrescente";"Céu Claro";"Dupla";"Reta";"Sim";3;0;1;0;2;0;1;3;-23,62809795;-46,81870306;"SR-SP";"UOP01";"DEL04"
342239;2021-02-22;"segunda";"08:50:00";"GO";40;"150";"CRISTALINA";"Avarias e/ou desgaste excessivo no pneu";"Capotamento";"Com Vítimas Feridas";"Pleno dia";"Crescente";"Céu Claro";"Simples";"Reta";"Não";3;0;3;0;0;0;3;1;-17,015557;-47,214186;"SR-DF";"UOP04";"DEL01"
342240;2021-02-22;"segunda";"09:20:00";"PE";101;"61.4";"RECIFE";"Ausência de reação do condutor";"Colisão lateral";"Com Vítimas Feridas";"Pleno dia";"Crescente";"Céu Claro";"Dupla";"Reta";"Sim";2;0;1;0;1;0;1;2;-7,99097103;-34,93598295;"SR-PE";"UOP02";"DEL01"
342241;2021-02-22;"segunda";"08:30:00";"SC";470;"54";"BLUMENAU";"Condutor deixou de manter distância do veículo da frente";"Colisão traseira";"Com Vítimas Feridas";"Pleno dia";"Decrescente";"Sol";"Simples";"Reta";"Não";3;0;1;0;2;0;1;3;-26,871065;-49,110374;"SR-SC";"UOP01";"DEL04"
342242;2021-02-22;"segunda";"07:50:00";"RO";364;"338.8";"JI-PARANA";"Retorno proibido";"Colisão transversal";"Com Vítimas Feridas";"Pleno dia";"Decrescente";"Céu Claro";"Simples";"Reta";"Sim";2;0;1;0;1;0;1;2;-10,91683399;-61,9298606;"SR-RO";"UOP01";"DEL02"
342244;2021-02-22;"segunda";"09:37:00";"MA";135;"5";"SAO LUIS";"Afundamento ou ondulação no pavimento";"Queda de ocupante de veículo";"Com Vítimas Feridas";"Pleno dia";"Decrescente";"Chuva";"Dupla";"Reta";"Sim";1;0;0;1;0;0;1;1;-2,62145385;-44,25797421;"SR-MA";"UOP01";"DEL01"
342245;2021-02-22;"segunda";"09:00:00";"MG";381;"921.3";"CAMANDUCAIA";"Demais falhas mecânicas ou elétricas";"Colisão com objeto";"Sem Vítimas";"Pleno dia";"Crescente";"Céu Claro";"Dupla";"Curva";"Não";1;0;0;0;1;0;0;1;-22,7680939;-46,20854399;"SR-MG";"UOP03";"DEL16"
342246;2021-02-22;"segunda";"09:50:00";"PB";101;"85";"BAYEUX";"Velocidade Incompatível";"Saída de leito carroçável";"Sem Vítimas";"Pleno dia";"Crescente";"Céu Claro";"Dupla";"Retorno Regulamentado";"Sim";1;0;0;0;1;0;0;1;-7,14948093;-34,91197586;"SR-PB";"UOP01";"DEL01"
342247;2021-02-22;"segunda";"09:15:00";"AL";316;"262.6";"PILAR";"Desrespeitar a preferência no cruzamento";"Colisão transversal";"Com Vítimas Feridas";"Pleno dia";"Decrescente";"Céu Claro";"Simples";"Reta";"Não";5;0;1;1;3;0;2;2;-9,58877051;-35,88700493;"SR-AL";"UOP01";"DEL02"
342248;2021-02-22;"segunda";"09:31:00";"SP";116;"225.5";"GUARULHOS";"Reação tardia ou ineficiente do condutor";"Colisão traseira";"Com Vítimas Feridas";"Pleno dia";"Crescente";"Céu Claro";"Múltipla";"Reta";"Sim";4;0;1;0;3;0;1;3;-23,49192201;-46,55094981;"SR-SP";"UOP01";"DEL01"
342249;2021-02-22;"segunda";"09:30:00";"SP";101;"47.5";"UBATUBA";"Condutor deixou de manter distância do veículo da frente";"Colisão traseira";"Com Vítimas Feridas";"Pleno dia";"Crescente";"Céu Claro";"Simples";"Rotatória";"Sim";6;0;1;0;5;0;1;2;-23,43363909;-45,08574486;"SR-SP";"UOP02";"DEL06"
342251;2021-02-22;"segunda";"09:40:00";"SC";101;"158.7";"PORTO BELO";"Reação tardia ou ineficiente do condutor";"Colisão traseira";"Com Vítimas Feridas";"Pleno dia";"Crescente";"Céu Claro";"Dupla";"Retorno Regulamentado";"Não";2;0;1;0;1;0;1;2;-27,19096301;-48,61259017;"SR-SC";"UOP03";"DEL04"
342252;2021-02-22;"segunda";"08:45:00";"RJ";101;"300";"ITABORAI";"Pedestre andava na pista";"Atropelamento de Pedestre";"Com Vítimas Feridas";"Pleno dia";"Crescente";"Nublado";"Dupla";"Reta";"Sim";2;0;1;0;1;0;1;1;-22,77645713;-42,94783697;"SR-RJ";"UOP02";"DEL02"
342254;2021-02-22;"segunda";"08:00:00";"RJ";101;"214.9";"SILVA JARDIM";"Demais falhas mecânicas ou elétricas";"Saída de leito carroçável";"Com Vítimas Feridas";"Pleno dia";"Crescente";"Céu Claro";"Dupla";"Reta";"Não";2;0;1;0;1;0;1;1;-22,49876081;-42,26744726;"SR-RJ";"UOP03";"DEL02"
342255;2021-02-22;"segunda";"08:25:00";"SC";282;"0.7";"FLORIANOPOLIS";"Reação tardia ou ineficiente do condutor";"Tombamento";"Com Vítimas Feridas";"Pleno dia";"Decrescente";"Sol";"Dupla";"Reta";"Sim";1;0;1;0;0;0;1;1;-27,59845;-48,571995;"SR-SC";"UOP01";"DEL01"
342256;2021-02-22;"segunda";"09:00:00";"PA";10;"353";"SANTA MARIA DO PARA";"Condutor deixou de manter distância do veículo da frente";"Colisão traseira";"Com Vítimas Feridas";"Pleno dia";"Crescente";"Nublado";"Simples";"Reta";"Sim";2;0;1;0;1;0;1;2;-1,35646249;-47,57423141;"SR-PA";"UOP02";"DEL01"
342257;2021-02-22;"segunda";"11:05:00";"RN";226;"16.1";"MACAIBA";"Condutor deixou de manter distância do veículo da frente";"Colisão lateral mesmo sentido";"Com Vítimas Feridas";"Pleno dia";"Decrescente";"Céu Claro";"Dupla";"Reta";"Não";3;0;0;2;1;0;2;2;-5,862697;-35,34282913;"SR-RN";"UOP02";"DEL01"
342259;2021-02-22;"segunda";"09:50:00";"MT";364;"376";"SANTO ANTONIO DO LEVERGER";"Transitar no acostamento";"Saída de leito carroçável";"Com Vítimas Feridas";"Pleno dia";"Crescente";"Céu Claro";"Dupla";"Reta";"Não";2;0;1;0;1;0;1;2;-15,70428959;-55,72805299;"SR-MT";"UOP02";"DEL01"
342260;2021-02-22;"segunda";"11:20:00";"RN";101;"106";"PARNAMIRIM";"Acessar a via sem observar a presença dos outros veículos";"Colisão lateral";"Com Vítimas Feridas";"Pleno dia";"Crescente";"Céu Claro";"Múltipla";"Reta";"Sim";2;0;1;0;1;0;1;2;-5,91056401;-35,26130795;"SR-RN";"UOP01";"DEL01"
342261;2021-02-22;"segunda";"08:15:00";"SC";101;"312.4";"LAGUNA";"Conversão proibida";"Colisão transversal";"Com Vítimas Feridas";"Pleno dia";"Decrescente";"Céu Claro";"Simples";"Reta";"Sim";2;0;1;0;1;0;1;2;-28,433701;-48,806344;"SR-SC";"UOP01";"DEL02"
342262;2021-02-22;"segunda";"10:00:00";"SP";116;"168.5";"JACAREI";"Entrada inopinada do pedestre";"Atropelamento de Pedestre";"Com Vítimas Fatais";"Pleno dia";"Decrescente";"Sol";"Dupla";"Reta";"Sim";2;1;1;0;0;0;1;1;-23,30545902;-46,03567599;"SR-SP";"UOP01";"DEL02"
342263;2021-02-22;"segunda";"09:45:00";"PR";163;"144";"CAPITAO LEONIDAS MARQUES";"Velocidade Incompatível";"Colisão frontal";"Com Vítimas Feridas";"Pleno dia";"Crescente";"Céu Claro";"Simples";"Curva";"Não";3;0;0;1;2;0;1;2;-25,46918522;-53,58266078;"SR-PR";"UOP04";"DEL04"
342264;2021-02-18;"quinta";"12:55:00";"GO";153;"505";"APARECIDA DE GOIANIA";"Manobra de mudança de faixa";"Colisão traseira";"Sem Vítimas";"Pleno dia";"Decrescente";"Nublado";"Múltipla";"Reta";"Sim";2;0;0;0;2;0;0;2;-16,7537;-49,2411;"SR-GO";"UOP01";"DEL01"
342265;2021-02-22;"segunda";"10:45:00";"RJ";101;"333";"RIO DE JANEIRO";"Problema com o freio";"Engavetamento";"Com Vítimas Feridas";"Pleno dia";"Crescente";"Chuva";"Dupla";"Reta";"Sim";4;0;1;0;3;0;1;4;-22,87827816;-43,21053578;"SR-RJ";"UOP02";"DEL02"
342266;2021-02-22;"segunda";"11:05:00";"SP";153;"51.8";"SAO JOSE DO RIO PRETO";"Retorno proibido";"Colisão lateral mesmo sentido";"Com Vítimas Feridas";"Pleno dia";"Decrescente";"Sol";"Simples";"Não Informado";"Sim";2;0;1;0;1;0;1;2;-20,71801801;-49,33874223;"SR-SP";"UOP01";"DEL09"
342267;2021-02-22;"segunda";"10:50:00";"RS";158;"565.6";"SANTANA DO LIVRAMENTO";"Acessar a via sem observar a presença dos outros veículos";"Colisão transversal";"Com Vítimas Feridas";"Pleno dia";"Decrescente";"Céu Claro";"Simples";"Reta";"Sim";2;0;2;0;0;0;2;2;-30,87668377;-55,5106924;"SR-RS";"UOP01";"DEL11"
342268;2021-01-23;"sábado";"17:30:00";"MG";40;"513";"RIBEIRAO DAS NEVES";"Condutor deixou de manter distância do veículo da frente";"Colisão traseira";"Com Vítimas Feridas";"Pleno dia";"Crescente";"Céu Claro";"Dupla";"Não Informado";"Sim";2;0;1;0;1;0;1;2;-19,7970544;-44,1080512;"SR-MG";"UOP02";"DEL01"
342269;2021-02-22;"segunda";"12:00:00";"PB";101;"97";"CONDE";"Condutor deixou de manter distância do veículo da frente";"Colisão traseira";"Com Vítimas Feridas";"Pleno dia";"Crescente";"Céu Claro";"Dupla";"Reta";"Não";3;0;1;1;0;1;2;2;-7,23846306;-34,9268519;"SR-PB";"UOP02";"DEL01"