"id";"data_inversa";"dia_semana";"horario";"uf";"br";"km";"municipio";"causa_acidente";"tipo_acidente";"classificacao_acidente";"fase_dia";"sentido_via";"condicao_metereologica";"tipo_pista";"tracado_via";"uso_solo";"pessoas";"mortos";"feridos_leves";"feridos_graves";"ilesos";"ignorados";"feridos";"veiculos";"latitude";"longitude";"regional";"delegacia";"uop"
342359;2021-02-22;"segunda";"18:10:00";"SC";116;"242.1";"LAGES";"Conversão proibida";"Colisão traseira";"Com Vítimas Feridas";"Anoitecer";"Crescente";"Céu Claro";"Simples";"Não Informado";"Não";4;0;2;1;1;0;3;2;-27,77666295;-50,34027011;"SR-SC";"UOP01";"DEL05"
342360;2021-02-22;"segunda";"19:00:00";"PE";423;"177";"AGUAS BELAS";"Acessar a via sem observar a presença dos outros veículos";"Colisão transversal";"Sem Vítimas";"Plena Noite";"Crescente";"Céu Claro";"Simples";"Reta";"Não";2;0;0;0;1;1;0;2;-9,13016345;-37,11460498;"SR-AL";"UOP02";"DEL03"
342361;2021-02-22;"segunda";"19:30:00";"SE";101;"19.7";"SAO FRANCISCO";"Reação tardia ou ineficiente do condutor";"Colisão com objeto";"Sem Vítimas";"Plena Noite";"Decrescente";"Céu Claro";"Dupla";"Reta";"Não";1;0;0;0;1;0;0;1;-10,35365721;-36,90338472;"SR-SE";"UOP02";"DEL02"
342362;2021-02-22;"segunda";"19:30:00";"SC";101;"364";"SANGAO";"Manobra de mudança de faixa";"Colisão lateral";"Com Vítimas Feridas";"Plena Noite";"Decrescente";"Céu Claro";"Dupla";"Reta";"Não";2;0;1;0;1;0;1;2;-28,67821759;-49,13926425;"SR-SC";"UOP01";"DEL02"
342363;2021-02-22;"segunda";"21:00:00";"PR";376;"620";"SAO JOSE DOS PINHAIS";"Demais falhas mecânicas ou elétricas";"Colisão lateral sentido oposto";"Sem Vítimas";"Plena Noite";"Crescente";"Céu Claro";"Simples";"Reta";"Sim";2;0;0;0;2;0;0;2;-25,60925907;-49,17205834;"SR-PR";"UOP04";"DEL01"
342364;2021-02-22;"segunda";"17:00:00";"PR";369;"173.8";"ROLANDIA";"Ultrapassagem Indevida";"Colisão lateral";"Com Vítimas Feridas";"Pleno dia";"Crescente";"Céu Claro";"Simples";"Interseção de vias";"Sim";2;0;1;0;1;0;1;2;-23,30053473;-51,33052826;"SR-PR";"UOP01";"DEL07"
342365;2021-02-22;"segunda";"21:00:00";"RJ";NA;"";"RIO DE JANEIRO";"Reação tardia ou ineficiente do condutor";"Colisão com objeto";"Sem Vítimas";"Plena Noite";"Não Informado";"Nublado";"Múltipla";"Reta";"Sim";1;0;0;0;1;0;0;1;-22,82154969;-43,32573479;"SR-RJ";"UOP02";"DEL01"
342366;2021-02-22;"segunda";"20:40:00";"MG";50;"104";"UBERABA";"Ausência de reação do condutor";"Colisão traseira";"Com Vítimas Feridas";"Plena Noite";"Crescente";"Céu Claro";"Dupla";"Reta";"Não";2;0;1;0;1;0;1;2;-19,17105604;-48,16028013;"SR-MG";"UOP01";"DEL13"
342367;2021-02-22;"segunda";"20:20:00";"BA";116;"709";"MANOEL VITORINO";"Pedestre cruzava a pista fora da faixa";"Atropelamento de Pedestre";"Com Vítimas Feridas";"Plena Noite";"Decrescente";"Céu Claro";"Simples";"Reta";"Sim";2;0;1;0;1;0;1;1;-14,10719019;-40,22427462;"SR-BA";"UOP01";"DEL03"
342368;2021-02-22;"segunda";"15:30:00";"MT";174;"337";"PONTES E LACERDA";"Ultrapassagem Indevida";"Saída de leito carroçável";"Com Vítimas Feridas";"Pleno dia";"Decrescente";"Céu Claro";"Simples";"Reta";"Não";2;0;0;2;0;0;2;1;-14,82584999;-59,32097198;"SR-MT";"UOP01";"DEL04"
342369;2021-02-22;"segunda";"22:20:00";"SC";470;"60.4";"BLUMENAU";"Acesso irregular";"Colisão transversal";"Com Vítimas Feridas";"Plena Noite";"Crescente";"Céu Claro";"Simples";"Reta";"Não";2;0;1;0;1;0;1;2;-26,88138;-49,164543;"SR-SC";"UOP01";"DEL04"
342370;2021-02-22;"segunda";"21:45:00";"DF";40;"2";"BRASILIA";"Ingestão de álcool pelo condutor";"Colisão lateral mesmo sentido";"Sem Vítimas";"Plena Noite";"Decrescente";"Nublado";"Dupla";"Reta";"Sim";2;0;0;0;2;0;0;2;-15,99435;-47,985947;"SR-DF";"UOP01";"DEL01"
342371;2021-02-22;"segunda";"18:40:00";"SC";280;"261.8";"CANOINHAS";"Velocidade Incompatível";"Colisão lateral sentido oposto";"Com Vítimas Feridas";"Anoitecer";"Decrescente";"Céu Claro";"Simples";"Reta";"Não";3;0;1;0;2;0;1;3;-26,26172914;-50,64820499;"SR-SC";"UOP04";"DEL06"
342372;2021-02-22;"segunda";"21:10:00";"MA";10;"320";"ACAILANDIA";"Desrespeitar a preferência no cruzamento";"Colisão transversal";"Com Vítimas Feridas";"Plena Noite";"Decrescente";"Chuva";"Simples";"Interseção de vias";"Sim";2;0;0;1;1;0;1;2;-4,952405;-47,503384;"SR-MA";"UOP03";"DEL04"
342373;2021-02-22;"segunda";"20:30:00";"RO";364;"116.7";"PIMENTA BUENO";"Velocidade Incompatível";"Colisão traseira";"Com Vítimas Feridas";"Plena Noite";"Crescente";"Céu Claro";"Simples";"Reta";"Não";2;0;0;1;1;0;1;2;-12,151166;-60,718047;"SR-RO";"UOP02";"DEL02"
342374;2021-02-22;"segunda";"22:40:00";"PA";230;"435";"PACAJA";"Transitar na contramão";"Colisão frontal";"Com Vítimas Fatais";"Plena Noite";"Crescente";"Nevoeiro/Neblina";"Simples";"Reta";"Não";2;1;0;0;1;0;0;2;-3,78364863;-50,79776902;"SR-PA";"UOP01";"DEL04"
342375;2021-02-22;"segunda";"22:40:00";"PR";116;"23";"CAMPINA GRANDE DO SUL";"Condutor deixou de manter distância do veículo da frente";"Colisão traseira";"Sem Vítimas";"Plena Noite";"Crescente";"Céu Claro";"Dupla";"Reta";"Não";2;0;0;0;2;0;0;2;-25,1104764;-48,75592011;"SR-PR";"UOP02";"DEL01"
342376;2021-02-22;"segunda";"22:30:00";"MG";40;"478.5";"SETE LAGOAS";"Demais falhas mecânicas ou elétricas";"Eventos atípicos";"Sem Vítimas";"Plena Noite";"Decrescente";"Nublado";"Dupla";"Curva";"Sim";4;0;0;0;4;0;0;4;-19,532228;-44,256791;"SR-MG";"UOP01";"DEL02"
342377;2021-02-22;"segunda";"18:20:00";"TO";242;"322.5";"PEIXE";"Demais falhas mecânicas ou elétricas";"Queda de ocupante de veículo";"Com Vítimas Feridas";"Anoitecer";"Crescente";"Nublado";"Simples";"Reta";"Não";2;0;1;1;0;0;2;1;-11,98799346;-48,64364417;"SR-TO";"UOP02";"DEL01"
342378;2021-02-22;"segunda";"23:45:00";"SC";101;"212.9";"PALHOCA";"Ingestão de substâncias psicoativas pelo condutor";"Queda de ocupante de veículo";"Com Vítimas Feridas";"Plena Noite";"Crescente";"Céu Claro";"Múltipla";"Reta";"Sim";1;0;0;1;0;0;1;1;-27,62996929;-48,65903871;"SR-SC";"UOP02";"DEL01"
342379;2021-02-22;"segunda";"23:20:00";"AL";104;"88";"RIO LARGO";"Ausência de reação do condutor";"Eventos atípicos";"Com Vítimas Feridas";"Plena Noite";"Decrescente";"Ignorado";"Dupla";"Reta";"Sim";1;0;1;0;0;0;1;1;-9,48375193;-35,81815581;"SR-AL";"UOP01";"DEL01"
342380;2021-02-22;"segunda";"23:35:00";"SC";470;"146.6";"RIO DO SUL";"Acessar a via sem observar a presença dos outros veículos";"Colisão transversal";"Com Vítimas Feridas";"Plena Noite";"Crescente";"Céu Claro";"Simples";"Interseção de vias";"Sim";4;0;0;4;0;0;4;2;-27,23948264;-49,68460679;"SR-SC";"UOP02";"DEL04"
342381;2021-02-22;"segunda";"23:45:00";"PR";116;"78";"PIRAQUARA";"Ingestão de álcool pelo condutor";"Colisão transversal";"Com Vítimas Feridas";"Plena Noite";"Crescente";"Céu Claro";"Dupla";"Reta";"Não";2;0;0;1;1;0;1;2;-25,39030098;-49,05511906;"SR-PR";"UOP01";"DEL01"
342382;2021-02-22;"segunda";"23:30:00";"RJ";493;"13";"GUAPIMIRIM";"Velocidade Incompatível";"Colisão com objeto";"Com Vítimas Fatais";"Plena Noite";"Decrescente";"Nevoeiro/Neblina";"Simples";"Reta";"Não";2;1;1;0;0;0;1;1;-22,67551484;-42,97451889;"SR-RJ";"UOP04";"DEL02"
342383;2021-02-22;"segunda";"23:00:00";"SC";101;"69.8";"ARAQUARI";"Condutor Dormindo";"Tombamento";"Sem Vítimas";"Plena Noite";"Decrescente";"Nublado";"Dupla";"Reta";"Não";1;0;0;0;1;0;0;1;-26,50298009;-48,72814515;"SR-SC";"UOP02";"DEL03"
342384;2021-02-23;"terça";"00:50:00";"SP";116;"107";"TAUBATE";"Reação tardia ou ineficiente do condutor";"Colisão traseira";"Com Vítimas Feridas";"Plena Noite";"Decrescente";"Nublado";"Dupla";"Reta";"Sim";2;0;1;0;1;0;1;2;-23,01791287;-45,53009409;"SR-SP";"UOP02";"DEL02"
342386;2021-02-23;"terça";"05:25:00";"SP";153;"48.3";"SAO JOSE DO RIO PRETO";"Carga excessiva e/ou mal acondicionada";"Colisão com objeto";"Com Vítimas Feridas";"Amanhecer";"Crescente";"Céu Claro";"Simples";"Reta";"Não";2;0;1;0;1;0;1;1;-20,690998;-49,33980198;"SR-SP";"UOP01";"DEL09"
342387;2021-02-23;"terça";"03:56:00";"MG";381;"698.5";"LAVRAS";"Condutor Dormindo";"Colisão com objeto";"Com Vítimas Feridas";"Plena Noite";"Decrescente";"Nublado";"Dupla";"Curva";"Não";1;0;1;0;0;0;1;1;-21,29905212;-45,15077778;"SR-MG";"UOP02";"DEL04"
342389;2021-02-23;"terça";"04:30:00";"SC";470;"54.4";"BLUMENAU";"Ausência de reação do condutor";"Colisão transversal";"Com Vítimas Feridas";"Plena Noite";"Crescente";"Nublado";"Simples";"Interseção de vias";"Não";3;0;2;0;1;0;2;2;-26,871065;-49,110374;"SR-SC";"UOP01";"DEL04"
342390;2021-02-23;"terça";"00:35:00";"SC";101;"55.8";"JOINVILLE";"Demais falhas mecânicas ou elétricas";"Incêndio";"Sem Vítimas";"Plena Noite";"Decrescente";"Nublado";"Dupla";"Não Informado";"Não";1;0;0;0;1;0;0;1;-26,42280898;-48,82977496;"SR-SC";"UOP01";"DEL03"
342391;2021-02-23;"terça";"06:00:00";"ES";262;"7";"CARIACICA";"Velocidade Incompatível";"Colisão traseira";"Com Vítimas Feridas";"Pleno dia";"Crescente";"Céu Claro";"Dupla";"Reta";"Sim";2;0;0;1;1;0;1;2;-20,34283738;-40,40434616;"SR-ES";"UOP01";"DEL01"
342392;2021-02-23;"terça";"05:30:00";"PB";230;"1";"CABEDELO";"Falta de elemento de contenção que evite a saída do leito carroçável";"Saída de leito carroçável";"Sem Vítimas";"Amanhecer";"Decrescente";"Céu Claro";"Simples";"Reta";"Sim";1;0;0;0;0;1;0;1;-6,98129038;-34,83011669;"SR-PB";"UOP01";"DEL01"
342393;2021-02-23;"terça";"06:50:00";"AP";210;"2";"MACAPA";"Reação tardia ou ineficiente do condutor";"Colisão traseira";"Com Vítimas Feridas";"Pleno dia";"Decrescente";"Nublado";"Dupla";"Reta";"Sim";2;0;1;0;1;0;1;2;0,08282017;-51,07776189;"SR-AP";"UOP01";"DEL01"
342394;2021-02-23;"terça";"06:55:00";"ES";262;"103.6";"VENDA NOVA DO IMIGRANTE";"Condutor Dormindo";"Colisão lateral sentido oposto";"Com Vítimas Feridas";"Pleno dia";"Crescente";"Céu Claro";"Simples";"Curva";"Sim";6;0;4;2;0;0;6;2;-20,33657022;-41,12201819;"SR-ES";"UOP02";"DEL01"
342395;2021-02-23;"terça";"06:00:00";"MT";163;"1041";"MATUPA";"Desrespeitar a preferência no cruzamento";"Colisão frontal";"Com Vítimas Feridas";"Pleno dia";"Crescente";"Céu Claro";"Simples";"Interseção de vias";"Sim";2;0;1;0;0;1;1;2;-10,15090857;-54,93103981;"SR-MT";"UOP02";"DEL06"
342396;2021-02-23;"terça";"07:17:00";"RS";386;"342.7";"LAJEADO";"Acessar a via sem observar a presença dos outros veículos";"Colisão transversal";"Com Vítimas Feridas";"Amanhecer";"Crescente";"Chuva";"Simples";"Interseção de vias";"Sim";2;0;1;0;1;0;1;2;-29,431631;-52,011932;"SR-RS";"UOP01";"DEL04"
342397;2021-02-23;"terça";"07:25:00";"SC";101;"35.4";"JOINVILLE";"Condutor deixou de manter distância do veículo da frente";"Colisão traseira";"Com Vítimas Feridas";"Pleno dia";"Decrescente";"Sol";"Dupla";"Reta";"Não";12;0;12;0;0;0;12;3;-26,2411301;-48,91227415;"SR-SC";"UOP01";"DEL03"
342398;2021-02-23;"terça";"07:50:00";"SC";101;"55.9";"JOINVILLE";"Condutor deixou de manter distância do veículo da frente";"Colisão traseira";"Com Vítimas Feridas";"Pleno dia";"Decrescente";"Sol";"Dupla";"Reta";"Não";3;0;1;0;2;0;1;2;-26,42280898;-48,82977496;"SR-SC";"UOP01";"DEL03"
342399;2021-02-23;"terça";"06:30:00";"SP";116;"277";"EMBU DAS ARTES";"Manobra de mudança de faixa";"Colisão lateral mesmo sentido";"Com Vítimas Feridas";"Amanhecer";"Crescente";"Céu Claro";"Dupla";"Reta";"Sim";5;0;3;0;2;0;3;4;-23,64870535;-46,84395469;"SR-SP";"UOP01";"DEL04"
342400;2021-02-23;"terça";"07:05:00";"SC";282;"0.8";"FLORIANOPOLIS";"Condutor deixou de manter distância do veículo da frente";"Colisão traseira";"Com Vítimas Feridas";"Pleno dia";"Decrescente";"Sol";"Múltipla";"Não Informado";"Sim";4;0;1;1;2;0;2;3;-27,60013736;-48,57633948;"SR-SC";"UOP01";"DEL01"
342401;2021-02-23;"terça";"07:50:00";"SC";101;"38.9";"JOINVILLE";"Condutor deixou de manter distância do veículo da frente";"Capotamento";"Com Vítimas Feridas";"Pleno dia";"Decrescente";"Céu Claro";"Dupla";"Reta";"Sim";1;0;1;0;0;0;1;1;-26,25472505;-48,90561309;"SR-SC";"UOP01";"DEL03"
342403;2021-02-23;"terça";"07:50:00";"SC";101;"269";"IMBITUBA";"Velocidade Incompatível";"Colisão traseira";"Sem Vítimas";"Pleno dia";"Decrescente";"Céu Claro";"Dupla";"Reta";"Sim";2;0;0;0;2;0;0;2;-28,09417595;-48,70917593;"SR-SC";"UOP03";"DEL02"
342404;2021-02-23;"terça";"08:00:00";"RJ";116;"204.4";"SEROPEDICA";"Manobra de mudança de faixa";"Capotamento";"Com Vítimas Feridas";"Pleno dia";"Decrescente";"Céu Claro";"Dupla";"Reta";"Não";2;0;1;0;0;1;1;2;-22,72895007;-43,63189001;"SR-RJ";"UOP03";"DEL01"
342405;2021-02-19;"sexta";"10:45:00";"PR";277;"676";"MEDIANEIRA";"Demais falhas mecânicas ou elétricas";"Queda de ocupante de veículo";"Com Vítimas Feridas";"Pleno dia";"Decrescente";"Céu Claro";"Dupla";"Reta";"Sim";1;0;1;0;0;0;1;1;-25,3032461;-54,13195494;"SR-PR";"UOP01";"DEL05"
342406;2021-02-23;"terça";"08:20:00";"CE";116;"17";"EUSEBIO";"Transitar no acostamento";"Colisão lateral mesmo sentido";"Com Vítimas Feridas";"Pleno dia";"Decrescente";"Nublado";"Múltipla";"Reta";"Sim";2;0;1;0;1;0;1;2;-3,89617918;-38,50336042;"SR-CE";"UOP02";"DEL01"
342407;2021-02-19;"sexta";"13:45:00";"SC";470;"148.2";"AGRONOMICA";"Acessar a via sem observar a presença dos outros veículos";"Colisão transversal";"Com Vítimas Feridas";"Pleno dia";"Crescente";"Céu Claro";"Simples";"Reta";"Não";3;0;1;1;0;1;2;2;-27,246288;-49,694355;"SR-SC";"UOP02";"DEL04"
342408;2021-02-23;"terça";"08:15:00";"PR";476;"141";"CURITIBA";"Manobra de mudança de faixa";"Colisão lateral";"Com Vítimas Feridas";"Pleno dia";"Decrescente";"Céu Claro";"Dupla";"Reta";"Sim";2;0;1;0;1;0;1;2;-25,528614;-49,298798;"SR-PR";"UOP03";"DEL01"
342410;2021-02-23;"terça";"07:30:00";"SC";280;"5.5";"SAO FRANCISCO DO SUL";"Desrespeitar a preferência no cruzamento";"Colisão transversal";"Com Vítimas Feridas";"Pleno dia";"Decrescente";"Nublado";"Simples";"Interseção de vias";"Sim";3;0;1;0;0;2;1;2;-26,26284242;-48,62941504;"SR-SC";"UOP03";"DEL03"
342411;2021-02-23;"terça";"07:48:00";"RS";116;"147.9";"CAXIAS DO SUL";"Reação tardia ou ineficiente do condutor";"Colisão traseira";"Sem Vítimas";"Pleno dia";"Crescente";"Sol";"Dupla";"Reta";"Sim";2;0;0;0;2;0;0;2;-29,14908014;-51,1429969;"SR-RS";"UOP01";"DEL05"
342412;2021-02-15;"segunda";"13:20:00";"MS";163;"135";"NAVIRAI";"Ausência de reação do condutor";"Saída de leito carroçável";"Com Vítimas Feridas";"Pleno dia";"Crescente";"Céu Claro";"Simples";"Reta";"Não";3;0;2;0;1;0;2;1;-23,01910606;-54,30128306;"SR-MS";"UOP01";"DEL09"
342413;2021-02-23;"terça";"08:28:00";"DF";40;"5";"BRASILIA";"Trafegar com motocicleta (ou similar) entre as faixas";"Colisão lateral mesmo sentido";"Com Vítimas Feridas";"Pleno dia";"Decrescente";"Céu Claro";"Dupla";"Reta";"Sim";2;0;1;0;1;0;1;2;-16,020903;-47,980541;"SR-DF";"UOP01";"DEL01"
342414;2021-02-23;"terça";"01:20:00";"BA";101;"739.1";"ITABELA";"Transitar na contramão";"Colisão frontal";"Com Vítimas Fatais";"Plena Noite";"Decrescente";"Nublado";"Múltipla";"Não Informado";"Não";2;1;1;0;0;0;1;2;-16,54899983;-39,56485748;"SR-BA";"UOP01";"DEL09"
342415;2021-02-23;"terça";"04:30:00";"MS";262;"660";"CORUMBA";"Ausência de reação do condutor";"Saída de leito carroçável";"Sem Vítimas";"Amanhecer";"Crescente";"Céu Claro";"Dupla";"Curva";"Não";1;0;0;0;0;1;0;1;-19,64593047;-57,03314173;"SR-MS";"UOP03";"DEL03"
342416;2021-02-23;"terça";"08:25:00";"SP";116;"154";"SAO JOSE DOS CAMPOS";"Reação tardia ou ineficiente do condutor";"Colisão traseira";"Com Vítimas Feridas";"Pleno dia";"Decrescente";"Céu Claro";"Dupla";"Reta";"Não";2;0;1;0;1;0;1;2;-23,23903999;-45,92061901;"SR-SP";"UOP01";"DEL02"
342417;2021-02-23;"terça";"08:40:00";"RN";406;"155.1";"CEARA-MIRIM";"Condutor deixou de manter distância do veículo da frente";"Engavetamento";"Sem Vítimas";"Pleno dia";"Crescente";"Céu Claro";"Simples";"Reta";"Não";3;0;0;0;3;0;0;3;-5,67794002;-35,39994003;"SR-RN";"UOP01";"DEL02"
342418;2021-02-23;"terça";"07:05:00";"RJ";40;"122";"DUQUE DE CAXIAS";"Trafegar com motocicleta (ou similar) entre as faixas";"Queda de ocupante de veículo";"Com Vítimas Feridas";"Pleno dia";"Crescente";"Céu Claro";"Dupla";"Reta";"Sim";1;0;1;0;0;0;1;1;-22,79083113;-43,28611569;"SR-RJ";"UOP01";"DEL01"
342420;2021-02-23;"terça";"09:11:00";"DF";40;"6";"BRASILIA";"Trafegar com motocicleta (ou similar) entre as faixas";"Colisão transversal";"Com Vítimas Feridas";"Pleno dia";"Decrescente";"Nublado";"Dupla";"Retorno Regulamentado";"Sim";2;0;0;1;1;0;1;2;-16,02894983;-47,97868431;"SR-DF";"UOP01";"DEL01"
342421;2021-02-23;"terça";"08:50:00";"SP";116;"347";"MIRACATU";"Carga excessiva e/ou mal acondicionada";"Tombamento";"Sem Vítimas";"Pleno dia";"Decrescente";"Céu Claro";"Múltipla";"Curva";"Não";1;0;0;0;1;0;0;1;-24,04699491;-47,19706111;"SR-SP";"UOP02";"DEL04"
342422;2021-02-23;"terça";"09:00:00";"SP";153;"340.9";"OURINHOS";"Reação tardia ou ineficiente do condutor";"Tombamento";"Com Vítimas Feridas";"Pleno dia";"Crescente";"Céu Claro";"Dupla";"Desvio Temporário";"Não";1;0;1;0;0;0;1;1;-22,93603899;-49,91225181;"SR-SP";"UOP03";"DEL07"
342423;2021-01-20;"quarta";"18:08:00";"SP";116;"281";"EMBU DAS ARTES";"Manobra de mudança de faixa";"Colisão lateral mesmo sentido";"Com Vítimas Feridas";"Pleno dia";"Decrescente";"Nublado";"Dupla";"Curva";"Não";3;0;0;1;2;0;1;3;-23,67784787;-46,85769227;"SR-SP";"UOP01";"DEL04"
342424;2021-02-23;"terça";"10:00:00";"RJ";40;"30";"TRES RIOS";"Velocidade Incompatível";"Queda de ocupante de veículo";"Com Vítimas Feridas";"Pleno dia";"Decrescente";"Céu Claro";"Dupla";"Curva";"Não";1;0;0;1;0;0;1;1;-22,18633705;-43,16660309;"SR-RJ";"UOP01";"DEL06"
342425;2021-02-23;"terça";"10:10:00";"PR";376;"4.7";"MARINGA";"Demais falhas mecânicas ou elétricas";"Tombamento";"Com Vítimas Feridas";"Pleno dia";"Decrescente";"Céu Claro";"Dupla";"Não Informado";"Não";2;0;2;0;0;0;2;1;-23,4273;-51,9375;"SR-PR";"UOP01";"DEL09"
342426;2021-02-23;"terça";"10:09:00";"MG";381;"904";"CAMBUI";"Avarias e/ou desgaste excessivo no pneu";"Tombamento";"Com Vítimas Feridas";"Pleno dia";"Crescente";"Sol";"Dupla";"Curva";"Não";2;0;2;0;0;0;2;1;-22,68841562;-46,10648041;"SR-MG";"UOP03";"DEL16"
342427;2021-02-23;"terça";"08:50:00";"PR";163;"9";"BARRACAO";"Acessar a via sem observar a presença dos outros veículos";"Colisão transversal";"Com Vítimas Feridas";"Pleno dia";"Decrescente";"Céu Claro";"Dupla";"Reta";"Sim";2;0;0;1;1;0;1;2;-26,25066;-53,635523;"SR-PR";"UOP02";"DEL02"
342428;2021-02-23;"terça";"10:20:00";"AL";316;"251";"PILAR";"Avarias e/ou desgaste excessivo no pneu";"Queda de ocupante de veículo";"Com Vítimas Feridas";"Pleno dia";"Crescente";"Céu Claro";"Simples";"Viaduto";"Sim";1;0;1;0;0;0;1;1;-9,56369581;-35,97111969;"SR-AL";"UOP01";"DEL01"
342429;2021-02-23;"terça";"10:00:00";"RJ";40;"75";"PETROPOLIS";"Condutor deixou de manter distância do veículo da frente";"Colisão traseira";"Com Vítimas Feridas";"Pleno dia";"Crescente";"Céu Claro";"Simples";"Não Informado";"Não";2;0;1;0;1;0;1;2;-22,46832588;-43,2324028;"SR-RJ";"UOP03";"DEL06"
342430;2021-02-23;"terça";"10:30:00";"RS";116;"525";"PELOTAS";"Retorno proibido";"Colisão traseira";"Com Vítimas Feridas";"Pleno dia";"Decrescente";"Céu Claro";"Dupla";"Reta";"Sim";2;0;1;0;1;0;1;2;-31,7359522;-52,39349776;"SR-RS";"UOP01";"DEL07"
342431;2021-02-23;"terça";"09:35:00";"SC";282;"509.2";"XANXERE";"Objeto estático sobre o leito carroçável";"Queda de ocupante de veículo";"Com Vítimas Feridas";"Pleno dia";"Crescente";"Céu Claro";"Simples";"Reta";"Não";1;0;0;1;0;0;1;1;-26,890533;-52,457096;"SR-SC";"UOP01";"DEL07"
342432;2021-02-23;"terça";"10:30:00";"MG";40;"467.6";"SETE LAGOAS";"Velocidade Incompatível";"Saída de leito carroçável";"Com Vítimas Feridas";"Pleno dia";"Crescente";"Nublado";"Dupla";"Desvio Temporário";"Não";1;0;0;1;0;0;1;1;-19,45038924;-44,3166822;"SR-MG";"UOP01";"DEL02"
342434;2021-02-23;"terça";"10:20:00";"GO";153;"621.3";"MORRINHOS";"Acessar a via sem observar a presença dos outros veículos";"Colisão lateral mesmo sentido";"Com Vítimas Feridas";"Pleno dia";"Decrescente";"Céu Claro";"Dupla";"Desvio Temporário";"Sim";2;0;1;0;1;0;1;2;-17,7309;-49,1552;"SR-GO";"UOP01";"DEL03"
342435;2021-02-23;"terça";"10:35:00";"PR";153;"57.1";"GUAPIRAMA";"Demais falhas mecânicas ou elétricas";"Saída de leito carroçável";"Com Vítimas Feridas";"Pleno dia";"Decrescente";"Céu Claro";"Simples";"Reta";"Não";1;0;0;1;0;0;1;1;-23,42136993;-50,07211413;"SR-PR";"UOP03";"DEL07"
342436;2021-02-23;"terça";"11:10:00";"SC";470;"60.1";"BLUMENAU";"Desrespeitar a preferência no cruzamento";"Colisão transversal";"Com Vítimas Feridas";"Pleno dia";"Crescente";"Céu Claro";"Simples";"Reta";"Sim";2;0;0;1;1;0;1;2;-26,88138;-49,164543;"SR-SC";"UOP01";"DEL04"
342438;2021-02-13;"sábado";"10:35:00";"PE";232;"209.9";"PESQUEIRA";"Entrada inopinada do pedestre";"Atropelamento de Pedestre";"Com Vítimas Feridas";"Pleno dia";"Crescente";"Nublado";"Simples";"Reta";"Sim";2;0;0;1;1;0;1;1;-8,36666789;-36,68869898;"SR-PE";"UOP02";"DEL02"
342439;2021-02-23;"terça";"10:15:00";"MG";50;"205";"DELTA";"Pedestre andava na pista";"Atropelamento de Pedestre";"Com Vítimas Feridas";"Pleno dia";"Decrescente";"Céu Claro";"Dupla";"Desvio Temporário";"Sim";3;0;0;1;1;1;1;1;-19,92627147;-47,82191068;"SR-MG";"UOP01";"DEL13"
342440;2021-02-23;"terça";"11:25:00";"PE";232;"39.4";"VITORIA DE SANTO ANTAO";"Reação tardia ou ineficiente do condutor";"Colisão lateral mesmo sentido";"Com Vítimas Feridas";"Pleno dia";"Crescente";"Sol";"Dupla";"Reta";"Sim";4;0;2;0;2;0;2;2;-8,11725249;-35,2270359;"SR-PE";"UOP04";"DEL01"
342441;2021-02-23;"terça";"12:00:00";"SC";101;"208.5";"SAO JOSE";"Condutor deixou de manter distância do veículo da frente";"Colisão traseira";"Com Vítimas Feridas";"Pleno dia";"Decrescente";"Céu Claro";"Dupla";"Reta";"Sim";3;0;1;0;2;0;1;3;-27,60327979;-48,63201818;"SR-SC";"UOP01";"DEL01"
342442;2021-02-23;"terça";"12:00:00";"ES";101;"392";"RIO NOVO DO SUL";"Acessar a via sem observar a presença dos outros veículos";"Colisão transversal";"Com Vítimas Feridas";"Pleno dia";"Crescente";"Céu Claro";"Simples";"Curva";"Não";2;0;1;0;1;0;1;2;-20,86733567;-40,90426608;"SR-ES";"UOP02";"DEL03"
342443;2021-02-23;"terça";"12:15:00";"RS";386;"260.9";"FONTOURA XAVIER";"Acumulo de água sobre o pavimento";"Colisão frontal";"Com Vítimas Feridas";"Pleno dia";"Decrescente";"Chuva";"Simples";"Não Informado";"Não";2;0;2;0;0;0;2;2;-28,892323;-52,40966;"SR-RS";"UOP03";"DEL04"
342444;2021-02-23;"terça";"11:45:00";"SC";116;"7";"MAFRA";"Desrespeitar a preferência no cruzamento";"Colisão transversal";"Com Vítimas Feridas";"Pleno dia";"Decrescente";"Céu Claro";"Simples";"Reta";"Sim";2;0;1;0;1;0;1;2;-26,15196176;-49,83102416;"SR-SC";"UOP01";"DEL06"
342445;2021-02-23;"terça";"10:20:00";"SC";101;"356";"SANGAO";"Reação tardia ou ineficiente do condutor";"Colisão com objeto";"Com Vítimas Feridas";"Pleno dia";"Crescente";"Chuva";"Dupla";"Reta";"Não";2;0;1;0;1;0;1;1;-28,62930081;-49,08665412;"SR-SC";"UOP01";"DEL02"
342446;2021-02-23;"terça";"08:30:00";"SC";282;"375.5";"ERVAL VELHO";"Demais falhas mecânicas ou elétricas";"Saída de leito carroçável";"Com Vítimas Feridas";"Pleno dia";"Crescente";"Céu Claro";"Simples";"Desvio Temporário";"Não";1;0;1;0;0;0;1;1;-27,228022;-51,456421;"SR-SC";"UOP05";"DEL07"