"id";"data_inversa";"dia_semana";"horario";"uf";"br";"km";"municipio";"causa_acidente";"tipo_acidente";"classificacao_acidente";"fase_dia";"sentido_via";"condicao_metereologica";"tipo_pista";"tracado_via";"uso_solo";"pessoas";"mortos";"feridos_leves";"feridos_graves";"ilesos";"ignorados";"feridos";"veiculos";"latitude";"longitude";"regional";"delegacia";"uop"
342537;2021-02-23;"terça";"19:15:00";"SC";280;"14.8";"SAO FRANCISCO DO SUL";"Acessar a via sem observar a presença dos outros veículos";"Colisão transversal";"Com Vítimas Feridas";"Plena Noite";"Decrescente";"Chuva";"Simples";"Interseção de vias";"Não";3;0;1;0;2;0;1;2;-26,3301861;-48,65148076;"SR-SC";"UOP03";"DEL03"
342538;2021-02-23;"terça";"16:30:00";"BA";324;"550";"AMELIA RODRIGUES";"Demais falhas mecânicas ou elétricas";"Colisão traseira";"Com Vítimas Feridas";"Pleno dia";"Decrescente";"Sol";"Dupla";"Desvio Temporário";"Não";2;0;1;0;1;0;1;2;-12,43832718;-38,72506515;"SR-BA";"UOP03";"DEL01"
342539;2021-02-23;"terça";"20:30:00";"PR";153;"505.5";"GENERAL CARNEIRO";"Demais falhas mecânicas ou elétricas";"Saída de leito carroçável";"Com Vítimas Feridas";"Plena Noite";"Crescente";"Céu Claro";"Simples";"Reta";"Não";1;0;1;0;0;0;1;1;-26,3133698;-51,2185249;"SR-PR";"UOP03";"DEL02"
342540;2021-02-23;"terça";"20:30:00";"TO";242;"358";"PEIXE";"Reação tardia ou ineficiente do condutor";"Saída de leito carroçável";"Com Vítimas Feridas";"Plena Noite";"Crescente";"Nublado";"Simples";"Curva";"Não";1;0;1;0;0;0;1;1;-11,82827193;-48,90408496;"SR-TO";"UOP02";"DEL01"
342541;2021-02-23;"terça";"22:20:00";"MG";381;"636.8";"SANTO ANTONIO DO AMPARO";"Condutor Dormindo";"Colisão traseira";"Com Vítimas Feridas";"Plena Noite";"Crescente";"Chuva";"Dupla";"Não Informado";"Não";2;0;0;1;1;0;1;2;-20,89141186;-44,8525565;"SR-MG";"UOP01";"DEL04"
342542;2021-02-23;"terça";"22:30:00";"RJ";116;"184";"NOVA IGUACU";"Acessar a via sem observar a presença dos outros veículos";"Colisão traseira";"Com Vítimas Feridas";"Pleno dia";"Crescente";"Céu Claro";"Dupla";"Reta";"Sim";2;0;1;0;1;0;1;2;-22,74647215;-43,44594311;"SR-RJ";"UOP02";"DEL01"
342543;2021-02-23;"terça";"20:20:00";"RJ";116;"134";"MAGE";"Entrada inopinada do pedestre";"Atropelamento de Pedestre";"Com Vítimas Feridas";"Plena Noite";"Crescente";"Chuva";"Dupla";"Reta";"Sim";4;0;0;1;1;2;1;1;-22,64674948;-43,19479823;"SR-RJ";"UOP04";"DEL02"
342544;2021-02-23;"terça";"22:40:00";"RS";116;"247";"SAO LEOPOLDO";"Falta de elemento de contenção que evite a saída do leito carroçável";"Saída de leito carroçável";"Sem Vítimas";"Plena Noite";"Crescente";"Céu Claro";"Simples";"Curva";"Sim";1;0;0;0;0;1;0;1;-29,76733091;-51,1535296;"SR-RS";"UOP02";"DEL01"
342545;2021-02-23;"terça";"23:15:00";"PR";369;"148";"LONDRINA";"Ingestão de álcool ou de substâncias psicoativas pelo pedestre";"Tombamento";"Com Vítimas Feridas";"Plena Noite";"Crescente";"Nublado";"Dupla";"Não Informado";"Sim";1;0;1;0;0;0;1;1;-23,294215;-51,18807077;"SR-PR";"UOP01";"DEL07"
342547;2021-02-23;"terça";"22:39:00";"MG";381;"791";"SAO GONCALO DO SAPUCAI";"Manobra de mudança de faixa";"Colisão lateral";"Sem Vítimas";"Plena Noite";"Crescente";"Céu Claro";"Dupla";"Reta";"Não";3;0;0;0;3;0;0;2;-21,91694596;-45,58909701;"SR-MG";"UOP02";"DEL16"
342548;2021-02-23;"terça";"23:40:00";"MT";364;"278.5";"JACIARA";"Problema com o freio";"Saída de leito carroçável";"Com Vítimas Fatais";"Plena Noite";"Decrescente";"Céu Claro";"Simples";"Reta";"Não";2;1;1;0;0;0;1;1;-15,94550399;-55,00613199;"SR-MT";"UOP02";"DEL05"
342549;2021-02-23;"terça";"23:00:00";"SP";381;"85.5";"SAO PAULO";"Velocidade Incompatível";"Colisão traseira";"Com Vítimas Fatais";"Plena Noite";"Decrescente";"Céu Claro";"Dupla";"Não Informado";"Sim";6;3;0;0;2;1;0;3;-23,449343;-46,56983501;"SR-SP";"UOP01";"DEL03"
342550;2021-02-24;"quarta";"01:50:00";"MG";40;"481.3";"SETE LAGOAS";"Acessar a via sem observar a presença dos outros veículos";"Atropelamento de Pedestre";"Com Vítimas Fatais";"Plena Noite";"Decrescente";"Nevoeiro/Neblina";"Dupla";"Reta";"Não";2;1;0;0;0;1;0;1;-19,5511262;-44,24459038;"SR-MG";"UOP01";"DEL02"
342551;2021-02-23;"terça";"22:20:00";"SP";116;"362";"MIRACATU";"Manobra de mudança de faixa";"Tombamento";"Com Vítimas Feridas";"Plena Noite";"Crescente";"Céu Claro";"Dupla";"Não Informado";"Não";3;0;1;2;0;0;3;1;-24,1220177;-47,27047772;"SR-SP";"UOP02";"DEL04"
342552;2021-02-24;"quarta";"02:30:00";"RS";290;"2";"URUGUAIANA";"Ingestão de álcool pelo condutor";"Saída de leito carroçável";"Sem Vítimas";"Plena Noite";"Decrescente";"Nublado";"Simples";"Curva";"Sim";1;0;0;0;0;1;0;1;-29,75518;-57,08882;"SR-RS";"UOP01";"DEL13"
342553;2021-02-23;"terça";"17:40:00";"GO";364;"75";"CACU";"Reação tardia ou ineficiente do condutor";"Tombamento";"Com Vítimas Feridas";"Anoitecer";"Decrescente";"Céu Claro";"Simples";"Reta";"Não";1;0;1;0;0;0;1;1;-18,623442;-51,029392;"SR-GO";"UOP02";"DEL05"
342554;2021-02-24;"quarta";"00:20:00";"MG";262;"124";"RIO CASCA";"Condutor Dormindo";"Saída de leito carroçável";"Com Vítimas Feridas";"Plena Noite";"Decrescente";"Nublado";"Simples";"Reta";"Não";1;0;1;0;0;0;1;1;-20,2011708;-42,67925669;"SR-MG";"UOP03";"DEL03"
342555;2021-02-24;"quarta";"02:15:00";"PE";101;"29";"IGARASSU";"Ingestão de álcool pelo condutor";"Colisão traseira";"Sem Vítimas";"Plena Noite";"Crescente";"Céu Claro";"Dupla";"Reta";"Não";2;0;0;0;2;0;0;2;-7,73151057;-34,94173765;"SR-PE";"UOP02";"DEL01"
342556;2021-02-23;"terça";"20:30:00";"RS";116;"38";"VACARIA";"Acessar a via sem observar a presença dos outros veículos";"Colisão transversal";"Com Vítimas Feridas";"Plena Noite";"Crescente";"Céu Claro";"Simples";"Reta";"Sim";2;0;1;0;1;0;1;2;-28,50548;-50,92516;"SR-RS";"UOP03";"DEL05"
342557;2021-02-24;"quarta";"04:00:00";"MG";50;"60.7";"UBERLANDIA";"Ausência de reação do condutor";"Saída de leito carroçável";"Sem Vítimas";"Plena Noite";"Crescente";"Céu Claro";"Dupla";"Reta";"Não";1;0;0;0;1;0;0;1;-18,80909682;-48,24439716;"SR-MG";"UOP02";"DEL15"
342559;2021-02-24;"quarta";"04:00:00";"SC";101;"273.9";"IMBITUBA";"Acessar a via sem observar a presença dos outros veículos";"Colisão traseira";"Com Vítimas Feridas";"Plena Noite";"Crescente";"Céu Claro";"Dupla";"Reta";"Sim";2;0;1;0;1;0;1;2;-28,129852;-48,69322;"SR-SC";"UOP03";"DEL02"
342560;2021-02-24;"quarta";"02:22:00";"SC";101;"131";"BALNEARIO CAMBORIU";"Condutor deixou de manter distância do veículo da frente";"Colisão traseira";"Com Vítimas Feridas";"Plena Noite";"Crescente";"Céu Claro";"Dupla";"Reta";"Sim";3;0;2;0;0;1;2;2;-26,99064209;-48,66310912;"SR-SC";"UOP03";"DEL04"
342561;2021-02-24;"quarta";"05:30:00";"SC";280;"48";"GUARAMIRIM";"Acessar a via sem observar a presença dos outros veículos";"Colisão transversal";"Com Vítimas Feridas";"Pleno dia";"Crescente";"Céu Claro";"Simples";"Reta";"Não";2;0;1;0;1;0;1;2;-26,45506795;-48,92766502;"SR-SC";"UOP03";"DEL03"
342562;2021-02-24;"quarta";"06:00:00";"PE";101;"70";"RECIFE";"Reação tardia ou ineficiente do condutor";"Colisão frontal";"Com Vítimas Feridas";"Pleno dia";"Decrescente";"Céu Claro";"Dupla";"Viaduto";"Sim";2;0;1;0;1;0;1;2;-8,075218;-34,942747;"SR-PE";"UOP01";"DEL01"
342563;2021-02-23;"terça";"07:40:00";"RN";101;"97.5";"NATAL";"Condutor deixou de manter distância do veículo da frente";"Colisão traseira";"Com Vítimas Feridas";"Pleno dia";"Crescente";"Sol";"Múltipla";"Reta";"Sim";2;0;1;0;1;0;1;2;-5,86098916;-35,21434665;"SR-RN";"UOP01";"DEL01"
342564;2021-02-24;"quarta";"06:00:00";"CE";20;"380.1";"CAUCAIA";"Acesso irregular";"Colisão transversal";"Com Vítimas Feridas";"Pleno dia";"Crescente";"Céu Claro";"Simples";"Reta";"Não";2;0;1;0;1;0;1;2;-3,91625499;-38,85098301;"SR-CE";"UOP01";"DEL01"
342565;2021-02-24;"quarta";"06:00:00";"RS";293;"1";"PELOTAS";"Desrespeitar a preferência no cruzamento";"Colisão transversal";"Com Vítimas Feridas";"Pleno dia";"Crescente";"Céu Claro";"Simples";"Curva";"Sim";2;0;1;1;0;0;2;2;-31,75721799;-52,35697746;"SR-RS";"UOP01";"DEL07"
342566;2021-02-23;"terça";"02:00:00";"MG";381;"931.3";"ITAPEVA";"Curva acentuada";"Tombamento";"Sem Vítimas";"Plena Noite";"Crescente";"Céu Claro";"Dupla";"Curva";"Não";1;0;0;0;1;0;0;1;-22,8076393;-46,27636971;"SR-MG";"UOP03";"DEL16"
342567;2021-02-23;"terça";"18:20:00";"MA";10;"242.9";"IMPERATRIZ";"Ultrapassagem Indevida";"Colisão frontal";"Com Vítimas Feridas";"Plena Noite";"Decrescente";"Céu Claro";"Simples";"Reta";"Não";4;0;2;2;0;0;4;2;-5,610982;-47,418873;"SR-MA";"UOP01";"DEL04"
342568;2021-02-24;"quarta";"06:50:00";"GO";153;"432";"ANAPOLIS";"Condutor deixou de manter distância do veículo da frente";"Colisão lateral mesmo sentido";"Com Vítimas Feridas";"Pleno dia";"Decrescente";"Céu Claro";"Dupla";"Reta";"Sim";2;0;0;1;1;0;1;2;-16,264801;-48,982357;"SR-GO";"UOP01";"DEL02"
342569;2021-02-24;"quarta";"03:45:00";"RS";470;"228";"GARIBALDI";"Ingestão de álcool pelo condutor";"Colisão com objeto";"Sem Vítimas";"Plena Noite";"Crescente";"Nevoeiro/Neblina";"Simples";"Não Informado";"Sim";1;0;0;0;1;0;0;1;-29,26938542;-51,4990813;"SR-RS";"UOP01";"DEL06"
342570;2021-02-24;"quarta";"06:10:00";"PR";277;"320";"GUARAPUAVA";"Ausência de reação do condutor";"Colisão lateral mesmo sentido";"Com Vítimas Feridas";"Pleno dia";"Decrescente";"Nublado";"Simples";"Não Informado";"Não";5;0;2;0;3;0;2;2;-25,34744404;-51,22120097;"SR-PR";"UOP01";"DEL08"
342571;2021-02-24;"quarta";"07:05:00";"DF";40;"0.2";"BRASILIA";"Manobra de mudança de faixa";"Colisão lateral mesmo sentido";"Com Vítimas Feridas";"Pleno dia";"Crescente";"Nublado";"Dupla";"Reta";"Não";2;0;0;1;1;0;1;2;-15,9808811;-47,98915565;"SR-DF";"UOP01";"DEL01"
342572;2021-02-24;"quarta";"06:20:00";"PE";101;"68.4";"RECIFE";"Condutor deixou de manter distância do veículo da frente";"Colisão traseira";"Com Vítimas Feridas";"Pleno dia";"Decrescente";"Céu Claro";"Dupla";"Reta";"Sim";3;0;1;0;1;1;1;2;-8,05074296;-34,94580619;"SR-PE";"UOP01";"DEL01"
342573;2021-02-24;"quarta";"07:10:00";"SP";101;"51";"UBATUBA";"Acessar a via sem observar a presença dos outros veículos";"Colisão transversal";"Com Vítimas Feridas";"Pleno dia";"Crescente";"Sol";"Simples";"Reta";"Sim";2;0;2;0;0;0;2;2;-23,45627795;-45,07111896;"SR-SP";"UOP02";"DEL06"
342574;2021-02-24;"quarta";"05:00:00";"MT";163;"1036";"MATUPA";"Acessar a via sem observar a presença dos outros veículos";"Colisão traseira";"Com Vítimas Feridas";"Pleno dia";"Crescente";"Chuva";"Simples";"Reta";"Não";2;0;0;1;0;1;1;2;-10,2057994;-54,95944977;"SR-MT";"UOP02";"DEL06"
342575;2021-02-24;"quarta";"06:50:00";"SC";101;"141";"BALNEARIO CAMBORIU";"Condutor Dormindo";"Colisão com objeto";"Com Vítimas Feridas";"Pleno dia";"Crescente";"Nublado";"Simples";"Não Informado";"Sim";1;0;1;0;0;0;1;1;-27,04761729;-48,59995855;"SR-SC";"UOP03";"DEL04"
342576;2021-02-24;"quarta";"06:00:00";"MS";267;"208";"NOVA ALVORADA DO SUL";"Demais falhas mecânicas ou elétricas";"Colisão lateral mesmo sentido";"Com Vítimas Fatais";"Amanhecer";"Decrescente";"Céu Claro";"Simples";"Reta";"Não";2;1;0;0;1;0;0;2;-21,59262158;-54,02594003;"SR-MS";"UOP03";"DEL02"
342577;2021-02-24;"quarta";"07:00:00";"MG";50;"179.1";"UBERABA";"Reação tardia ou ineficiente do condutor";"Colisão com objeto";"Com Vítimas Feridas";"Pleno dia";"Decrescente";"Céu Claro";"Dupla";"Desvio Temporário";"Sim";1;0;1;0;0;0;1;1;-19,77827047;-47,93140998;"SR-MG";"UOP01";"DEL13"
342578;2021-02-24;"quarta";"07:25:00";"RN";101;"85";"SAO GONCALO DO AMARANTE";"Manobra de mudança de faixa";"Colisão lateral";"Com Vítimas Feridas";"Pleno dia";"Crescente";"Céu Claro";"Dupla";"Não Informado";"Sim";2;0;1;0;1;0;1;2;-5,77612369;-35,25240183;"SR-RN";"UOP01";"DEL02"
342579;2021-01-31;"domingo";"18:50:00";"PE";408;"105";"JABOATAO DOS GUARARAPES";"Condutor deixou de manter distância do veículo da frente";"Colisão traseira";"Com Vítimas Feridas";"Plena Noite";"Decrescente";"Céu Claro";"Simples";"Interseção de vias";"Sim";3;0;1;1;1;0;2;2;-8,0730937;-34,99190714;"SR-PE";"UOP01";"DEL01"
342580;2021-02-24;"quarta";"07:10:00";"BA";116;"4";"VITORIA DA CONQUISTA";"Acumulo de areia ou detritos sobre o pavimento";"Saída de leito carroçável";"Com Vítimas Feridas";"Pleno dia";"Decrescente";"Céu Claro";"Simples";"Curva";"Não";2;0;1;0;1;0;1;1;-14,851;-40,8485;"SR-BA";"UOP01";"DEL08"
342582;2021-02-24;"quarta";"08:00:00";"DF";20;"10";"BRASILIA";"Condutor deixou de manter distância do veículo da frente";"Colisão traseira";"Com Vítimas Feridas";"Pleno dia";"Decrescente";"Céu Claro";"Dupla";"Reta";"Sim";2;0;1;0;1;0;1;2;-15,650243;-47,773872;"SR-DF";"UOP01";"DEL02"
342583;2021-02-24;"quarta";"07:30:00";"RJ";116;"188";"QUEIMADOS";"Manobra de mudança de faixa";"Colisão traseira";"Com Vítimas Feridas";"Pleno dia";"Crescente";"Céu Claro";"Dupla";"Reta";"Sim";2;0;1;0;1;0;1;2;-22,736605;-43,540498;"SR-RJ";"UOP02";"DEL01"
342584;2021-02-24;"quarta";"08:05:00";"PE";232;"6";"RECIFE";"Condutor deixou de manter distância do veículo da frente";"Colisão traseira";"Com Vítimas Feridas";"Pleno dia";"Decrescente";"Céu Claro";"Dupla";"Reta";"Sim";2;0;1;0;1;0;1;2;-8,07079525;-34,9535389;"SR-PE";"UOP01";"DEL01"
342585;2021-02-24;"quarta";"07:50:00";"SP";116;"127";"CACAPAVA";"Velocidade Incompatível";"Tombamento";"Com Vítimas Feridas";"Pleno dia";"Crescente";"Sol";"Dupla";"Reta";"Sim";3;0;2;0;1;0;2;2;-23,10991026;-45,70246044;"SR-SP";"UOP02";"DEL02"
342586;2021-02-24;"quarta";"04:00:00";"RJ";101;"403";"ITAGUAI";"Estacionar ou parar em local proibido";"Incêndio";"Sem Vítimas";"Plena Noite";"Decrescente";"Céu Claro";"Dupla";"Reta";"Não";1;0;0;0;0;1;0;1;-22,85924449;-43,79010059;"SR-RJ";"UOP04";"DEL01"
342587;2021-01-14;"quinta";"07:00:00";"MG";40;"515";"RIBEIRAO DAS NEVES";"Ausência de reação do condutor";"Colisão traseira";"Com Vítimas Feridas";"Pleno dia";"Crescente";"Céu Claro";"Dupla";"Reta";"Não";2;0;1;0;1;0;1;2;-19,8090079;-44,09493479;"SR-MG";"UOP02";"DEL01"
342588;2021-02-12;"sexta";"18:30:00";"MG";356;"264.5";"MURIAE";"Conversão proibida";"Colisão transversal";"Com Vítimas Feridas";"Anoitecer";"Crescente";"Céu Claro";"Simples";"Não Informado";"Sim";2;0;1;0;1;0;1;2;-21,12471476;-42,37997624;"SR-MG";"UOP02";"DEL07"
342589;2021-02-24;"quarta";"07:05:00";"SC";282;"577.4";"PINHALZINHO";"Acessar a via sem observar a presença dos outros veículos";"Colisão transversal";"Com Vítimas Feridas";"Pleno dia";"Decrescente";"Nublado";"Simples";"Não Informado";"Sim";5;0;1;0;4;0;1;2;-26,84676;-52,980644;"SR-SC";"UOP02";"DEL07"
342591;2021-02-24;"quarta";"07:30:00";"SC";470;"7";"NAVEGANTES";"Acesso irregular";"Colisão transversal";"Com Vítimas Feridas";"Pleno dia";"Decrescente";"Nublado";"Simples";"Reta";"Não";2;0;1;0;1;0;1;2;-26,84499;-48,71505;"SR-SC";"UOP04";"DEL04"
342592;2021-02-24;"quarta";"06:20:00";"MG";262;"196";"JOAO MONLEVADE";"Velocidade Incompatível";"Saída de leito carroçável";"Sem Vítimas";"Amanhecer";"Decrescente";"Céu Claro";"Simples";"Curva";"Não";1;0;0;0;1;0;0;1;-19,86091;-43,11725;"SR-MG";"UOP01";"DEL03"
342593;2021-02-24;"quarta";"07:15:00";"RO";364;"715";"PORTO VELHO";"Acessar a via sem observar a presença dos outros veículos";"Colisão lateral mesmo sentido";"Com Vítimas Feridas";"Pleno dia";"Decrescente";"Céu Claro";"Dupla";"Rotatória";"Sim";2;0;1;0;1;0;1;2;-8,78456907;-63,89657021;"SR-RO";"UOP01";"DEL01"
342594;2021-02-24;"quarta";"08:15:00";"ES";262;"1";"CARIACICA";"Manobra de mudança de faixa";"Colisão lateral";"Com Vítimas Feridas";"Pleno dia";"Decrescente";"Céu Claro";"Múltipla";"Reta";"Sim";2;0;1;0;1;0;1;2;-20,382715;-40,4596025;"SR-ES";"UOP01";"DEL01"
342595;2021-02-24;"quarta";"08:50:00";"RS";290;"145";"ELDORADO DO SUL";"Ultrapassagem Indevida";"Colisão lateral";"Com Vítimas Feridas";"Pleno dia";"Decrescente";"Céu Claro";"Simples";"Reta";"Não";2;0;1;0;1;0;1;2;-30,100563;-51,656773;"SR-RS";"UOP01";"DEL02"
342596;2021-02-24;"quarta";"08:45:00";"MG";365;"622";"UBERLANDIA";"Condutor deixou de manter distância do veículo da frente";"Colisão lateral mesmo sentido";"Com Vítimas Feridas";"Pleno dia";"Decrescente";"Céu Claro";"Múltipla";"Reta";"Sim";2;0;1;0;1;0;1;2;-18,90751667;-48,29937209;"SR-MG";"UOP01";"DEL15"
342597;2021-02-24;"quarta";"09:09:00";"SP";116;"229";"SAO PAULO";"Trafegar com motocicleta (ou similar) entre as faixas";"Colisão lateral mesmo sentido";"Com Vítimas Feridas";"Pleno dia";"Crescente";"Céu Claro";"Múltipla";"Reta";"Sim";4;0;2;0;2;0;2;3;-23,51291902;-46,57604698;"SR-SP";"UOP01";"DEL01"
342598;2021-02-24;"quarta";"08:50:00";"CE";116;"15";"FORTALEZA";"Manobra de mudança de faixa";"Colisão lateral";"Com Vítimas Feridas";"Pleno dia";"Crescente";"Céu Claro";"Dupla";"Reta";"Sim";3;0;1;1;1;0;2;2;-3,87839882;-38,50066893;"SR-CE";"UOP02";"DEL01"
342599;2021-02-24;"quarta";"08:50:00";"SC";101;"327.2";"CAPIVARI DE BAIXO";"Desrespeitar a preferência no cruzamento";"Colisão transversal";"Com Vítimas Feridas";"Pleno dia";"Crescente";"Garoa/Chuvisco";"Simples";"Interseção de vias";"Não";2;0;1;0;1;0;1;2;-28,43023306;-48,95205197;"SR-SC";"UOP01";"DEL02"
342600;2021-02-13;"sábado";"07:00:00";"PE";101;"88";"CABO DE SANTO AGOSTINHO";"Ingestão de álcool pelo condutor";"Colisão transversal";"Com Vítimas Feridas";"Pleno dia";"Decrescente";"Nublado";"Simples";"Reta";"Sim";3;0;1;1;1;0;2;2;-8,19971387;-34,9785382;"SR-PE";"UOP03";"DEL01"
342603;2021-02-21;"domingo";"14:20:00";"MT";174;"269";"PONTES E LACERDA";"Pista em desnível";"Saída de leito carroçável";"Com Vítimas Feridas";"Pleno dia";"Decrescente";"Céu Claro";"Dupla";"Reta";"Não";1;0;1;0;0;0;1;1;-15,37106477;-59,19222088;"SR-MT";"UOP01";"DEL04"
342604;2021-02-24;"quarta";"09:40:00";"RN";101;"104";"PARNAMIRIM";"Demais falhas mecânicas ou elétricas";"Queda de ocupante de veículo";"Com Vítimas Feridas";"Pleno dia";"Crescente";"Céu Claro";"Dupla";"Curva";"Sim";1;0;1;0;0;0;1;1;-5,892745;-35,257225;"SR-RN";"UOP01";"DEL01"
342605;2021-02-24;"quarta";"09:10:00";"RJ";116;"177.5";"NOVA IGUACU";"Afundamento ou ondulação no pavimento";"Tombamento";"Com Vítimas Feridas";"Pleno dia";"Crescente";"Céu Claro";"Dupla";"Reta";"Sim";1;0;1;0;0;0;1;1;-22,7805519832;-43,392085993;"SR-RJ";"UOP02";"DEL01"
342606;2021-02-24;"quarta";"09:30:00";"SC";470;"5";"NAVEGANTES";"Velocidade Incompatível";"Engavetamento";"Com Vítimas Feridas";"Pleno dia";"Decrescente";"Céu Claro";"Dupla";"Reta";"Sim";4;0;1;0;3;0;1;4;-26,855688;-48,700333;"SR-SC";"UOP04";"DEL04"
342608;2021-02-08;"segunda";"13:45:00";"MG";381;"631";"OLIVEIRA";"Avarias e/ou desgaste excessivo no pneu";"Saída de leito carroçável";"Com Vítimas Feridas";"Pleno dia";"Crescente";"Chuva";"Dupla";"Curva";"Não";2;0;2;0;0;0;2;1;-20,85469891;-44,83709639;"SR-MG";"UOP01";"DEL04"
342610;2021-01-03;"domingo";"15:30:00";"PA";163;"10";"NOVO PROGRESSO";"Reação tardia ou ineficiente do condutor";"Capotamento";"Com Vítimas Feridas";"Pleno dia";"Decrescente";"Céu Claro";"Simples";"Reta";"Não";4;0;2;0;2;0;2;1;-9,482998;-54,858757;"SR-PA";"UOP01";"DEL05"
342612;2021-02-24;"quarta";"10:30:00";"PR";476;"122";"CURITIBA";"Obras na pista";"Colisão lateral mesmo sentido";"Com Vítimas Feridas";"Pleno dia";"Decrescente";"Nublado";"Dupla";"Reta";"Sim";3;0;2;0;1;0;2;2;-25,385775;-49,203377;"SR-PR";"UOP02";"DEL01"
342615;2021-02-24;"quarta";"10:00:00";"PR";376;"223";"CAMBIRA";"Reação tardia ou ineficiente do condutor";"Saída de leito carroçável";"Com Vítimas Feridas";"Pleno dia";"Decrescente";"Céu Claro";"Dupla";"Curva";"Não";1;0;1;0;0;0;1;1;-23,59012534;-51,57481471;"SR-PR";"UAP01";"DEL07"
342616;2021-02-24;"quarta";"10:15:00";"RS";116;"116.8";"SAO MARCOS";"Velocidade Incompatível";"Colisão com objeto";"Com Vítimas Feridas";"Pleno dia";"Crescente";"Céu Claro";"Simples";"Reta";"Sim";1;0;1;0;0;0;1;1;-28,98049461;-51,06834769;"SR-RS";"UOP01";"DEL05"
342617;2021-02-24;"quarta";"10:25:00";"GO";153;"491.7";"GOIANIA";"Ausência de reação do condutor";"Colisão traseira";"Com Vítimas Feridas";"Pleno dia";"Crescente";"Céu Claro";"Múltipla";"Curva";"Sim";7;0;2;0;5;0;2;2;-16,639;-49,2063;"SR-GO";"UOP01";"DEL01"
342618;2021-02-24;"quarta";"10:20:00";"BA";367;"84";"EUNAPOLIS";"Acessar a via sem observar a presença dos outros veículos";"Colisão transversal";"Com Vítimas Feridas";"Pleno dia";"Crescente";"Céu Claro";"Simples";"Reta";"Não";3;0;2;0;1;0;2;2;-16,37465;-39,579426;"SR-BA";"UOP01";"DEL09"
342619;2021-01-16;"sábado";"19:30:00";"BA";101;"192";"CONCEICAO DA FEIRA";"Ingestão de álcool pelo condutor";"Colisão transversal";"Com Vítimas Feridas";"Plena Noite";"Decrescente";"Chuva";"Dupla";"Interseção de vias";"Não";2;0;2;0;0;0;2;2;-12,51934088;-38,97086026;"SR-BA";"UOP03";"DEL01"
342621;2021-02-24;"quarta";"11:30:00";"SC";470;"7";"NAVEGANTES";"Velocidade Incompatível";"Saída de leito carroçável";"Com Vítimas Feridas";"Pleno dia";"Decrescente";"Nublado";"Dupla";"Reta";"Não";1;0;1;0;0;0;1;1;-26,84499;-48,71505;"SR-SC";"UOP04";"DEL04"
342622;2021-02-24;"quarta";"10:00:00";"SP";381;"65";"MAIRIPORA";"Ausência de reação do condutor";"Colisão traseira";"Com Vítimas Feridas";"Pleno dia";"Decrescente";"Céu Claro";"Dupla";"Reta";"Sim";3;0;1;0;2;0;1;3;-23,316547;-46,58251;"SR-SP";"UOP01";"DEL03"
342623;2021-02-08;"segunda";"15:50:00";"ES";101;"148";"LINHARES";"Condutor desrespeitou a iluminação vermelha do semáforo";"Colisão transversal";"Com Vítimas Feridas";"Pleno dia";"Decrescente";"Céu Claro";"Dupla";"Reta";"Sim";2;0;1;0;0;1;1;2;-19,40585828;-40,0617994;"SR-ES";"UOP01";"DEL04"
342625;2021-02-13;"sábado";"19:05:00";"MS";376;"65.3";"GLORIA DE DOURADOS";"Ingestão de álcool pelo condutor";"Colisão transversal";"Com Vítimas Feridas";"Plena Noite";"Crescente";"Céu Claro";"Simples";"Desvio Temporário";"Sim";4;0;1;2;1;0;3;2;-22,402161;-54,223851;"SR-MS";"UOP04";"DEL04"
342626;2021-01-03;"domingo";"10:35:00";"MG";365;"659";"MONTE ALEGRE DE MINAS";"Condutor Dormindo";"Saída de leito carroçável";"Com Vítimas Feridas";"Pleno dia";"Decrescente";"Nublado";"Dupla";"Reta";"Não";1;0;0;1;0;0;1;1;-18,889744;-48,6300304;"SR-MG";"UOP01";"DEL15"
342627;2021-02-24;"quarta";"11:30:00";"PR";476;"132";"CURITIBA";"Ausência de reação do condutor";"Colisão traseira";"Com Vítimas Feridas";"Pleno dia";"Crescente";"Céu Claro";"Múltipla";"Reta";"Sim";2;0;1;0;1;0;1;2;-25,449564;-49,236427;"SR-PR";"UOP03";"DEL01"
342629;2021-02-24;"quarta";"07:20:00";"MS";163;"690";"RIO VERDE DE MATO GROSSO";"Manobra de mudança de faixa";"Saída de leito carroçável";"Com Vítimas Feridas";"Pleno dia";"Decrescente";"Céu Claro";"Simples";"Reta";"Não";1;0;1;0;0;0;1;1;-18,84339808;-54,81605383;"SR-MS";"UOP01";"DEL06"
342631;2021-02-24;"quarta";"13:00:00";"SC";101;"243";"PALHOCA";"Manobra de mudança de faixa";"Colisão lateral";"Com Vítimas Feridas";"Pleno dia";"Crescente";"Garoa/Chuvisco";"Múltipla";"Reta";"Não";2;0;1;0;1;0;1;2;-27,88419902;-48,64750077;"SR-SC";"UOP02";"DEL01"
342632;2021-02-08;"segunda";"14:30:00";"PE";232;"7";"RECIFE";"Condutor deixou de manter distância do veículo da frente";"Colisão traseira";"Com Vítimas Feridas";"Pleno dia";"Decrescente";"Céu Claro";"Dupla";"Reta";"Sim";2;0;1;0;1;0;1;2;-8,07333497;-34,96184301;"SR-PE";"UOP01";"DEL01"