"id";"data_inversa";"dia_semana";"horario";"uf";"br";"km";"municipio";"causa_acidente";"tipo_acidente";"classificacao_acidente";"fase_dia";"sentido_via";"condicao_metereologica";"tipo_pista";"tracado_via";"uso_solo";"pessoas";"mortos";"feridos_leves";"feridos_graves";"ilesos";"ignorados";"feridos";"veiculos";"latitude";"longitude";"regional";"delegacia";"uop"
342729;2021-02-24;"quarta";"22:35:00";"SC";101;"202";"SAO JOSE";"Manobra de mudança de faixa";"Colisão lateral mesmo sentido";"Sem Vítimas";"Plena Noite";"Decrescente";"Garoa/Chuvisco";"Dupla";"Reta";"Sim";9;0;0;0;9;0;0;3;-27,55711595;-48,61897889;"SR-SC";"UOP01";"DEL01"
342730;2021-02-24;"quarta";"21:45:00";"SC";101;"431.6";"SOMBRIO";"Ausência de reação do condutor";"Saída de leito carroçável";"Com Vítimas Feridas";"Plena Noite";"Crescente";"Céu Claro";"Múltipla";"Reta";"Sim";3;0;2;0;0;1;2;1;-29,07188695;-49,62704659;"SR-SC";"UOP02";"DEL02"
342731;2021-02-24;"quarta";"14:40:00";"RR";401;"150";"NORMANDIA";"Demais falhas na via";"Saída de leito carroçável";"Sem Vítimas";"Pleno dia";"Crescente";"Céu Claro";"Simples";"Reta";"Não";2;0;0;0;2;0;0;1;3,66092901;-59,84083703;"SR-RR";"UOP01";"DEL01"
342732;2021-02-24;"quarta";"23:15:00";"PE";428;"141.8";"PETROLINA";"Ingestão de álcool ou de substâncias psicoativas pelo pedestre";"Colisão lateral sentido oposto";"Com Vítimas Fatais";"Plena Noite";"Crescente";"Nublado";"Simples";"Reta";"Sim";2;1;0;1;0;0;1;1;-8,99987394;-40,2721263;"SR-PE";"UOP01";"DEL06"
342733;2021-02-24;"quarta";"23:15:00";"BA";242;"410";"SEABRA";"Condutor Dormindo";"Saída de leito carroçável";"Com Vítimas Feridas";"Plena Noite";"Crescente";"Céu Claro";"Simples";"Curva";"Não";1;0;1;0;0;0;1;1;-12,458959;-41,749007;"SR-BA";"UOP01";"DEL06"
342734;2021-02-25;"quinta";"00:10:00";"RJ";393;"138";"SAPUCAIA";"Velocidade Incompatível";"Tombamento";"Com Vítimas Feridas";"Plena Noite";"Decrescente";"Céu Claro";"Simples";"Curva";"Não";2;0;2;0;0;0;2;1;-22,00266194;-42,93093204;"SR-RJ";"UOP02";"DEL04"
342735;2021-02-24;"quarta";"21:50:00";"PR";163;"4.3";"BARRACAO";"Transitar na contramão";"Colisão frontal";"Com Vítimas Fatais";"Plena Noite";"Decrescente";"Céu Claro";"Simples";"Reta";"Não";4;3;1;0;0;0;1;2;-26,26919;-53,590697;"SR-PR";"UOP02";"DEL02"
342736;2021-02-25;"quinta";"03:00:00";"PB";230;"107";"ALHANDRA";"Reação tardia ou ineficiente do condutor";"Colisão com objeto";"Sem Vítimas";"Amanhecer";"Crescente";"Céu Claro";"Simples";"Reta";"Sim";1;0;0;0;1;0;0;1;-7,3337928;-34,9476678;"SR-PB";"UOP03";"DEL01"
342737;2021-02-25;"quinta";"03:00:00";"PR";476;"133";"CURITIBA";"Mal súbito do condutor";"Colisão com objeto";"Sem Vítimas";"Plena Noite";"Crescente";"Céu Claro";"Múltipla";"Reta";"Sim";1;0;0;0;1;0;0;1;-25,46173417;-49,20106888;"SR-PR";"UOP03";"DEL01"
342738;2021-02-24;"quarta";"19:30:00";"SC";101;"435";"SOMBRIO";"Reação tardia ou ineficiente do condutor";"Colisão transversal";"Com Vítimas Feridas";"Pleno dia";"Crescente";"Céu Claro";"Simples";"Rotatória";"Sim";2;0;1;0;1;0;1;2;-29,09949414;-49,63480552;"SR-SC";"UOP02";"DEL02"
342739;2021-02-25;"quinta";"04:00:00";"AL";101;"165.5";"TEOTONIO VILELA";"Pedestre andava na pista";"Atropelamento de Pedestre";"Com Vítimas Fatais";"Plena Noite";"Decrescente";"Céu Claro";"Dupla";"Reta";"Não";2;1;0;0;0;1;0;1;-9,8996779;-36,283047;"SR-AL";"UOP02";"DEL02"
342740;2021-02-25;"quinta";"04:35:00";"SP";116;"202.8";"ARUJA";"Pista Escorregadia";"Colisão com objeto";"Sem Vítimas";"Amanhecer";"Decrescente";"Chuva";"Dupla";"Não Informado";"Não";2;0;0;0;2;0;0;1;-23,40809408;-46,33859597;"SR-SP";"UOP01";"DEL01"
342741;2021-01-20;"quarta";"09:50:00";"SC";101;"402";"MARACAJA";"Acessar a via sem observar a presença dos outros veículos";"Colisão traseira";"Com Vítimas Feridas";"Pleno dia";"Crescente";"Nublado";"Dupla";"Reta";"Sim";2;0;0;1;0;1;1;2;-28,86330994;-49,44595308;"SR-SC";"UOP02";"DEL02"
342742;2021-02-25;"quinta";"05:00:00";"GO";50;"267.7";"CATALAO";"Demais falhas mecânicas ou elétricas";"Incêndio";"Sem Vítimas";"Plena Noite";"Decrescente";"Nublado";"Dupla";"Reta";"Não";1;0;0;0;1;0;0;1;-18,087;-47,871;"SR-GO";"UOP01";"DEL06"
342743;2021-02-25;"quinta";"04:00:00";"MG";381;"815.5";"CAREACU";"Condutor Dormindo";"Saída de leito carroçável";"Sem Vítimas";"Plena Noite";"Decrescente";"Chuva";"Dupla";"Curva";"Não";1;0;0;0;1;0;0;1;-22,08771284;-45,70503017;"SR-MG";"UOP02";"DEL16"
342744;2021-02-25;"quinta";"05:20:00";"MG";40;"548.5";"NOVA LIMA";"Reação tardia ou ineficiente do condutor";"Colisão traseira";"Sem Vítimas";"Amanhecer";"Decrescente";"Céu Claro";"Dupla";"Curva";"Não";2;0;0;0;2;0;0;2;-20,03136499;-43,96967792;"SR-MG";"UOP02";"DEL01"
342745;2021-02-25;"quinta";"05:50:00";"PR";376;"667";"GUARATUBA";"Problema com o freio";"Incêndio";"Sem Vítimas";"Pleno dia";"Crescente";"Nublado";"Dupla";"Reta";"Não";1;0;0;0;1;0;0;1;-25,86649659;-48,94666822;"SR-PR";"UOP04";"DEL01"
342746;2021-02-25;"quinta";"03:00:00";"SC";280;"100";"SAO BENTO DO SUL";"Velocidade Incompatível";"Saída de leito carroçável";"Com Vítimas Feridas";"Plena Noite";"Decrescente";"Garoa/Chuvisco";"Simples";"Curva";"Não";2;0;2;0;0;0;2;1;-26,37158361;-49,33137101;"SR-SC";"UOP03";"DEL06"
342747;2021-02-25;"quinta";"06:15:00";"PE";101;"83.5";"JABOATAO DOS GUARARAPES";"Transitar no acostamento";"Colisão transversal";"Com Vítimas Feridas";"Pleno dia";"Crescente";"Nublado";"Simples";"Reta";"Sim";2;0;0;1;1;0;1;2;-8,175172;-34,942642;"SR-PE";"UOP03";"DEL01"
342748;2021-02-25;"quinta";"06:00:00";"DF";70;"6";"BRASILIA";"Reação tardia ou ineficiente do condutor";"Tombamento";"Com Vítimas Feridas";"Pleno dia";"Decrescente";"Nublado";"Dupla";"Não Informado";"Sim";2;0;1;0;0;1;1;2;-15,791242;-48,105759;"SR-DF";"UOP03";"DEL01"
342749;2021-02-25;"quinta";"06:45:00";"MG";381;"500.2";"BETIM";"Manobra de mudança de faixa";"Colisão lateral mesmo sentido";"Com Vítimas Feridas";"Pleno dia";"Decrescente";"Céu Claro";"Dupla";"Reta";"Sim";2;0;1;0;1;0;1;2;-20,02513493;-44,23112709;"SR-MG";"UOP03";"DEL01"
342750;2021-02-25;"quinta";"06:00:00";"RS";470;"154";"NOVA PRATA";"Acessar a via sem observar a presença dos outros veículos";"Saída de leito carroçável";"Com Vítimas Feridas";"Amanhecer";"Crescente";"Céu Claro";"Simples";"Interseção de vias";"Sim";2;0;1;0;1;0;1;2;-28,76260104;-51,62540697;"SR-RS";"UOP02";"DEL06"
342751;2021-02-12;"sexta";"08:25:00";"MS";267;"44";"BATAGUASSU";"Velocidade Incompatível";"Saída de leito carroçável";"Com Vítimas Feridas";"Pleno dia";"Decrescente";"Céu Claro";"Simples";"Desvio Temporário";"Não";1;0;0;1;0;0;1;1;-21,80628395;-52,52889607;"SR-MS";"UOP04";"DEL02"
342752;2021-02-08;"segunda";"08:00:00";"PA";155;"344";"MARABA";"Acessar a via sem observar a presença dos outros veículos";"Colisão transversal";"Sem Vítimas";"Pleno dia";"Decrescente";"Céu Claro";"Simples";"Reta";"Sim";2;0;0;0;2;0;0;2;-5,36957395;-49,07796968;"SR-PA";"UOP01";"DEL03"
342756;2021-02-25;"quinta";"06:30:00";"MG";116;"609";"SAO JOAO DO MANHUACU";"Desrespeitar a preferência no cruzamento";"Colisão transversal";"Com Vítimas Feridas";"Pleno dia";"Crescente";"Céu Claro";"Simples";"Rotatória";"Não";2;0;1;0;1;0;1;2;-20,40488795;-42,15173121;"SR-MG";"UOP04";"DEL06"
342757;2021-02-25;"quinta";"07:35:00";"SE";101;"95.9";"NOSSA SENHORA DO SOCORRO";"Demais falhas mecânicas ou elétricas";"Tombamento";"Com Vítimas Feridas";"Pleno dia";"Decrescente";"Céu Claro";"Simples";"Curva";"Não";1;0;1;0;0;0;1;1;-10,91256274;-37,15981218;"SR-SE";"UOP01";"DEL02"
342758;2021-02-25;"quinta";"06:00:00";"SP";153;"87.9";"MIRASSOL";"Ausência de reação do condutor";"Saída de leito carroçável";"Com Vítimas Feridas";"Amanhecer";"Decrescente";"Céu Claro";"Simples";"Não Informado";"Não";3;0;1;0;2;0;1;1;-20,94498178;-49,53459612;"SR-SP";"UOP01";"DEL09"
342760;2021-02-25;"quinta";"08:00:00";"TO";153;"141.5";"ARAGUAINA";"Acessar a via sem observar a presença dos outros veículos";"Colisão transversal";"Com Vítimas Feridas";"Pleno dia";"Crescente";"Céu Claro";"Dupla";"Rotatória";"Sim";2;0;1;0;1;0;1;2;-7,175959;-48,219548;"SR-TO";"UOP01";"DEL02"
342761;2021-02-25;"quinta";"06:30:00";"MG";262;"416.3";"PARA DE MINAS";"Acessar a via sem observar a presença dos outros veículos";"Colisão traseira";"Com Vítimas Feridas";"Pleno dia";"Decrescente";"Céu Claro";"Dupla";"Reta";"Não";2;0;0;1;1;0;1;2;-19,90954709;-44,680489;"SR-MG";"UOP03";"DEL08"
342762;2021-02-25;"quinta";"08:00:00";"SP";116;"283";"EMBU DAS ARTES";"Condutor deixou de manter distância do veículo da frente";"Colisão traseira";"Com Vítimas Feridas";"Pleno dia";"Decrescente";"Céu Claro";"Dupla";"Reta";"Não";3;0;2;0;1;0;2;2;-23,69297005;-46,86352786;"SR-SP";"UOP01";"DEL04"
342763;2021-02-25;"quinta";"08:00:00";"PR";369;"171.5";"ROLANDIA";"Acessar a via sem observar a presença dos outros veículos";"Colisão transversal";"Com Vítimas Feridas";"Pleno dia";"Crescente";"Céu Claro";"Simples";"Reta";"Sim";2;0;1;0;1;0;1;2;-23,30300474;-51,35530114;"SR-PR";"UOP01";"DEL07"
342766;2021-02-25;"quinta";"08:05:00";"MG";381;"943.5";"EXTREMA";"Condutor Dormindo";"Saída de leito carroçável";"Com Vítimas Feridas";"Pleno dia";"Crescente";"Chuva";"Dupla";"Desvio Temporário";"Sim";2;0;2;0;0;0;2;1;-22,87018424;-46,3581479;"SR-MG";"UOP03";"DEL16"
342767;2021-01-29;"sexta";"08:50:00";"RS";290;"94";"PORTO ALEGRE";"Condutor usando celular";"Capotamento";"Com Vítimas Feridas";"Pleno dia";"Decrescente";"Céu Claro";"Múltipla";"Curva";"Sim";1;0;1;0;0;0;1;1;-29,97137074;-51,19205707;"SR-RS";"UOP01";"DEL01"
342768;2021-02-25;"quinta";"07:30:00";"ES";259;"15.9";"JOAO NEIVA";"Transitar na contramão";"Colisão frontal";"Com Vítimas Feridas";"Pleno dia";"Decrescente";"Nublado";"Simples";"Curva";"Não";2;0;1;0;1;0;1;2;-19,65668001;-40,423168;"SR-ES";"UOP01";"DEL02"
342769;2021-02-25;"quinta";"05:15:00";"RO";364;"90";"VILHENA";"Demais falhas mecânicas ou elétricas";"Incêndio";"Sem Vítimas";"Amanhecer";"Crescente";"Céu Claro";"Simples";"Reta";"Não";1;0;0;0;1;0;0;1;-12,36103512;-60,62575836;"SR-RO";"UOP01";"DEL04"
342772;2021-02-14;"domingo";"18:20:00";"BA";101;"263";"SANTO ANTONIO DE JESUS";"Ingestão de álcool pelo condutor";"Saída de leito carroçável";"Com Vítimas Feridas";"Anoitecer";"Crescente";"Nublado";"Simples";"Não Informado";"Sim";1;0;1;0;0;0;1;1;-12,977267;-39,281792;"SR-BA";"UOP02";"DEL01"
342773;2021-02-25;"quinta";"07:45:00";"PR";272;"563";"GUAIRA";"Condutor deixou de manter distância do veículo da frente";"Colisão traseira";"Com Vítimas Feridas";"Amanhecer";"Crescente";"Céu Claro";"Simples";"Reta";"Sim";2;0;1;0;1;0;1;2;-24,08447467;-54,1812031;"SR-PR";"UOP01";"DEL06"
342774;2021-02-25;"quinta";"09:20:00";"SP";116;"60.5";"GUARATINGUETA";"Entrada inopinada do pedestre";"Atropelamento de Pedestre";"Com Vítimas Fatais";"Pleno dia";"Decrescente";"Chuva";"Dupla";"Não Informado";"Não";3;1;0;0;2;0;0;1;-22,79106843;-45,16105167;"SR-SP";"UOP01";"DEL08"
342775;2021-02-25;"quinta";"07:30:00";"RO";319;"62";"PORTO VELHO";"Manobra de mudança de faixa";"Colisão lateral mesmo sentido";"Com Vítimas Feridas";"Pleno dia";"Decrescente";"Nublado";"Dupla";"Reta";"Sim";2;0;1;0;0;1;1;2;-8,766685;-63,884052;"SR-RO";"UOP01";"DEL01"
342777;2021-02-25;"quinta";"08:00:00";"MG";40;"518";"RIBEIRAO DAS NEVES";"Velocidade Incompatível";"Colisão traseira";"Com Vítimas Feridas";"Pleno dia";"Decrescente";"Céu Claro";"Dupla";"Reta";"Sim";5;0;0;4;1;0;4;2;-19,8321242;-44,08208533;"SR-MG";"UOP02";"DEL01"
342779;2021-02-25;"quinta";"08:20:00";"ES";262;"2.8";"CARIACICA";"Reação tardia ou ineficiente do condutor";"Colisão traseira";"Com Vítimas Feridas";"Pleno dia";"Decrescente";"Céu Claro";"Dupla";"Reta";"Sim";3;0;2;0;1;0;2;2;-20,33275688;-40,36077696;"SR-ES";"UOP01";"DEL01"
342780;2021-02-25;"quinta";"07:45:00";"SC";101;"354.1";"SANGAO";"Desrespeitar a preferência no cruzamento";"Colisão transversal";"Com Vítimas Feridas";"Pleno dia";"Crescente";"Nublado";"Simples";"Viaduto";"Não";2;0;1;0;1;0;1;2;-28,61806302;-49,07013199;"SR-SC";"UOP01";"DEL02"
342781;2021-02-25;"quinta";"09:40:00";"TO";153;"760.9";"ALVORADA";"Acessar a via sem observar a presença dos outros veículos";"Colisão transversal";"Com Vítimas Feridas";"Pleno dia";"Crescente";"Nublado";"Dupla";"Rotatória";"Sim";2;0;0;1;1;0;1;2;-12,48300682;-49,11764145;"SR-TO";"UOP02";"DEL01"
342783;2021-02-25;"quinta";"09:40:00";"RS";153;"34.1";"TRES ARROIOS";"Mal súbito do condutor";"Colisão frontal";"Com Vítimas Fatais";"Pleno dia";"Crescente";"Céu Claro";"Simples";"Reta";"Não";2;1;1;0;0;0;1;2;-27,54766204;-52,19612298;"SR-RS";"UOP04";"DEL08"
342784;2021-02-25;"quinta";"08:40:00";"SC";101;"272.8";"IMBITUBA";"Manobra de mudança de faixa";"Saída de leito carroçável";"Com Vítimas Feridas";"Pleno dia";"Crescente";"Nublado";"Dupla";"Reta";"Sim";2;0;1;0;1;0;1;2;-28,128132;-48,693999;"SR-SC";"UOP03";"DEL02"
342785;2021-02-24;"quarta";"20:00:00";"RO";364;"974";"PORTO VELHO";"Deficiência do Sistema de Iluminação/Sinalização";"Colisão traseira";"Com Vítimas Feridas";"Plena Noite";"Decrescente";"Garoa/Chuvisco";"Simples";"Reta";"Sim";4;0;2;0;2;0;2;2;-9,6609125;-65,76035495;"SR-RO";"UOP04";"DEL01"
342786;2021-02-25;"quinta";"05:00:00";"PI";222;"5.4";"SAO JOAO DA FRONTEIRA";"Pedestre andava na pista";"Atropelamento de Pedestre";"Com Vítimas Fatais";"Amanhecer";"Decrescente";"Nevoeiro/Neblina";"Simples";"Reta";"Não";2;1;0;0;0;1;0;1;-3,94284885;-41,26623314;"SR-PI";"UOP01";"DEL02"
342788;2021-02-25;"quinta";"07:55:00";"SC";470;"175.5";"POUSO REDONDO";"Condutor deixou de manter distância do veículo da frente";"Colisão traseira";"Com Vítimas Feridas";"Pleno dia";"Decrescente";"Céu Claro";"Simples";"Reta";"Não";2;0;1;0;1;0;1;2;-27,25617;-49,938969;"SR-SC";"UOP02";"DEL04"
342789;2021-02-25;"quinta";"09:45:00";"PE";232;"183.9";"BELO JARDIM";"Manobra de mudança de faixa";"Colisão lateral sentido oposto";"Com Vítimas Feridas";"Pleno dia";"Crescente";"Céu Claro";"Simples";"Reta";"Não";5;0;3;0;2;0;3;2;-8,34981605;-36,45554399;"SR-PE";"UOP02";"DEL02"
342790;2021-02-24;"quarta";"23:00:00";"SP";116;"514";"CAJATI";"Pista Escorregadia";"Colisão traseira";"Com Vítimas Feridas";"Plena Noite";"Decrescente";"Chuva";"Dupla";"Curva";"Não";2;0;1;0;1;0;1;2;-24,85874304;-48,21731282;"SR-SP";"UOP02";"DEL05"
342791;2021-02-10;"quarta";"07:10:00";"CE";222;"305";"TIANGUA";"Ausência de reação do condutor";"Colisão traseira";"Com Vítimas Feridas";"Amanhecer";"Decrescente";"Nublado";"Simples";"Reta";"Não";2;0;1;0;1;0;1;2;-3,67107564;-40,96050301;"SR-CE";"UOP02";"DEL04"
342792;2021-02-25;"quinta";"11:15:00";"RJ";116;"180";"NOVA IGUACU";"Trafegar com motocicleta (ou similar) entre as faixas";"Queda de ocupante de veículo";"Com Vítimas Fatais";"Pleno dia";"Decrescente";"Céu Claro";"Dupla";"Reta";"Sim";2;1;0;0;1;0;0;2;-22,7651616;-43,4154728;"SR-RJ";"UOP02";"DEL01"
342793;2021-02-25;"quinta";"08:30:00";"BA";324;"415";"RIACHAO DO JACUIPE";"Conversão proibida";"Colisão traseira";"Com Vítimas Feridas";"Pleno dia";"Decrescente";"Céu Claro";"Simples";"Reta";"Não";3;0;0;1;2;0;1;3;-11,6753387;-39,55780965;"SR-BA";"UOP02";"DEL04"
342795;2021-02-08;"segunda";"14:22:00";"PA";163;"1002";"SANTAREM";"Acessar a via sem observar a presença dos outros veículos";"Colisão transversal";"Com Vítimas Feridas";"Pleno dia";"Crescente";"Céu Claro";"Simples";"Reta";"Sim";3;0;1;0;2;0;1;2;-2,45156312;-54,72959518;"SR-PA";"UOP01";"DEL05"
342796;2021-02-25;"quinta";"06:15:00";"MG";153;"15";"CENTRALINA";"Ausência de reação do condutor";"Saída de leito carroçável";"Sem Vítimas";"Amanhecer";"Crescente";"Céu Claro";"Dupla";"Não Informado";"Não";1;0;0;0;1;0;0;1;-18,551305;-49,19396;"SR-MG";"UOP03";"DEL15"
342797;2021-02-25;"quinta";"11:20:00";"PE";101;"37";"IGARASSU";"Acessar a via sem observar a presença dos outros veículos";"Colisão lateral";"Com Vítimas Feridas";"Pleno dia";"Crescente";"Céu Claro";"Dupla";"Retorno Regulamentado";"Sim";3;0;1;0;2;0;1;2;-7,76848462;-34,9344635;"SR-PE";"UOP02";"DEL01"
342798;2021-02-25;"quinta";"11:40:00";"SC";280;"78";"CORUPA";"Acessar a via sem observar a presença dos outros veículos";"Colisão frontal";"Com Vítimas Feridas";"Pleno dia";"Crescente";"Céu Claro";"Simples";"Não Informado";"Não";2;0;1;0;1;0;1;2;-26,45019273;-49,1935729;"SR-SC";"UOP03";"DEL06"
342799;2021-02-17;"quarta";"16:15:00";"MG";153;"37.9";"CANAPOLIS";"Ausência de reação do condutor";"Colisão com objeto";"Com Vítimas Feridas";"Pleno dia";"Decrescente";"Chuva";"Dupla";"Reta";"Não";4;0;3;0;1;0;3;1;-18,7259254;-49,11781311;"SR-MG";"UOP03";"DEL15"
342800;2021-02-24;"quarta";"21:20:00";"RS";285;"475";"CORONEL BARROS";"Manobra de mudança de faixa";"Colisão com objeto";"Com Vítimas Feridas";"Plena Noite";"Decrescente";"Céu Claro";"Simples";"Não Informado";"Não";2;0;1;0;1;0;1;1;-28,382809;-54,051552;"SR-RS";"UOP01";"DEL10"
342802;2021-02-25;"quinta";"11:10:00";"SC";101;"435.8";"SOMBRIO";"Animais na Pista";"Atropelamento de Animal";"Com Vítimas Feridas";"Pleno dia";"Crescente";"Nublado";"Simples";"Reta";"Sim";1;0;0;1;0;0;1;1;-29,09949414;-49,63480552;"SR-SC";"UOP02";"DEL02"
342803;2021-02-25;"quinta";"12:55:00";"MG";50;"178";"UBERABA";"Velocidade Incompatível";"Saída de leito carroçável";"Com Vítimas Feridas";"Pleno dia";"Decrescente";"Nublado";"Dupla";"Túnel";"Sim";1;0;1;0;0;0;1;1;-19,77896821;-47,94093599;"SR-MG";"UOP01";"DEL13"
342804;2021-02-25;"quinta";"12:10:00";"ES";101;"12";"PEDRO CANARIO";"Manobra de mudança de faixa";"Colisão lateral";"Com Vítimas Feridas";"Pleno dia";"Crescente";"Sol";"Dupla";"Reta";"Não";3;0;1;0;2;0;1;2;-18,26546317;-39,95721865;"SR-ES";"UOP02";"DEL04"
342805;2021-02-25;"quinta";"13:15:00";"RJ";116;"37";"SAO JOSE DO VALE DO RIO PRETO";"Acessar a via sem observar a presença dos outros veículos";"Colisão transversal";"Com Vítimas Feridas";"Pleno dia";"Decrescente";"Céu Claro";"Simples";"Curva";"Não";2;0;0;1;1;0;1;2;-22,10884271;-42,78535659;"SR-RJ";"UOP01";"DEL04"
342806;2021-02-25;"quinta";"10:50:00";"SC";101;"88";"BARRA VELHA";"Ausência de reação do condutor";"Atropelamento de Pedestre";"Com Vítimas Feridas";"Pleno dia";"Decrescente";"Chuva";"Dupla";"Interseção de vias";"Sim";3;0;2;0;1;0;2;2;-26,64253985;-48,68950684;"SR-SC";"UOP02";"DEL03"
342807;2021-01-24;"domingo";"10:30:00";"CE";222;"215.2";"FORQUILHA";"Transitar na contramão";"Colisão frontal";"Com Vítimas Fatais";"Pleno dia";"Crescente";"Céu Claro";"Simples";"Reta";"Não";2;1;0;0;1;0;0;2;-3,76816613;-40,2870369;"SR-CE";"UOP01";"DEL04"
342808;2021-02-25;"quinta";"10:20:00";"MG";381;"908";"CAMBUI";"Velocidade Incompatível";"Saída de leito carroçável";"Com Vítimas Feridas";"Pleno dia";"Decrescente";"Chuva";"Dupla";"Curva";"Não";1;0;1;0;0;0;1;1;-22,71744092;-46,12652111;"SR-MG";"UOP03";"DEL16"
342809;2021-02-17;"quarta";"18:15:00";"RS";116;"2";"PORTO ALEGRE";"Condutor deixou de manter distância do veículo da frente";"Colisão lateral";"Com Vítimas Feridas";"Pleno dia";"Decrescente";"Céu Claro";"Múltipla";"Reta";"Sim";2;0;1;0;1;0;1;2;-29,99070277;-51,18461609;"SR-RS";"UOP01";"DEL01"
342810;2021-01-19;"terça";"11:15:00";"SP";116;"46.9";"CANAS";"Reação tardia ou ineficiente do condutor";"Colisão traseira";"Com Vítimas Feridas";"Pleno dia";"Decrescente";"Nublado";"Dupla";"Reta";"Não";2;0;0;1;1;0;1;2;-22,71393589;-45,05335608;"SR-SP";"UOP02";"DEL08"
342811;2021-02-25;"quinta";"13:50:00";"RS";392;"53";"RIO GRANDE";"Manobra de mudança de faixa";"Colisão lateral";"Com Vítimas Feridas";"Pleno dia";"Crescente";"Céu Claro";"Dupla";"Reta";"Não";2;0;1;0;1;0;1;2;-31,84726997;-52,32688484;"SR-RS";"UOP02";"DEL07"
342812;2021-02-25;"quinta";"13:30:00";"PR";NA;"";"CASCAVEL";"Reação tardia ou ineficiente do condutor";"Colisão transversal";"Com Vítimas Feridas";"Pleno dia";"Não Informado";"Céu Claro";"Simples";"Interseção de vias";"Sim";2;0;1;0;1;0;1;2;-24,98837665;-53,50778641;"SR-PR";"UOP01";"DEL04"
342813;2021-02-25;"quinta";"14:10:00";"SP";116;"88.1";"PINDAMONHANGABA";"Avarias e/ou desgaste excessivo no pneu";"Tombamento";"Com Vítimas Feridas";"Pleno dia";"Decrescente";"Chuva";"Dupla";"Reta";"Não";2;0;2;0;0;0;2;1;-22,93500994;-45,37019403;"SR-SP";"UOP01";"DEL08"
342814;2021-02-25;"quinta";"13:30:00";"SC";163;"71.4";"SAO MIGUEL DO OESTE";"Acessar a via sem observar a presença dos outros veículos";"Colisão transversal";"Com Vítimas Feridas";"Pleno dia";"Decrescente";"Céu Claro";"Dupla";"Não Informado";"Sim";2;0;1;0;1;0;1;2;-26,72435775;-53,51368546;"SR-SC";"UOP03";"DEL07"
342815;2021-02-25;"quinta";"13:50:00";"SC";101;"132.4";"BALNEARIO CAMBORIU";"Ingestão de álcool pelo condutor";"Colisão traseira";"Com Vítimas Feridas";"Pleno dia";"Crescente";"Chuva";"Dupla";"Reta";"Sim";2;0;1;0;1;0;1;2;-26,99654133;-48,65564711;"SR-SC";"UOP03";"DEL04"
342817;2021-02-25;"quinta";"12:40:00";"GO";153;"395";"PIRENOPOLIS";"Pista esburacada";"Saída de leito carroçável";"Com Vítimas Feridas";"Pleno dia";"Crescente";"Céu Claro";"Simples";"Não Informado";"Não";2;0;0;2;0;0;2;1;-16,014783;-49,116785;"SR-GO";"UOP02";"DEL02"
342819;2021-02-25;"quinta";"14:10:00";"SC";101;"205";"SAO JOSE";"Condutor deixou de manter distância do veículo da frente";"Engavetamento";"Sem Vítimas";"Pleno dia";"Crescente";"Céu Claro";"Múltipla";"Reta";"Sim";4;0;0;0;4;0;0;4;-27,58313237;-48,61532885;"SR-SC";"UOP01";"DEL01"
342820;2021-02-25;"quinta";"13:50:00";"SP";116;"542";"BARRA DO TURVO";"Reação tardia ou ineficiente do condutor";"Saída de leito carroçável";"Com Vítimas Feridas";"Pleno dia";"Decrescente";"Chuva";"Dupla";"Reta";"Não";1;0;1;0;0;0;1;1;-24,96898395;-48,40753695;"SR-SP";"UOP02";"DEL05"
342821;2021-01-31;"domingo";"07:00:00";"PA";158;"748";"SANTANA DO ARAGUAIA";"Reação tardia ou ineficiente do condutor";"Saída de leito carroçável";"Com Vítimas Feridas";"Pleno dia";"Crescente";"Céu Claro";"Simples";"Curva";"Não";1;0;0;1;0;0;1;1;-9,12012251;-50,37709972;"SR-PA";"UOP01";"DEL03"
342822;2021-02-25;"quinta";"14:00:00";"PB";101;"71";"SANTA RITA";"Avarias e/ou desgaste excessivo no pneu";"Colisão com objeto";"Com Vítimas Feridas";"Pleno dia";"Decrescente";"Chuva";"Dupla";"Reta";"Não";2;0;2;0;0;0;2;1;-7,06838278;-35,0033079;"SR-PB";"UOP04";"DEL01"
342823;2021-02-25;"quinta";"14:47:00";"MG";262;"636.8";"IBIA";"Velocidade Incompatível";"Saída de leito carroçável";"Com Vítimas Feridas";"Pleno dia";"Crescente";"Nublado";"Simples";"Curva";"Não";1;0;0;1;0;0;1;1;-19,58415712;-46,50717706;"SR-MG";"UOP01";"DEL08"
342824;2021-02-13;"sábado";"21:30:00";"PE";423;"72.9";"JUPI";"Transitar na contramão";"Colisão frontal";"Com Vítimas Fatais";"Plena Noite";"Crescente";"Nublado";"Simples";"Reta";"Sim";3;1;1;0;0;1;1;2;-8,70118191;-36,4154612;"SR-PE";"UOP01";"DEL03"
342825;2021-02-25;"quinta";"10:30:00";"RJ";393;"298";"BARRA MANSA";"Demais falhas na via";"Saída de leito carroçável";"Sem Vítimas";"Pleno dia";"Crescente";"Nublado";"Simples";"Não Informado";"Sim";1;0;0;0;1;0;0;1;-22,54313289;-44,11298586;"SR-RJ";"UOP02";"DEL07"
342826;2021-02-25;"quinta";"14:30:00";"BA";116;"818.9";"VITORIA DA CONQUISTA";"Condutor deixou de manter distância do veículo da frente";"Colisão traseira";"Sem Vítimas";"Pleno dia";"Decrescente";"Nublado";"Simples";"Reta";"Não";2;0;0;0;2;0;0;2;-14,827712;-40,826552;"SR-BA";"UOP01";"DEL08"