"id";"data_inversa";"dia_semana";"horario";"uf";"br";"km";"municipio";"causa_acidente";"tipo_acidente";"classificacao_acidente";"fase_dia";"sentido_via";"condicao_metereologica";"tipo_pista";"tracado_via";"uso_solo";"pessoas";"mortos";"feridos_leves";"feridos_graves";"ilesos";"ignorados";"feridos";"veiculos";"latitude";"longitude";"regional";"delegacia";"uop"
343034;2021-02-26;"sexta";"13:30:00";"SC";280;"96.1";"SAO BENTO DO SUL";"Velocidade Incompatível";"Saída de leito carroçável";"Com Vítimas Feridas";"Pleno dia";"Crescente";"Chuva";"Simples";"Curva";"Não";3;0;3;0;0;0;3;1;-26,3833143;-49,31223107;"SR-SC";"UOP03";"DEL06"
343036;2021-02-26;"sexta";"14:10:00";"PB";101;"105";"ALHANDRA";"Velocidade Incompatível";"Colisão com objeto";"Com Vítimas Feridas";"Pleno dia";"Crescente";"Chuva";"Dupla";"Curva";"Não";1;0;1;0;0;0;1;1;-7,30814609;-34,94344185;"SR-PB";"UOP02";"DEL01"
343037;2021-02-26;"sexta";"13:20:00";"SC";101;"378.9";"ICARA";"Condutor Dormindo";"Colisão com objeto";"Com Vítimas Feridas";"Pleno dia";"Crescente";"Nublado";"Dupla";"Reta";"Sim";2;0;2;0;0;0;2;1;-28,75291155;-49,27471161;"SR-SC";"UOP02";"DEL02"
343038;2021-02-26;"sexta";"13:40:00";"MG";365;"405.7";"PATOS DE MINAS";"Desrespeitar a preferência no cruzamento";"Colisão transversal";"Com Vítimas Feridas";"Pleno dia";"Decrescente";"Céu Claro";"Múltipla";"Curva";"Sim";3;0;1;0;2;0;1;2;-18,63548589;-46,48266962;"SR-MG";"UOP01";"DEL10"
343039;2021-02-26;"sexta";"14:20:00";"MG";40;"750";"SANTOS DUMONT";"Chuva";"Saída de leito carroçável";"Com Vítimas Feridas";"Pleno dia";"Decrescente";"Chuva";"Simples";"Curva";"Não";1;0;1;0;0;0;1;1;-21,45724301;-43,55822199;"SR-MG";"UOP01";"DEL05"
343040;2021-02-16;"terça";"16:00:00";"PA";222;"59.5";"DOM ELISEU";"Velocidade Incompatível";"Saída de leito carroçável";"Com Vítimas Feridas";"Pleno dia";"Decrescente";"Nublado";"Simples";"Reta";"Não";3;0;3;0;0;0;3;1;-4,475503;-47,818012;"SR-PA";"UOP02";"DEL02"
343041;2021-02-26;"sexta";"14:30:00";"RN";405;"149.9";"PAU DOS FERROS";"Acessar a via sem observar a presença dos outros veículos";"Colisão transversal";"Com Vítimas Feridas";"Pleno dia";"Decrescente";"Céu Claro";"Simples";"Reta";"Sim";3;0;1;2;0;0;3;2;-6,09699302;-38,2075711;"SR-RN";"UOP02";"DEL04"
343042;2021-02-26;"sexta";"12:00:00";"RN";101;"155";"GOIANINHA";"Acumulo de água sobre o pavimento";"Saída de leito carroçável";"Com Vítimas Feridas";"Pleno dia";"Crescente";"Chuva";"Dupla";"Reta";"Não";1;0;1;0;0;0;1;1;-6,33270015;-35,17448225;"SR-RN";"UOP01";"DEL01"
343044;2021-02-26;"sexta";"14:10:00";"MG";40;"442.2";"PARAOPEBA";"Chuva";"Colisão com objeto";"Com Vítimas Feridas";"Pleno dia";"Crescente";"Chuva";"Dupla";"Reta";"Não";1;0;1;0;0;0;1;1;-19,276977;-44,418399;"SR-MG";"UOP01";"DEL02"
343045;2021-02-26;"sexta";"12:40:00";"RO";435;"34.6";"VILHENA";"Acumulo de água sobre o pavimento";"Saída de leito carroçável";"Com Vítimas Feridas";"Pleno dia";"Crescente";"Chuva";"Dupla";"Desvio Temporário";"Não";2;0;2;0;0;0;2;1;-12,83939085;-60,37593022;"SR-RO";"UOP02";"DEL04"
343046;2021-02-26;"sexta";"12:30:00";"MT";364;"350";"SANTO ANTONIO DO LEVERGER";"Problema com o freio";"Tombamento";"Com Vítimas Feridas";"Pleno dia";"Crescente";"Céu Claro";"Dupla";"Não Informado";"Não";2;0;1;0;1;0;1;1;-15,80518241;-55,55686807;"SR-MT";"UOP02";"DEL05"
343047;2021-02-26;"sexta";"12:30:00";"MS";163;"736";"COXIM";"Reação tardia ou ineficiente do condutor";"Tombamento";"Sem Vítimas";"Pleno dia";"Decrescente";"Céu Claro";"Simples";"Reta";"Não";1;0;0;0;1;0;0;1;-18,46085775;-54,71187148;"SR-MS";"UOP01";"DEL06"
343048;2021-01-25;"segunda";"11:45:00";"BA";367;"40";"EUNAPOLIS";"Acessar a via sem observar a presença dos outros veículos";"Colisão transversal";"Com Vítimas Feridas";"Pleno dia";"Crescente";"Nublado";"Simples";"Interseção de vias";"Sim";3;0;0;2;1;0;2;2;-16,37465;-39,579426;"SR-BA";"UOP01";"DEL09"
343049;2021-02-26;"sexta";"14:20:00";"SC";101;"63.8";"ARAQUARI";"Objeto estático sobre o leito carroçável";"Colisão com objeto";"Com Vítimas Feridas";"Pleno dia";"Decrescente";"Sol";"Dupla";"Curva";"Sim";1;0;1;0;0;0;1;1;-26,45898367;-48,7584088;"SR-SC";"UOP02";"DEL03"
343050;2021-02-25;"quinta";"21:00:00";"MG";251;"239.6";"SANTA CRUZ DE SALINAS";"Condutor Dormindo";"Saída de leito carroçável";"Sem Vítimas";"Pleno dia";"Decrescente";"Garoa/Chuvisco";"Simples";"Reta";"Não";1;0;0;0;1;0;0;1;-15,99180821;-41,75878644;"SR-MG";"UOP02";"DEL11"
343051;2021-02-26;"sexta";"14:00:00";"RO";NA;"";"VILHENA";"Desrespeitar a preferência no cruzamento";"Colisão transversal";"Com Vítimas Feridas";"Pleno dia";"Não Informado";"Nublado";"Simples";"Rotatória";"Sim";2;0;1;0;0;1;1;2;-12,73681098;-60,14712095;"SR-RO";"UOP01";"DEL04"
343052;2021-02-26;"sexta";"15:20:00";"SC";280;"89";"CORUPA";"Reação tardia ou ineficiente do condutor";"Saída de leito carroçável";"Sem Vítimas";"Pleno dia";"Decrescente";"Nublado";"Simples";"Reta";"Não";1;0;0;0;1;0;0;1;-26,41222834;-49,27628914;"SR-SC";"UOP03";"DEL06"
343053;2021-02-26;"sexta";"15:20:00";"PR";277;"107";"CAMPO LARGO";"Frear bruscamente";"Colisão traseira";"Sem Vítimas";"Pleno dia";"Crescente";"Céu Claro";"Dupla";"Reta";"Sim";3;0;0;0;3;0;0;2;-25,43321024;-49,43051459;"SR-PR";"UOP01";"DEL01"
343054;2021-02-26;"sexta";"15:30:00";"MG";50;"67.5";"UBERLANDIA";"Ausência de reação do condutor";"Colisão traseira";"Com Vítimas Feridas";"Pleno dia";"Crescente";"Nublado";"Dupla";"Reta";"Sim";2;0;1;0;1;0;1;2;-18,85140204;-48,25345932;"SR-MG";"UOP02";"DEL15"
343055;2021-02-26;"sexta";"16:00:00";"MG";381;"418.6";"CAETE";"Pedestre andava na pista";"Atropelamento de Pedestre";"Com Vítimas Fatais";"Pleno dia";"Crescente";"Nublado";"Dupla";"Curva";"Não";2;1;0;0;1;0;0;1;-19,74841839;-43,6250031;"SR-MG";"UOP01";"DEL01"
343056;2021-02-26;"sexta";"15:40:00";"PR";376;"673";"GUARATUBA";"Avarias e/ou desgaste excessivo no pneu";"Saída de leito carroçável";"Com Vítimas Feridas";"Pleno dia";"Crescente";"Garoa/Chuvisco";"Dupla";"Reta";"Não";1;0;1;0;0;0;1;1;-25,90092097;-48,92572096;"SR-PR";"UOP04";"DEL01"
343057;2021-02-26;"sexta";"14:50:00";"MS";163;"509.7";"JARAGUARI";"Manobra de mudança de faixa";"Saída de leito carroçável";"Com Vítimas Fatais";"Pleno dia";"Crescente";"Céu Claro";"Dupla";"Reta";"Não";3;1;0;1;0;1;1;1;-20,25417999;-54,48233305;"SR-MS";"UOP02";"DEL01"
343058;2021-02-26;"sexta";"14:50:00";"SP";153;"256.3";"MARILIA";"Reação tardia ou ineficiente do condutor";"Tombamento";"Sem Vítimas";"Pleno dia";"Decrescente";"Sol";"Dupla";"Rotatória";"Sim";1;0;0;0;1;0;0;1;-22,23794214;-49,91904259;"SR-SP";"UOP02";"DEL07"
343060;2021-02-26;"sexta";"14:30:00";"PB";230;"447.1";"APARECIDA";"Chuva";"Saída de leito carroçável";"Com Vítimas Feridas";"Pleno dia";"Crescente";"Chuva";"Simples";"Reta";"Não";1;0;1;0;0;0;1;1;-6,783883;-38,096152;"SR-PB";"UOP03";"DEL03"
343061;2021-02-12;"sexta";"17:35:00";"RJ";40;"110";"DUQUE DE CAXIAS";"Manobra de mudança de faixa";"Colisão lateral";"Com Vítimas Feridas";"Pleno dia";"Decrescente";"Céu Claro";"Múltipla";"Reta";"Sim";3;0;1;0;2;0;1;2;-22,68289906;-43,28549346;"SR-RJ";"UOP01";"DEL01"
343063;2021-02-26;"sexta";"16:15:00";"PR";376;"187.7";"MARIALVA";"Desrespeitar a preferência no cruzamento";"Colisão transversal";"Com Vítimas Fatais";"Pleno dia";"Crescente";"Céu Claro";"Dupla";"Retorno Regulamentado";"Sim";2;1;0;0;1;0;0;2;-23,4587058;-51,84124947;"SR-PR";"UOP01";"DEL09"
343064;2021-02-26;"sexta";"14:10:00";"RS";392;"55";"RIO GRANDE";"Demais falhas mecânicas ou elétricas";"Tombamento";"Com Vítimas Feridas";"Pleno dia";"Crescente";"Céu Claro";"Dupla";"Curva";"Sim";2;0;2;0;0;0;2;1;-31,82930395;-52,32858415;"SR-RS";"UOP02";"DEL07"
343065;2021-02-26;"sexta";"15:20:00";"SC";282;"134.6";"BOM RETIRO";"Manobra de mudança de faixa";"Saída de leito carroçável";"Com Vítimas Feridas";"Pleno dia";"Decrescente";"Céu Claro";"Simples";"Reta";"Não";2;0;1;0;1;0;1;2;-27,813074;-49,540077;"SR-SC";"UOP01";"DEL05"
343067;2021-02-26;"sexta";"16:00:00";"MG";251;"331";"FRUTA DE LEITE";"Ausência de reação do condutor";"Colisão lateral sentido oposto";"Com Vítimas Feridas";"Pleno dia";"Decrescente";"Céu Claro";"Simples";"Curva";"Não";2;0;0;1;1;0;1;2;-16,26364876;-42,41718899;"SR-MG";"UOP01";"DEL12"
343068;2021-02-26;"sexta";"16:30:00";"PB";230;"16";"JOAO PESSOA";"Ausência de reação do condutor";"Colisão traseira";"Sem Vítimas";"Anoitecer";"Decrescente";"Nublado";"Dupla";"Reta";"Sim";2;0;0;0;2;0;0;2;-7,1039;-34,8458;"SR-PB";"UOP01";"DEL01"
343069;2021-02-26;"sexta";"16:20:00";"ES";101;"273";"SERRA";"Condutor deixou de manter distância do veículo da frente";"Colisão traseira";"Com Vítimas Feridas";"Pleno dia";"Decrescente";"Sol";"Múltipla";"Reta";"Sim";3;0;2;0;1;0;2;3;-20,22029207;-40,29048811;"SR-ES";"UOP01";"DEL02"
343070;2021-02-26;"sexta";"15:50:00";"RS";285;"151.8";"MUITOS CAPOES";"Ausência de reação do condutor";"Saída de leito carroçável";"Com Vítimas Feridas";"Pleno dia";"Crescente";"Céu Claro";"Simples";"Curva";"Não";1;0;1;0;0;0;1;1;-28,34384;-51,148235;"SR-RS";"UOP03";"DEL05"
343071;2021-02-26;"sexta";"16:10:00";"RN";405;"3";"MOSSORO";"Retorno proibido";"Colisão transversal";"Com Vítimas Feridas";"Pleno dia";"Crescente";"Chuva";"Simples";"Reta";"Sim";2;0;1;0;1;0;1;2;-5,19386547;-37,38052995;"SR-RN";"UOP02";"DEL04"
343072;2021-02-26;"sexta";"17:00:00";"SP";116;"210";"GUARULHOS";"Trafegar com motocicleta (ou similar) entre as faixas";"Colisão lateral mesmo sentido";"Com Vítimas Feridas";"Pleno dia";"Crescente";"Céu Claro";"Dupla";"Reta";"Não";4;0;1;0;3;0;1;4;-23,42870023;-46,41085991;"SR-SP";"UOP01";"DEL01"
343073;2021-02-26;"sexta";"17:10:00";"SP";153;"58.8";"SAO JOSE DO RIO PRETO";"Reação tardia ou ineficiente do condutor";"Colisão transversal";"Com Vítimas Feridas";"Anoitecer";"Decrescente";"Nublado";"Simples";"Desvio Temporário";"Sim";2;0;1;0;1;0;1;2;-20,77838195;-49,35300538;"SR-SP";"UOP01";"DEL09"
343074;2021-02-26;"sexta";"17:15:00";"PE";407;"118";"PETROLINA";"Acessar a via sem observar a presença dos outros veículos";"Colisão transversal";"Sem Vítimas";"Pleno dia";"Decrescente";"Sol";"Simples";"Retorno Regulamentado";"Sim";4;0;0;0;2;2;0;2;-9,32245397;-40,56878794;"SR-PE";"UOP02";"DEL06"
343075;2021-02-26;"sexta";"17:15:00";"PE";101;"85.8";"JABOATAO DOS GUARARAPES";"Transitar na contramão";"Colisão lateral sentido oposto";"Com Vítimas Feridas";"Pleno dia";"Crescente";"Céu Claro";"Simples";"Reta";"Sim";2;0;0;1;0;1;1;2;-8,18065563;-34,95965322;"SR-PE";"UOP03";"DEL01"
343076;2021-02-26;"sexta";"17:20:00";"MG";381;"500";"BETIM";"Condutor deixou de manter distância do veículo da frente";"Colisão lateral mesmo sentido";"Com Vítimas Feridas";"Pleno dia";"Decrescente";"Chuva";"Dupla";"Não Informado";"Não";4;0;1;0;3;0;1;4;-20,02513493;-44,23112709;"SR-MG";"UOP03";"DEL01"
343077;2021-01-04;"segunda";"22:10:00";"SC";101;"137.3";"BALNEARIO CAMBORIU";"Ingestão de álcool pelo condutor";"Colisão traseira";"Com Vítimas Fatais";"Plena Noite";"Crescente";"Céu Claro";"Dupla";"Reta";"Sim";3;1;0;0;2;0;0;3;-27,0157238;-48,61192763;"SR-SC";"UOP03";"DEL04"
343078;2021-02-26;"sexta";"17:05:00";"PR";373;"183";"PONTA GROSSA";"Desrespeitar a preferência no cruzamento";"Colisão transversal";"Com Vítimas Feridas";"Pleno dia";"Crescente";"Céu Claro";"Dupla";"Interseção de vias";"Não";3;0;1;0;2;0;1;2;-25,03935712;-50,2767641;"SR-PR";"UAP01";"DEL03"
343079;2021-02-19;"sexta";"08:25:00";"PA";316;"101";"SANTA MARIA DO PARA";"Mal súbito do condutor";"Saída de leito carroçável";"Com Vítimas Feridas";"Pleno dia";"Crescente";"Nublado";"Simples";"Reta";"Não";1;0;1;0;0;0;1;1;-1,33653173;-47,59531812;"SR-PA";"UOP02";"DEL01"
343080;2021-02-26;"sexta";"17:55:00";"PR";116;"124.1";"CURITIBA";"Trafegar com motocicleta (ou similar) entre as faixas";"Colisão lateral mesmo sentido";"Com Vítimas Feridas";"Pleno dia";"Crescente";"Nublado";"Dupla";"Reta";"Não";2;0;1;0;1;0;1;2;-25,58620703;-49,31436887;"SR-PR";"UOP03";"DEL01"
343081;2021-02-26;"sexta";"16:15:00";"PI";135;"558";"SAO GONCALO DO GURGUEIA";"Transitar na contramão";"Colisão lateral sentido oposto";"Com Vítimas Feridas";"Plena Noite";"Crescente";"Nublado";"Simples";"Curva";"Não";2;0;0;1;1;0;1;2;-10,14929898;-45,18679955;"SR-PI";"UOP02";"DEL03"
343084;2021-02-26;"sexta";"15:15:00";"MG";116;"276";"TEOFILO OTONI";"Reação tardia ou ineficiente do condutor";"Colisão lateral mesmo sentido";"Com Vítimas Feridas";"Pleno dia";"Decrescente";"Nublado";"Simples";"Reta";"Sim";3;0;1;1;0;1;2;2;-17,85105696;-41,51454492;"SR-MG";"UOP01";"DEL11"
343085;2021-02-26;"sexta";"17:40:00";"PR";272;"366.5";"CAMPO MOURAO";"Reação tardia ou ineficiente do condutor";"Colisão traseira";"Com Vítimas Feridas";"Pleno dia";"Decrescente";"Céu Claro";"Dupla";"Reta";"Sim";2;0;0;1;1;0;1;2;-24,04638081;-52,39456989;"SR-PR";"UOP03";"DEL09"
343086;2021-02-26;"sexta";"17:30:00";"MG";40;"466.5";"SETE LAGOAS";"Avarias e/ou desgaste excessivo no pneu";"Engavetamento";"Com Vítimas Feridas";"Pleno dia";"Decrescente";"Chuva";"Múltipla";"Não Informado";"Não";5;0;3;0;2;0;3;4;-19,44436025;-44,32384821;"SR-MG";"UOP01";"DEL02"
343087;2021-02-26;"sexta";"17:45:00";"SC";280;"7.3";"SAO FRANCISCO DO SUL";"Condutor deixou de manter distância do veículo da frente";"Engavetamento";"Com Vítimas Feridas";"Pleno dia";"Crescente";"Garoa/Chuvisco";"Simples";"Reta";"Não";4;0;2;0;2;0;2;3;-26,27127101;-48,64129599;"SR-SC";"UOP03";"DEL03"
343088;2021-02-26;"sexta";"16:00:00";"MA";10;"181";"CAMPESTRE DO MARANHAO";"Ingestão de álcool pelo condutor";"Saída de leito carroçável";"Sem Vítimas";"Pleno dia";"Decrescente";"Céu Claro";"Simples";"Reta";"Não";3;0;0;0;3;0;0;1;-6,132804;-47,373402;"SR-MA";"UOP02";"DEL04"
343089;2021-02-26;"sexta";"18:25:00";"PR";369;"185.5";"ARAPONGAS";"Ultrapassagem Indevida";"Colisão lateral mesmo sentido";"Com Vítimas Feridas";"Anoitecer";"Decrescente";"Céu Claro";"Simples";"Reta";"Sim";2;0;1;0;1;0;1;2;-23,411906;-51,427145;"SR-PR";"UOP02";"DEL07"
343090;2021-02-26;"sexta";"17:40:00";"CE";116;"121.8";"RUSSAS";"Chuva";"Saída de leito carroçável";"Com Vítimas Feridas";"Anoitecer";"Crescente";"Chuva";"Simples";"Reta";"Não";1;0;1;0;0;0;1;1;-4,63382974;-38,16931174;"SR-CE";"UOP01";"DEL03"
343091;2021-02-26;"sexta";"16:20:00";"RS";287;"391.2";"SANTIAGO";"Demais falhas mecânicas ou elétricas";"Tombamento";"Com Vítimas Feridas";"Pleno dia";"Crescente";"Céu Claro";"Simples";"Não Informado";"Não";1;0;1;0;0;0;1;1;-29,22926496;-54,83801589;"SR-RS";"UOP02";"DEL12"
343092;2021-02-26;"sexta";"17:50:00";"SC";101;"141";"ITAPEMA";"Manobra de mudança de faixa";"Queda de ocupante de veículo";"Com Vítimas Feridas";"Pleno dia";"Decrescente";"Céu Claro";"Dupla";"Reta";"Sim";1;0;1;0;0;0;1;1;-27,04761729;-48,59995855;"SR-SC";"UOP03";"DEL04"
343093;2021-02-26;"sexta";"18:35:00";"ES";101;"151";"LINHARES";"Acessar a via sem observar a presença dos outros veículos";"Colisão transversal";"Com Vítimas Feridas";"Plena Noite";"Decrescente";"Céu Claro";"Simples";"Reta";"Não";2;0;1;0;1;0;1;2;-19,41156656;-40,06592463;"SR-ES";"UOP01";"DEL04"
343094;2021-02-26;"sexta";"18:20:00";"ES";262;"1.8";"CARIACICA";"Condutor desrespeitou a iluminação vermelha do semáforo";"Colisão transversal";"Com Vítimas Feridas";"Anoitecer";"Decrescente";"Céu Claro";"Dupla";"Interseção de vias";"Sim";2;0;1;0;1;0;1;2;-20,32955204;-40,35492602;"SR-ES";"UOP01";"DEL01"
343095;2021-02-26;"sexta";"18:20:00";"RS";386;"440";"CANOAS";"Acessar a via sem observar a presença dos outros veículos";"Colisão transversal";"Com Vítimas Feridas";"Anoitecer";"Crescente";"Céu Claro";"Simples";"Reta";"Não";2;0;0;1;1;0;1;2;-29,878265;-51,241951;"SR-RS";"UOP01";"DEL01"
343096;2021-02-26;"sexta";"16:50:00";"SC";101;"82.8";"BARRA VELHA";"Condutor deixou de manter distância do veículo da frente";"Colisão traseira";"Com Vítimas Feridas";"Pleno dia";"Decrescente";"Céu Claro";"Dupla";"Reta";"Sim";3;0;1;0;2;0;1;2;-26,61085222;-48,72204472;"SR-SC";"UOP02";"DEL03"
343097;2021-02-26;"sexta";"15:00:00";"RS";290;"655";"URUGUAIANA";"Condutor Dormindo";"Colisão lateral sentido oposto";"Com Vítimas Feridas";"Pleno dia";"Crescente";"Céu Claro";"Simples";"Reta";"Não";3;0;1;0;2;0;1;2;-30,005001;-56,468792;"SR-RS";"UOP01";"DEL13"
343098;2021-02-26;"sexta";"17:00:00";"SP";381;"31";"ATIBAIA";"Manobra de mudança de faixa";"Colisão lateral mesmo sentido";"Com Vítimas Feridas";"Pleno dia";"Decrescente";"Céu Claro";"Dupla";"Curva";"Não";3;0;1;0;2;0;1;2;-23,0559669;-46,57063716;"SR-SP";"UOP01";"DEL03"
343099;2021-02-26;"sexta";"18:55:00";"PE";232;"28.3";"MORENO";"Carga excessiva e/ou mal acondicionada";"Colisão com objeto";"Sem Vítimas";"Plena Noite";"Decrescente";"Nublado";"Dupla";"Reta";"Não";2;0;0;0;2;0;0;2;-8,11290892;-35,13442099;"SR-PE";"UOP04";"DEL01"
343100;2021-02-26;"sexta";"16:30:00";"MG";40;"517";"RIBEIRAO DAS NEVES";"Reação tardia ou ineficiente do condutor";"Colisão traseira";"Com Vítimas Feridas";"Pleno dia";"Crescente";"Nublado";"Dupla";"Reta";"Sim";3;0;1;0;1;1;1;2;-19,82351202;-44,08438913;"SR-MG";"UOP02";"DEL01"
343101;2021-02-26;"sexta";"18:45:00";"SP";116;"160.8";"JACAREI";"Trafegar com motocicleta (ou similar) entre as faixas";"Colisão traseira";"Com Vítimas Feridas";"Plena Noite";"Decrescente";"Garoa/Chuvisco";"Dupla";"Reta";"Sim";3;0;1;0;2;0;1;3;-23,27101606;-45,96787896;"SR-SP";"UOP01";"DEL02"
343102;2021-02-26;"sexta";"17:45:00";"SC";282;"3";"FLORIANOPOLIS";"Ingestão de álcool pelo condutor";"Engavetamento";"Com Vítimas Feridas";"Anoitecer";"Crescente";"Chuva";"Múltipla";"Reta";"Sim";4;0;1;0;3;0;1;4;-27,600384;-48,599705;"SR-SC";"UOP01";"DEL01"
343103;2021-02-26;"sexta";"17:30:00";"PR";376;"622";"SAO JOSE DOS PINHAIS";"Velocidade Incompatível";"Engavetamento";"Com Vítimas Feridas";"Pleno dia";"Decrescente";"Chuva";"Dupla";"Curva";"Não";4;0;1;0;3;0;1;3;-25,62623389;-49,16547575;"SR-PR";"UOP04";"DEL01"
343104;2021-02-26;"sexta";"19:25:00";"SP";116;"37.7";"CACHOEIRA PAULISTA";"Velocidade Incompatível";"Capotamento";"Com Vítimas Feridas";"Plena Noite";"Decrescente";"Chuva";"Dupla";"Curva";"Não";1;0;0;1;0;0;1;1;-22,66497021;-44,98430985;"SR-SP";"UOP02";"DEL08"
343105;2021-02-26;"sexta";"17:00:00";"MG";40;"510";"RIBEIRAO DAS NEVES";"Manobra de mudança de faixa";"Colisão traseira";"Com Vítimas Feridas";"Plena Noite";"Decrescente";"Chuva";"Dupla";"Reta";"Sim";2;0;1;0;1;0;1;2;-19,77463885;-44,12321882;"SR-MG";"UOP02";"DEL01"
343107;2021-02-26;"sexta";"19:30:00";"DF";70;"12";"BRASILIA";"Trafegar com motocicleta (ou similar) entre as faixas";"Colisão lateral mesmo sentido";"Com Vítimas Feridas";"Plena Noite";"Crescente";"Nublado";"Dupla";"Reta";"Sim";3;0;2;0;1;0;2;2;-15,792243;-48,158543;"SR-DF";"UOP03";"DEL01"
343108;2021-02-26;"sexta";"19:10:00";"SC";470;"56";"BLUMENAU";"Ausência de reação do condutor";"Colisão frontal";"Com Vítimas Feridas";"Plena Noite";"Crescente";"Céu Claro";"Simples";"Interseção de vias";"Sim";2;0;1;0;1;0;1;2;-26,8771494;-49,12989724;"SR-SC";"UOP01";"DEL04"
343110;2021-02-26;"sexta";"20:00:00";"CE";20;"308.6";"CANINDE";"Animais na Pista";"Atropelamento de Animal";"Com Vítimas Feridas";"Plena Noite";"Decrescente";"Nublado";"Simples";"Reta";"Sim";2;0;1;0;1;0;1;1;-4,34943993;-39,29934009;"SR-CE";"UOP01";"DEL02"
343111;2021-02-26;"sexta";"19:50:00";"RN";101;"84.5";"NATAL";"Condutor deixou de manter distância do veículo da frente";"Colisão traseira";"Com Vítimas Feridas";"Plena Noite";"Crescente";"Garoa/Chuvisco";"Dupla";"Reta";"Sim";2;0;1;0;1;0;1;2;-5,774175;-35,2578;"SR-RN";"UOP01";"DEL02"
343112;2021-02-26;"sexta";"17:00:00";"PR";277;"687";"SAO MIGUEL DO IGUACU";"Acessar a via sem observar a presença dos outros veículos";"Colisão transversal";"Com Vítimas Feridas";"Pleno dia";"Crescente";"Sol";"Dupla";"Retorno Regulamentado";"Sim";3;0;1;0;2;0;1;3;-25,34489164;-54,23174232;"SR-PR";"UOP01";"DEL05"
343113;2021-02-26;"sexta";"20:10:00";"SC";470;"49";"BLUMENAU";"Ausência de reação do condutor";"Colisão frontal";"Com Vítimas Feridas";"Plena Noite";"Decrescente";"Nublado";"Simples";"Reta";"Não";3;0;2;0;1;0;2;2;-26,860662;-49,065159;"SR-SC";"UOP01";"DEL04"
343114;2021-02-26;"sexta";"19:10:00";"ES";101;"261";"SERRA";"Ausência de reação do condutor";"Colisão com objeto";"Com Vítimas Feridas";"Plena Noite";"Crescente";"Céu Claro";"Dupla";"Curva";"Não";1;0;0;1;0;0;1;1;-20,14854215;-40,27970926;"SR-ES";"UOP01";"DEL02"
343115;2021-02-26;"sexta";"19:35:00";"RS";116;"244.3";"SAO LEOPOLDO";"Ausência de reação do condutor";"Tombamento";"Com Vítimas Feridas";"Plena Noite";"Crescente";"Céu Claro";"Dupla";"Reta";"Sim";1;0;1;0;0;0;1;1;-29,74088003;-51,15039566;"SR-RS";"UOP02";"DEL01"
343116;2021-02-26;"sexta";"19:05:00";"SC";163;"85.1";"GUARACIABA";"Acessar a via sem observar a presença dos outros veículos";"Colisão transversal";"Com Vítimas Feridas";"Anoitecer";"Crescente";"Céu Claro";"Simples";"Não Informado";"Sim";2;0;1;0;1;0;1;2;-26,60730301;-53,51704391;"SR-SC";"UOP03";"DEL07"
343117;2021-02-26;"sexta";"19:30:00";"PR";116;"152";"MANDIRITUBA";"Deficiência do Sistema de Iluminação/Sinalização";"Colisão traseira";"Com Vítimas Feridas";"Plena Noite";"Decrescente";"Chuva";"Dupla";"Não Informado";"Sim";3;0;2;0;1;0;2;2;-25,83236296;-49,33609707;"SR-PR";"UOP03";"DEL01"
343118;2021-02-26;"sexta";"20:30:00";"SC";282;"3";"FLORIANOPOLIS";"Ingestão de álcool pelo condutor";"Engavetamento";"Sem Vítimas";"Plena Noite";"Crescente";"Chuva";"Dupla";"Reta";"Sim";6;0;0;0;6;0;0;3;-27,600384;-48,599705;"SR-SC";"UOP01";"DEL01"
343119;2021-02-26;"sexta";"19:25:00";"MT";163;"770";"SORRISO";"Pista Escorregadia";"Colisão transversal";"Com Vítimas Feridas";"Plena Noite";"Crescente";"Chuva";"Simples";"Desvio Temporário";"Não";2;0;1;0;1;0;1;2;-12,422517;-55,639367;"SR-MT";"UOP01";"DEL06"
343120;2021-02-26;"sexta";"19:40:00";"MG";40;"679.9";"RESSAQUINHA";"Velocidade Incompatível";"Colisão com objeto";"Com Vítimas Feridas";"Plena Noite";"Crescente";"Chuva";"Dupla";"Curva";"Não";1;0;1;0;0;0;1;1;-21,03303867;-43,7767048;"SR-MG";"UOP02";"DEL05"
343122;2021-02-26;"sexta";"20:00:00";"PI";316;"5";"TERESINA";"Pista esburacada";"Tombamento";"Com Vítimas Feridas";"Plena Noite";"Decrescente";"Chuva";"Dupla";"Reta";"Sim";1;0;1;0;0;0;1;1;-5,14169858;-42,78157276;"SR-PI";"UOP02";"DEL01"
343123;2021-02-26;"sexta";"19:10:00";"PR";376;"410.8";"TIBAGI";"Demais falhas mecânicas ou elétricas";"Incêndio";"Sem Vítimas";"Plena Noite";"Crescente";"Céu Claro";"Dupla";"Reta";"Sim";1;0;0;0;1;0;0;1;-24,66458786;-50,60469271;"SR-PR";"UOP02";"DEL03"
343124;2021-02-26;"sexta";"20:00:00";"BA";101;"184";"SAO GONCALO DOS CAMPOS";"Ultrapassagem Indevida";"Colisão frontal";"Com Vítimas Feridas";"Plena Noite";"Decrescente";"Nublado";"Simples";"Desvio Temporário";"Não";4;0;2;0;2;0;2;2;-12,458;-38,93;"SR-BA";"UOP03";"DEL01"
343125;2021-02-17;"quarta";"16:15:00";"MS";262;"58.7";"TRES LAGOAS";"Velocidade Incompatível";"Tombamento";"Com Vítimas Feridas";"Pleno dia";"Decrescente";"Céu Claro";"Simples";"Curva";"Não";1;0;1;0;0;0;1;1;-20,7252921;-52,13166905;"SR-MS";"UOP01";"DEL07"