"id";"data_inversa";"dia_semana";"horario";"uf";"br";"km";"municipio";"causa_acidente";"tipo_acidente";"classificacao_acidente";"fase_dia";"sentido_via";"condicao_metereologica";"tipo_pista";"tracado_via";"uso_solo";"pessoas";"mortos";"feridos_leves";"feridos_graves";"ilesos";"ignorados";"feridos";"veiculos";"latitude";"longitude";"regional";"delegacia";"uop"
343126;2021-02-26;"sexta";"16:15:00";"RS";153;"541";"CACAPAVA DO SUL";"Reação tardia ou ineficiente do condutor";"Saída de leito carroçável";"Com Vítimas Feridas";"Pleno dia";"Decrescente";"Céu Claro";"Simples";"Reta";"Não";2;0;1;1;0;0;2;1;-30,77936882;-53,56449019;"SR-RS";"UOP02";"DEL09"
343127;2021-02-26;"sexta";"19:00:00";"AP";210;"106";"PORTO GRANDE";"Acessar a via sem observar a presença dos outros veículos";"Colisão transversal";"Com Vítimas Feridas";"Plena Noite";"Crescente";"Nublado";"Simples";"Interseção de vias";"Sim";2;0;0;1;1;0;1;2;0,70564616;-51,41271608;"SR-AP";"UOP01";"DEL01"
343128;2021-02-26;"sexta";"19:00:00";"AC";364;"128";"RIO BRANCO";"Ingestão de álcool ou de substâncias psicoativas pelo pedestre";"Atropelamento de Pedestre";"Com Vítimas Feridas";"Plena Noite";"Crescente";"Chuva";"Simples";"Reta";"Sim";3;0;1;0;2;0;1;3;-10,02644375;-67,8206882;"SR-AC";"UOP01";"DEL01"
343129;2021-02-26;"sexta";"20:00:00";"SC";101;"218";"PALHOCA";"Mal súbito do condutor";"Colisão traseira";"Com Vítimas Feridas";"Plena Noite";"Crescente";"Garoa/Chuvisco";"Múltipla";"Reta";"Sim";2;0;1;0;1;0;1;2;-27,6758601;-48,67052525;"SR-SC";"UOP02";"DEL01"
343130;2021-01-13;"quarta";"16:15:00";"RS";392;"276";"SAO SEPE";"Transitar na contramão";"Colisão lateral sentido oposto";"Com Vítimas Feridas";"Pleno dia";"Crescente";"Céu Claro";"Simples";"Curva";"Não";2;0;0;1;1;0;1;2;-30,34025001;-53,52091605;"SR-RS";"UOP02";"DEL09"
343131;2021-02-26;"sexta";"20:30:00";"RN";101;"131.1";"SAO JOSE DE MIPIBU";"Ausência de reação do condutor";"Colisão traseira";"Sem Vítimas";"Plena Noite";"Crescente";"Garoa/Chuvisco";"Dupla";"Não Informado";"Não";2;0;0;0;2;0;0;2;-6,12845998;-35,22884476;"SR-RN";"UOP01";"DEL01"
343132;2021-02-26;"sexta";"21:20:00";"PE";232;"129.9";"CARUARU";"Reação tardia ou ineficiente do condutor";"Eventos atípicos";"Sem Vítimas";"Plena Noite";"Crescente";"Céu Claro";"Dupla";"Reta";"Sim";1;0;0;0;0;1;0;1;-8,30193507;-35,98092002;"SR-PE";"UOP02";"DEL02"
343133;2021-02-26;"sexta";"19:50:00";"PR";277;"611.9";"CEU AZUL";"Ausência de reação do condutor";"Saída de leito carroçável";"Com Vítimas Feridas";"Plena Noite";"Decrescente";"Céu Claro";"Simples";"Reta";"Não";1;0;1;0;0;0;1;1;-25,05215123;-53,63184497;"SR-PR";"UOP02";"DEL05"
343134;2021-02-01;"segunda";"07:01:00";"BA";324;"619.5";"SALVADOR";"Demais falhas mecânicas ou elétricas";"Colisão traseira";"Com Vítimas Feridas";"Pleno dia";"Crescente";"Nublado";"Dupla";"Reta";"Sim";4;0;1;0;3;0;1;3;-12,89820999;-38,45012202;"SR-BA";"UOP01";"DEL01"
343136;2021-02-26;"sexta";"21:30:00";"SP";116;"160.9";"JACAREI";"Velocidade Incompatível";"Saída de leito carroçável";"Com Vítimas Feridas";"Plena Noite";"Decrescente";"Nublado";"Dupla";"Reta";"Não";1;0;1;0;0;0;1;1;-23,27101606;-45,96787896;"SR-SP";"UOP01";"DEL02"
343137;2021-02-12;"sexta";"05:30:00";"MG";262;"456.3";"NOVA SERRANA";"Velocidade Incompatível";"Engavetamento";"Com Vítimas Feridas";"Amanhecer";"Crescente";"Chuva";"Simples";"Reta";"Não";3;0;1;0;2;0;1;3;-19,84401343;-45,04068778;"SR-MG";"UOP03";"DEL08"
343138;2021-02-26;"sexta";"20:40:00";"PR";376;"185";"SARANDI";"Acessar a via sem observar a presença dos outros veículos";"Colisão transversal";"Com Vítimas Feridas";"Plena Noite";"Decrescente";"Céu Claro";"Dupla";"Reta";"Sim";2;0;0;2;0;0;2;2;-23,45147413;-51,85361808;"SR-PR";"UOP01";"DEL09"
343140;2021-02-26;"sexta";"22:00:00";"MG";40;"747";"SANTOS DUMONT";"Problema com o freio";"Colisão frontal";"Com Vítimas Feridas";"Plena Noite";"Crescente";"Céu Claro";"Dupla";"Curva";"Sim";1;0;1;0;0;0;1;1;-21,4328731;-43,55221915;"SR-MG";"UOP01";"DEL05"
343141;2021-02-26;"sexta";"13:30:00";"PA";155;"247";"ELDORADO DO CARAJAS";"Manobra de mudança de faixa";"Colisão frontal";"Com Vítimas Fatais";"Pleno dia";"Crescente";"Garoa/Chuvisco";"Simples";"Não Informado";"Não";5;1;1;3;0;0;4;2;-6,13248001;-49,3591739;"SR-PA";"UOP01";"DEL03"
343142;2021-02-26;"sexta";"18:14:00";"RN";406;"119.2";"POCO BRANCO";"Animais na Pista";"Atropelamento de Animal";"Sem Vítimas";"Plena Noite";"Crescente";"Nublado";"Simples";"Reta";"Não";1;0;0;0;1;0;0;1;-5,58097498;-35,67622999;"SR-RN";"UOP01";"DEL02"
343143;2021-02-26;"sexta";"14:20:00";"MS";163;"528.6";"JARAGUARI";"Reação tardia ou ineficiente do condutor";"Saída de leito carroçável";"Com Vítimas Feridas";"Pleno dia";"Decrescente";"Céu Claro";"Simples";"Reta";"Não";3;0;2;0;0;1;2;1;-20,09289501;-54,43568097;"SR-MS";"UOP02";"DEL01"
343144;2021-02-26;"sexta";"21:20:00";"RJ";116;"323";"ITATIAIA";"Manobra de mudança de faixa";"Colisão lateral mesmo sentido";"Com Vítimas Feridas";"Plena Noite";"Decrescente";"Chuva";"Dupla";"Reta";"Sim";2;0;1;0;1;0;1;2;-22,488885;-44,552696;"SR-RJ";"UOP02";"DEL07"
343145;2021-02-26;"sexta";"20:40:00";"CE";116;"206.4";"TABULEIRO DO NORTE";"Ingestão de álcool pelo condutor";"Saída de leito carroçável";"Sem Vítimas";"Plena Noite";"Decrescente";"Garoa/Chuvisco";"Simples";"Interseção de vias";"Sim";1;0;0;0;1;0;0;1;-5,222727;-38,201874;"SR-CE";"UOP01";"DEL03"
343146;2021-02-26;"sexta";"20:30:00";"PR";277;"66";"SAO JOSE DOS PINHAIS";"Condutor usando celular";"Colisão traseira";"Sem Vítimas";"Plena Noite";"Crescente";"Chuva";"Dupla";"Reta";"Sim";2;0;0;0;2;0;0;2;-25,54908791;-49,04398096;"SR-PR";"UOP01";"DEL01"
343147;2021-02-26;"sexta";"19:00:00";"GO";364;"245";"JATAI";"Pista Escorregadia";"Colisão frontal";"Com Vítimas Feridas";"Plena Noite";"Decrescente";"Chuva";"Simples";"Não Informado";"Não";1;0;1;0;0;0;1;1;-17,756056;-52,12019;"SR-GO";"UOP01";"DEL05"
343149;2021-02-26;"sexta";"20:20:00";"RS";293;"252.5";"DOM PEDRITO";"Manobra de mudança de faixa";"Colisão frontal";"Com Vítimas Feridas";"Plena Noite";"Crescente";"Céu Claro";"Simples";"Reta";"Sim";2;0;0;1;1;0;1;2;-30,95997654;-54,6785778;"SR-RS";"UOP01";"DEL11"
343150;2021-02-26;"sexta";"22:30:00";"PR";277;"98";"CURITIBA";"Ingestão de álcool pelo condutor";"Colisão lateral mesmo sentido";"Com Vítimas Feridas";"Plena Noite";"Crescente";"Nublado";"Dupla";"Interseção de vias";"Sim";2;0;1;0;0;1;1;2;-25,43174223;-49,36480969;"SR-PR";"UOP01";"DEL01"
343151;2021-02-26;"sexta";"22:20:00";"MG";40;"466.4";"SETE LAGOAS";"Avarias e/ou desgaste excessivo no pneu";"Saída de leito carroçável";"Sem Vítimas";"Plena Noite";"Decrescente";"Chuva";"Dupla";"Não Informado";"Sim";1;0;0;0;1;0;0;1;-19,446893;-44,32052;"SR-MG";"UOP01";"DEL02"
343152;2021-02-16;"terça";"09:10:00";"PA";163;"618";"TRAIRAO";"Reação tardia ou ineficiente do condutor";"Tombamento";"Com Vítimas Feridas";"Pleno dia";"Crescente";"Nublado";"Simples";"Curva";"Sim";1;0;1;0;0;0;1;1;-4,73343252;-56,04523015;"SR-PA";"UOP01";"DEL05"
343153;2021-02-27;"sábado";"00:00:00";"SP";116;"268.9";"TABOAO DA SERRA";"Ausência de reação do condutor";"Colisão traseira";"Com Vítimas Feridas";"Plena Noite";"Crescente";"Nublado";"Dupla";"Reta";"Sim";2;0;1;0;1;0;1;2;-23,61301188;-46,77974304;"SR-SP";"UOP01";"DEL04"
343154;2021-02-26;"sexta";"19:40:00";"PB";230;"471.4";"SOUSA";"Acumulo de água sobre o pavimento";"Saída de leito carroçável";"Com Vítimas Feridas";"Plena Noite";"Crescente";"Chuva";"Simples";"Reta";"Não";2;0;1;0;1;0;1;1;-6,7943;-38,2918;"SR-PB";"UOP03";"DEL03"
343156;2021-02-26;"sexta";"21:30:00";"BA";324;"611";"SIMOES FILHO";"Ingestão de álcool pelo condutor";"Colisão traseira";"Com Vítimas Feridas";"Plena Noite";"Decrescente";"Céu Claro";"Dupla";"Reta";"Sim";3;0;0;2;0;1;2;2;-12,83798396;-38,41427011;"SR-BA";"UOP01";"DEL01"
343157;2021-02-26;"sexta";"23:20:00";"PI";343;"593";"FLORIANO";"Reação tardia ou ineficiente do condutor";"Colisão traseira";"Sem Vítimas";"Plena Noite";"Crescente";"Garoa/Chuvisco";"Simples";"Reta";"Sim";4;0;0;0;4;0;0;2;-6,781468;-43,037767;"SR-PI";"UOP01";"DEL03"
343158;2021-02-27;"sábado";"01:00:00";"ES";262;"5.8";"CARIACICA";"Entrada inopinada do pedestre";"Atropelamento de Pedestre";"Sem Vítimas";"Plena Noite";"Decrescente";"Nublado";"Múltipla";"Reta";"Sim";2;0;0;0;1;1;0;1;-20,34033379;-40,39457787;"SR-ES";"UOP01";"DEL01"
343159;2021-02-27;"sábado";"00:30:00";"MT";163;"703";"SORRISO";"Acumulo de óleo sobre o pavimento";"Colisão com objeto";"Com Vítimas Feridas";"Plena Noite";"Crescente";"Nublado";"Simples";"Reta";"Não";1;0;1;0;0;0;1;1;-12,81974399;-55,82749398;"SR-MT";"UOP01";"DEL06"
343160;2021-02-27;"sábado";"00:50:00";"PR";116;"8.5";"QUATRO BARRAS";"Ingestão de álcool pelo condutor";"Colisão traseira";"Com Vítimas Feridas";"Plena Noite";"Decrescente";"Chuva";"Dupla";"Reta";"Não";3;0;0;1;1;1;1;2;-25,3697;-49,1158;"SR-PR";"UOP02";"DEL01"
343161;2021-02-27;"sábado";"00:20:00";"MG";50;"21.2";"ARAGUARI";"Ausência de reação do condutor";"Saída de leito carroçável";"Com Vítimas Feridas";"Plena Noite";"Decrescente";"Chuva";"Dupla";"Reta";"Não";1;0;1;0;0;0;1;1;-18,59591113;-48,05355644;"SR-MG";"UOP02";"DEL15"
343162;2021-02-27;"sábado";"01:10:00";"SC";101;"135";"BALNEARIO CAMBORIU";"Reação tardia ou ineficiente do condutor";"Colisão com objeto";"Sem Vítimas";"Plena Noite";"Crescente";"Céu Claro";"Múltipla";"Interseção de vias";"Sim";1;0;0;0;1;0;0;1;-27,0050108;-48,62677494;"SR-SC";"UOP03";"DEL04"
343163;2021-02-27;"sábado";"02:10:00";"MG";40;"553";"NOVA LIMA";"Condutor Dormindo";"Saída de leito carroçável";"Com Vítimas Feridas";"Plena Noite";"Decrescente";"Nublado";"Dupla";"Curva";"Sim";4;0;4;0;0;0;4;1;-20,07546416;-43,98332934;"SR-MG";"UOP02";"DEL01"
343164;2021-02-27;"sábado";"01:11:00";"SC";101;"165.2";"TIJUCAS";"Reação tardia ou ineficiente do condutor";"Colisão com objeto";"Com Vítimas Feridas";"Plena Noite";"Crescente";"Nublado";"Dupla";"Reta";"Não";2;0;1;1;0;0;2;1;-27,252663;-48,63154894;"SR-SC";"UOP03";"DEL04"
343165;2021-02-27;"sábado";"01:07:00";"SP";116;"476";"JACUPIRANGA";"Pedestre cruzava a pista fora da faixa";"Atropelamento de Pedestre";"Com Vítimas Fatais";"Plena Noite";"Crescente";"Garoa/Chuvisco";"Dupla";"Reta";"Sim";2;1;0;0;1;0;0;1;-24,696666;-48,001008;"SR-SP";"UOP01";"DEL05"
343167;2021-02-26;"sexta";"20:40:00";"PR";369;"193.2";"ARAPONGAS";"Desrespeitar a preferência no cruzamento";"Colisão transversal";"Com Vítimas Fatais";"Plena Noite";"Decrescente";"Chuva";"Dupla";"Não Informado";"Não";4;1;1;1;0;1;2;2;-23,48093;-51,42376;"SR-PR";"UOP02";"DEL07"
343168;2021-02-26;"sexta";"22:45:00";"PR";376;"293.9";"MAUA DA SERRA";"Transitar na contramão";"Colisão frontal";"Com Vítimas Fatais";"Plena Noite";"Crescente";"Chuva";"Dupla";"Reta";"Não";2;1;0;0;1;0;0;2;-23,905366;-51,204091;"SR-PR";"UAP01";"DEL07"
343169;2021-02-27;"sábado";"02:15:00";"PR";376;"115";"CAMPO LARGO";"Ingestão de álcool pelo condutor";"Saída de leito carroçável";"Sem Vítimas";"Plena Noite";"Decrescente";"Céu Claro";"Dupla";"Não Informado";"Sim";1;0;0;0;1;0;0;1;-25,44453556;-49,50258389;"SR-PR";"UOP02";"DEL09"
343170;2021-02-27;"sábado";"00:39:00";"SC";470;"91.6";"APIUNA";"Ingestão de álcool pelo condutor";"Colisão com objeto";"Sem Vítimas";"Plena Noite";"Decrescente";"Chuva";"Simples";"Reta";"Sim";1;0;0;0;1;0;0;1;-26,97769;-49,369198;"SR-SC";"UOP01";"DEL04"
343171;2021-02-26;"sexta";"20:30:00";"MA";135;"168";"MATOES DO NORTE";"Acumulo de água sobre o pavimento";"Saída de leito carroçável";"Com Vítimas Feridas";"Plena Noite";"Crescente";"Chuva";"Simples";"Reta";"Não";1;0;1;0;0;0;1;1;-3,91380802;-44,48001709;"SR-MA";"UOP02";"DEL01"
343172;2021-02-27;"sábado";"04:10:00";"RJ";116;"165";"RIO DE JANEIRO";"Ausência de reação do condutor";"Colisão traseira";"Com Vítimas Feridas";"Amanhecer";"Crescente";"Nublado";"Dupla";"Reta";"Sim";2;0;0;1;0;1;1;2;-22,81548519;-43,29087405;"SR-RJ";"UOP01";"DEL01"
343174;2021-02-27;"sábado";"02:00:00";"GO";20;"196.7";"POSSE";"Pista Escorregadia";"Saída de leito carroçável";"Com Vítimas Feridas";"Plena Noite";"Decrescente";"Chuva";"Simples";"Curva";"Não";1;0;1;0;0;0;1;1;-14,347785;-46,439873;"SR-DF";"UOP02";"DEL02"
343175;2021-02-27;"sábado";"03:40:00";"MG";381;"743.1";"TRES CORACOES";"Ausência de reação do condutor";"Saída de leito carroçável";"Com Vítimas Fatais";"Plena Noite";"Decrescente";"Chuva";"Dupla";"Reta";"Não";5;2;2;0;1;0;2;1;-21,62606989;-45,26880608;"SR-MG";"UOP02";"DEL16"
343176;2021-02-27;"sábado";"04:00:00";"MG";40;"749.3";"SANTOS DUMONT";"Velocidade Incompatível";"Capotamento";"Sem Vítimas";"Plena Noite";"Crescente";"Chuva";"Simples";"Curva";"Não";1;0;0;0;0;1;0;1;-21,447874;-43,55738803;"SR-MG";"UOP01";"DEL05"
343177;2021-02-27;"sábado";"03:29:00";"PR";369;"168.6";"ROLANDIA";"Condutor deixou de manter distância do veículo da frente";"Colisão traseira";"Com Vítimas Feridas";"Plena Noite";"Crescente";"Céu Claro";"Dupla";"Reta";"Não";3;0;1;0;2;0;1;2;-23,301903;-51,333048;"SR-PR";"UOP01";"DEL07"
343178;2021-02-27;"sábado";"04:35:00";"GO";60;"218.7";"CEZARINA";"Reação tardia ou ineficiente do condutor";"Colisão traseira";"Com Vítimas Feridas";"Plena Noite";"Crescente";"Garoa/Chuvisco";"Dupla";"Curva";"Não";2;0;1;0;1;0;1;2;-16,9809;-49,7475;"SR-GO";"UOP02";"DEL01"
343179;2021-02-27;"sábado";"04:45:00";"GO";452;"55";"MAURILANDIA";"Reação tardia ou ineficiente do condutor";"Saída de leito carroçável";"Com Vítimas Feridas";"Plena Noite";"Decrescente";"Céu Claro";"Simples";"Reta";"Não";2;0;1;0;1;0;1;1;-17,98329165;-50,43329182;"SR-GO";"UOP01";"DEL04"
343180;2021-02-27;"sábado";"02:00:00";"SC";470;"49";"BLUMENAU";"Avarias e/ou desgaste excessivo no pneu";"Saída de leito carroçável";"Sem Vítimas";"Plena Noite";"Crescente";"Chuva";"Simples";"Curva";"Sim";1;0;0;0;0;1;0;1;-26,860662;-49,065159;"SR-SC";"UOP01";"DEL04"
343181;2021-02-27;"sábado";"04:50:00";"PA";230;"109";"MARABA";"Reação tardia ou ineficiente do condutor";"Colisão lateral sentido oposto";"Com Vítimas Feridas";"Amanhecer";"Crescente";"Nublado";"Simples";"Reta";"Sim";3;0;1;0;2;0;1;3;-5,37318084;-49,03243401;"SR-PA";"UOP01";"DEL03"
343182;2021-02-26;"sexta";"22:21:00";"MG";381;"515.9";"IGARAPE";"Demais falhas mecânicas ou elétricas";"Incêndio";"Sem Vítimas";"Plena Noite";"Decrescente";"Chuva";"Múltipla";"Curva";"Não";1;0;0;0;1;0;0;1;-20,10462167;-44,31266785;"SR-MG";"UOP03";"DEL01"
343183;2021-02-27;"sábado";"05:20:00";"RJ";116;"251";"PIRAI";"Velocidade Incompatível";"Colisão com objeto";"Sem Vítimas";"Amanhecer";"Crescente";"Chuva";"Dupla";"Curva";"Sim";3;0;0;0;2;1;0;2;-22,58482223;-43,95961921;"SR-RJ";"UOP01";"DEL07"
343186;2021-01-31;"domingo";"04:30:00";"PB";101;"86";"JOAO PESSOA";"Ausência de reação do condutor";"Colisão traseira";"Com Vítimas Feridas";"Amanhecer";"Crescente";"Céu Claro";"Dupla";"Não Informado";"Sim";2;0;0;1;0;1;1;2;-7,15386682;-34,90809923;"SR-PB";"UOP01";"DEL01"
343187;2021-02-27;"sábado";"05:40:00";"PR";369;"17.8";"CAMBARA";"Manobra de mudança de faixa";"Colisão traseira";"Com Vítimas Feridas";"Amanhecer";"Decrescente";"Céu Claro";"Simples";"Interseção de vias";"Sim";2;0;1;0;1;0;1;2;-23,0336996;-50,06018043;"SR-PR";"UOP01";"DEL07"
343188;2021-02-26;"sexta";"22:30:00";"BA";242;"673";"MUQUEM DE SAO FRANCISCO";"Demais falhas mecânicas ou elétricas";"Incêndio";"Sem Vítimas";"Plena Noite";"Crescente";"Céu Claro";"Simples";"Reta";"Não";1;0;0;0;1;0;0;1;-12,227576;-43,954564;"SR-BA";"UOP02";"DEL10"
343189;2021-02-27;"sábado";"06:30:00";"RJ";116;"188";"QUEIMADOS";"Condutor Dormindo";"Colisão com objeto";"Com Vítimas Fatais";"Amanhecer";"Crescente";"Sol";"Dupla";"Reta";"Não";1;1;0;0;0;0;0;1;-22,73629014;-43,54064226;"SR-RJ";"UOP02";"DEL01"
343190;2021-02-27;"sábado";"06:15:00";"CE";222;"46.5";"SAO GONCALO DO AMARANTE";"Condutor deixou de manter distância do veículo da frente";"Colisão traseira";"Com Vítimas Feridas";"Amanhecer";"Crescente";"Céu Claro";"Simples";"Reta";"Não";2;0;0;1;0;1;1;2;-3,67239622;-38,95808503;"SR-CE";"UOP03";"DEL01"
343191;2021-02-27;"sábado";"05:40:00";"MS";163;"321.7";"RIO BRILHANTE";"Ingestão de álcool e/ou substâncias psicoativas pelo pedestre";"Atropelamento de Pedestre";"Com Vítimas Fatais";"Amanhecer";"Decrescente";"Céu Claro";"Simples";"Reta";"Não";2;1;0;0;0;1;0;1;-21,801436;-54,525443;"SR-MS";"UOP02";"DEL02"
343192;2021-02-27;"sábado";"06:00:00";"PR";277;"70";"SAO JOSE DOS PINHAIS";"Ausência de reação do condutor";"Saída de leito carroçável";"Com Vítimas Feridas";"Pleno dia";"Crescente";"Garoa/Chuvisco";"Dupla";"Reta";"Sim";4;0;1;1;1;1;2;1;-25,53317957;-49,07969781;"SR-PR";"UOP01";"DEL01"
343193;2021-02-26;"sexta";"15:30:00";"BA";101;"392";"IBIRAPITANGA";"Transitar no acostamento";"Colisão transversal";"Com Vítimas Feridas";"Pleno dia";"Crescente";"Sol";"Simples";"Reta";"Não";3;0;1;1;1;0;2;2;-14,03983;-39,404306;"SR-BA";"UOP03";"DEL05"
343195;2021-02-27;"sábado";"06:30:00";"SC";470;"141.9";"RIO DO SUL";"Condutor Dormindo";"Colisão lateral sentido oposto";"Com Vítimas Feridas";"Pleno dia";"Crescente";"Nublado";"Simples";"Reta";"Não";3;0;2;0;1;0;2;3;-27,226065;-49,666161;"SR-SC";"UOP02";"DEL04"
343196;2021-02-27;"sábado";"05:30:00";"RJ";393;"241";"VASSOURAS";"Condutor Dormindo";"Colisão frontal";"Com Vítimas Feridas";"Amanhecer";"Crescente";"Garoa/Chuvisco";"Simples";"Reta";"Sim";2;0;1;0;1;0;1;2;-22,41420241;-43,67614746;"SR-RJ";"UOP02";"DEL05"
343197;2021-02-27;"sábado";"04:30:00";"PR";369;"9.2";"CAMBARA";"Transitar no acostamento";"Incêndio";"Sem Vítimas";"Plena Noite";"Crescente";"Céu Claro";"Simples";"Reta";"Não";1;0;0;0;0;1;0;1;-23,03819196;-50,08478165;"SR-PR";"UOP01";"DEL07"
343198;2021-02-26;"sexta";"18:30:00";"MG";381;"584";"CARMOPOLIS DE MINAS";"Velocidade Incompatível";"Capotamento";"Com Vítimas Feridas";"Plena Noite";"Decrescente";"Nublado";"Dupla";"Curva";"Não";1;0;1;0;0;0;1;1;-20,52949002;-44,63874994;"SR-MG";"UOP01";"DEL04"
343199;2021-02-27;"sábado";"05:15:00";"MS";163;"600";"SAO GABRIEL DO OESTE";"Reação tardia ou ineficiente do condutor";"Tombamento";"Com Vítimas Feridas";"Pleno dia";"Crescente";"Céu Claro";"Dupla";"Desvio Temporário";"Não";1;0;1;0;0;0;1;1;-19,50263404;-54,47640207;"SR-MS";"UOP02";"DEL06"
343200;2021-02-27;"sábado";"06:50:00";"MT";364;"263.4";"SAO PEDRO DA CIPA";"Ausência de reação do condutor";"Saída de leito carroçável";"Com Vítimas Feridas";"Pleno dia";"Decrescente";"Ignorado";"Dupla";"Reta";"Não";2;0;1;0;1;0;1;2;-16,01673751;-54,90686447;"SR-MT";"UOP01";"DEL02"
343201;2021-02-19;"sexta";"08:04:00";"RS";392;"80";"PELOTAS";"Ultrapassagem Indevida";"Colisão lateral";"Com Vítimas Feridas";"Pleno dia";"Crescente";"Céu Claro";"Simples";"Reta";"Não";2;0;0;1;1;0;1;2;-31,67630908;-52,4548941;"SR-RS";"UOP01";"DEL07"
343202;2021-02-27;"sábado";"07:00:00";"PR";116;"135";"FAZENDA RIO GRANDE";"Demais falhas mecânicas ou elétricas";"Colisão frontal";"Com Vítimas Feridas";"Pleno dia";"Crescente";"Nublado";"Simples";"Reta";"Não";6;0;4;0;2;0;4;2;-25,68413003;-49,31639964;"SR-PR";"UOP03";"DEL01"
343203;2021-02-26;"sexta";"07:45:00";"RO";364;"365.1";"JI-PARANA";"Ultrapassagem Indevida";"Colisão traseira";"Sem Vítimas";"Pleno dia";"Decrescente";"Chuva";"Simples";"Reta";"Não";3;0;0;0;3;0;0;3;-10,84541153;-61,99883268;"SR-RO";"UOP01";"DEL02"
343204;2021-02-27;"sábado";"08:15:00";"GO";20;"59";"FORMOSA";"Velocidade Incompatível";"Tombamento";"Com Vítimas Feridas";"Pleno dia";"Crescente";"Chuva";"Simples";"Curva";"Não";1;0;1;0;0;0;1;1;-15,25577;-47,165115;"SR-DF";"UOP01";"DEL02"
343206;2021-02-27;"sábado";"02:00:00";"RJ";393;"170.9";"TRES RIOS";"Ultrapassagem Indevida";"Capotamento";"Com Vítimas Feridas";"Plena Noite";"Decrescente";"Céu Claro";"Simples";"Curva";"Não";3;0;1;1;1;0;2;1;-22,123671;-43,192271;"SR-RJ";"UOP01";"DEL06"
343207;2021-01-18;"segunda";"23:50:00";"MG";50;"28.5";"ARAGUARI";"Velocidade Incompatível";"Saída de leito carroçável";"Com Vítimas Feridas";"Plena Noite";"Decrescente";"Céu Claro";"Dupla";"Curva";"Não";2;0;1;0;1;0;1;1;-18,61851284;-48,1028889;"SR-MG";"UOP02";"DEL15"
343208;2021-02-27;"sábado";"08:45:00";"PA";163;"1004.7";"SANTAREM";"Desrespeitar a preferência no cruzamento";"Colisão transversal";"Com Vítimas Feridas";"Pleno dia";"Crescente";"Céu Claro";"Dupla";"Interseção de vias";"Sim";2;0;1;0;1;0;1;2;-2,43824523;-54,73276577;"SR-PA";"UOP01";"DEL05"
343209;2021-02-19;"sexta";"05:50:00";"PR";487;"147";"TUNEIRAS DO OESTE";"Condutor Dormindo";"Saída de leito carroçável";"Com Vítimas Feridas";"Amanhecer";"Crescente";"Céu Claro";"Simples";"Reta";"Não";1;0;1;0;0;0;1;1;-23,93662272;-52,67583992;"SR-PR";"UOP03";"DEL09"
343210;2021-01-15;"sexta";"23:22:00";"MT";364;"436.8";"VARZEA GRANDE";"Deficiência do Sistema de Iluminação/Sinalização";"Colisão traseira";"Com Vítimas Fatais";"Plena Noite";"Crescente";"Nublado";"Dupla";"Reta";"Sim";2;1;0;0;1;0;0;2;-15,62915355;-56,20485306;"SR-MT";"UOP02";"DEL01"
343211;2021-02-27;"sábado";"09:00:00";"RJ";465;"2.5";"SEROPEDICA";"Conversão proibida";"Colisão transversal";"Com Vítimas Feridas";"Pleno dia";"Decrescente";"Céu Claro";"Simples";"Reta";"Sim";2;0;1;0;1;0;1;2;-22,727266;-43,718712;"SR-RJ";"UOP03";"DEL01"
343212;2021-02-27;"sábado";"07:30:00";"MG";381;"512";"IGARAPE";"Demais falhas mecânicas ou elétricas";"Colisão com objeto";"Sem Vítimas";"Amanhecer";"Decrescente";"Nublado";"Dupla";"Reta";"Sim";1;0;0;0;1;0;0;1;-20,09239724;-44,31458341;"SR-MG";"UOP03";"DEL01"
343213;2021-02-27;"sábado";"07:30:00";"MG";40;"122.5";"JOAO PINHEIRO";"Chuva";"Saída de leito carroçável";"Com Vítimas Feridas";"Pleno dia";"Decrescente";"Nublado";"Simples";"Reta";"Não";2;0;1;0;1;0;1;1;-17,66604196;-46,34649298;"SR-MG";"UOP01";"DEL14"
343214;2021-02-27;"sábado";"08:30:00";"PB";101;"93.8";"CONDE";"Manobra de mudança de faixa";"Colisão lateral mesmo sentido";"Com Vítimas Feridas";"Pleno dia";"Crescente";"Chuva";"Dupla";"Reta";"Não";2;0;1;0;0;1;1;2;-7,205825;-34,90879;"SR-PB";"UOP02";"DEL01"
343215;2021-02-27;"sábado";"07:50:00";"RJ";101;"294";"ITABORAI";"Manobra de mudança de faixa";"Colisão lateral mesmo sentido";"Com Vítimas Feridas";"Pleno dia";"Decrescente";"Nublado";"Dupla";"Reta";"Sim";2;0;1;0;0;1;1;2;-22,7584434;-42,89502344;"SR-RJ";"UOP02";"DEL02"
343216;2021-02-27;"sábado";"08:30:00";"MS";163;"465.8";"CAMPO GRANDE";"Reação tardia ou ineficiente do condutor";"Engavetamento";"Com Vítimas Feridas";"Pleno dia";"Decrescente";"Céu Claro";"Simples";"Viaduto";"Não";6;0;1;1;3;1;2;5;-20,59436908;-54,5809341;"SR-MS";"UOP01";"DEL01"
343217;2021-02-27;"sábado";"08:20:00";"SE";235;"4.5";"NOSSA SENHORA DO SOCORRO";"Reação tardia ou ineficiente do condutor";"Colisão lateral mesmo sentido";"Com Vítimas Feridas";"Pleno dia";"Crescente";"Céu Claro";"Dupla";"Curva";"Não";2;0;2;0;0;0;2;2;-10,9064;-37,1197;"SR-SE";"UOP01";"DEL01"