"id";"data_inversa";"dia_semana";"horario";"uf";"br";"km";"municipio";"causa_acidente";"tipo_acidente";"classificacao_acidente";"fase_dia";"sentido_via";"condicao_metereologica";"tipo_pista";"tracado_via";"uso_solo";"pessoas";"mortos";"feridos_leves";"feridos_graves";"ilesos";"ignorados";"feridos";"veiculos";"latitude";"longitude";"regional";"delegacia";"uop"
343218;2021-02-27;"sábado";"09:00:00";"GO";60;"39";"GOIANIA";"Condutor deixou de manter distância do veículo da frente";"Colisão transversal";"Com Vítimas Feridas";"Pleno dia";"Decrescente";"Chuva";"Dupla";"Reta";"Sim";3;0;2;0;1;0;2;2;-16,6777;-49,2676;"SR-GO";"UOP03";"DEL01"
343219;2021-02-27;"sábado";"10:10:00";"DF";40;"5.9";"BRASILIA";"Acessar a via sem observar a presença dos outros veículos";"Colisão traseira";"Com Vítimas Feridas";"Pleno dia";"Decrescente";"Céu Claro";"Dupla";"Reta";"Não";2;0;1;0;0;1;1;2;-16,020903;-47,980541;"SR-DF";"UOP01";"DEL01"
343221;2021-02-27;"sábado";"10:10:00";"PE";101;"67.2";"RECIFE";"Condutor Dormindo";"Colisão traseira";"Com Vítimas Feridas";"Pleno dia";"Crescente";"Nublado";"Dupla";"Reta";"Sim";4;0;1;0;3;0;1;3;-8,042334;-34,943096;"SR-PE";"UOP01";"DEL01"
343222;2021-02-27;"sábado";"10:34:00";"SE";235;"57.9";"ITABAIANA";"Acessar a via sem observar a presença dos outros veículos";"Colisão transversal";"Com Vítimas Feridas";"Pleno dia";"Crescente";"Nublado";"Simples";"Reta";"Sim";3;0;2;0;1;0;2;2;-10,650009;-37,451248;"SR-SE";"UOP02";"DEL01"
343223;2021-02-27;"sábado";"10:25:00";"SC";470;"55.6";"BLUMENAU";"Transitar no acostamento";"Colisão lateral mesmo sentido";"Com Vítimas Feridas";"Pleno dia";"Decrescente";"Nublado";"Simples";"Não Informado";"Não";4;0;1;0;3;0;1;2;-26,875601;-49,117992;"SR-SC";"UOP01";"DEL04"
343224;2021-02-27;"sábado";"07:55:00";"MG";40;"572.7";"ITABIRITO";"Conversão proibida";"Colisão transversal";"Com Vítimas Feridas";"Pleno dia";"Crescente";"Nublado";"Simples";"Não Informado";"Sim";6;0;4;2;0;0;6;2;-20,23058501;-43,96905104;"SR-MG";"UOP02";"DEL01"
343225;2021-02-27;"sábado";"10:00:00";"PR";376;"142";"NOVA ESPERANCA";"Velocidade Incompatível";"Capotamento";"Com Vítimas Fatais";"Pleno dia";"Crescente";"Céu Claro";"Dupla";"Reta";"Não";1;1;0;0;0;0;0;1;-23,247355;-52,169231;"SR-PR";"UOP02";"DEL09"
343226;2021-02-27;"sábado";"10:35:00";"SC";101;"158.5";"PORTO BELO";"Condutor deixou de manter distância do veículo da frente";"Colisão lateral mesmo sentido";"Com Vítimas Feridas";"Pleno dia";"Decrescente";"Chuva";"Dupla";"Reta";"Não";3;0;1;0;2;0;1;2;-27,19096301;-48,61259017;"SR-SC";"UOP03";"DEL04"
343227;2021-02-27;"sábado";"10:00:00";"PR";376;"588";"CURITIBA";"Condutor deixou de manter distância do veículo da frente";"Engavetamento";"Com Vítimas Feridas";"Pleno dia";"Decrescente";"Garoa/Chuvisco";"Dupla";"Não Informado";"Sim";7;0;2;0;5;0;2;3;-25,43381713;-49,36546121;"SR-PR";"UOP01";"DEL01"
343228;2021-02-11;"quinta";"19:01:00";"PE";101;"73";"RECIFE";"Acessar a via sem observar a presença dos outros veículos";"Colisão transversal";"Com Vítimas Feridas";"Plena Noite";"Crescente";"Céu Claro";"Dupla";"Retorno Regulamentado";"Sim";2;0;1;0;0;1;1;2;-8,099158;-34,950067;"SR-PE";"UOP01";"DEL01"
343229;2021-02-27;"sábado";"11:10:00";"RJ";116;"175";"NOVA IGUACU";"Carga excessiva e/ou mal acondicionada";"Colisão com objeto";"Com Vítimas Feridas";"Pleno dia";"Crescente";"Céu Claro";"Múltipla";"Reta";"Sim";6;0;1;0;5;0;1;2;-22,78923555;-43,37275272;"SR-RJ";"UOP02";"DEL01"
343230;2021-02-27;"sábado";"09:50:00";"RS";116;"200.7";"PICADA CAFE";"Ausência de reação do condutor";"Tombamento";"Com Vítimas Feridas";"Pleno dia";"Decrescente";"Céu Claro";"Simples";"Curva";"Não";1;0;1;0;0;0;1;1;-29,48890588;-51,13828706;"SR-RS";"UOP02";"DEL05"
343231;2021-02-27;"sábado";"11:18:00";"SP";153;"256.3";"MARILIA";"Animais na Pista";"Queda de ocupante de veículo";"Com Vítimas Feridas";"Pleno dia";"Crescente";"Sol";"Dupla";"Reta";"Sim";1;0;1;0;0;0;1;1;-22,23829965;-49,91953611;"SR-SP";"UOP02";"DEL07"
343233;2021-02-27;"sábado";"11:30:00";"MG";40;"413.5";"CURVELO";"Acessar a via sem observar a presença dos outros veículos";"Colisão transversal";"Com Vítimas Feridas";"Pleno dia";"Crescente";"Céu Claro";"Simples";"Interseção de vias";"Não";5;0;2;0;3;0;2;2;-19,137384;-44,61582184;"SR-MG";"UOP01";"DEL02"
343234;2021-02-27;"sábado";"11:00:00";"RJ";40;"123";"DUQUE DE CAXIAS";"Reação tardia ou ineficiente do condutor";"Colisão traseira";"Com Vítimas Feridas";"Pleno dia";"Crescente";"Céu Claro";"Múltipla";"Reta";"Sim";2;0;1;0;1;0;1;2;-22,79907687;-43,29015739;"SR-RJ";"UOP01";"DEL01"
343236;2021-02-27;"sábado";"11:10:00";"PR";476;"130";"CURITIBA";"Reação tardia ou ineficiente do condutor";"Colisão traseira";"Sem Vítimas";"Pleno dia";"Decrescente";"Nublado";"Dupla";"Reta";"Sim";3;0;0;0;3;0;0;3;-25,452145;-49,2396;"SR-PR";"UOP03";"DEL01"
343237;2021-02-27;"sábado";"11:30:00";"ES";101;"158";"LINHARES";"Demais falhas mecânicas ou elétricas";"Queda de ocupante de veículo";"Com Vítimas Feridas";"Pleno dia";"Crescente";"Nublado";"Simples";"Reta";"Não";2;0;1;0;1;0;1;1;-19,46094508;-40,10491389;"SR-ES";"UOP01";"DEL04"
343238;2021-02-27;"sábado";"11:50:00";"DF";251;"35.6";"BRASILIA";"Reação tardia ou ineficiente do condutor";"Saída de leito carroçável";"Com Vítimas Feridas";"Pleno dia";"Crescente";"Céu Claro";"Simples";"Reta";"Sim";1;0;1;0;0;0;1;1;-15,940731;-47,770015;"SR-DF";"UOP01";"DEL01"
343239;2021-02-27;"sábado";"12:30:00";"PE";232;"11";"JABOATAO DOS GUARARAPES";"Ultrapassagem Indevida";"Colisão lateral mesmo sentido";"Com Vítimas Feridas";"Pleno dia";"Crescente";"Nublado";"Dupla";"Reta";"Sim";2;0;0;1;1;0;1;2;-8,08327;-34,997552;"SR-PE";"UOP01";"DEL01"
343240;2021-02-27;"sábado";"11:32:00";"TO";153;"146";"ARAGUAINA";"Manobra de mudança de faixa";"Colisão traseira";"Com Vítimas Feridas";"Pleno dia";"Crescente";"Garoa/Chuvisco";"Dupla";"Reta";"Sim";2;0;1;0;1;0;1;2;-7,21337786;-48,24431331;"SR-TO";"UOP01";"DEL02"
343241;2021-02-27;"sábado";"12:30:00";"SC";101;"212.9";"PALHOCA";"Condutor deixou de manter distância do veículo da frente";"Colisão traseira";"Com Vítimas Feridas";"Pleno dia";"Crescente";"Nublado";"Múltipla";"Reta";"Sim";3;0;1;0;2;0;1;3;-27,62996929;-48,65903871;"SR-SC";"UOP02";"DEL01"
343242;2021-02-27;"sábado";"12:50:00";"PR";277;"120";"CAMPO LARGO";"Reação tardia ou ineficiente do condutor";"Colisão lateral mesmo sentido";"Com Vítimas Feridas";"Pleno dia";"Crescente";"Chuva";"Dupla";"Curva";"Não";2;0;1;0;1;0;1;2;-25,43651772;-49,44346612;"SR-PR";"UOP06";"DEL01"
343244;2021-02-26;"sexta";"14:00:00";"SC";470;"131";"LONTRAS";"Velocidade Incompatível";"Saída de leito carroçável";"Sem Vítimas";"Pleno dia";"Decrescente";"Sol";"Simples";"Curva";"Sim";1;0;0;0;0;1;0;1;-27,16738248;-49,559412;"SR-SC";"UOP02";"DEL04"
343245;2021-02-27;"sábado";"12:10:00";"BA";116;"16.2";"VITORIA DA CONQUISTA";"Acessar a via sem observar a presença dos outros veículos";"Colisão lateral mesmo sentido";"Com Vítimas Feridas";"Pleno dia";"Decrescente";"Céu Claro";"Simples";"Interseção de vias";"Sim";3;0;2;0;1;0;2;2;-14,851;-40,8485;"SR-BA";"UOP01";"DEL08"
343246;2021-02-27;"sábado";"11:30:00";"SC";101;"53.1";"JOINVILLE";"Velocidade Incompatível";"Saída de leito carroçável";"Com Vítimas Feridas";"Pleno dia";"Decrescente";"Chuva";"Dupla";"Reta";"Não";1;0;1;0;0;0;1;1;-26,40231201;-48,83969703;"SR-SC";"UOP01";"DEL03"
343247;2021-02-27;"sábado";"11:50:00";"MS";163;"484.3";"CAMPO GRANDE";"Desvio temporário";"Colisão lateral mesmo sentido";"Com Vítimas Feridas";"Pleno dia";"Decrescente";"Céu Claro";"Simples";"Reta";"Sim";3;0;1;0;2;0;1;3;-20,45104898;-54,5403266;"SR-MS";"UOP02";"DEL01"
343248;2021-02-27;"sábado";"13:20:00";"ES";101;"61.7";"SAO MATEUS";"Avarias e/ou desgaste excessivo no pneu";"Tombamento";"Com Vítimas Feridas";"Pleno dia";"Decrescente";"Céu Claro";"Dupla";"Curva";"Não";2;0;2;0;0;0;2;1;-18,68153217;-39,86364755;"SR-ES";"UOP02";"DEL04"
343249;2021-02-27;"sábado";"12:35:00";"PR";272;"369";"CAMPO MOURAO";"Desrespeitar a preferência no cruzamento";"Colisão transversal";"Com Vítimas Feridas";"Pleno dia";"Crescente";"Céu Claro";"Simples";"Interseção de vias";"Sim";2;0;1;0;1;0;1;2;-24,05873125;-52,41944989;"SR-PR";"UOP03";"DEL09"
343250;2021-02-27;"sábado";"09:40:00";"RJ";101;"322";"NITEROI";"Ausência de reação do condutor";"Queda de ocupante de veículo";"Com Vítimas Feridas";"Pleno dia";"Crescente";"Céu Claro";"Simples";"Reta";"Sim";1;0;1;0;0;0;1;1;-22,878923;-43,110676;"SR-RJ";"UOP02";"DEL02"
343251;2021-02-27;"sábado";"09:00:00";"PI";343;"444";"AGUA BRANCA";"Acessar a via sem observar a presença dos outros veículos";"Colisão transversal";"Com Vítimas Feridas";"Pleno dia";"Decrescente";"Céu Claro";"Simples";"Curva";"Sim";2;0;0;1;1;0;1;2;-5,888477;-42,642536;"SR-PI";"UOP02";"DEL01"
343252;2021-02-27;"sábado";"13:00:00";"PR";376;"615";"SAO JOSE DOS PINHAIS";"Condutor deixou de manter distância do veículo da frente";"Colisão traseira";"Sem Vítimas";"Pleno dia";"Crescente";"Chuva";"Dupla";"Reta";"Não";2;0;0;0;2;0;0;2;-25,569237;-49,183735;"SR-PR";"UOP01";"DEL01"
343253;2021-02-11;"quinta";"12:08:00";"PA";316;"62";"CASTANHAL";"Pedestre cruzava a pista fora da faixa";"Atropelamento de Pedestre";"Com Vítimas Feridas";"Pleno dia";"Decrescente";"Nublado";"Dupla";"Reta";"Sim";3;0;3;0;0;0;3;1;-1,29786885;-47,93764104;"SR-PA";"UOP01";"DEL01"
343254;2021-02-27;"sábado";"12:40:00";"RN";304;"305.6";"PARNAMIRIM";"Ingestão de álcool pelo condutor";"Colisão com objeto";"Com Vítimas Feridas";"Pleno dia";"Crescente";"Sol";"Dupla";"Reta";"Sim";4;0;4;0;0;0;4;2;-5,88932459;-35,26683211;"SR-RN";"UOP02";"DEL01"
343255;2021-02-27;"sábado";"13:00:00";"SC";101;"383";"ICARA";"Velocidade Incompatível";"Saída de leito carroçável";"Sem Vítimas";"Pleno dia";"Crescente";"Nublado";"Múltipla";"Reta";"Não";1;0;0;0;0;1;0;1;-28,77578442;-49,31591034;"SR-SC";"UOP02";"DEL02"
343256;2021-02-27;"sábado";"12:30:00";"GO";70;"12.3";"AGUAS LINDAS DE GOIAS";"Acumulo de água sobre o pavimento";"Saída de leito carroçável";"Com Vítimas Feridas";"Pleno dia";"Crescente";"Chuva";"Simples";"Reta";"Sim";2;0;1;1;0;0;2;1;-15,74037077;-48,3103523;"SR-DF";"UOP03";"DEL01"
343257;2021-02-27;"sábado";"13:50:00";"MG";459;"33.5";"CALDAS";"Velocidade Incompatível";"Saída de leito carroçável";"Com Vítimas Fatais";"Pleno dia";"Decrescente";"Nublado";"Simples";"Reta";"Não";1;1;0;0;0;0;0;1;-21,95260963;-46,34141564;"SR-MG";"UOP01";"DEL09"
343258;2021-02-27;"sábado";"12:30:00";"MA";316;"590.1";"TIMON";"Conversão proibida";"Colisão traseira";"Com Vítimas Feridas";"Pleno dia";"Crescente";"Céu Claro";"Simples";"Reta";"Não";3;0;1;1;1;0;2;2;-4,998977;-43,039589;"SR-MA";"UOP02";"DEL03"
343259;2021-02-07;"domingo";"15:00:00";"BA";116;"465.1";"SANTO ESTEVAO";"Animais na Pista";"Atropelamento de Animal";"Com Vítimas Feridas";"Pleno dia";"Crescente";"Sol";"Simples";"Reta";"Não";2;0;1;1;0;0;2;1;-12,46239763;-39,27496816;"SR-BA";"UOP01";"DEL02"
343260;2021-02-27;"sábado";"14:17:00";"SC";101;"194";"BIGUACU";"Ultrapassagem Indevida";"Colisão traseira";"Com Vítimas Feridas";"Pleno dia";"Decrescente";"Céu Claro";"Dupla";"Reta";"Sim";2;0;0;1;1;0;1;2;-27,49815117;-48,65661236;"SR-SC";"UOP01";"DEL01"
343261;2021-01-27;"quarta";"18:30:00";"BA";324;"540";"AMELIA RODRIGUES";"Acessar a via sem observar a presença dos outros veículos";"Colisão transversal";"Com Vítimas Feridas";"Anoitecer";"Crescente";"Céu Claro";"Dupla";"Reta";"Não";3;0;1;0;2;0;1;2;-12,38543536;-38,79238728;"SR-BA";"UOP03";"DEL01"
343262;2021-02-14;"domingo";"08:00:00";"PA";163;"578";"TRAIRAO";"Demais falhas mecânicas ou elétricas";"Colisão transversal";"Sem Vítimas";"Amanhecer";"Crescente";"Sol";"Simples";"Não Informado";"Não";2;0;0;0;2;0;0;2;-4,99842682;-56,18518401;"SR-PA";"UOP01";"DEL05"
343263;2021-02-27;"sábado";"13:30:00";"SP";116;"117";"TAUBATE";"Pedestre andava na pista";"Atropelamento de Pedestre";"Com Vítimas Feridas";"Pleno dia";"Decrescente";"Céu Claro";"Dupla";"Reta";"Não";3;0;1;0;2;0;1;1;-23,0582298;-45,6176951;"SR-SP";"UOP02";"DEL02"
343264;2021-02-27;"sábado";"13:55:00";"PR";376;"644.1";"TIJUCAS DO SUL";"Avarias e/ou desgaste excessivo no pneu";"Colisão com objeto";"Com Vítimas Feridas";"Pleno dia";"Crescente";"Chuva";"Dupla";"Não Informado";"Não";5;0;3;0;2;0;3;1;-25,821177;-49,12806;"SR-PR";"UOP04";"DEL01"
343265;2021-02-27;"sábado";"14:35:00";"PR";369;"162";"CAMBE";"Condutor desrespeitou a iluminação vermelha do semáforo";"Colisão transversal";"Com Vítimas Feridas";"Pleno dia";"Decrescente";"Céu Claro";"Dupla";"Reta";"Não";38;0;11;0;27;0;11;2;-23,29612574;-51,20829999;"SR-PR";"UOP01";"DEL07"
343266;2021-02-15;"segunda";"14:00:00";"PA";163;"1003";"SANTAREM";"Falta de acostamento";"Colisão lateral mesmo sentido";"Com Vítimas Feridas";"Pleno dia";"Decrescente";"Nublado";"Dupla";"Reta";"Sim";2;0;1;0;1;0;1;2;-2,44688525;-54,73048152;"SR-PA";"UOP01";"DEL05"
343267;2021-02-27;"sábado";"13:30:00";"MG";116;"769";"LEOPOLDINA";"Manobra de mudança de faixa";"Colisão lateral mesmo sentido";"Com Vítimas Feridas";"Pleno dia";"Crescente";"Céu Claro";"Simples";"Curva";"Não";2;0;1;0;1;0;1;2;-21,54856423;-42,66481498;"SR-MG";"UOP01";"DEL07"
343268;2021-02-27;"sábado";"13:20:00";"MA";10;"249";"IMPERATRIZ";"Retorno proibido";"Colisão transversal";"Com Vítimas Feridas";"Pleno dia";"Crescente";"Nublado";"Simples";"Reta";"Sim";2;0;1;0;1;0;1;2;-5,558508;-47,45417;"SR-MA";"UOP01";"DEL04"
343269;2021-02-15;"segunda";"08:40:00";"SC";101;"200.8";"SAO JOSE";"Ausência de reação do condutor";"Colisão traseira";"Com Vítimas Feridas";"Pleno dia";"Crescente";"Sol";"Múltipla";"Reta";"Sim";2;0;1;0;1;0;1;2;-27,54018513;-48,62287714;"SR-SC";"UOP01";"DEL01"
343270;2021-02-27;"sábado";"14:20:00";"SC";280;"118.4";"SAO BENTO DO SUL";"Ultrapassagem Indevida";"Colisão frontal";"Com Vítimas Feridas";"Pleno dia";"Crescente";"Chuva";"Simples";"Não Informado";"Não";4;0;3;0;1;0;3;2;-26,26608202;-49,42467403;"SR-SC";"UOP03";"DEL06"
343271;2021-02-07;"domingo";"11:40:00";"SC";101;"88.9";"BARRA VELHA";"Manobra de mudança de faixa";"Colisão traseira";"Com Vítimas Feridas";"Pleno dia";"Crescente";"Céu Claro";"Simples";"Reta";"Sim";2;0;1;0;1;0;1;2;-26,65221487;-48,68737221;"SR-SC";"UOP02";"DEL03"
343272;2021-02-27;"sábado";"15:30:00";"PR";116;"14";"CAMPINA GRANDE DO SUL";"Velocidade Incompatível";"Colisão com objeto";"Com Vítimas Feridas";"Pleno dia";"Crescente";"Chuva";"Dupla";"Curva";"Não";1;0;1;0;0;0;1;1;-25,09836429;-48,67391969;"SR-PR";"UOP02";"DEL01"
343273;2021-02-27;"sábado";"14:35:00";"PR";153;"466";"PAULA FREITAS";"Ingestão de álcool pelo condutor";"Colisão lateral sentido oposto";"Com Vítimas Feridas";"Pleno dia";"Decrescente";"Chuva";"Simples";"Curva";"Não";2;0;0;1;1;0;1;2;-26,172022;-50,91258;"SR-PR";"UOP03";"DEL02"
343274;2021-02-27;"sábado";"14:40:00";"RO";319;"63.6";"PORTO VELHO";"Ingestão de álcool pelo condutor";"Colisão frontal";"Com Vítimas Feridas";"Pleno dia";"Decrescente";"Nublado";"Dupla";"Não Informado";"Sim";2;0;1;0;1;0;1;2;-8,766685;-63,884052;"SR-RO";"UOP01";"DEL01"
343276;2021-02-27;"sábado";"09:32:00";"RJ";40;"93";"PETROPOLIS";"Ausência de reação do condutor";"Capotamento";"Com Vítimas Feridas";"Pleno dia";"Crescente";"Céu Claro";"Simples";"Curva";"Não";3;0;2;0;1;0;2;1;-22,5554282;-43,25829998;"SR-RJ";"UOP03";"DEL06"
343277;2021-02-27;"sábado";"15:45:00";"MG";40;"448.8";"CAETANOPOLIS";"Avarias e/ou desgaste excessivo no pneu";"Queda de ocupante de veículo";"Com Vítimas Feridas";"Pleno dia";"Decrescente";"Nublado";"Dupla";"Reta";"Não";1;0;0;1;0;0;1;1;-19,301651;-44,377922;"SR-MG";"UOP01";"DEL02"
343279;2021-02-27;"sábado";"14:30:00";"MS";262;"4";"TRES LAGOAS";"Carga excessiva e/ou mal acondicionada";"Tombamento";"Com Vítimas Feridas";"Pleno dia";"Crescente";"Nublado";"Simples";"Curva";"Não";2;0;1;0;1;0;1;2;-20,782074;-51,65705;"SR-MS";"UOP01";"DEL07"
343280;2021-02-27;"sábado";"15:40:00";"SP";116;"398";"MIRACATU";"Ausência de reação do condutor";"Colisão com objeto";"Com Vítimas Feridas";"Pleno dia";"Decrescente";"Nublado";"Dupla";"Reta";"Não";2;0;2;0;0;0;2;1;-24,3003257;-47,487252;"SR-SP";"UOP02";"DEL04"
343281;2021-02-27;"sábado";"14:30:00";"MT";163;"770.9";"SORRISO";"Reação tardia ou ineficiente do condutor";"Queda de ocupante de veículo";"Com Vítimas Feridas";"Pleno dia";"Decrescente";"Céu Claro";"Simples";"Reta";"Não";1;0;1;0;0;0;1;1;-12,52146045;-55,700158;"SR-MT";"UOP01";"DEL06"
343282;2021-02-27;"sábado";"16:10:00";"PR";376;"167.4";"MARINGA";"Manobra de mudança de faixa";"Saída de leito carroçável";"Com Vítimas Feridas";"Pleno dia";"Decrescente";"Céu Claro";"Dupla";"Curva";"Não";2;0;0;2;0;0;2;1;-23,40324167;-51,99632075;"SR-PR";"UOP01";"DEL09"
343283;2021-02-27;"sábado";"16:10:00";"PE";101;"36";"IGARASSU";"Manobra de mudança de faixa";"Queda de ocupante de veículo";"Com Vítimas Feridas";"Pleno dia";"Decrescente";"Nublado";"Dupla";"Desvio Temporário";"Não";2;0;1;0;0;1;1;2;-7,78981924;-34,92927074;"SR-PE";"UOP02";"DEL01"
343285;2021-02-27;"sábado";"15:55:00";"RN";304;"45.7";"MOSSORO";"Reação tardia ou ineficiente do condutor";"Colisão com objeto";"Sem Vítimas";"Pleno dia";"Crescente";"Nublado";"Dupla";"Reta";"Sim";2;0;0;0;2;0;0;1;-5,225684;-37,342725;"SR-RN";"UOP01";"DEL04"
343286;2021-02-27;"sábado";"15:30:00";"MS";158;"135.5";"APARECIDA DO TABOADO";"Ausência de reação do condutor";"Colisão traseira";"Com Vítimas Feridas";"Pleno dia";"Crescente";"Céu Claro";"Simples";"Não Informado";"Não";2;0;1;0;0;1;1;2;-19,98999798;-51,11362029;"SR-MS";"UOP01";"DEL08"
343287;2021-02-27;"sábado";"15:40:00";"MT";158;"711";"BARRA DO GARCAS";"Chuva";"Saída de leito carroçável";"Com Vítimas Fatais";"Pleno dia";"Crescente";"Chuva";"Simples";"Curva";"Não";4;1;0;0;3;0;0;2;-15,15037595;-52,19817394;"SR-MT";"UOP01";"DEL07"
343288;2021-02-27;"sábado";"09:35:00";"PR";153;"136";"VENTANIA";"Carga excessiva e/ou mal acondicionada";"Tombamento";"Sem Vítimas";"Pleno dia";"Crescente";"Nublado";"Simples";"Curva";"Não";1;0;0;0;1;0;0;1;-24,04805819;-50,24742694;"SR-PR";"UOP03";"DEL07"
343289;2021-02-27;"sábado";"16:30:00";"PR";277;"727.5";"FOZ DO IGUACU";"Velocidade Incompatível";"Colisão traseira";"Com Vítimas Feridas";"Pleno dia";"Decrescente";"Céu Claro";"Dupla";"Interseção de vias";"Sim";2;0;1;0;1;0;1;2;-25,510058;-54,569452;"SR-PR";"UOP03";"DEL05"
343290;2021-02-27;"sábado";"16:30:00";"SP";153;"61";"SAO JOSE DO RIO PRETO";"Velocidade Incompatível";"Saída de leito carroçável";"Com Vítimas Feridas";"Pleno dia";"Decrescente";"Nublado";"Dupla";"Reta";"Sim";1;0;1;0;0;0;1;1;-20,80502876;-49,35574909;"SR-SP";"UOP01";"DEL09"
343291;2021-02-27;"sábado";"14:15:00";"SP";116;"359";"MIRACATU";"Ausência de reação do condutor";"Colisão com objeto";"Com Vítimas Feridas";"Pleno dia";"Decrescente";"Céu Claro";"Múltipla";"Curva";"Não";2;0;0;2;0;0;2;1;-24,10862227;-47,26589989;"SR-SP";"UOP02";"DEL04"
343293;2021-02-27;"sábado";"16:30:00";"PR";369;"186.5";"ARAPONGAS";"Trafegar com motocicleta (ou similar) entre as faixas";"Colisão lateral mesmo sentido";"Com Vítimas Feridas";"Pleno dia";"Decrescente";"Nublado";"Simples";"Não Informado";"Sim";3;0;1;1;1;0;2;2;-23,42008791;-51,42523605;"SR-PR";"UOP02";"DEL07"
343295;2021-02-27;"sábado";"04:00:00";"GO";70;"300";"ITAPIRAPUA";"Condutor Dormindo";"Saída de leito carroçável";"Com Vítimas Feridas";"Plena Noite";"Decrescente";"Chuva";"Simples";"Reta";"Não";2;0;1;0;1;0;1;1;-15,89534882;-50,44062194;"SR-GO";"UOP01";"DEL04"
343296;2021-02-27;"sábado";"16:55:00";"CE";222;"12";"CAUCAIA";"Acessar a via sem observar a presença dos outros veículos";"Colisão transversal";"Sem Vítimas";"Pleno dia";"Decrescente";"Céu Claro";"Simples";"Reta";"Sim";2;0;0;0;1;1;0;2;-3,76479979;-38,66897196;"SR-CE";"UOP01";"DEL01"
343297;2021-02-27;"sábado";"14:30:00";"MG";459;"102";"POUSO ALEGRE";"Ingestão de álcool pelo condutor";"Colisão com objeto";"Com Vítimas Feridas";"Pleno dia";"Crescente";"Nublado";"Dupla";"Curva";"Sim";4;0;3;1;0;0;4;1;-22,22601657;-45,91163742;"SR-MG";"UOP01";"DEL16"
343298;2021-02-27;"sábado";"17:00:00";"PR";116;"15";"CAMPINA GRANDE DO SUL";"Chuva";"Saída de leito carroçável";"Com Vítimas Feridas";"Pleno dia";"Crescente";"Garoa/Chuvisco";"Dupla";"Curva";"Não";2;0;2;0;0;0;2;1;-25,09832756;-48,68266005;"SR-PR";"UOP02";"DEL01"
343299;2021-02-27;"sábado";"16:15:00";"MG";262;"907.3";"CAMPO FLORIDO";"Reação tardia ou ineficiente do condutor";"Saída de leito carroçável";"Com Vítimas Feridas";"Pleno dia";"Crescente";"Céu Claro";"Dupla";"Reta";"Não";2;0;1;1;0;0;2;1;-19,629816;-48,84921;"SR-MG";"UOP02";"DEL13"
343300;2021-02-27;"sábado";"17:10:00";"SP";153;"18.3";"NOVA GRANADA";"Acessar a via sem observar a presença dos outros veículos";"Saída de leito carroçável";"Com Vítimas Feridas";"Pleno dia";"Crescente";"Céu Claro";"Simples";"Reta";"Não";3;0;1;0;1;1;1;2;-20,44382107;-49,28091485;"SR-SP";"UOP01";"DEL09"
343301;2021-02-27;"sábado";"17:00:00";"RJ";40;"31.1";"AREAL";"Reação tardia ou ineficiente do condutor";"Queda de ocupante de veículo";"Com Vítimas Feridas";"Pleno dia";"Crescente";"Nublado";"Dupla";"Curva";"Não";1;0;1;0;0;0;1;1;-22,19245612;-43,16023202;"SR-RJ";"UOP01";"DEL06"
343302;2021-02-27;"sábado";"17:40:00";"PR";277;"730";"FOZ DO IGUACU";"Reação tardia ou ineficiente do condutor";"Colisão traseira";"Com Vítimas Feridas";"Pleno dia";"Decrescente";"Sol";"Simples";"Reta";"Sim";2;0;1;0;1;0;1;2;-25,50826305;-54,59238593;"SR-PR";"UOP03";"DEL05"
343303;2021-02-27;"sábado";"15:40:00";"MT";70;"513.5";"VARZEA GRANDE";"Condutor deixou de manter distância do veículo da frente";"Engavetamento";"Sem Vítimas";"Pleno dia";"Crescente";"Chuva";"Simples";"Reta";"Não";3;0;0;0;3;0;0;3;-15,70583295;-56,12685621;"SR-MT";"UOP02";"DEL01"
343304;2021-02-27;"sábado";"16:00:00";"SP";116;"59.8";"GUARATINGUETA";"Avarias e/ou desgaste excessivo no pneu";"Tombamento";"Com Vítimas Feridas";"Pleno dia";"Crescente";"Nublado";"Dupla";"Reta";"Não";2;0;1;0;1;0;1;1;-22,78555649;-45,15339465;"SR-SP";"UOP01";"DEL08"
343306;2021-02-27;"sábado";"18:05:00";"PE";428;"190.3";"PETROLINA";"Condutor deixou de manter distância do veículo da frente";"Colisão traseira";"Sem Vítimas";"Plena Noite";"Decrescente";"Céu Claro";"Múltipla";"Reta";"Sim";3;0;0;0;3;0;0;2;-9,37605965;-40,49382106;"SR-PE";"UOP01";"DEL06"
343307;2021-02-19;"sexta";"20:00:00";"PR";476;"138";"CURITIBA";"Ausência de reação do condutor";"Colisão lateral mesmo sentido";"Com Vítimas Feridas";"Plena Noite";"Crescente";"Céu Claro";"Dupla";"Reta";"Sim";2;0;1;0;0;1;1;2;-25,505564;-49,283417;"SR-PR";"UOP03";"DEL01"
343308;2021-02-27;"sábado";"14:00:00";"PE";104;"119";"PANELAS";"Demais falhas mecânicas ou elétricas";"Saída de leito carroçável";"Com Vítimas Feridas";"Pleno dia";"Decrescente";"Céu Claro";"Simples";"Desvio Temporário";"Não";1;0;1;0;0;0;1;1;-8,69214;-36,023621;"SR-PE";"UOP01";"DEL02"
343309;2021-02-27;"sábado";"18:30:00";"PR";277;"33.2";"MORRETES";"Chuva";"Saída de leito carroçável";"Com Vítimas Feridas";"Plena Noite";"Crescente";"Chuva";"Dupla";"Não Informado";"Não";1;0;1;0;0;0;1;1;-25,566681;-48,810875;"SR-PR";"UOP05";"DEL01"