"id";"data_inversa";"dia_semana";"horario";"uf";"br";"km";"municipio";"causa_acidente";"tipo_acidente";"classificacao_acidente";"fase_dia";"sentido_via";"condicao_metereologica";"tipo_pista";"tracado_via";"uso_solo";"pessoas";"mortos";"feridos_leves";"feridos_graves";"ilesos";"ignorados";"feridos";"veiculos";"latitude";"longitude";"regional";"delegacia";"uop"
343310;2021-02-27;"sábado";"18:20:00";"SC";101;"214.6";"PALHOCA";"Desrespeitar a preferência no cruzamento";"Colisão transversal";"Com Vítimas Feridas";"Pleno dia";"Decrescente";"Nublado";"Múltipla";"Viaduto";"Sim";3;0;2;0;1;0;2;2;-27,64727788;-48,67229819;"SR-SC";"UOP02";"DEL01"
343312;2021-02-07;"domingo";"17:00:00";"BA";116;"289.4";"TUCANO";"Velocidade Incompatível";"Colisão com objeto";"Com Vítimas Fatais";"Pleno dia";"Crescente";"Céu Claro";"Simples";"Não Informado";"Não";1;1;0;0;0;0;0;1;-11,085287;-38,834386;"SR-BA";"UOP01";"DEL02"
343313;2021-02-27;"sábado";"04:40:00";"MA";10;"205";"RIBAMAR FIQUENE";"Condutor Dormindo";"Saída de leito carroçável";"Com Vítimas Feridas";"Amanhecer";"Decrescente";"Garoa/Chuvisco";"Simples";"Reta";"Não";1;0;0;1;0;0;1;1;-5,922068;-47,379395;"SR-MA";"UOP01";"DEL04"
343314;2021-02-27;"sábado";"18:00:00";"RJ";101;"313";"SAO GONCALO";"Ingestão de álcool pelo condutor";"Colisão traseira";"Com Vítimas Feridas";"Anoitecer";"Decrescente";"Nublado";"Múltipla";"Reta";"Sim";2;0;1;0;1;0;1;2;-22,81049093;-43,06983304;"SR-RJ";"UOP02";"DEL02"
343315;2021-02-27;"sábado";"14:30:00";"MT";163;"678.6";"LUCAS DO RIO VERDE";"Ausência de reação do condutor";"Saída de leito carroçável";"Com Vítimas Feridas";"Pleno dia";"Crescente";"Nublado";"Simples";"Reta";"Não";2;0;2;0;0;0;2;1;-13,25744216;-56,01897863;"SR-MT";"UOP01";"DEL06"
343316;2021-02-27;"sábado";"19:00:00";"RS";386;"379.5";"TAQUARI";"Acessar a via sem observar a presença dos outros veículos";"Colisão traseira";"Com Vítimas Feridas";"Anoitecer";"Crescente";"Céu Claro";"Dupla";"Rotatória";"Sim";2;0;1;0;1;0;1;2;-29,644915;-51,766876;"SR-RS";"UOP02";"DEL04"
343317;2021-02-27;"sábado";"17:00:00";"PR";369;"157.8";"LONDRINA";"Velocidade Incompatível";"Tombamento";"Com Vítimas Feridas";"Pleno dia";"Decrescente";"Nublado";"Dupla";"Viaduto";"Sim";1;0;1;0;0;0;1;1;-23,28543454;-51,23312116;"SR-PR";"UOP01";"DEL07"
343318;2021-02-27;"sábado";"19:10:00";"MG";365;"1.3";"MONTES CLAROS";"Ingestão de álcool pelo condutor";"Colisão frontal";"Com Vítimas Feridas";"Plena Noite";"Decrescente";"Céu Claro";"Simples";"Reta";"Não";6;0;2;1;3;0;3;2;-16,716154;-43,863327;"SR-MG";"UOP01";"DEL12"
343319;2021-02-27;"sábado";"18:20:00";"BA";116;"410";"FEIRA DE SANTANA";"Ingestão de álcool pelo condutor";"Colisão frontal";"Com Vítimas Feridas";"Anoitecer";"Decrescente";"Céu Claro";"Dupla";"Não Informado";"Não";2;0;0;1;0;1;1;2;-12,11649901;-38,96846221;"SR-BA";"UOP01";"DEL02"
343321;2021-02-27;"sábado";"19:40:00";"AL";316;"119";"MINADOR DO NEGRAO";"Trafegar com motocicleta (ou similar) entre as faixas";"Colisão frontal";"Com Vítimas Feridas";"Plena Noite";"Decrescente";"Céu Claro";"Simples";"Reta";"Não";3;0;0;3;0;0;3;2;-9,39961082;-36,94812501;"SR-AL";"UOP01";"DEL03"
343322;2021-02-27;"sábado";"18:30:00";"PE";101;"46.5";"ABREU E LIMA";"Manobra de mudança de faixa";"Colisão transversal";"Com Vítimas Feridas";"Plena Noite";"Crescente";"Nublado";"Múltipla";"Reta";"Sim";3;0;1;0;1;1;1;2;-7,87406004;-34,90588126;"SR-PE";"UOP02";"DEL01"
343323;2021-02-27;"sábado";"19:35:00";"SC";101;"219";"PALHOCA";"Velocidade Incompatível";"Colisão com objeto";"Com Vítimas Feridas";"Plena Noite";"Crescente";"Céu Claro";"Dupla";"Reta";"Não";4;0;1;0;3;0;1;3;-27,68392194;-48,66710085;"SR-SC";"UOP02";"DEL01"
343324;2021-02-27;"sábado";"18:48:00";"MS";60;"423.5";"SIDROLANDIA";"Reação tardia ou ineficiente do condutor";"Tombamento";"Com Vítimas Feridas";"Plena Noite";"Decrescente";"Céu Claro";"Simples";"Reta";"Não";1;0;1;0;0;0;1;1;-20,91374372;-54,9470444;"SR-MS";"UOP04";"DEL01"
343326;2021-02-27;"sábado";"17:30:00";"RJ";101;"243";"SILVA JARDIM";"Ausência de reação do condutor";"Saída de leito carroçável";"Com Vítimas Feridas";"Pleno dia";"Crescente";"Céu Claro";"Dupla";"Não Informado";"Não";1;0;1;0;0;0;1;1;-22,63851918;-42,46410394;"SR-RJ";"UOP03";"DEL02"
343327;2021-02-27;"sábado";"19:35:00";"RJ";101;"283";"ITABORAI";"Ausência de reação do condutor";"Colisão lateral mesmo sentido";"Com Vítimas Feridas";"Plena Noite";"Crescente";"Céu Claro";"Dupla";"Reta";"Não";3;0;1;0;2;0;1;2;-22,73591014;-42,80592689;"SR-RJ";"UOP03";"DEL02"
343328;2021-02-27;"sábado";"19:40:00";"SC";282;"38.6";"AGUAS MORNAS";"Transitar na contramão";"Colisão lateral sentido oposto";"Sem Vítimas";"Plena Noite";"Decrescente";"Nublado";"Simples";"Curva";"Não";2;0;0;0;2;0;0;2;-27,709209;-48,852467;"SR-SC";"UOP03";"DEL01"
343329;2021-02-27;"sábado";"17:20:00";"RJ";493;"87";"JAPERI";"Mal súbito do condutor";"Saída de leito carroçável";"Com Vítimas Feridas";"Anoitecer";"Decrescente";"Nublado";"Dupla";"Curva";"Sim";5;0;5;0;0;0;5;1;-22,66249212;-43,62430573;"SR-RJ";"UOP03";"DEL01"
343331;2021-02-27;"sábado";"18:15:00";"RJ";101;"482.2";"ANGRA DOS REIS";"Condutor deixou de manter distância do veículo da frente";"Queda de ocupante de veículo";"Com Vítimas Feridas";"Plena Noite";"Crescente";"Garoa/Chuvisco";"Dupla";"Rotatória";"Sim";2;0;1;0;1;0;1;2;-23,00453;-44,29746;"SR-RJ";"UOP01";"DEL03"
343332;2021-02-27;"sábado";"20:40:00";"CE";116;"3";"FORTALEZA";"Manobra de mudança de faixa";"Colisão lateral mesmo sentido";"Com Vítimas Feridas";"Plena Noite";"Decrescente";"Céu Claro";"Múltipla";"Reta";"Sim";4;0;0;2;1;1;2;2;-3,77866493;-38,51490171;"SR-CE";"UOP02";"DEL01"
343333;2021-02-27;"sábado";"19:30:00";"PR";277;"584.1";"CASCAVEL";"Transitar na contramão";"Colisão frontal";"Com Vítimas Feridas";"Plena Noite";"Crescente";"Céu Claro";"Simples";"Reta";"Não";2;0;1;0;0;1;1;2;-24,96684176;-53,40258186;"SR-PR";"UOP01";"DEL04"
343334;2021-02-27;"sábado";"11:20:00";"PE";101;"85.5";"CABO DE SANTO AGOSTINHO";"Acumulo de água sobre o pavimento";"Colisão traseira";"Com Vítimas Feridas";"Pleno dia";"Crescente";"Chuva";"Múltipla";"Reta";"Sim";2;0;1;0;1;0;1;2;-8,18065563;-34,95965322;"SR-PE";"UOP03";"DEL01"
343335;2021-02-27;"sábado";"19:35:00";"PR";376;"488.3";"PONTA GROSSA";"Ingestão de álcool e/ou substâncias psicoativas pelo pedestre";"Atropelamento de Pedestre";"Com Vítimas Feridas";"Plena Noite";"Crescente";"Céu Claro";"Dupla";"Desvio Temporário";"Sim";2;0;1;0;1;0;1;1;-25,08552868;-50,19222113;"SR-PR";"UOP01";"DEL03"
343336;2021-02-27;"sábado";"20:25:00";"GO";153;"437";"ANAPOLIS";"Ingestão de álcool pelo condutor";"Tombamento";"Com Vítimas Feridas";"Plena Noite";"Decrescente";"Nublado";"Dupla";"Não Informado";"Sim";1;0;1;0;0;0;1;1;-16,286884;-48,942978;"SR-GO";"UOP01";"DEL02"
343337;2021-02-27;"sábado";"10:23:00";"BA";242;"731";"CRISTOPOLIS";"Obstrução na via";"Saída de leito carroçável";"Com Vítimas Feridas";"Pleno dia";"Decrescente";"Garoa/Chuvisco";"Simples";"Não Informado";"Não";2;0;1;0;1;0;1;2;-12,200306;-44,481084;"SR-BA";"UOP01";"DEL10"
343338;2021-02-27;"sábado";"19:50:00";"MG";116;"763";"LEOPOLDINA";"Reação tardia ou ineficiente do condutor";"Colisão transversal";"Com Vítimas Feridas";"Plena Noite";"Decrescente";"Céu Claro";"Simples";"Retorno Regulamentado";"Sim";2;0;0;1;1;0;1;2;-21,52635545;-42,63256914;"SR-MG";"UOP01";"DEL07"
343340;2021-02-27;"sábado";"21:00:00";"RS";392;"618.4";"SANTO ANGELO";"Transitar na contramão";"Colisão frontal";"Com Vítimas Fatais";"Plena Noite";"Crescente";"Céu Claro";"Simples";"Reta";"Não";6;1;2;1;1;1;3;2;-28,19222803;-54,34054052;"SR-RS";"UOP01";"DEL10"
343341;2021-02-27;"sábado";"18:35:00";"PR";158;"403";"LARANJEIRAS DO SUL";"Velocidade Incompatível";"Saída de leito carroçável";"Com Vítimas Feridas";"Pleno dia";"Crescente";"Céu Claro";"Simples";"Reta";"Não";1;0;1;0;0;0;1;1;-25,37215333;-52,39014863;"SR-PR";"UOP02";"DEL04"
343342;2021-02-27;"sábado";"21:35:00";"RN";427;"97";"CAICO";"Chuva";"Colisão lateral sentido oposto";"Com Vítimas Feridas";"Plena Noite";"Crescente";"Chuva";"Simples";"Reta";"Sim";2;0;0;1;1;0;1;2;-6,47026134;-37,08569175;"SR-RN";"UOP01";"DEL03"
343343;2021-02-27;"sábado";"21:40:00";"PE";428;"190.7";"PETROLINA";"Condutor deixou de manter distância do veículo da frente";"Tombamento";"Com Vítimas Feridas";"Plena Noite";"Decrescente";"Céu Claro";"Simples";"Não Informado";"Sim";1;0;0;1;0;0;1;1;-9,37605965;-40,49382106;"SR-PE";"UOP01";"DEL06"
343344;2021-02-27;"sábado";"18:10:00";"PR";158;"403";"LARANJEIRAS DO SUL";"Condutor usando celular";"Saída de leito carroçável";"Com Vítimas Feridas";"Pleno dia";"Crescente";"Céu Claro";"Simples";"Reta";"Não";1;0;1;0;0;0;1;1;-25,35697701;-52,382364;"SR-PR";"UOP02";"DEL04"
343345;2021-02-27;"sábado";"18:00:00";"MT";364;"575";"NOBRES";"Ingestão de álcool pelo condutor";"Colisão traseira";"Com Vítimas Feridas";"Plena Noite";"Crescente";"Céu Claro";"Dupla";"Reta";"Não";3;0;0;1;2;0;1;3;-14,69408213;-56,31033089;"SR-MT";"UOP01";"DEL01"
343346;2021-02-27;"sábado";"20:45:00";"SC";280;"100";"SAO BENTO DO SUL";"Velocidade Incompatível";"Colisão frontal";"Sem Vítimas";"Plena Noite";"Decrescente";"Chuva";"Simples";"Não Informado";"Não";2;0;0;0;2;0;0;2;-26,37158361;-49,33137101;"SR-SC";"UOP03";"DEL06"
343347;2021-02-27;"sábado";"16:00:00";"MG";262;"595";"CAMPOS ALTOS";"Ausência de reação do condutor";"Colisão traseira";"Com Vítimas Feridas";"Pleno dia";"Decrescente";"Chuva";"Simples";"Reta";"Não";2;0;0;1;1;0;1;2;-19,65496255;-46,18878454;"SR-MG";"UOP02";"DEL08"
343348;2021-02-27;"sábado";"20:20:00";"RJ";116;"165";"RIO DE JANEIRO";"Frear bruscamente";"Colisão traseira";"Sem Vítimas";"Plena Noite";"Crescente";"Céu Claro";"Múltipla";"Reta";"Sim";2;0;0;0;1;1;0;2;-22,81548519;-43,29087405;"SR-RJ";"UOP01";"DEL01"
343349;2021-02-27;"sábado";"20:10:00";"MS";163;"634";"SAO GABRIEL DO OESTE";"Condutor Dormindo";"Saída de leito carroçável";"Com Vítimas Feridas";"Plena Noite";"Decrescente";"Céu Claro";"Dupla";"Reta";"Não";3;0;1;1;1;0;2;1;-19,25755001;-54,66594101;"SR-MS";"UOP02";"DEL06"
343350;2021-02-27;"sábado";"16:00:00";"MG";262;"594.4";"CAMPOS ALTOS";"Velocidade Incompatível";"Tombamento";"Sem Vítimas";"Pleno dia";"Decrescente";"Chuva";"Simples";"Reta";"Não";3;0;0;0;3;0;0;1;-19,65334594;-46,18432134;"SR-MG";"UOP02";"DEL08"
343352;2021-02-27;"sábado";"20:00:00";"PR";369;"72.2";"SANTA MARIANA";"Transitar na contramão";"Colisão frontal";"Com Vítimas Fatais";"Plena Noite";"Decrescente";"Nublado";"Simples";"Curva";"Não";4;1;0;0;3;0;0;2;-23,1559468;-50,50788403;"SR-PR";"UOP01";"DEL07"
343353;2021-02-27;"sábado";"20:51:00";"GO";70;"7";"AGUAS LINDAS DE GOIAS";"Manobra de mudança de faixa";"Colisão transversal";"Com Vítimas Feridas";"Plena Noite";"Decrescente";"Garoa/Chuvisco";"Dupla";"Curva";"Sim";3;0;1;0;2;0;1;2;-15,74375533;-48,26779708;"SR-DF";"UOP03";"DEL01"
343355;2021-02-27;"sábado";"20:30:00";"SC";282;"643.2";"SAO MIGUEL DO OESTE";"Velocidade Incompatível";"Saída de leito carroçável";"Sem Vítimas";"Plena Noite";"Crescente";"Céu Claro";"Simples";"Curva";"Não";1;0;0;0;0;1;0;1;-26,768974;-53,469772;"SR-SC";"UOP03";"DEL07"
343356;2021-02-27;"sábado";"21:20:00";"SP";381;"61";"MAIRIPORA";"Pista Escorregadia";"Colisão com objeto";"Com Vítimas Feridas";"Plena Noite";"Decrescente";"Chuva";"Dupla";"Curva";"Sim";1;0;0;1;0;0;1;1;-23,29011611;-46,5800681;"SR-SP";"UOP01";"DEL03"
343357;2021-02-27;"sábado";"20:20:00";"MG";153;"20";"CENTRALINA";"Condutor deixou de manter distância do veículo da frente";"Colisão traseira";"Com Vítimas Feridas";"Plena Noite";"Decrescente";"Céu Claro";"Dupla";"Reta";"Sim";2;0;1;0;1;0;1;2;-18,596883;-49,19243;"SR-MG";"UOP03";"DEL15"
343358;2021-02-27;"sábado";"21:00:00";"RJ";101;"551.9";"PARATY";"Acessar a via sem observar a presença dos outros veículos";"Colisão transversal";"Com Vítimas Feridas";"Plena Noite";"Decrescente";"Céu Claro";"Simples";"Interseção de vias";"Sim";2;0;1;0;1;0;1;2;-23,05018104;-44,67370097;"SR-RJ";"UOP03";"DEL03"
343359;2021-02-27;"sábado";"21:40:00";"MS";262;"328";"CAMPO GRANDE";"Ausência de reação do condutor";"Saída de leito carroçável";"Com Vítimas Feridas";"Plena Noite";"Decrescente";"Céu Claro";"Dupla";"Curva";"Sim";1;0;1;0;0;0;1;1;-20,46452794;-54,55291421;"SR-MS";"UOP01";"DEL01"
343361;2021-02-27;"sábado";"21:00:00";"RO";364;"15.9";"VILHENA";"Ingestão de álcool pelo condutor";"Colisão transversal";"Sem Vítimas";"Plena Noite";"Crescente";"Chuva";"Simples";"Reta";"Sim";3;0;0;0;3;0;0;2;-12,73672751;-60,14804088;"SR-RO";"UOP01";"DEL04"
343362;2021-02-27;"sábado";"22:20:00";"SP";116;"224";"GUARULHOS";"Demais falhas mecânicas ou elétricas";"Queda de ocupante de veículo";"Com Vítimas Feridas";"Plena Noite";"Crescente";"Chuva";"Múltipla";"Reta";"Sim";1;0;1;0;0;0;1;1;-23,48071896;-46,53271603;"SR-SP";"UOP01";"DEL01"
343363;2021-02-27;"sábado";"14:00:00";"MG";116;"476.4";"DOM CAVATI";"Ultrapassagem Indevida";"Colisão frontal";"Com Vítimas Fatais";"Pleno dia";"Decrescente";"Céu Claro";"Simples";"Reta";"Não";3;1;0;1;1;0;1;2;-19,3623751;-42,0983069;"SR-MG";"UOP02";"DEL06"
343364;2021-02-27;"sábado";"21:00:00";"RO";429;"203";"SERINGUEIRAS";"Reação tardia ou ineficiente do condutor";"Colisão com objeto";"Com Vítimas Feridas";"Plena Noite";"Decrescente";"Nublado";"Simples";"Curva";"Não";1;0;0;1;0;0;1;1;-11,77791967;-63,07775726;"SR-RO";"UOP03";"DEL02"
343365;2021-02-27;"sábado";"18:30:00";"RS";285;"76.5";"BOM JESUS";"Reação tardia ou ineficiente do condutor";"Tombamento";"Com Vítimas Feridas";"Anoitecer";"Crescente";"Nublado";"Simples";"Curva";"Não";1;0;0;1;0;0;1;1;-28,641621;-50,563793;"SR-RS";"UOP03";"DEL05"
343367;2021-02-27;"sábado";"21:50:00";"SP";116;"161";"JACAREI";"Ingestão de álcool pelo condutor";"Colisão traseira";"Com Vítimas Feridas";"Plena Noite";"Decrescente";"Nublado";"Dupla";"Reta";"Sim";2;0;1;0;1;0;1;2;-23,27617003;-45,97592098;"SR-SP";"UOP01";"DEL02"
343368;2021-02-27;"sábado";"23:23:00";"PE";232;"252";"ARCOVERDE";"Retorno proibido";"Colisão transversal";"Com Vítimas Feridas";"Plena Noite";"Crescente";"Céu Claro";"Simples";"Curva";"Sim";3;0;0;2;0;1;2;2;-8,43086;-37,06536;"SR-PE";"UOP02";"DEL03"
343369;2021-02-27;"sábado";"23:20:00";"RS";116;"245";"SAO LEOPOLDO";"Acesso irregular";"Colisão transversal";"Com Vítimas Feridas";"Plena Noite";"Crescente";"Céu Claro";"Simples";"Reta";"Não";2;0;1;0;1;0;1;2;-29,74980902;-51,15125361;"SR-RS";"UOP02";"DEL01"
343370;2021-02-27;"sábado";"19:40:00";"PR";116;"130";"FAZENDA RIO GRANDE";"Condutor deixou de manter distância do veículo da frente";"Colisão traseira";"Sem Vítimas";"Plena Noite";"Crescente";"Nublado";"Dupla";"Reta";"Sim";2;0;0;0;2;0;0;2;-25,63927799;-49,31302988;"SR-PR";"UOP03";"DEL01"
343371;2021-02-27;"sábado";"20:20:00";"SC";282;"408";"CATANDUVAS";"Ingestão de álcool pelo condutor";"Saída de leito carroçável";"Sem Vítimas";"Plena Noite";"Decrescente";"Céu Claro";"Simples";"Curva";"Não";1;0;0;0;1;0;0;1;-27,074812;-51,663269;"SR-SC";"UOP05";"DEL07"
343372;2021-02-27;"sábado";"20:20:00";"MS";163;"36";"ELDORADO";"Velocidade Incompatível";"Saída de leito carroçável";"Com Vítimas Feridas";"Plena Noite";"Crescente";"Ignorado";"Simples";"Reta";"Não";2;0;0;1;0;1;1;1;-23,80607589;-54,31318103;"SR-MS";"UOP02";"DEL09"
343373;2021-02-27;"sábado";"21:30:00";"SC";101;"331";"TUBARAO";"Manobra de mudança de faixa";"Colisão lateral mesmo sentido";"Com Vítimas Feridas";"Plena Noite";"Crescente";"Nublado";"Dupla";"Reta";"Não";4;0;1;0;3;0;1;2;-28,45567521;-48,9812689;"SR-SC";"UOP01";"DEL02"
343374;2021-02-27;"sábado";"23:30:00";"SC";101;"330";"CAPIVARI DE BAIXO";"Ausência de reação do condutor";"Colisão traseira";"Com Vítimas Feridas";"Plena Noite";"Decrescente";"Céu Claro";"Dupla";"Reta";"Não";2;0;1;0;0;1;1;2;-28,45115639;-48,97286879;"SR-SC";"UOP01";"DEL02"
343375;2021-02-27;"sábado";"22:30:00";"PE";232;"410";"SERRA TALHADA";"Manobra de mudança de faixa";"Colisão lateral sentido oposto";"Sem Vítimas";"Anoitecer";"Crescente";"Nublado";"Simples";"Reta";"Sim";2;0;0;0;2;0;0;2;-7,98261841;-38,30039606;"SR-PE";"UOP01";"DEL04"
343376;2021-02-27;"sábado";"22:15:00";"TO";153;"249.4";"COLINAS DO TOCANTINS";"Pista esburacada";"Tombamento";"Com Vítimas Feridas";"Plena Noite";"Crescente";"Nublado";"Simples";"Curva";"Sim";1;0;1;0;0;0;1;1;-8,070951037;-48,4669824387;"SR-TO";"UOP02";"DEL02"
343377;2021-02-28;"domingo";"00:05:00";"ES";101;"148.9";"LINHARES";"Ingestão de álcool pelo condutor";"Colisão transversal";"Com Vítimas Feridas";"Plena Noite";"Decrescente";"Nublado";"Dupla";"Interseção de vias";"Sim";2;0;1;0;1;0;1;2;-19,38787399;-40,06752766;"SR-ES";"UOP01";"DEL04"
343378;2021-02-27;"sábado";"19:45:00";"MA";135;"4";"SAO LUIS";"Acessar a via sem observar a presença dos outros veículos";"Colisão traseira";"Com Vítimas Feridas";"Plena Noite";"Decrescente";"Garoa/Chuvisco";"Dupla";"Reta";"Sim";2;0;1;0;1;0;1;2;-2,61424881;-44,25257023;"SR-MA";"UOP01";"DEL01"
343379;2021-02-27;"sábado";"20:30:00";"BA";101;"437.4";"MARAU";"Mal súbito do condutor";"Queda de ocupante de veículo";"Com Vítimas Fatais";"Plena Noite";"Crescente";"Céu Claro";"Simples";"Reta";"Não";1;1;0;0;0;0;0;1;-14,24314;-39,319907;"SR-BA";"UOP01";"DEL05"
343380;2021-02-27;"sábado";"22:50:00";"MS";376;"137";"IVINHEMA";"Ausência de reação do condutor";"Capotamento";"Com Vítimas Feridas";"Plena Noite";"Crescente";"Céu Claro";"Simples";"Reta";"Não";1;0;1;0;0;0;1;1;-22,37851745;-53,67252424;"SR-MS";"UOP04";"DEL04"
343381;2021-02-28;"domingo";"00:20:00";"GO";364;"59";"CACHOEIRA ALTA";"Reação tardia ou ineficiente do condutor";"Colisão traseira";"Com Vítimas Feridas";"Plena Noite";"Crescente";"Chuva";"Simples";"Reta";"Não";2;0;0;1;1;0;1;2;-18,741785;-50,942039;"SR-GO";"UOP02";"DEL05"
343382;2021-02-27;"sábado";"23:50:00";"PB";230;"131.8";"MASSARANDUBA";"Ingestão de substâncias psicoativas pelo condutor";"Saída de leito carroçável";"Sem Vítimas";"Plena Noite";"Decrescente";"Céu Claro";"Dupla";"Reta";"Não";1;0;0;0;0;1;0;1;-7,2746;-35,7269;"SR-PB";"UOP01";"DEL02"
343383;2021-02-27;"sábado";"23:30:00";"SC";101;"38";"JOINVILLE";"Desrespeitar a preferência no cruzamento";"Colisão transversal";"Com Vítimas Fatais";"Plena Noite";"Crescente";"Chuva";"Múltipla";"Interseção de vias";"Sim";4;1;3;0;0;0;3;2;-26,29672383;-48,88407469;"SR-SC";"UOP01";"DEL03"
343384;2021-02-28;"domingo";"01:20:00";"GO";40;"31";"LUZIANIA";"Ingestão de álcool pelo condutor";"Saída de leito carroçável";"Sem Vítimas";"Plena Noite";"Decrescente";"Chuva";"Dupla";"Reta";"Não";1;0;0;0;1;0;0;1;-16,284329;-47,857156;"SR-DF";"UOP01";"DEL01"
343385;2021-02-28;"domingo";"02:00:00";"SP";116;"136";"SAO JOSE DOS CAMPOS";"Reação tardia ou ineficiente do condutor";"Colisão com objeto";"Com Vítimas Feridas";"Plena Noite";"Crescente";"Nublado";"Dupla";"Retorno Regulamentado";"Sim";1;0;1;0;0;0;1;1;-23,14874471;-45,77863714;"SR-SP";"UOP01";"DEL02"
343386;2021-02-28;"domingo";"02:29:00";"SC";101;"210.1";"SAO JOSE";"Velocidade Incompatível";"Colisão com objeto";"Com Vítimas Feridas";"Plena Noite";"Decrescente";"Chuva";"Dupla";"Reta";"Sim";2;0;1;0;1;0;1;1;-27,6167305;-48,6457265;"SR-SC";"UOP01";"DEL01"
343387;2021-02-28;"domingo";"01:50:00";"PB";101;"88.6";"JOAO PESSOA";"Avarias e/ou desgaste excessivo no pneu";"Colisão com objeto";"Sem Vítimas";"Plena Noite";"Crescente";"Chuva";"Dupla";"Reta";"Sim";1;0;0;0;0;1;0;1;-7,17010064;-34,89745975;"SR-PB";"UOP02";"DEL01"
343388;2021-02-28;"domingo";"02:40:00";"PE";423;"73";"JUPI";"Ingestão de álcool pelo condutor";"Colisão frontal";"Com Vítimas Feridas";"Plena Noite";"Decrescente";"Céu Claro";"Simples";"Desvio Temporário";"Sim";4;0;1;2;0;1;3;2;-8,709851;-36,41926432;"SR-PE";"UOP01";"DEL03"
343389;2021-02-27;"sábado";"23:15:00";"SC";282;"668";"PARAISO";"Acessar a via sem observar a presença dos outros veículos";"Colisão transversal";"Com Vítimas Fatais";"Plena Noite";"Crescente";"Céu Claro";"Simples";"Não Informado";"Não";3;1;0;0;0;2;0;2;-26,641872;-53,625648;"SR-SC";"UOP03";"DEL07"
343390;2021-02-28;"domingo";"02:45:00";"SC";282;"504";"XANXERE";"Velocidade Incompatível";"Capotamento";"Sem Vítimas";"Plena Noite";"Crescente";"Céu Claro";"Dupla";"Curva";"Sim";3;0;0;0;3;0;0;1;-26,88429672;-52,40851879;"SR-SC";"UOP01";"DEL07"
343391;2021-02-27;"sábado";"20:00:00";"GO";364;"62";"CACHOEIRA ALTA";"Reação tardia ou ineficiente do condutor";"Saída de leito carroçável";"Com Vítimas Fatais";"Anoitecer";"Decrescente";"Céu Claro";"Simples";"Reta";"Não";2;1;0;1;0;0;1;1;-18,71615;-50,958336;"SR-GO";"UOP02";"DEL05"
343392;2021-02-28;"domingo";"00:50:00";"SP";381;"74";"SAO PAULO";"Chuva";"Capotamento";"Com Vítimas Feridas";"Plena Noite";"Crescente";"Nevoeiro/Neblina";"Dupla";"Curva";"Não";2;0;0;1;1;0;1;1;-23,37208014;-46,55700294;"SR-SP";"UOP01";"DEL03"
343393;2021-02-28;"domingo";"04:25:00";"MG";251;"506.6";"FRANCISCO SA";"Pista Escorregadia";"Tombamento";"Com Vítimas Feridas";"Plena Noite";"Crescente";"Garoa/Chuvisco";"Simples";"Não Informado";"Não";1;0;1;0;0;0;1;1;-16,61894941;-43,6887828;"SR-MG";"UOP01";"DEL12"
343394;2021-02-28;"domingo";"03:40:00";"MS";262;"376";"TERENOS";"Ausência de reação do condutor";"Saída de leito carroçável";"Com Vítimas Feridas";"Plena Noite";"Crescente";"Céu Claro";"Simples";"Curva";"Não";1;0;1;0;0;0;1;1;-20,48574084;-54,82946269;"SR-MS";"UOP03";"DEL01"
343395;2021-02-28;"domingo";"04:50:00";"ES";262;"1.8";"CARIACICA";"Ingestão de álcool e/ou substâncias psicoativas pelo pedestre";"Atropelamento de Pedestre";"Com Vítimas Feridas";"Plena Noite";"Decrescente";"Nublado";"Dupla";"Reta";"Sim";2;0;0;1;1;0;1;1;-20,33269774;-40,35742544;"SR-ES";"UOP01";"DEL01"
343396;2021-02-28;"domingo";"03:50:00";"PE";116;"80";"CABROBO";"Animais na Pista";"Saída de leito carroçável";"Com Vítimas Feridas";"Plena Noite";"Crescente";"Nublado";"Simples";"Reta";"Não";1;0;1;0;0;0;1;1;-8,525343;-39,218342;"SR-PE";"UAP01";"DEL05"
343397;2021-02-28;"domingo";"04:00:00";"MG";40;"688.6";"ALFREDO VASCONCELOS";"Velocidade Incompatível";"Saída de leito carroçável";"Com Vítimas Feridas";"Amanhecer";"Decrescente";"Garoa/Chuvisco";"Simples";"Curva";"Não";1;0;1;0;0;0;1;1;-21,08759993;-43,77189218;"SR-MG";"UOP02";"DEL05"
343398;2021-02-28;"domingo";"04:00:00";"MS";163;"262";"DOURADOS";"Reação tardia ou ineficiente do condutor";"Tombamento";"Com Vítimas Feridas";"Plena Noite";"Crescente";"Céu Claro";"Dupla";"Reta";"Sim";1;0;0;1;0;0;1;1;-22,23794214;-54,76272583;"SR-MS";"UOP01";"DEL04"
343399;2021-02-28;"domingo";"05:40:00";"PR";487;"162.9";"CAMPO MOURAO";"Deficiência do Sistema de Iluminação/Sinalização";"Colisão traseira";"Com Vítimas Fatais";"Amanhecer";"Crescente";"Céu Claro";"Simples";"Não Informado";"Não";4;1;1;1;0;1;2;2;-23,98313502;-52,52941701;"SR-PR";"UOP03";"DEL09"
343400;2021-02-28;"domingo";"05:50:00";"PE";101;"49";"ABREU E LIMA";"Manobra de mudança de faixa";"Colisão com objeto";"Sem Vítimas";"Pleno dia";"Crescente";"Chuva";"Múltipla";"Curva";"Sim";1;0;0;0;1;0;0;1;-7,9005152;-34,90180641;"SR-PE";"UOP02";"DEL01"