"id";"data_inversa";"dia_semana";"horario";"uf";"br";"km";"municipio";"causa_acidente";"tipo_acidente";"classificacao_acidente";"fase_dia";"sentido_via";"condicao_metereologica";"tipo_pista";"tracado_via";"uso_solo";"pessoas";"mortos";"feridos_leves";"feridos_graves";"ilesos";"ignorados";"feridos";"veiculos";"latitude";"longitude";"regional";"delegacia";"uop"
343401;2021-02-28;"domingo";"05:50:00";"SP";116;"201.1";"ARUJA";"Manobra de mudança de faixa";"Colisão lateral mesmo sentido";"Com Vítimas Feridas";"Amanhecer";"Crescente";"Nublado";"Dupla";"Curva";"Sim";2;0;1;0;0;1;1;2;-23,40362877;-46,33050107;"SR-SP";"UOP01";"DEL01"
343403;2021-02-28;"domingo";"02:00:00";"MG";365;"682";"MONTE ALEGRE DE MINAS";"Condutor Dormindo";"Colisão com objeto";"Sem Vítimas";"Plena Noite";"Decrescente";"Nublado";"Dupla";"Reta";"Não";1;0;0;0;1;0;0;1;-18,85061244;-48,83796296;"SR-MG";"UOP01";"DEL15"
343404;2021-02-28;"domingo";"05:30:00";"MG";116;"790.3";"LEOPOLDINA";"Condutor Dormindo";"Saída de leito carroçável";"Com Vítimas Feridas";"Amanhecer";"Crescente";"Céu Claro";"Simples";"Reta";"Não";3;0;2;0;0;1;2;1;-21,67548514;-42,73250632;"SR-MG";"UOP01";"DEL07"
343405;2021-02-27;"sábado";"22:30:00";"RJ";116;"283";"BARRA MANSA";"Ausência de reação do condutor";"Colisão transversal";"Com Vítimas Feridas";"Plena Noite";"Decrescente";"Nublado";"Múltipla";"Curva";"Não";5;0;3;0;2;0;3;2;-22,51669896;-44,20814495;"SR-RJ";"UOP02";"DEL07"
343406;2021-02-28;"domingo";"05:25:00";"PR";153;"118.3";"IBAITI";"Demais falhas mecânicas ou elétricas";"Incêndio";"Sem Vítimas";"Amanhecer";"Decrescente";"Céu Claro";"Simples";"Reta";"Não";1;0;0;0;1;0;0;1;-23,91600185;-50,21944506;"SR-PR";"UOP03";"DEL07"
343407;2021-02-28;"domingo";"06:30:00";"RJ";101;"66.9";"CAMPOS DOS GOYTACAZES";"Reação tardia ou ineficiente do condutor";"Tombamento";"Com Vítimas Feridas";"Pleno dia";"Decrescente";"Nublado";"Simples";"Reta";"Sim";3;0;1;2;0;0;3;1;-21,76751094;-41,34876249;"SR-RJ";"UOP02";"DEL08"
343408;2021-02-28;"domingo";"05:50:00";"PR";116;"126";"FAZENDA RIO GRANDE";"Ausência de reação do condutor";"Engavetamento";"Com Vítimas Feridas";"Amanhecer";"Decrescente";"Céu Claro";"Dupla";"Reta";"Sim";4;0;1;0;3;0;1;3;-25,637653;-49,313082;"SR-PR";"UOP03";"DEL01"
343409;2021-02-28;"domingo";"06:45:00";"SP";381;"88";"GUARULHOS";"Velocidade Incompatível";"Colisão lateral mesmo sentido";"Com Vítimas Feridas";"Amanhecer";"Decrescente";"Céu Claro";"Dupla";"Reta";"Não";1;0;1;0;0;0;1;1;-23,47469314;-46,56112919;"SR-SP";"UOP01";"DEL03"
343410;2021-02-28;"domingo";"06:10:00";"MG";364;"15.3";"FRUTAL";"Velocidade Incompatível";"Colisão frontal";"Com Vítimas Fatais";"Pleno dia";"Decrescente";"Nublado";"Simples";"Reta";"Não";3;1;0;1;1;0;1;2;-20,07062;-48,78876;"SR-MG";"UOP02";"DEL13"
343411;2021-02-28;"domingo";"05:00:00";"RJ";101;"323";"NITEROI";"Reação tardia ou ineficiente do condutor";"Colisão com objeto";"Com Vítimas Feridas";"Amanhecer";"Decrescente";"Céu Claro";"Dupla";"Reta";"Não";3;0;1;0;2;0;1;3;-22,87684786;-43,11728689;"SR-RJ";"UOP02";"DEL02"
343412;2021-02-28;"domingo";"04:20:00";"MT";70;"225";"POXOREO";"Falta de acostamento";"Colisão com objeto";"Com Vítimas Feridas";"Plena Noite";"Crescente";"Garoa/Chuvisco";"Simples";"Curva";"Não";1;0;1;0;0;0;1;1;-15,656784;-53,90401;"SR-MT";"UOP01";"DEL05"
343413;2021-01-27;"quarta";"01:16:00";"PR";376;"616";"SAO JOSE DOS PINHAIS";"Condutor deixou de manter distância do veículo da frente";"Colisão traseira";"Sem Vítimas";"Plena Noite";"Decrescente";"Chuva";"Dupla";"Reta";"Não";2;0;0;0;0;2;0;2;-25,57583659;-49,17953679;"SR-PR";"UOP04";"DEL01"
343414;2021-02-27;"sábado";"23:10:00";"MG";116;"25";"CACHOEIRA DE PAJEU";"Condutor Dormindo";"Saída de leito carroçável";"Sem Vítimas";"Plena Noite";"Crescente";"Céu Claro";"Simples";"Reta";"Não";1;0;0;0;1;0;0;1;-15,87144601;-41,43021999;"SR-BA";"UOP03";"DEL08"
343415;2021-02-28;"domingo";"03:00:00";"SP";381;"84";"SAO PAULO";"Velocidade Incompatível";"Capotamento";"Com Vítimas Feridas";"Plena Noite";"Crescente";"Céu Claro";"Dupla";"Reta";"Sim";1;0;1;0;0;0;1;1;-23,43937;-46,56807;"SR-SP";"UOP01";"DEL03"
343416;2021-02-28;"domingo";"06:30:00";"MG";381;"154.5";"GOVERNADOR VALADARES";"Animais na Pista";"Atropelamento de Animal";"Com Vítimas Feridas";"Pleno dia";"Crescente";"Nublado";"Simples";"Reta";"Não";2;0;2;0;0;0;2;1;-18,88666107;-42,00230199;"SR-MG";"UOP01";"DEL06"
343417;2021-02-28;"domingo";"04:30:00";"RJ";101;"411";"ITAGUAI";"Animais na Pista";"Atropelamento de Animal";"Sem Vítimas";"Amanhecer";"Crescente";"Céu Claro";"Dupla";"Reta";"Sim";1;0;0;0;1;0;0;1;-22,89484687;-43,84753204;"SR-RJ";"UOP04";"DEL01"
343418;2021-02-28;"domingo";"06:40:00";"ES";101;"355";"ANCHIETA";"Desrespeitar a preferência no cruzamento";"Colisão lateral mesmo sentido";"Com Vítimas Feridas";"Amanhecer";"Decrescente";"Nublado";"Simples";"Reta";"Não";2;0;1;0;1;0;1;2;-20,68854312;-40,67978692;"SR-ES";"UOP01";"DEL03"
343420;2021-02-28;"domingo";"07:30:00";"ES";101;"240";"FUNDAO";"Conversão proibida";"Colisão traseira";"Com Vítimas Feridas";"Pleno dia";"Crescente";"Nublado";"Simples";"Reta";"Não";3;0;1;0;2;0;1;2;-20,01594191;-40,40401764;"SR-ES";"UOP01";"DEL02"
343421;2021-02-28;"domingo";"00:15:00";"MG";381;"300";"ANTONIO DIAS";"Chuva";"Colisão com objeto";"Com Vítimas Feridas";"Plena Noite";"Crescente";"Chuva";"Dupla";"Reta";"Não";3;0;0;1;2;0;1;1;-19,636885;-42,89911294;"SR-MG";"UOP02";"DEL03"
343422;2021-02-28;"domingo";"07:40:00";"MG";262;"385";"MATEUS LEME";"Velocidade Incompatível";"Saída de leito carroçável";"Com Vítimas Feridas";"Pleno dia";"Crescente";"Nublado";"Dupla";"Curva";"Não";4;0;4;0;0;0;4;1;-19,93407809;-44,42855871;"SR-MG";"UOP03";"DEL01"
343423;2021-02-28;"domingo";"07:20:00";"MG";381;"502.3";"BETIM";"Velocidade Incompatível";"Saída de leito carroçável";"Sem Vítimas";"Pleno dia";"Decrescente";"Nublado";"Dupla";"Curva";"Sim";1;0;0;0;0;1;0;1;-20,03619694;-44,24586303;"SR-MG";"UOP03";"DEL01"
343424;2021-02-28;"domingo";"05:45:00";"MG";116;"539.2";"SANTA RITA DE MINAS";"Ingestão de álcool pelo condutor";"Colisão com objeto";"Com Vítimas Feridas";"Amanhecer";"Decrescente";"Céu Claro";"Simples";"Reta";"Sim";3;0;2;0;1;0;2;1;-19,88240027;-42,13242591;"SR-MG";"UOP02";"DEL06"
343425;2021-02-28;"domingo";"03:30:00";"SP";101;"48.9";"UBATUBA";"Condutor deixou de manter distância do veículo da frente";"Colisão traseira";"Com Vítimas Feridas";"Plena Noite";"Decrescente";"Céu Claro";"Simples";"Reta";"Sim";2;0;1;0;0;1;1;2;-23,43696329;-45,08768768;"SR-SP";"UOP02";"DEL06"
343426;2021-02-28;"domingo";"07:30:00";"RJ";116;"194";"NOVA IGUACU";"Ingestão de álcool pelo condutor";"Saída de leito carroçável";"Com Vítimas Feridas";"Pleno dia";"Crescente";"Céu Claro";"Múltipla";"Reta";"Sim";2;0;1;0;1;0;1;2;-22,73711632;-43,53793909;"SR-RJ";"UOP02";"DEL01"
343427;2021-02-28;"domingo";"08:00:00";"ES";101;"265";"SERRA";"Ingestão de álcool e/ou substâncias psicoativas pelo pedestre";"Colisão com objeto";"Com Vítimas Feridas";"Pleno dia";"Decrescente";"Céu Claro";"Múltipla";"Desvio Temporário";"Sim";2;0;1;0;1;0;1;1;-20,1816849;-40,26536036;"SR-ES";"UOP01";"DEL02"
343428;2021-02-27;"sábado";"22:50:00";"MG";116;"581";"MANHUACU";"Ingestão de álcool pelo condutor";"Colisão frontal";"Com Vítimas Feridas";"Plena Noite";"Decrescente";"Garoa/Chuvisco";"Simples";"Curva";"Não";8;0;3;0;5;0;3;2;-20,19603401;-42,18344405;"SR-MG";"UOP04";"DEL06"
343429;2021-02-09;"terça";"04:50:00";"SP";116;"362";"MIRACATU";"Velocidade Incompatível";"Tombamento";"Sem Vítimas";"Plena Noite";"Crescente";"Céu Claro";"Dupla";"Curva";"Não";1;0;0;0;1;0;0;1;-24,1220177;-47,27047772;"SR-SP";"UOP02";"DEL04"
343430;2021-02-28;"domingo";"09:20:00";"RJ";116;"173";"MESQUITA";"Manobra de mudança de faixa";"Queda de ocupante de veículo";"Com Vítimas Feridas";"Pleno dia";"Decrescente";"Céu Claro";"Múltipla";"Reta";"Sim";2;0;2;0;0;0;2;1;-22,79810324;-43,35726614;"SR-RJ";"UOP02";"DEL01"
343431;2021-02-28;"domingo";"09:30:00";"SC";101;"79.5";"ARAQUARI";"Acumulo de óleo sobre o pavimento";"Colisão com objeto";"Com Vítimas Feridas";"Pleno dia";"Decrescente";"Garoa/Chuvisco";"Múltipla";"Interseção de vias";"Sim";2;0;1;0;1;0;1;1;-26,58559601;-48,72192112;"SR-SC";"UOP02";"DEL03"
343432;2021-02-28;"domingo";"09:30:00";"SC";101;"129.1";"CAMBORIU";"Reação tardia ou ineficiente do condutor";"Saída de leito carroçável";"Com Vítimas Feridas";"Pleno dia";"Crescente";"Chuva";"Dupla";"Curva";"Sim";2;0;1;0;1;0;1;1;-26,98064277;-48,6790679;"SR-SC";"UOP03";"DEL04"
343433;2021-02-28;"domingo";"05:00:00";"RJ";101;"287";"ITABORAI";"Ingestão de álcool pelo condutor";"Colisão com objeto";"Com Vítimas Feridas";"Amanhecer";"Decrescente";"Céu Claro";"Dupla";"Desvio Temporário";"Não";2;0;2;0;0;0;2;1;-22,75517486;-42,83462502;"SR-RJ";"UOP03";"DEL02"
343434;2021-01-24;"domingo";"19:30:00";"CE";222;"140";"IRAUCUBA";"Reação tardia ou ineficiente do condutor";"Queda de ocupante de veículo";"Com Vítimas Feridas";"Plena Noite";"Crescente";"Céu Claro";"Simples";"Reta";"Não";2;0;1;1;0;0;2;2;-3,74922845;-39,70828968;"SR-CE";"UOP03";"DEL04"
343435;2021-02-28;"domingo";"08:30:00";"SP";116;"356";"MIRACATU";"Reação tardia ou ineficiente do condutor";"Colisão traseira";"Com Vítimas Feridas";"Pleno dia";"Crescente";"Nublado";"Dupla";"Não Informado";"Não";4;0;2;1;1;0;3;2;-24,09783305;-47,25739002;"SR-SP";"UOP02";"DEL04"
343437;2021-02-28;"domingo";"09:10:00";"MT";364;"337.8";"SANTO ANTONIO DO LEVERGER";"Manobra de mudança de faixa";"Colisão lateral mesmo sentido";"Com Vítimas Feridas";"Pleno dia";"Decrescente";"Nublado";"Dupla";"Reta";"Não";2;0;1;0;1;0;1;2;-15,833065;-55,468155;"SR-MT";"UOP02";"DEL05"
343438;2021-02-28;"domingo";"10:20:00";"PR";116;"110";"CURITIBA";"Ausência de reação do condutor";"Colisão traseira";"Com Vítimas Feridas";"Pleno dia";"Decrescente";"Chuva";"Dupla";"Não Informado";"Sim";2;0;1;0;1;0;1;2;-25,57012941;-49,21736805;"SR-PR";"UOP01";"DEL01"
343439;2021-02-28;"domingo";"10:50:00";"MG";262;"386.7";"MATEUS LEME";"Velocidade Incompatível";"Saída de leito carroçável";"Com Vítimas Feridas";"Pleno dia";"Decrescente";"Céu Claro";"Dupla";"Reta";"Não";1;0;1;0;0;0;1;1;-19,91818541;-44,48067713;"SR-MG";"UOP03";"DEL01"
343440;2021-02-28;"domingo";"06:50:00";"BA";116;"691";"JEQUIE";"Reação tardia ou ineficiente do condutor";"Tombamento";"Sem Vítimas";"Pleno dia";"Decrescente";"Sol";"Simples";"Desvio Temporário";"Não";1;0;0;0;1;0;0;1;-13,94789006;-40,16494773;"SR-BA";"UOP01";"DEL03"
343441;2021-02-28;"domingo";"10:10:00";"SP";116;"122";"CACAPAVA";"Avarias e/ou desgaste excessivo no pneu";"Queda de ocupante de veículo";"Com Vítimas Feridas";"Pleno dia";"Crescente";"Nublado";"Dupla";"Reta";"Não";2;0;0;2;0;0;2;1;-23,08192414;-45,66154591;"SR-SP";"UOP02";"DEL02"
343442;2021-01-25;"segunda";"14:55:00";"MG";50;"172.2";"UBERABA";"Reação tardia ou ineficiente do condutor";"Capotamento";"Com Vítimas Feridas";"Pleno dia";"Decrescente";"Céu Claro";"Dupla";"Reta";"Sim";1;0;1;0;0;0;1;1;-19,75402507;-47,98051917;"SR-MG";"UOP01";"DEL13"
343443;2021-02-28;"domingo";"08:40:00";"BA";101;"142";"TEODORO SAMPAIO";"Ultrapassagem Indevida";"Colisão frontal";"Com Vítimas Fatais";"Pleno dia";"Crescente";"Céu Claro";"Simples";"Curva";"Não";8;2;5;1;0;0;6;2;-12,256782;-38,645088;"SR-BA";"UOP04";"DEL01"
343444;2021-02-28;"domingo";"11:20:00";"PR";116;"17";"ANTONINA";"Pista Escorregadia";"Saída de leito carroçável";"Sem Vítimas";"Pleno dia";"Decrescente";"Chuva";"Dupla";"Curva";"Não";2;0;0;0;2;0;0;1;-25,10305915;-48,70103892;"SR-PR";"UOP02";"DEL01"
343445;2021-02-28;"domingo";"11:40:00";"PE";232;"147";"SAO CAITANO";"Velocidade Incompatível";"Queda de ocupante de veículo";"Com Vítimas Feridas";"Pleno dia";"Decrescente";"Sol";"Dupla";"Reta";"Sim";1;0;1;0;0;0;1;1;-8,33331;-36,13883;"SR-PE";"UOP02";"DEL02"
343447;2021-02-28;"domingo";"11:35:00";"SP";381;"85";"SAO PAULO";"Pedestre cruzava a pista fora da faixa";"Atropelamento de Pedestre";"Com Vítimas Fatais";"Pleno dia";"Decrescente";"Céu Claro";"Múltipla";"Reta";"Sim";2;1;0;0;1;0;0;1;-23,449343;-46,56983501;"SR-SP";"UOP01";"DEL03"
343448;2021-02-28;"domingo";"09:40:00";"RO";364;"35";"VILHENA";"Acessar a via sem observar a presença dos outros veículos";"Capotamento";"Com Vítimas Feridas";"Pleno dia";"Crescente";"Chuva";"Simples";"Desvio Temporário";"Não";4;0;1;0;3;0;1;2;-12,67080681;-60,30359285;"SR-RO";"UOP01";"DEL04"
343449;2021-02-28;"domingo";"11:50:00";"SP";153;"108.9";"JOSE BONIFACIO";"Avarias e/ou desgaste excessivo no pneu";"Tombamento";"Com Vítimas Feridas";"Pleno dia";"Decrescente";"Nublado";"Simples";"Reta";"Não";2;0;2;0;0;0;2;1;-21,07208391;-49,66656517;"SR-SP";"UOP01";"DEL09"
343450;2021-02-28;"domingo";"12:40:00";"PR";376;"652";"TIJUCAS DO SUL";"Chuva";"Colisão lateral mesmo sentido";"Com Vítimas Feridas";"Pleno dia";"Decrescente";"Chuva";"Dupla";"Curva";"Não";4;0;1;0;2;1;1;2;-25,8461583;-49,068884;"SR-PR";"UOP04";"DEL01"
343451;2021-02-28;"domingo";"11:40:00";"SP";116;"340";"MIRACATU";"Velocidade Incompatível";"Capotamento";"Com Vítimas Feridas";"Pleno dia";"Decrescente";"Céu Claro";"Dupla";"Reta";"Não";1;0;1;0;0;0;1;1;-24,00328505;-47,15633198;"SR-SP";"UOP02";"DEL04"
343452;2021-02-28;"domingo";"11:30:00";"PR";369;"425";"JURANDA";"Desrespeitar a preferência no cruzamento";"Colisão transversal";"Com Vítimas Feridas";"Pleno dia";"Decrescente";"Céu Claro";"Simples";"Interseção de vias";"Sim";5;0;4;0;1;0;4;2;-24,4188;-52,8236;"SR-PR";"UOP03";"DEL09"
343453;2021-02-28;"domingo";"12:35:00";"MG";50;"72.7";"UBERLANDIA";"Pedestre cruzava a pista fora da faixa";"Atropelamento de Pedestre";"Com Vítimas Fatais";"Pleno dia";"Crescente";"Chuva";"Dupla";"Não Informado";"Sim";2;1;0;0;1;0;0;1;-18,90319659;-48,23526362;"SR-MG";"UOP01";"DEL15"
343454;2021-02-28;"domingo";"13:10:00";"PE";232;"116";"CARUARU";"Animais na Pista";"Saída de leito carroçável";"Com Vítimas Feridas";"Pleno dia";"Crescente";"Sol";"Dupla";"Reta";"Não";1;0;1;0;0;0;1;1;-8,2970005;-35,86666391;"SR-PE";"UOP02";"DEL02"
343455;2021-02-28;"domingo";"13:10:00";"ES";101;"235";"FUNDAO";"Chuva";"Capotamento";"Com Vítimas Feridas";"Pleno dia";"Decrescente";"Chuva";"Simples";"Curva";"Não";4;0;4;0;0;0;4;1;-19,97811606;-40,40780888;"SR-ES";"UOP01";"DEL02"
343456;2021-02-28;"domingo";"10:20:00";"AM";174;"967";"MANAUS";"Acumulo de areia ou detritos sobre o pavimento";"Saída de leito carroçável";"Com Vítimas Feridas";"Pleno dia";"Decrescente";"Chuva";"Simples";"Não Informado";"Não";1;0;1;0;0;0;1;1;-2,24968286;-60,03237023;"SR-AM";"UOP02";"DEL01"
343457;2021-02-28;"domingo";"14:00:00";"GO";60;"117.8";"TEREZOPOLIS DE GOIAS";"Desrespeitar a preferência no cruzamento";"Colisão transversal";"Com Vítimas Feridas";"Pleno dia";"Crescente";"Céu Claro";"Múltipla";"Interseção de vias";"Sim";3;0;2;0;1;0;2;2;-16,4789;-49,0864;"SR-GO";"UOP01";"DEL01"
343458;2021-02-28;"domingo";"12:44:00";"RJ";116;"182";"NOVA IGUACU";"Reação tardia ou ineficiente do condutor";"Queda de ocupante de veículo";"Com Vítimas Feridas";"Pleno dia";"Decrescente";"Céu Claro";"Dupla";"Reta";"Sim";2;0;2;0;0;0;2;1;-22,7567755;-43,43107234;"SR-RJ";"UOP02";"DEL01"
343459;2021-02-28;"domingo";"13:55:00";"PR";116;"38.5";"CAMPINA GRANDE DO SUL";"Velocidade Incompatível";"Capotamento";"Com Vítimas Feridas";"Pleno dia";"Crescente";"Chuva";"Dupla";"Curva";"Não";2;0;2;0;0;0;2;1;-25,14802509;-48,85922071;"SR-PR";"UOP02";"DEL01"
343460;2021-02-28;"domingo";"02:00:00";"MG";146;"493";"BOTELHOS";"Demais falhas mecânicas ou elétricas";"Capotamento";"Com Vítimas Feridas";"Plena Noite";"Crescente";"Nublado";"Simples";"Curva";"Não";1;0;1;0;0;0;1;1;-21,6405821;-46,40449405;"SR-MG";"UOP01";"DEL09"
343461;2021-02-28;"domingo";"13:00:00";"GO";20;"85";"VILA BOA";"Ingestão de álcool pelo condutor";"Colisão com objeto";"Com Vítimas Feridas";"Pleno dia";"Crescente";"Nublado";"Simples";"Reta";"Não";1;0;1;0;0;0;1;1;-15,057553;-47,072803;"SR-DF";"UOP01";"DEL02"
343462;2021-02-28;"domingo";"14:20:00";"PE";232;"125.6";"CARUARU";"Acessar a via sem observar a presença dos outros veículos";"Colisão transversal";"Com Vítimas Fatais";"Pleno dia";"Crescente";"Céu Claro";"Dupla";"Reta";"Sim";2;1;0;0;1;0;0;2;-8,30807114;-35,94580097;"SR-PE";"UOP02";"DEL02"
343464;2021-02-28;"domingo";"11:00:00";"RO";364;"237.6";"CACOAL";"Desrespeitar a preferência no cruzamento";"Colisão transversal";"Com Vítimas Feridas";"Pleno dia";"Crescente";"Céu Claro";"Simples";"Não Informado";"Sim";3;0;1;0;0;2;1;2;-11,44341056;-61,44672787;"SR-RO";"UOP02";"DEL02"
343465;2021-02-28;"domingo";"14:20:00";"CE";116;"476";"MILAGRES";"Acessar a via sem observar a presença dos outros veículos";"Colisão transversal";"Com Vítimas Feridas";"Pleno dia";"Crescente";"Céu Claro";"Simples";"Reta";"Não";5;0;1;0;4;0;1;2;-7,301886;-38,89382;"SR-CE";"UOP03";"DEL05"
343467;2021-02-28;"domingo";"14:40:00";"MG";381;"941";"EXTREMA";"Acessar a via sem observar a presença dos outros veículos";"Colisão lateral mesmo sentido";"Com Vítimas Fatais";"Pleno dia";"Decrescente";"Nublado";"Dupla";"Curva";"Não";4;1;0;0;1;2;0;2;-22,86021873;-46,34260711;"SR-MG";"UOP03";"DEL16"
343468;2021-02-28;"domingo";"14:30:00";"RJ";101;"262";"RIO BONITO";"Velocidade Incompatível";"Tombamento";"Com Vítimas Feridas";"Pleno dia";"Decrescente";"Nublado";"Dupla";"Curva";"Sim";1;0;1;0;0;0;1;1;-22,71367506;-42,62052996;"SR-RJ";"UOP03";"DEL02"
343469;2021-02-03;"quarta";"08:50:00";"PE";408;"55";"NAZARE DA MATA";"Acessar a via sem observar a presença dos outros veículos";"Colisão transversal";"Com Vítimas Feridas";"Pleno dia";"Crescente";"Céu Claro";"Simples";"Interseção de vias";"Não";7;0;3;1;3;0;4;2;-7,7790936;-35,23879766;"SR-PE";"UOP01";"DEL01"
343470;2021-02-28;"domingo";"09:35:00";"MG";459;"43.9";"SANTA RITA DE CALDAS";"Acessar a via sem observar a presença dos outros veículos";"Colisão traseira";"Com Vítimas Feridas";"Pleno dia";"Decrescente";"Nublado";"Simples";"Reta";"Não";3;0;2;1;0;0;3;2;-22,024902;-46,305658;"SR-MG";"UOP01";"DEL09"
343471;2021-02-28;"domingo";"15:00:00";"PR";376;"654.5";"TIJUCAS DO SUL";"Chuva";"Saída de leito carroçável";"Com Vítimas Feridas";"Pleno dia";"Decrescente";"Chuva";"Dupla";"Curva";"Não";1;0;1;0;0;0;1;1;-25,84325961;-49,05169114;"SR-PR";"UOP04";"DEL01"
343472;2021-02-28;"domingo";"13:35:00";"GO";153;"700";"ITUMBIARA";"Ingestão de álcool pelo condutor";"Colisão frontal";"Com Vítimas Feridas";"Pleno dia";"Crescente";"Céu Claro";"Dupla";"Curva";"Sim";2;0;1;0;1;0;1;1;-18,3945;-49,2051;"SR-GO";"UOP02";"DEL03"
343473;2021-02-28;"domingo";"14:45:00";"MS";267;"25.5";"BATAGUASSU";"Reação tardia ou ineficiente do condutor";"Saída de leito carroçável";"Com Vítimas Feridas";"Pleno dia";"Decrescente";"Sol";"Simples";"Não Informado";"Não";2;0;2;0;0;0;2;1;-21,72459772;-52,38438497;"SR-MS";"UOP04";"DEL02"
343475;2021-02-28;"domingo";"09:10:00";"PR";376;"498";"PONTA GROSSA";"Velocidade Incompatível";"Tombamento";"Com Vítimas Feridas";"Pleno dia";"Crescente";"Céu Claro";"Dupla";"Curva";"Sim";1;0;1;0;0;0;1;1;-25,14930717;-50,145128;"SR-PR";"UAP01";"DEL03"
343476;2021-02-28;"domingo";"05:00:00";"MG";365;"167.3";"BURITIZEIRO";"Reação tardia ou ineficiente do condutor";"Colisão com objeto";"Com Vítimas Feridas";"Plena Noite";"Crescente";"Nublado";"Simples";"Curva";"Não";3;0;3;0;0;0;3;2;-17,38264066;-44,97965606;"SR-MG";"UOP01";"DEL12"
343477;2021-02-28;"domingo";"15:30:00";"MG";381;"490";"BETIM";"Ausência de reação do condutor";"Colisão traseira";"Com Vítimas Feridas";"Pleno dia";"Decrescente";"Céu Claro";"Dupla";"Reta";"Sim";2;0;0;1;1;0;1;2;-19,96502819;-44,17422195;"SR-MG";"UOP03";"DEL01"
343478;2021-02-28;"domingo";"15:25:00";"TO";153;"140";"ARAGUAINA";"Ausência de reação do condutor";"Saída de leito carroçável";"Com Vítimas Feridas";"Pleno dia";"Decrescente";"Céu Claro";"Dupla";"Retorno Regulamentado";"Sim";1;0;0;1;0;0;1;1;-7,27288096;-48,2662611;"SR-TO";"UOP01";"DEL02"
343479;2021-02-16;"terça";"14:03:00";"MA";316;"260.2";"SANTA INES";"Desrespeitar a preferência no cruzamento";"Colisão transversal";"Com Vítimas Feridas";"Pleno dia";"Crescente";"Céu Claro";"Simples";"Rotatória";"Sim";2;0;1;0;1;0;1;2;-3,669811;-45,394978;"SR-MA";"UOP01";"DEL02"
343480;2021-02-28;"domingo";"15:00:00";"ES";101;"367.5";"ANCHIETA";"Ultrapassagem Indevida";"Colisão frontal";"Com Vítimas Feridas";"Pleno dia";"Crescente";"Nublado";"Simples";"Reta";"Não";4;0;0;4;0;0;4;2;-20,74480799;-40,7602114;"SR-ES";"UOP01";"DEL03"
343481;2021-02-28;"domingo";"14:05:00";"MG";262;"634";"IBIA";"Velocidade Incompatível";"Colisão traseira";"Com Vítimas Feridas";"Pleno dia";"Decrescente";"Sol";"Simples";"Não Informado";"Não";3;0;1;0;2;0;1;2;-19,59290721;-46,4899981;"SR-MG";"UOP01";"DEL08"
343482;2021-02-28;"domingo";"15:30:00";"MG";50;"145";"UBERABA";"Ausência de reação do condutor";"Saída de leito carroçável";"Com Vítimas Feridas";"Pleno dia";"Crescente";"Garoa/Chuvisco";"Dupla";"Reta";"Não";1;0;1;0;0;0;1;1;-19,51997196;-48,03997088;"SR-MG";"UOP01";"DEL13"
343483;2021-02-28;"domingo";"15:40:00";"PI";343;"130.2";"PIRACURUCA";"Conversão proibida";"Colisão transversal";"Com Vítimas Feridas";"Pleno dia";"Decrescente";"Garoa/Chuvisco";"Simples";"Reta";"Não";2;0;0;1;1;0;1;2;-3,833111;-41,693443;"SR-PI";"UOP01";"DEL02"
343484;2021-02-28;"domingo";"16:00:00";"SP";381;"51";"ATIBAIA";"Condutor deixou de manter distância do veículo da frente";"Colisão traseira";"Sem Vítimas";"Pleno dia";"Crescente";"Nublado";"Dupla";"Reta";"Não";2;0;0;0;2;0;0;2;-23,221911;-46,59644;"SR-SP";"UOP01";"DEL03"
343485;2021-02-28;"domingo";"16:30:00";"SP";101;"37.8";"UBATUBA";"Ausência de reação do condutor";"Colisão traseira";"Com Vítimas Feridas";"Pleno dia";"Decrescente";"Nublado";"Simples";"Reta";"Não";2;0;1;0;1;0;1;2;-23,40235292;-45,01855494;"SR-SP";"UOP02";"DEL06"
343486;2021-02-28;"domingo";"14:30:00";"SP";116;"76.4";"ROSEIRA";"Avarias e/ou desgaste excessivo no pneu";"Tombamento";"Com Vítimas Feridas";"Pleno dia";"Crescente";"Céu Claro";"Dupla";"Não Informado";"Não";2;0;2;0;0;0;2;1;-22,87747687;-45,27203908;"SR-SP";"UOP01";"DEL08"
343487;2021-02-28;"domingo";"09:00:00";"RO";435;"35";"VILHENA";"Transitar na contramão";"Colisão frontal";"Com Vítimas Feridas";"Pleno dia";"Crescente";"Chuva";"Simples";"Reta";"Não";3;0;1;0;2;0;1;3;-12,84736708;-60,37897271;"SR-RO";"UOP02";"DEL04"
343488;2021-02-28;"domingo";"17:00:00";"SP";116;"308";"SAO LOURENCO DA SERRA";"Ingestão de álcool pelo condutor";"Saída de leito carroçável";"Com Vítimas Feridas";"Anoitecer";"Decrescente";"Garoa/Chuvisco";"Dupla";"Reta";"Não";3;0;1;0;2;0;1;1;-23,86213995;-46,94718508;"SR-SP";"UOP01";"DEL04"
343489;2021-02-28;"domingo";"16:15:00";"PR";163;"175";"LINDOESTE";"Velocidade Incompatível";"Tombamento";"Sem Vítimas";"Pleno dia";"Crescente";"Céu Claro";"Dupla";"Não Informado";"Não";1;0;0;0;1;0;0;1;-25,21734703;-53,59537645;"SR-PR";"UOP04";"DEL04"
343491;2021-02-28;"domingo";"17:00:00";"GO";153;"703";"ITUMBIARA";"Transitar na contramão";"Colisão frontal";"Com Vítimas Fatais";"Pleno dia";"Crescente";"Chuva";"Dupla";"Não Informado";"Sim";2;1;1;0;0;0;1;2;-18,411018;-49,195927;"SR-GO";"UOP02";"DEL03"