"id";"data_inversa";"dia_semana";"horario";"uf";"br";"km";"municipio";"causa_acidente";"tipo_acidente";"classificacao_acidente";"fase_dia";"sentido_via";"condicao_metereologica";"tipo_pista";"tracado_via";"uso_solo";"pessoas";"mortos";"feridos_leves";"feridos_graves";"ilesos";"ignorados";"feridos";"veiculos";"latitude";"longitude";"regional";"delegacia";"uop"
343492;2021-02-28;"domingo";"17:10:00";"ES";101;"266.3";"SERRA";"Trafegar com motocicleta (ou similar) entre as faixas";"Colisão lateral mesmo sentido";"Com Vítimas Feridas";"Pleno dia";"Crescente";"Nublado";"Múltipla";"Reta";"Sim";2;0;0;1;1;0;1;2;-20,190199;-40,26828891;"SR-ES";"UOP01";"DEL02"
343493;2021-02-28;"domingo";"15:30:00";"MT";70;"329";"DOM AQUINO";"Pista em desnível";"Tombamento";"Com Vítimas Feridas";"Pleno dia";"Decrescente";"Chuva";"Simples";"Reta";"Não";1;0;1;0;0;0;1;1;-15,50970312;-54,69807097;"SR-MT";"UOP01";"DEL05"
343494;2021-02-28;"domingo";"17:40:00";"RN";304;"303";"PARNAMIRIM";"Acessar a via sem observar a presença dos outros veículos";"Colisão traseira";"Com Vítimas Feridas";"Anoitecer";"Crescente";"Céu Claro";"Dupla";"Reta";"Sim";2;0;1;0;1;0;1;2;-5,88217905;-35,28934802;"SR-RN";"UOP02";"DEL01"
343495;2021-02-28;"domingo";"13:30:00";"RS";285;"50.5";"BOM JESUS";"Velocidade Incompatível";"Tombamento";"Com Vítimas Feridas";"Pleno dia";"Crescente";"Céu Claro";"Simples";"Não Informado";"Não";1;0;1;0;0;0;1;1;-28,662718;-50,333027;"SR-RS";"UOP03";"DEL05"
343496;2021-02-28;"domingo";"17:35:00";"RS";101;"63";"MAQUINE";"Velocidade Incompatível";"Saída de leito carroçável";"Sem Vítimas";"Pleno dia";"Decrescente";"Chuva";"Simples";"Desvio Temporário";"Não";1;0;0;0;1;0;0;1;-29,69621105;-50,16781159;"SR-RS";"UOP02";"DEL03"
343497;2021-02-28;"domingo";"16:30:00";"RJ";493;"100";"SEROPEDICA";"Avarias e/ou desgaste excessivo no pneu";"Saída de leito carroçável";"Com Vítimas Feridas";"Pleno dia";"Decrescente";"Céu Claro";"Dupla";"Reta";"Não";3;0;0;2;1;0;2;1;-22,73500918;-43,7196987;"SR-RJ";"UOP04";"DEL01"
343498;2021-02-28;"domingo";"17:00:00";"PE";428;"183.7";"PETROLINA";"Conversão proibida";"Colisão lateral mesmo sentido";"Com Vítimas Feridas";"Pleno dia";"Decrescente";"Sol";"Simples";"Reta";"Sim";3;0;2;0;1;0;2;2;-9,34147945;-40,47098381;"SR-PE";"UOP01";"DEL06"
343499;2021-02-28;"domingo";"16:45:00";"ES";101;"259.8";"SERRA";"Área urbana sem a presença de local apropriado para a travessia de pedestres";"Atropelamento de Pedestre";"Com Vítimas Feridas";"Anoitecer";"Crescente";"Nublado";"Dupla";"Reta";"Sim";4;0;0;2;2;0;2;1;-20,138397;-40,292213;"SR-ES";"UOP01";"DEL02"
343500;2021-02-28;"domingo";"17:50:00";"RS";116;"526.5";"PELOTAS";"Reação tardia ou ineficiente do condutor";"Tombamento";"Com Vítimas Feridas";"Pleno dia";"Crescente";"Nublado";"Dupla";"Não Informado";"Não";1;0;1;0;0;0;1;1;-31,74400756;-52,40463495;"SR-RS";"UOP01";"DEL07"
343501;2021-02-28;"domingo";"17:50:00";"MG";40;"522.9";"CONTAGEM";"Demais falhas mecânicas ou elétricas";"Colisão lateral mesmo sentido";"Com Vítimas Feridas";"Pleno dia";"Crescente";"Céu Claro";"Dupla";"Reta";"Não";2;0;0;1;1;0;1;2;-19,8638731;-44,06749809;"SR-MG";"UOP02";"DEL01"
343502;2021-02-28;"domingo";"16:40:00";"TO";153;"128";"WANDERLANDIA";"Demais falhas mecânicas ou elétricas";"Tombamento";"Com Vítimas Feridas";"Pleno dia";"Crescente";"Céu Claro";"Simples";"Reta";"Não";1;0;1;0;0;0;1;1;-7,08522898;-48,15467901;"SR-TO";"UOP01";"DEL02"
343504;2021-02-28;"domingo";"13:25:00";"MA";316;"598.2";"TIMON";"Frear bruscamente";"Colisão traseira";"Com Vítimas Feridas";"Pleno dia";"Decrescente";"Céu Claro";"Simples";"Reta";"Sim";3;0;1;0;2;0;1;2;-5,021882;-42,971935;"SR-MA";"UOP02";"DEL03"
343505;2021-02-28;"domingo";"15:30:00";"RO";364;"423";"JARU";"Condutor deixou de manter distância do veículo da frente";"Colisão traseira";"Com Vítimas Feridas";"Pleno dia";"Crescente";"Céu Claro";"Simples";"Ponte";"Sim";3;0;2;0;1;0;2;2;-10,45220802;-62,46072003;"SR-RO";"UOP02";"DEL03"
343506;2021-02-28;"domingo";"14:15:00";"MA";135;"142.2";"MATOES DO NORTE";"Ultrapassagem Indevida";"Tombamento";"Com Vítimas Fatais";"Pleno dia";"Decrescente";"Nublado";"Simples";"Reta";"Não";2;1;0;0;0;1;0;2;-3,68994413;-44,52351027;"SR-MA";"UOP02";"DEL01"
343507;2021-02-28;"domingo";"19:00:00";"SC";101;"6";"GARUVA";"Chuva";"Saída de leito carroçável";"Com Vítimas Feridas";"Anoitecer";"Crescente";"Chuva";"Dupla";"Curva";"Não";1;0;1;0;0;0;1;1;-26,02692002;-48,86142017;"SR-SC";"UOP01";"DEL03"
343508;2021-02-28;"domingo";"18:15:00";"SE";235;"29";"AREIA BRANCA";"Ingestão de álcool pelo condutor";"Colisão traseira";"Com Vítimas Feridas";"Plena Noite";"Crescente";"Céu Claro";"Simples";"Reta";"Não";4;0;1;1;2;0;2;2;-10,78508192;-37,29171753;"SR-SE";"UOP02";"DEL01"
343509;2021-02-28;"domingo";"15:00:00";"PR";376;"456.5";"TIBAGI";"Reação tardia ou ineficiente do condutor";"Colisão com objeto";"Sem Vítimas";"Pleno dia";"Crescente";"Chuva";"Dupla";"Reta";"Não";1;0;0;0;1;0;0;1;-24,92185806;-50,41068077;"SR-PR";"UOP02";"DEL03"
343510;2021-02-28;"domingo";"18:55:00";"PR";376;"170.8";"MARINGA";"Desrespeitar a preferência no cruzamento";"Colisão transversal";"Com Vítimas Feridas";"Pleno dia";"Decrescente";"Céu Claro";"Dupla";"Não Informado";"Sim";5;0;2;0;3;0;2;2;-23,40973139;-51,98739588;"SR-PR";"UOP01";"DEL09"
343511;2021-02-28;"domingo";"18:00:00";"PR";277;"720.7";"FOZ DO IGUACU";"Ingestão de álcool pelo condutor";"Saída de leito carroçável";"Sem Vítimas";"Pleno dia";"Crescente";"Céu Claro";"Dupla";"Reta";"Sim";1;0;0;0;1;0;0;1;-25,48750984;-54,50317706;"SR-PR";"UOP03";"DEL05"
343512;2021-02-28;"domingo";"19:15:00";"RN";226;"1";"NATAL";"Ingestão de álcool pelo condutor";"Colisão lateral mesmo sentido";"Sem Vítimas";"Plena Noite";"Crescente";"Céu Claro";"Dupla";"Túnel";"Sim";2;0;0;0;2;0;0;2;-5,80642132;-35,24167278;"SR-RN";"UOP02";"DEL01"
343514;2021-02-28;"domingo";"17:25:00";"RO";364;"521";"ARIQUEMES";"Condutor deixou de manter distância do veículo da frente";"Colisão traseira";"Com Vítimas Feridas";"Pleno dia";"Decrescente";"Céu Claro";"Simples";"Reta";"Não";3;0;0;1;2;0;1;2;-9,87052202;-63,05779627;"SR-RO";"UOP01";"DEL03"
343515;2021-02-28;"domingo";"18:50:00";"RS";470;"197";"VERANOPOLIS";"Ingestão de álcool pelo condutor";"Saída de leito carroçável";"Sem Vítimas";"Plena Noite";"Crescente";"Céu Claro";"Simples";"Curva";"Não";1;0;0;0;1;0;0;1;-29,06129202;-51,5815904;"SR-RS";"UOP02";"DEL06"
343518;2021-02-28;"domingo";"13:30:00";"MT";163;"103.8";"RONDONOPOLIS";"Ingestão de álcool pelo condutor";"Saída de leito carroçável";"Sem Vítimas";"Pleno dia";"Decrescente";"Céu Claro";"Dupla";"Reta";"Não";1;0;0;0;1;0;0;1;-16,63713456;-54,69416719;"SR-MT";"UOP01";"DEL02"
343519;2021-02-28;"domingo";"16:20:00";"PR";277;"209.4";"TEIXEIRA SOARES";"Ingestão de álcool pelo condutor";"Queda de ocupante de veículo";"Com Vítimas Feridas";"Pleno dia";"Crescente";"Chuva";"Simples";"Reta";"Não";1;0;1;0;0;0;1;1;-25,4653;-50,3549;"SR-PR";"UOP03";"DEL03"
343520;2021-02-28;"domingo";"18:45:00";"AP";210;"3";"MACAPA";"Acessar a via sem observar a presença dos outros veículos";"Colisão transversal";"Com Vítimas Feridas";"Anoitecer";"Decrescente";"Nublado";"Simples";"Reta";"Sim";3;0;1;1;1;0;2;2;0,08723365;-51,08569007;"SR-AP";"UOP01";"DEL01"
343521;2021-02-07;"domingo";"18:10:00";"SC";101;"357";"SANGAO";"Desrespeitar a preferência no cruzamento";"Colisão frontal";"Com Vítimas Feridas";"Pleno dia";"Decrescente";"Céu Claro";"Dupla";"Interseção de vias";"Não";3;0;2;0;1;0;2;2;-28,64378624;-49,10026073;"SR-SC";"UOP01";"DEL02"
343522;2021-02-28;"domingo";"16:10:00";"SP";381;"76";"SAO PAULO";"Ausência de reação do condutor";"Capotamento";"Com Vítimas Feridas";"Pleno dia";"Crescente";"Nublado";"Múltipla";"Curva";"Não";3;0;3;0;0;0;3;1;-23,38372401;-46,56502116;"SR-SP";"UOP01";"DEL03"
343524;2021-02-28;"domingo";"16:40:00";"PR";376;"339";"ORTIGUEIRA";"Curva acentuada";"Tombamento";"Sem Vítimas";"Pleno dia";"Crescente";"Sol";"Dupla";"Não Informado";"Não";1;0;0;0;1;0;0;1;-24,14010596;-51,00560546;"SR-PR";"UOP02";"DEL07"
343525;2021-02-28;"domingo";"19:50:00";"MG";262;"801";"UBERABA";"Transitar na contramão";"Colisão frontal";"Com Vítimas Fatais";"Plena Noite";"Crescente";"Nublado";"Dupla";"Reta";"Sim";4;1;0;0;2;1;0;2;-19,77920263;-47,955319;"SR-MG";"UOP01";"DEL13"
343527;2021-02-28;"domingo";"19:30:00";"PI";343;"316.5";"ALTOS";"Ingestão de álcool pelo condutor";"Colisão frontal";"Com Vítimas Feridas";"Plena Noite";"Decrescente";"Chuva";"Simples";"Reta";"Não";2;0;1;0;1;0;1;2;-5,046231;-42,535843;"SR-PI";"UOP01";"DEL01"
343528;2021-02-28;"domingo";"19:30:00";"GO";153;"514";"APARECIDA DE GOIANIA";"Desrespeitar a preferência no cruzamento";"Colisão transversal";"Com Vítimas Feridas";"Plena Noite";"Decrescente";"Nublado";"Dupla";"Reta";"Sim";5;0;3;0;1;1;3;2;-16,78167418;-49,22588243;"SR-GO";"UOP03";"DEL01"
343529;2021-02-28;"domingo";"19:30:00";"GO";50;"148";"CAMPO ALEGRE DE GOIAS";"Animais na Pista";"Saída de leito carroçável";"Com Vítimas Feridas";"Plena Noite";"Decrescente";"Céu Claro";"Dupla";"Reta";"Não";1;0;1;0;0;0;1;1;-17,1572;-47,7225;"SR-GO";"UOP01";"DEL06"
343530;2021-02-28;"domingo";"17:30:00";"RS";386;"160.9";"ALMIRANTE TAMANDARE DO SUL";"Velocidade Incompatível";"Saída de leito carroçável";"Com Vítimas Feridas";"Pleno dia";"Decrescente";"Céu Claro";"Simples";"Reta";"Não";2;0;2;0;0;0;2;1;-28,158697;-52,8442;"SR-RS";"UOP01";"DEL08"
343531;2021-02-28;"domingo";"18:40:00";"RO";364;"710";"PORTO VELHO";"Acessar a via sem observar a presença dos outros veículos";"Colisão transversal";"Com Vítimas Feridas";"Plena Noite";"Decrescente";"Céu Claro";"Dupla";"Reta";"Sim";2;0;0;1;0;1;1;1;-8,78621576;-63,85712687;"SR-RO";"UOP01";"DEL01"
343532;2021-02-28;"domingo";"20:15:00";"PA";316;"121";"NOVA TIMBOTEUA";"Reação tardia ou ineficiente do condutor";"Colisão traseira";"Com Vítimas Fatais";"Plena Noite";"Decrescente";"Chuva";"Simples";"Reta";"Não";11;1;0;0;9;1;0;3;-1,31524247;-47,42596896;"SR-PA";"UOP02";"DEL01"
343533;2021-02-28;"domingo";"18:30:00";"PI";343;"213.9";"CAPITAO DE CAMPOS";"Manobra de mudança de faixa";"Colisão transversal";"Com Vítimas Feridas";"Plena Noite";"Crescente";"Nublado";"Dupla";"Reta";"Sim";2;0;0;1;1;0;1;2;-4,454889;-41,937153;"SR-PI";"UOP01";"DEL02"
343534;2021-02-28;"domingo";"20:50:00";"MG";40;"506";"RIBEIRAO DAS NEVES";"Acessar a via sem observar a presença dos outros veículos";"Colisão lateral mesmo sentido";"Com Vítimas Feridas";"Plena Noite";"Crescente";"Nublado";"Dupla";"Retorno Regulamentado";"Sim";2;0;1;0;1;0;1;2;-19,74716686;-44,14731173;"SR-MG";"UOP01";"DEL02"
343535;2021-02-28;"domingo";"20:15:00";"RJ";116;"301.3";"RESENDE";"Ingestão de álcool pelo condutor";"Colisão lateral mesmo sentido";"Sem Vítimas";"Plena Noite";"Decrescente";"Céu Claro";"Dupla";"Reta";"Não";2;0;0;0;2;0;0;2;-22,4529399;-44,36236901;"SR-RJ";"UOP02";"DEL07"
343536;2021-02-28;"domingo";"19:00:00";"SC";101;"13";"GARUVA";"Manobra de mudança de faixa";"Colisão lateral mesmo sentido";"Com Vítimas Feridas";"Plena Noite";"Crescente";"Nublado";"Dupla";"Reta";"Não";6;0;1;0;5;0;1;5;-26,08986803;-48,86345096;"SR-SC";"UOP01";"DEL03"
343537;2021-02-28;"domingo";"20:30:00";"PR";277;"107.8";"CAMPO LARGO";"Velocidade Incompatível";"Saída de leito carroçável";"Sem Vítimas";"Plena Noite";"Crescente";"Chuva";"Dupla";"Reta";"Não";2;0;0;0;0;2;0;1;-25,43372387;-49,4375347;"SR-PR";"UOP06";"DEL01"
343538;2021-02-28;"domingo";"20:30:00";"PB";101;"79";"SANTA RITA";"Reação tardia ou ineficiente do condutor";"Colisão traseira";"Com Vítimas Feridas";"Plena Noite";"Decrescente";"Chuva";"Simples";"Não Informado";"Não";2;0;0;1;0;1;1;2;-7,1147526;-34,95793891;"SR-PB";"UOP04";"DEL01"
343539;2021-02-28;"domingo";"17:00:00";"SC";470;"128";"LONTRAS";"Reação tardia ou ineficiente do condutor";"Tombamento";"Com Vítimas Feridas";"Pleno dia";"Crescente";"Céu Claro";"Simples";"Curva";"Não";1;0;1;0;0;0;1;1;-27,143742;-49,548897;"SR-SC";"UOP02";"DEL04"
343540;2021-02-28;"domingo";"20:10:00";"SP";116;"445";"REGISTRO";"Ingestão de álcool pelo condutor";"Colisão traseira";"Com Vítimas Feridas";"Plena Noite";"Decrescente";"Chuva";"Dupla";"Curva";"Sim";3;0;1;0;2;0;1;1;-24,50467087;-47,84772743;"SR-SP";"UOP01";"DEL05"
343542;2021-02-28;"domingo";"18:00:00";"PI";343;"225";"COCAL DE TELHA";"Ultrapassagem Indevida";"Colisão lateral mesmo sentido";"Com Vítimas Feridas";"Anoitecer";"Decrescente";"Céu Claro";"Simples";"Reta";"Sim";3;0;1;0;0;2;1;2;-4,556586;-41,972683;"SR-PI";"UOP03";"DEL01"
343543;2021-02-28;"domingo";"22:00:00";"ES";101;"265";"SERRA";"Velocidade Incompatível";"Colisão frontal";"Com Vítimas Fatais";"Plena Noite";"Decrescente";"Nublado";"Múltipla";"Reta";"Não";3;1;1;0;1;0;1;2;-20,1816849;-40,26536036;"SR-ES";"UOP01";"DEL02"
343544;2021-02-28;"domingo";"20:50:00";"TO";242;"374.3";"GURUPI";"Transitar na contramão";"Colisão frontal";"Com Vítimas Fatais";"Plena Noite";"Decrescente";"Chuva";"Simples";"Curva";"Não";4;2;0;2;0;0;2;4;-11,73936721;-49,0111011;"SR-TO";"UOP02";"DEL01"
343545;2021-02-28;"domingo";"18:00:00";"MT";174;"117";"MIRASSOL DOESTE";"Avarias e/ou desgaste excessivo no pneu";"Saída de leito carroçável";"Com Vítimas Feridas";"Anoitecer";"Decrescente";"Céu Claro";"Simples";"Reta";"Não";4;0;3;1;0;0;4;1;-15,82213595;-58,023464;"SR-MT";"UOP01";"DEL03"
343546;2021-02-28;"domingo";"19:40:00";"AC";364;"139";"RIO BRANCO";"Acumulo de areia ou detritos sobre o pavimento";"Tombamento";"Com Vítimas Feridas";"Plena Noite";"Decrescente";"Céu Claro";"Dupla";"Curva";"Sim";2;0;2;0;0;0;2;1;-9,95359291;-67,86119892;"SR-AC";"UOP01";"DEL01"
343547;2021-02-28;"domingo";"21:50:00";"SP";116;"227";"SAO PAULO";"Condutor deixou de manter distância do veículo da frente";"Colisão traseira";"Com Vítimas Feridas";"Plena Noite";"Decrescente";"Nublado";"Múltipla";"Reta";"Não";2;0;1;0;0;1;1;2;-23,49659264;-46,55648754;"SR-SP";"UOP01";"DEL01"
343548;2021-02-28;"domingo";"20:45:00";"SP";381;"61";"MAIRIPORA";"Condutor deixou de manter distância do veículo da frente";"Colisão traseira";"Sem Vítimas";"Plena Noite";"Crescente";"Céu Claro";"Dupla";"Reta";"Não";2;0;0;0;2;0;0;2;-23,29011611;-46,5800681;"SR-SP";"UOP01";"DEL03"
343549;2021-02-28;"domingo";"18:30:00";"CE";116;"135.8";"RUSSAS";"Ingestão de álcool pelo condutor";"Queda de ocupante de veículo";"Com Vítimas Feridas";"Plena Noite";"Decrescente";"Garoa/Chuvisco";"Simples";"Reta";"Não";2;0;1;1;0;0;2;1;-4,72478809;-38,0860534;"SR-CE";"UOP01";"DEL03"
343551;2021-02-26;"sexta";"10:10:00";"RO";364;"365.1";"OURO PRETO DO OESTE";"Condutor deixou de manter distância do veículo da frente";"Colisão com objeto";"Sem Vítimas";"Pleno dia";"Crescente";"Nublado";"Simples";"Reta";"Não";2;0;0;0;2;0;0;2;-10,77514844;-62,08791912;"SR-RO";"UOP01";"DEL02"
343552;2021-02-28;"domingo";"21:00:00";"MS";262;"417";"TERENOS";"Animais na Pista";"Colisão com objeto";"Com Vítimas Feridas";"Plena Noite";"Crescente";"Ignorado";"Simples";"Reta";"Não";1;0;0;1;0;0;1;1;-20,45615717;-55,17887092;"SR-MS";"UOP03";"DEL01"
343553;2021-02-28;"domingo";"22:20:00";"MG";116;"209";"CATUJI";"Transitar na contramão";"Colisão frontal";"Com Vítimas Feridas";"Plena Noite";"Decrescente";"Garoa/Chuvisco";"Simples";"Desvio Temporário";"Sim";3;0;1;1;1;0;2;2;-17,31584103;-41,52356589;"SR-MG";"UOP01";"DEL11"
343554;2021-02-28;"domingo";"21:30:00";"GO";60;"112.8";"GOIANAPOLIS";"Pista Escorregadia";"Colisão traseira";"Com Vítimas Feridas";"Plena Noite";"Crescente";"Chuva";"Dupla";"Reta";"Não";2;0;0;1;1;0;1;2;-16,4511;-49,0498;"SR-GO";"UOP01";"DEL01"
343555;2021-02-28;"domingo";"22:15:00";"AL";316;"95.1";"SANTANA DO IPANEMA";"Iluminação deficiente";"Colisão traseira";"Com Vítimas Fatais";"Plena Noite";"Crescente";"Céu Claro";"Simples";"Reta";"Não";3;1;0;2;0;0;2;2;-9,38730764;-37,16161501;"SR-AL";"UOP02";"DEL03"
343556;2021-02-28;"domingo";"21:33:00";"RJ";40;"121";"DUQUE DE CAXIAS";"Curva acentuada";"Tombamento";"Sem Vítimas";"Plena Noite";"Decrescente";"Céu Claro";"Simples";"Curva";"Não";1;0;0;0;1;0;0;1;-22,7875769;-43,28409433;"SR-RJ";"UOP01";"DEL01"
343557;2021-02-28;"domingo";"19:00:00";"RJ";40;"117";"DUQUE DE CAXIAS";"Velocidade Incompatível";"Colisão com objeto";"Sem Vítimas";"Plena Noite";"Decrescente";"Céu Claro";"Múltipla";"Reta";"Sim";2;0;0;0;2;0;0;1;-22,749;-43,288;"SR-RJ";"UOP01";"DEL01"
343558;2021-01-30;"sábado";"19:35:00";"PE";424;"74.1";"CAETES";"Ausência de reação do condutor";"Colisão frontal";"Com Vítimas Feridas";"Plena Noite";"Crescente";"Céu Claro";"Simples";"Reta";"Não";3;0;0;3;0;0;3;2;-8,79968991;-36,59105994;"SR-PE";"UOP01";"DEL03"
343559;2021-02-28;"domingo";"21:40:00";"ES";101;"91";"JAGUARE";"Velocidade Incompatível";"Colisão traseira";"Com Vítimas Feridas";"Plena Noite";"Decrescente";"Nublado";"Simples";"Reta";"Sim";5;0;1;0;3;1;1;2;-18,90626994;-39,95995813;"SR-ES";"UOP02";"DEL04"
343560;2021-02-28;"domingo";"21:50:00";"RJ";101;"283";"ITABORAI";"Manobra de mudança de faixa";"Colisão lateral mesmo sentido";"Com Vítimas Feridas";"Plena Noite";"Crescente";"Céu Claro";"Dupla";"Reta";"Sim";3;0;2;0;1;0;2;2;-22,73591014;-42,80592689;"SR-RJ";"UOP03";"DEL02"
343561;2021-02-28;"domingo";"16:50:00";"GO";40;"10.7";"LUZIANIA";"Manobra de mudança de faixa";"Colisão lateral mesmo sentido";"Sem Vítimas";"Pleno dia";"Decrescente";"Nublado";"Múltipla";"Não Informado";"Sim";2;0;0;0;2;0;0;2;-16,131285;-47,957923;"SR-DF";"UOP01";"DEL01"
343562;2021-02-28;"domingo";"13:30:00";"RJ";101;"185";"CASIMIRO DE ABREU";"Acumulo de água sobre o pavimento";"Queda de ocupante de veículo";"Com Vítimas Feridas";"Pleno dia";"Decrescente";"Chuva";"Dupla";"Reta";"Não";2;0;2;0;0;0;2;1;-22,43204693;-42,03456101;"SR-RJ";"UOP04";"DEL08"
343564;2021-02-28;"domingo";"22:10:00";"PR";376;"437";"TIBAGI";"Velocidade Incompatível";"Capotamento";"Com Vítimas Feridas";"Plena Noite";"Decrescente";"Chuva";"Dupla";"Curva";"Não";3;0;2;0;1;0;2;1;-24,84593393;-50,47413272;"SR-PR";"UOP02";"DEL03"
343566;2021-02-28;"domingo";"23:45:00";"SP";101;"24.5";"UBATUBA";"Transitar na contramão";"Colisão frontal";"Com Vítimas Fatais";"Plena Noite";"Decrescente";"Nublado";"Simples";"Curva";"Não";6;1;1;0;3;1;1;3;-23,3564115;-44,94595181;"SR-SP";"UOP02";"DEL06"
343567;2021-02-28;"domingo";"22:20:00";"PR";116;"56";"CAMPINA GRANDE DO SUL";"Velocidade Incompatível";"Queda de ocupante de veículo";"Com Vítimas Feridas";"Plena Noite";"Crescente";"Chuva";"Dupla";"Reta";"Não";1;0;1;0;0;0;1;1;-25,28090266;-48,92731145;"SR-PR";"UOP02";"DEL01"
343568;2021-02-28;"domingo";"15:30:00";"MT";163;"1112";"GUARANTA DO NORTE";"Ultrapassagem Indevida";"Tombamento";"Sem Vítimas";"Pleno dia";"Crescente";"Nublado";"Simples";"Reta";"Não";2;0;0;0;1;1;0;2;-9,70020602;-54,87588757;"SR-MT";"UOP02";"DEL06"
343569;2021-02-28;"domingo";"22:35:00";"RO";319;"60.9";"PORTO VELHO";"Acessar a via sem observar a presença dos outros veículos";"Colisão transversal";"Com Vítimas Feridas";"Plena Noite";"Decrescente";"Nublado";"Simples";"Curva";"Sim";2;0;1;0;1;0;1;2;-8,73976396;-63,88986653;"SR-RO";"UOP01";"DEL01"
343570;2021-02-28;"domingo";"20:10:00";"MA";316;"597.5";"TIMON";"Manobra de mudança de faixa";"Colisão frontal";"Com Vítimas Fatais";"Plena Noite";"Crescente";"Chuva";"Simples";"Reta";"Não";2;1;0;0;1;0;0;2;-5,01789774;-42,98704505;"SR-MA";"UOP02";"DEL03"
343571;2021-02-28;"domingo";"22:25:00";"MA";222;"669.7";"ACAILANDIA";"Acumulo de água sobre o pavimento";"Colisão frontal";"Com Vítimas Fatais";"Plena Noite";"Crescente";"Chuva";"Simples";"Desvio Temporário";"Não";3;2;0;0;1;0;0;2;-4,934938;-47,455032;"SR-MA";"UOP03";"DEL04"
343572;2021-02-28;"domingo";"19:10:00";"RO";364;"548";"ALTO PARAISO";"Transitar na contramão";"Colisão frontal";"Com Vítimas Fatais";"Plena Noite";"Decrescente";"Céu Claro";"Simples";"Reta";"Não";4;1;0;0;2;1;0;4;-9,662858;-63,090275;"SR-RO";"UOP01";"DEL03"
343581;2021-02-28;"domingo";"23:20:00";"MG";116;"481.9";"DOM CAVATI";"Velocidade Incompatível";"Colisão traseira";"Com Vítimas Feridas";"Pleno dia";"Crescente";"Nublado";"Simples";"Reta";"Sim";4;0;4;0;0;0;4;2;-19,40270706;-42,11572072;"SR-MG";"UOP02";"DEL06"
343583;2021-02-28;"domingo";"20:50:00";"MA";222;"209.6";"ITAPECURU MIRIM";"Manobra de mudança de faixa";"Colisão frontal";"Com Vítimas Feridas";"Plena Noite";"Decrescente";"Chuva";"Simples";"Reta";"Não";2;0;0;2;0;0;2;2;-3,38508169;-44,3690367;"SR-MA";"UOP02";"DEL01"
343593;2021-02-28;"domingo";"13:55:00";"MS";158;"49";"PARANAIBA";"Acostamento em desnível";"Colisão frontal";"Com Vítimas Feridas";"Pleno dia";"Crescente";"Chuva";"Simples";"Reta";"Não";2;0;1;0;1;0;1;2;-19,37081711;-51,44798514;"SR-MS";"UOP01";"DEL08"
343599;2021-02-28;"domingo";"21:15:00";"PR";369;"149";"LONDRINA";"Chuva";"Saída de leito carroçável";"Com Vítimas Feridas";"Plena Noite";"Crescente";"Chuva";"Dupla";"Não Informado";"Sim";3;0;1;0;2;0;1;1;-23,29297874;-51,15374034;"SR-PR";"UOP01";"DEL07"
343601;2021-02-28;"domingo";"20:00:00";"RS";285;"569.5";"SAO LUIZ GONZAGA";"Acessar a via sem observar a presença dos outros veículos";"Colisão traseira";"Com Vítimas Feridas";"Plena Noite";"Decrescente";"Céu Claro";"Simples";"Reta";"Não";3;0;2;0;1;0;2;2;-28,413052;-54,985699;"SR-RS";"UOP01";"DEL12"
343602;2021-02-28;"domingo";"16:07:00";"MS";158;"94";"PARANAIBA";"Acessar a via sem observar a presença dos outros veículos";"Colisão transversal";"Sem Vítimas";"Pleno dia";"Crescente";"Nublado";"Dupla";"Interseção de vias";"Sim";2;0;0;0;2;0;0;2;-19,68300402;-51,20065706;"SR-MS";"UOP01";"DEL08"
343605;2021-02-07;"domingo";"13:50:00";"PE";428;"144.9";"PETROLINA";"Acessar a via sem observar a presença dos outros veículos";"Colisão transversal";"Com Vítimas Feridas";"Pleno dia";"Decrescente";"Céu Claro";"Simples";"Reta";"Sim";2;0;1;0;0;1;1;2;-9,02360471;-40,2839345;"SR-PE";"UOP01";"DEL06"
343610;2021-02-28;"domingo";"23:00:00";"MG";251;"465.4";"GRAO MOGOL";"Velocidade Incompatível";"Saída de leito carroçável";"Sem Vítimas";"Plena Noite";"Decrescente";"Céu Claro";"Simples";"Curva";"Não";3;0;0;0;3;0;0;1;-16,45710399;-43,40386502;"SR-MG";"UOP01";"DEL12"
343617;2021-01-16;"sábado";"13:10:00";"MG";262;"394";"PARA DE MINAS";"Condutor deixou de manter distância do veículo da frente";"Colisão traseira";"Com Vítimas Feridas";"Pleno dia";"Crescente";"Céu Claro";"Múltipla";"Reta";"Não";3;0;2;0;1;0;2;2;-19,90137643;-44,55265045;"SR-MG";"UOP03";"DEL01"
343631;2021-01-24;"domingo";"07:30:00";"PR";476;"127";"CURITIBA";"Manobra de mudança de faixa";"Saída de leito carroçável";"Com Vítimas Feridas";"Pleno dia";"Crescente";"Céu Claro";"Dupla";"Curva";"Sim";1;0;0;1;0;0;1;1;-25,425167;-49,227158;"SR-PR";"UOP03";"DEL01"
343634;2021-02-25;"quinta";"07:00:00";"RS";116;"2.7";"PORTO ALEGRE";"Manobra de mudança de faixa";"Tombamento";"Com Vítimas Feridas";"Pleno dia";"Crescente";"Sol";"Dupla";"Reta";"Sim";2;0;1;0;0;1;1;2;-29,99332441;-51,18692279;"SR-RS";"UOP01";"DEL01"