"id";"data_inversa";"dia_semana";"horario";"uf";"br";"km";"municipio";"causa_acidente";"tipo_acidente";"classificacao_acidente";"fase_dia";"sentido_via";"condicao_metereologica";"tipo_pista";"tracado_via";"uso_solo";"pessoas";"mortos";"feridos_leves";"feridos_graves";"ilesos";"ignorados";"feridos";"veiculos";"latitude";"longitude";"regional";"delegacia";"uop"
344592;2021-02-23;"terça";"15:00:00";"PR";153;"91.9";"JAPIRA";"Problema com o freio";"Incêndio";"Sem Vítimas";"Pleno dia";"Decrescente";"Céu Claro";"Simples";"Reta";"Não";1;0;0;0;1;0;0;1;-23,70552845;-50,17430305;"SR-PR";"UOP03";"DEL07"
344600;2021-01-21;"quinta";"11:20:00";"RS";470;"158";"NOVA PRATA";"Mal súbito do condutor";"Colisão transversal";"Com Vítimas Feridas";"Pleno dia";"Crescente";"Chuva";"Simples";"Curva";"Não";2;0;0;1;1;0;1;2;-28,80000398;-51,61054097;"SR-RS";"UOP02";"DEL06"
344648;2021-01-25;"segunda";"18:20:00";"RS";116;"267";"CANOAS";"Trafegar com motocicleta (ou similar) entre as faixas";"Colisão traseira";"Com Vítimas Feridas";"Anoitecer";"Decrescente";"Céu Claro";"Múltipla";"Reta";"Sim";2;0;0;1;1;0;1;2;-29,94142398;-51,17697062;"SR-RS";"UOP01";"DEL01"
344673;2021-02-24;"quarta";"12:00:00";"PA";163;"503";"ITAITUBA";"Transitar na contramão";"Colisão frontal";"Com Vítimas Feridas";"Pleno dia";"Decrescente";"Ignorado";"Simples";"Curva";"Não";2;0;0;1;1;0;1;2;-5,4769077;-55,84505081;"SR-PA";"UOP01";"DEL05"
344689;2021-02-26;"sexta";"06:15:00";"MT";364;"458.7";"VARZEA GRANDE";"Condutor deixou de manter distância do veículo da frente";"Colisão traseira";"Sem Vítimas";"Pleno dia";"Decrescente";"Céu Claro";"Simples";"Reta";"Não";2;0;0;0;2;0;0;2;-15,479738;-56,2911;"SR-MT";"UOP02";"DEL01"
344709;2021-02-26;"sexta";"14:30:00";"RN";226;"46";"BOM JESUS";"Reação tardia ou ineficiente do condutor";"Colisão frontal";"Com Vítimas Fatais";"Pleno dia";"Crescente";"Chuva";"Simples";"Reta";"Não";3;1;1;1;0;0;2;2;-5,957439;-35,562833;"SR-RN";"UOP02";"DEL03"
344784;2021-02-22;"segunda";"13:30:00";"MG";267;"239";"SERITINGA";"Reação tardia ou ineficiente do condutor";"Saída de leito carroçável";"Com Vítimas Feridas";"Pleno dia";"Decrescente";"Ignorado";"Simples";"Curva";"Não";1;0;1;0;0;0;1;1;-21,92455614;-44,39391397;"SR-MG";"UOP01";"DEL17"
344800;2021-01-20;"quarta";"20:30:00";"GO";60;"91";"ANAPOLIS";"Acessar a via sem observar a presença dos outros veículos";"Saída de leito carroçável";"Com Vítimas Feridas";"Plena Noite";"Decrescente";"Céu Claro";"Dupla";"Desvio Temporário";"Não";2;0;1;0;0;1;1;2;-16,3491;-48,9095;"SR-GO";"UOP01";"DEL02"
344806;2021-01-21;"quinta";"19:50:00";"MG";365;"611";"UBERLANDIA";"Transitar na contramão";"Colisão frontal";"Com Vítimas Feridas";"Plena Noite";"Decrescente";"Céu Claro";"Dupla";"Reta";"Sim";2;0;0;1;1;0;1;2;-18,92662589;-48,19588423;"SR-MG";"UOP01";"DEL15"
344807;2021-02-07;"domingo";"22:00:00";"SC";470;"205.7";"PONTE ALTA";"Manobra de mudança de faixa";"Colisão frontal";"Com Vítimas Fatais";"Plena Noite";"Decrescente";"Céu Claro";"Simples";"Curva";"Não";2;1;1;0;0;0;1;2;-27,29212;-50,175362;"SR-SC";"UOP03";"DEL05"
344812;2021-02-26;"sexta";"17:50:00";"PA";163;"1002";"SANTAREM";"Ingestão de álcool pelo condutor";"Colisão traseira";"Sem Vítimas";"Anoitecer";"Decrescente";"Nublado";"Simples";"Reta";"Sim";2;0;0;0;2;0;0;2;-2,45028856;-54,72987782;"SR-PA";"UOP01";"DEL05"
344820;2021-01-18;"segunda";"09:00:00";"MT";70;"619.6";"POCONE";"Avarias e/ou desgaste excessivo no pneu";"Saída de leito carroçável";"Com Vítimas Feridas";"Pleno dia";"Decrescente";"Garoa/Chuvisco";"Simples";"Curva";"Não";1;0;0;1;0;0;1;1;-15,88275842;-56,87894288;"SR-MT";"UOP02";"DEL03"
344849;2021-02-05;"sexta";"00:35:00";"SC";282;"26.6";"SANTO AMARO DA IMPERATRIZ";"Ingestão de álcool pelo condutor";"Colisão com objeto";"Com Vítimas Fatais";"Plena Noite";"Decrescente";"Céu Claro";"Simples";"Reta";"Sim";5;1;0;1;1;2;1;3;-27,6744009;-48,7690255;"SR-SC";"UOP03";"DEL01"
344855;2021-02-15;"segunda";"01:20:00";"PR";116;"71";"SAO JOSE DOS PINHAIS";"Ausência de reação do condutor";"Saída de leito carroçável";"Sem Vítimas";"Plena Noite";"Crescente";"Céu Claro";"Dupla";"Curva";"Não";1;0;0;0;1;0;0;1;-25,51030116;-49,13103741;"SR-PR";"UOP01";"DEL01"
344913;2021-02-27;"sábado";"17:40:00";"ES";482;"105.4";"GUACUI";"Acessar a via sem observar a presença dos outros veículos";"Colisão transversal";"Com Vítimas Feridas";"Pleno dia";"Decrescente";"Chuva";"Simples";"Desvio Temporário";"Sim";3;0;0;1;1;1;1;2;-20,777433;-41,66744;"SR-ES";"UOP02";"DEL03"
345002;2021-01-27;"quarta";"21:20:00";"PR";277;"198";"PALMEIRA";"Animais na Pista";"Atropelamento de Animal";"Sem Vítimas";"Plena Noite";"Decrescente";"Céu Claro";"Simples";"Reta";"Não";1;0;0;0;1;0;0;1;-25,42880724;-50,11672354;"SR-PR";"UOP03";"DEL03"
345012;2021-01-28;"quinta";"06:40:00";"MG";354;"705.3";"CAXAMBU";"Desrespeitar a preferência no cruzamento";"Colisão transversal";"Com Vítimas Feridas";"Pleno dia";"Crescente";"Céu Claro";"Simples";"Rotatória";"Não";2;0;0;1;1;0;1;2;-21,99205276;-44,9251702;"SR-MG";"UOP01";"DEL17"
345022;2021-02-28;"domingo";"14:30:00";"MG";381;"332";"NOVA ERA";"Reação tardia ou ineficiente do condutor";"Colisão lateral mesmo sentido";"Com Vítimas Feridas";"Pleno dia";"Crescente";"Céu Claro";"Simples";"Curva";"Sim";3;0;3;0;0;0;3;2;-19,79994695;-43,05451587;"SR-MG";"UOP01";"DEL03"
345030;2021-02-28;"domingo";"23:50:00";"BA";116;"15.9";"VITORIA DA CONQUISTA";"Trafegar com motocicleta (ou similar) entre as faixas";"Colisão frontal";"Com Vítimas Feridas";"Plena Noite";"Decrescente";"Nublado";"Simples";"Curva";"Sim";3;0;0;2;0;1;2;2;-14,90186;-40,85095;"SR-BA";"UOP01";"DEL08"
345034;2021-02-24;"quarta";"06:40:00";"MS";262;"527";"MIRANDA";"Demais falhas mecânicas ou elétricas";"Saída de leito carroçável";"Sem Vítimas";"Pleno dia";"Crescente";"Céu Claro";"Simples";"Reta";"Não";1;0;0;0;1;0;0;1;-20,36643897;-56,12100994;"SR-MS";"UOP01";"DEL03"
345035;2021-01-03;"domingo";"05:00:00";"MG";267;"50.8";"MARIPA DE MINAS";"Velocidade Incompatível";"Saída de leito carroçável";"Com Vítimas Fatais";"Amanhecer";"Crescente";"Garoa/Chuvisco";"Simples";"Curva";"Não";5;1;4;0;0;0;4;1;-21,69577022;-42,98279189;"SR-MG";"UOP01";"DEL07"
345042;2021-01-20;"quarta";"16:40:00";"RR";174;"503";"BOA VISTA";"Manobra de mudança de faixa";"Colisão lateral";"Sem Vítimas";"Pleno dia";"Decrescente";"Céu Claro";"Simples";"Rotatória";"Sim";2;0;0;0;1;1;0;2;2,794901;-60,698441;"SR-RR";"UOP01";"DEL01"
345050;2021-02-05;"sexta";"09:15:00";"PA";316;"62";"CASTANHAL";"Trafegar com motocicleta (ou similar) entre as faixas";"Colisão lateral mesmo sentido";"Com Vítimas Feridas";"Pleno dia";"Crescente";"Céu Claro";"Dupla";"Reta";"Sim";3;0;0;1;1;1;1;3;-1,29786885;-47,93764104;"SR-PA";"UOP01";"DEL01"
345052;2021-01-20;"quarta";"21:16:00";"PA";10;"354";"SANTA MARIA DO PARA";"Reação tardia ou ineficiente do condutor";"Colisão transversal";"Com Vítimas Feridas";"Plena Noite";"Crescente";"Céu Claro";"Simples";"Reta";"Sim";2;0;0;1;1;0;1;2;-1,34759789;-47,57735696;"SR-PA";"UOP02";"DEL01"
345053;2021-02-11;"quinta";"19:45:00";"GO";153;"517";"APARECIDA DE GOIANIA";"Acumulo de água sobre o pavimento";"Queda de ocupante de veículo";"Com Vítimas Feridas";"Plena Noite";"Decrescente";"Chuva";"Dupla";"Não Informado";"Não";1;0;1;0;0;0;1;1;-16,8581;-49,2488;"SR-GO";"UOP03";"DEL01"
345054;2021-01-16;"sábado";"02:30:00";"SC";116;"47.8";"PAPANDUVA";"Transitar na contramão";"Colisão frontal";"Com Vítimas Feridas";"Plena Noite";"Decrescente";"Nublado";"Simples";"Reta";"Não";3;0;0;2;1;0;2;2;-26,35635207;-50,11354592;"SR-SC";"UOP01";"DEL06"
345066;2021-01-30;"sábado";"19:00:00";"RS";101;"10.5";"MAQUINE";"Reação tardia ou ineficiente do condutor";"Saída de leito carroçável";"Com Vítimas Feridas";"Anoitecer";"Crescente";"Nublado";"Simples";"Reta";"Não";4;0;1;1;2;0;2;1;-29,76213;-50,169421;"SR-RS";"UOP01";"DEL03"
345076;2021-02-27;"sábado";"16:20:00";"RO";364;"440.3";"JARU";"Ingestão de álcool pelo condutor";"Colisão frontal";"Com Vítimas Feridas";"Pleno dia";"Decrescente";"Chuva";"Simples";"Reta";"Não";5;0;1;0;4;0;1;2;-10,35487178;-62,58147084;"SR-RO";"UOP02";"DEL03"
345082;2021-01-26;"terça";"12:00:00";"PA";10;"290";"MAE DO RIO";"Manobra de mudança de faixa";"Tombamento";"Sem Vítimas";"Pleno dia";"Crescente";"Céu Claro";"Simples";"Reta";"Não";1;0;0;0;1;0;0;1;-1,89647104;-47,52105933;"SR-PA";"UOP01";"DEL02"
345087;2021-02-12;"sexta";"19:00:00";"BA";116;"352.9";"SERRINHA";"Velocidade Incompatível";"Colisão traseira";"Com Vítimas Fatais";"Plena Noite";"Crescente";"Céu Claro";"Simples";"Reta";"Sim";2;1;0;1;0;0;1;2;-11,60901206;-38,98384646;"SR-BA";"UOP01";"DEL02"
345093;2021-02-28;"domingo";"23:40:00";"RN";304;"49.4";"MOSSORO";"Ingestão de álcool pelo condutor";"Saída de leito carroçável";"Com Vítimas Feridas";"Plena Noite";"Decrescente";"Céu Claro";"Simples";"Reta";"Sim";3;0;1;2;0;0;3;2;-5,236461;-37,317505;"SR-RN";"UOP01";"DEL04"
345099;2021-01-31;"domingo";"19:20:00";"ES";101;"27";"CONCEICAO DA BARRA";"Reação tardia ou ineficiente do condutor";"Colisão lateral sentido oposto";"Com Vítimas Feridas";"Plena Noite";"Crescente";"Céu Claro";"Simples";"Reta";"Não";3;0;1;1;0;1;2;2;-18,38365905;-39,94481814;"SR-ES";"UOP02";"DEL04"
345134;2021-01-17;"domingo";"21:00:00";"PA";163;"1002.5";"SANTAREM";"Acessar a via sem observar a presença dos outros veículos";"Colisão transversal";"Com Vítimas Feridas";"Plena Noite";"Decrescente";"Céu Claro";"Simples";"Reta";"Não";2;0;1;0;1;0;1;2;-2,4504822;-54,72973923;"SR-PA";"UOP01";"DEL05"
345141;2021-01-23;"sábado";"02:10:00";"MA";135;"3.6";"SAO LUIS";"Reação tardia ou ineficiente do condutor";"Colisão traseira";"Com Vítimas Feridas";"Plena Noite";"Crescente";"Céu Claro";"Dupla";"Reta";"Não";3;0;0;1;2;0;1;2;-2,61310725;-44,25174529;"SR-MA";"UOP01";"DEL01"
345171;2021-02-14;"domingo";"18:30:00";"CE";20;"417.6";"MARACANAU";"Ausência de reação do condutor";"Colisão traseira";"Com Vítimas Fatais";"Plena Noite";"Crescente";"Nublado";"Dupla";"Não Informado";"Sim";5;1;0;3;1;0;3;2;-3,84055595;-38,59789122;"SR-CE";"UOP02";"DEL01"
345185;2021-02-19;"sexta";"16:25:00";"SP";459;"13.1";"PIQUETE";"Trafegar com motocicleta (ou similar) entre as faixas";"Colisão lateral sentido oposto";"Com Vítimas Feridas";"Pleno dia";"Crescente";"Nublado";"Simples";"Curva";"Não";2;0;1;0;1;0;1;2;-22,605106;-45,180016;"SR-SP";"UOP02";"DEL08"
345192;2021-02-25;"quinta";"17:30:00";"CE";20;"425";"FORTALEZA";"Acumulo de areia ou detritos sobre o pavimento";"Tombamento";"Com Vítimas Feridas";"Anoitecer";"Crescente";"Céu Claro";"Dupla";"Reta";"Não";1;0;1;0;0;0;1;1;-3,76999035;-38,67006282;"SR-CE";"UOP02";"DEL01"
345201;2021-01-15;"sexta";"19:30:00";"ES";101;"298";"CARIACICA";"Manobra de mudança de faixa";"Colisão lateral";"Com Vítimas Feridas";"Plena Noite";"Crescente";"Nublado";"Múltipla";"Interseção de vias";"Sim";2;0;1;0;1;0;1;2;-20,35374444;-40,4156433;"SR-ES";"UOP01";"DEL01"
345204;2021-02-05;"sexta";"17:00:00";"ES";101;"287.5";"CARIACICA";"Manobra de mudança de faixa";"Colisão lateral";"Com Vítimas Feridas";"Pleno dia";"Crescente";"Céu Claro";"Dupla";"Reta";"Sim";2;0;0;1;1;0;1;2;-20,26493528;-40,38471702;"SR-ES";"UOP01";"DEL01"
345206;2021-02-01;"segunda";"23:20:00";"ES";101;"299";"VIANA";"Velocidade Incompatível";"Atropelamento de Pedestre";"Com Vítimas Feridas";"Plena Noite";"Decrescente";"Céu Claro";"Múltipla";"Reta";"Sim";3;0;1;1;0;1;2;1;-20,35860628;-40,42327504;"SR-ES";"UOP01";"DEL01"
345210;2021-02-17;"quarta";"19:05:00";"SC";101;"128.6";"BALNEARIO CAMBORIU";"Demais falhas mecânicas ou elétricas";"Tombamento";"Com Vítimas Feridas";"Plena Noite";"Decrescente";"Céu Claro";"Dupla";"Reta";"Sim";2;0;2;0;0;0;2;1;-26,97284292;-48,68299451;"SR-SC";"UOP03";"DEL04"
345236;2021-02-14;"domingo";"18:30:00";"ES";101;"68";"SAO MATEUS";"Acessar a via sem observar a presença dos outros veículos";"Colisão transversal";"Com Vítimas Feridas";"Plena Noite";"Decrescente";"Céu Claro";"Simples";"Reta";"Não";4;0;0;2;1;1;2;2;-18,726597;-39,85975;"SR-ES";"UOP02";"DEL04"
345246;2021-02-10;"quarta";"09:10:00";"DF";60;"26";"BRASILIA";"Carga excessiva e/ou mal acondicionada";"Saída de leito carroçável";"Com Vítimas Feridas";"Pleno dia";"Crescente";"Céu Claro";"Dupla";"Desvio Temporário";"Não";2;0;1;1;0;0;2;1;-16,003504;-48,245281;"SR-DF";"UOP02";"DEL01"
345267;2021-02-19;"sexta";"14:30:00";"RS";116;"37.2";"VACARIA";"Problema com o freio";"Colisão transversal";"Com Vítimas Feridas";"Pleno dia";"Decrescente";"Céu Claro";"Simples";"Rotatória";"Sim";2;0;0;1;1;0;1;2;-28,49871957;-50,9176864;"SR-RS";"UOP03";"DEL05"
345283;2021-02-25;"quinta";"07:50:00";"GO";364;"386";"SANTA RITA DO ARAGUAIA";"Manobra de mudança de faixa";"Colisão lateral";"Com Vítimas Feridas";"Pleno dia";"Decrescente";"Nublado";"Dupla";"Reta";"Sim";2;0;1;0;1;0;1;2;-17,329039;-53,203724;"SR-GO";"UOP01";"DEL05"
345329;2021-02-26;"sexta";"01:30:00";"MT";364;"439.9";"VARZEA GRANDE";"Ingestão de álcool pelo condutor";"Colisão frontal";"Sem Vítimas";"Plena Noite";"Crescente";"Céu Claro";"Simples";"Curva";"Não";5;0;0;0;5;0;0;2;-15,60418957;-56,20399475;"SR-MT";"UOP02";"DEL01"
345332;2021-01-08;"sexta";"12:10:00";"ES";262;"95.1";"DOMINGOS MARTINS";"Acessar a via sem observar a presença dos outros veículos";"Colisão transversal";"Com Vítimas Feridas";"Pleno dia";"Crescente";"Céu Claro";"Simples";"Interseção de vias";"Sim";3;0;2;0;1;0;2;2;-20,36490567;-41,06247425;"SR-ES";"UOP02";"DEL01"
345335;2021-02-26;"sexta";"05:17:00";"ES";101;"69.2";"SAO MATEUS";"Acessar a via sem observar a presença dos outros veículos";"Colisão transversal";"Com Vítimas Feridas";"Amanhecer";"Crescente";"Céu Claro";"Simples";"Reta";"Sim";3;0;2;0;1;0;2;2;-18,73556097;-39,86069526;"SR-ES";"UOP02";"DEL04"
345355;2021-02-09;"terça";"14:20:00";"ES";101;"267.8";"SERRA";"Condutor deixou de manter distância do veículo da frente";"Engavetamento";"Com Vítimas Feridas";"Plena Noite";"Crescente";"Chuva";"Dupla";"Reta";"Sim";4;0;1;0;3;0;1;3;-20,19930999;-40,26884609;"SR-ES";"UOP01";"DEL02"
345376;2021-01-20;"quarta";"20:25:00";"SC";282;"85.5";"ALFREDO WAGNER";"Velocidade Incompatível";"Colisão traseira";"Com Vítimas Feridas";"Pleno dia";"Crescente";"Chuva";"Simples";"Não Informado";"Não";2;0;1;1;0;0;2;2;-27,66560834;-49,18817282;"SR-SC";"UOP03";"DEL01"
345391;2021-01-13;"quarta";"10:00:00";"SC";280;"268";"IRINEOPOLIS";"Conversão proibida";"Colisão frontal";"Com Vítimas Feridas";"Pleno dia";"Decrescente";"Nublado";"Simples";"Reta";"Não";2;0;0;1;1;0;1;2;-26,26348261;-50,71794494;"SR-SC";"UOP04";"DEL06"
345401;2021-01-25;"segunda";"19:40:00";"MG";381;"752";"TRES CORACOES";"Transitar na contramão";"Colisão frontal";"Com Vítimas Feridas";"Plena Noite";"Crescente";"Céu Claro";"Dupla";"Retorno Regulamentado";"Sim";2;0;1;0;1;0;1;2;-21,67246754;-45,33430028;"SR-MG";"UOP02";"DEL16"
345415;2021-02-13;"sábado";"18:30:00";"BA";101;"335";"PRESIDENTE TANCREDO NEVES";"Transitar na contramão";"Colisão frontal";"Com Vítimas Fatais";"Anoitecer";"Crescente";"Ignorado";"Simples";"Reta";"Sim";2;1;1;0;0;0;1;2;-13,51249663;-39,44778442;"SR-BA";"UOP03";"DEL05"
345423;2021-01-15;"sexta";"10:55:00";"PA";316;"66";"CASTANHAL";"Reação tardia ou ineficiente do condutor";"Colisão traseira";"Com Vítimas Feridas";"Pleno dia";"Decrescente";"Céu Claro";"Dupla";"Reta";"Sim";2;0;1;0;0;1;1;2;-1,29533525;-47,90182499;"SR-PA";"UOP01";"DEL01"
345432;2021-01-29;"sexta";"06:30:00";"RS";116;"258";"ESTEIO";"Reação tardia ou ineficiente do condutor";"Colisão lateral mesmo sentido";"Com Vítimas Feridas";"Pleno dia";"Decrescente";"Céu Claro";"Dupla";"Reta";"Sim";3;0;0;1;1;1;1;3;-29,8661;-51,1805;"SR-RS";"UOP02";"DEL01"
345433;2021-02-15;"segunda";"14:00:00";"PA";316;"63";"CASTANHAL";"Condutor deixou de manter distância do veículo da frente";"Colisão traseira";"Com Vítimas Feridas";"Pleno dia";"Crescente";"Nublado";"Dupla";"Reta";"Sim";4;0;3;0;0;1;3;3;-1,29679363;-47,92878096;"SR-PA";"UOP01";"DEL01"
345459;2021-02-14;"domingo";"17:00:00";"GO";40;"1.2";"VALPARAISO DE GOIAS";"Trafegar com motocicleta (ou similar) entre as faixas";"Colisão traseira";"Com Vítimas Feridas";"Pleno dia";"Crescente";"Nublado";"Dupla";"Reta";"Sim";2;0;0;1;1;0;1;2;-16,058245;-47,982825;"SR-DF";"UOP01";"DEL01"
345474;2021-02-20;"sábado";"21:10:00";"RS";116;"354";"TAPES";"Animais na Pista";"Atropelamento de Animal";"Com Vítimas Feridas";"Plena Noite";"Crescente";"Céu Claro";"Dupla";"Reta";"Não";2;0;2;0;0;0;2;1;-30,57452819;-51,52475652;"SR-RS";"UOP02";"DEL02"
345479;2021-02-25;"quinta";"21:00:00";"PB";101;"89";"JOAO PESSOA";"Entrada inopinada do pedestre";"Atropelamento de Pedestre";"Com Vítimas Fatais";"Plena Noite";"Crescente";"Céu Claro";"Dupla";"Reta";"Sim";2;1;0;0;0;1;0;1;-7,17441764;-34,89871686;"SR-PB";"UOP02";"DEL01"
345481;2021-02-06;"sábado";"14:46:00";"SC";280;"31";"ARAQUARI";"Acessar a via sem observar a presença dos outros veículos";"Colisão transversal";"Sem Vítimas";"Pleno dia";"Crescente";"Céu Claro";"Simples";"Reta";"Sim";2;0;0;0;2;0;0;2;-26,41638376;-48,77142191;"SR-SC";"UOP03";"DEL03"
345490;2021-02-02;"terça";"17:00:00";"RS";392;"631.9";"SETE DE SETEMBRO";"Acessar a via sem observar a presença dos outros veículos";"Colisão transversal";"Com Vítimas Feridas";"Pleno dia";"Decrescente";"Céu Claro";"Simples";"Curva";"Não";2;0;1;0;1;0;1;2;-28,16042107;-54,44155477;"SR-RS";"UOP01";"DEL10"
345492;2021-01-22;"sexta";"07:30:00";"MG";40;"531";"BELO HORIZONTE";"Transitar no acostamento";"Atropelamento de Pedestre";"Com Vítimas Feridas";"Pleno dia";"Crescente";"Ignorado";"Dupla";"Reta";"Sim";2;0;1;0;1;0;1;1;-19,9210984;-44,02377248;"SR-MG";"UOP02";"DEL01"
345517;2021-01-09;"sábado";"22:40:00";"GO";20;"59.5";"FORMOSA";"Pista Escorregadia";"Capotamento";"Com Vítimas Fatais";"Plena Noite";"Crescente";"Chuva";"Simples";"Curva";"Não";9;2;2;4;1;0;6;1;-15,25577;-47,165115;"SR-DF";"UOP01";"DEL02"
345520;2021-01-30;"sábado";"13:20:00";"BA";116;"921.9";"ENCRUZILHADA";"Acessar a via sem observar a presença dos outros veículos";"Colisão lateral";"Com Vítimas Fatais";"Pleno dia";"Crescente";"Céu Claro";"Simples";"Reta";"Não";2;1;0;0;1;0;0;2;-15,518794;-41,241226;"SR-BA";"UOP03";"DEL08"
345526;2021-02-17;"quarta";"07:00:00";"RS";116;"527.2";"PELOTAS";"Conversão proibida";"Colisão transversal";"Com Vítimas Feridas";"Pleno dia";"Crescente";"Céu Claro";"Simples";"Reta";"Não";2;0;1;0;1;0;1;2;-31,7470243;-52,40899728;"SR-RS";"UOP01";"DEL07"
345532;2021-02-05;"sexta";"20:00:00";"BA";101;"79";"ENTRE RIOS";"Reação tardia ou ineficiente do condutor";"Atropelamento de Pedestre";"Com Vítimas Feridas";"Plena Noite";"Decrescente";"Céu Claro";"Simples";"Reta";"Não";2;0;0;2;0;0;2;2;-11,985632;-38,21904;"SR-BA";"UOP04";"DEL01"
345533;2021-01-09;"sábado";"22:00:00";"BA";101;"163";"CONCEICAO DO JACUIPE";"Demais falhas mecânicas ou elétricas";"Incêndio";"Sem Vítimas";"Plena Noite";"Crescente";"Céu Claro";"Simples";"Reta";"Sim";1;0;0;0;1;0;0;1;-12,35551436;-38,782478;"SR-BA";"UOP03";"DEL01"
345535;2021-02-22;"segunda";"10:20:00";"ES";101;"270.5";"SERRA";"Condutor desrespeitou a iluminação vermelha do semáforo";"Colisão traseira";"Com Vítimas Feridas";"Pleno dia";"Decrescente";"Sol";"Múltipla";"Reta";"Sim";2;0;1;0;1;0;1;2;-20,22662056;-40,27075088;"SR-ES";"UOP01";"DEL02"
345544;2021-01-21;"quinta";"23:20:00";"ES";101;"66";"SAO MATEUS";"Condutor desrespeitou a iluminação vermelha do semáforo";"Colisão transversal";"Com Vítimas Feridas";"Plena Noite";"Decrescente";"Céu Claro";"Dupla";"Interseção de vias";"Sim";4;0;0;1;3;0;1;2;-18,7165195;-39,87436378;"SR-ES";"UOP02";"DEL04"
345548;2021-02-18;"quinta";"15:45:00";"RS";116;"264";"CANOAS";"Estacionar ou parar em local proibido";"Colisão traseira";"Com Vítimas Feridas";"Pleno dia";"Decrescente";"Céu Claro";"Simples";"Reta";"Sim";2;0;1;0;1;0;1;2;-29,914435;-51,17754495;"SR-RS";"UOP01";"DEL01"
345555;2021-01-29;"sexta";"09:30:00";"RS";101;"44.8";"TERRA DE AREIA";"Reação tardia ou ineficiente do condutor";"Colisão traseira";"Com Vítimas Feridas";"Pleno dia";"Decrescente";"Sol";"Dupla";"Reta";"Sim";2;0;0;1;1;0;1;2;-29,571215;-50,057872;"SR-RS";"UOP02";"DEL03"
345564;2021-02-06;"sábado";"22:00:00";"ES";262;"23.9";"VIANA";"Velocidade Incompatível";"Saída de leito carroçável";"Com Vítimas Feridas";"Plena Noite";"Decrescente";"Nublado";"Simples";"Curva";"Não";1;0;0;1;0;0;1;1;-20,37559156;-40,52146724;"SR-ES";"UOP01";"DEL01"
345578;2021-02-23;"terça";"08:40:00";"PA";316;"103";"SANTA MARIA DO PARA";"Acessar a via sem observar a presença dos outros veículos";"Colisão transversal";"Com Vítimas Feridas";"Pleno dia";"Crescente";"Céu Claro";"Simples";"Reta";"Sim";2;0;1;0;1;0;1;2;-1,33965249;-47,57773209;"SR-PA";"UOP02";"DEL01"
345581;2021-02-21;"domingo";"00:40:00";"BA";242;"570";"IBOTIRAMA";"Pista Escorregadia";"Tombamento";"Sem Vítimas";"Plena Noite";"Crescente";"Chuva";"Simples";"Curva";"Não";1;0;0;0;1;0;0;1;-12,087364;-43,158223;"SR-BA";"UOP02";"DEL10"
345584;2021-02-19;"sexta";"20:50:00";"PA";316;"111";"SANTA MARIA DO PARA";"Deixar de acionar o farol da motocicleta (ou similar)";"Colisão transversal";"Com Vítimas Feridas";"Plena Noite";"Crescente";"Céu Claro";"Simples";"Curva";"Não";2;0;1;0;1;0;1;2;-1,31708992;-47,51316503;"SR-PA";"UOP02";"DEL01"
345585;2021-02-26;"sexta";"13:35:00";"MT";163;"834";"SINOP";"Reação tardia ou ineficiente do condutor";"Colisão traseira";"Com Vítimas Feridas";"Pleno dia";"Crescente";"Nublado";"Simples";"Reta";"Não";2;0;1;0;1;0;1;2;-11,86595447;-55,49656749;"SR-MT";"UOP01";"DEL06"
345601;2021-02-26;"sexta";"03:21:00";"MT";70;"515";"VARZEA GRANDE";"Condutor deixou de manter distância do veículo da frente";"Queda de ocupante de veículo";"Com Vítimas Feridas";"Plena Noite";"Decrescente";"Céu Claro";"Simples";"Reta";"Sim";1;0;1;0;0;0;1;1;-15,70633387;-56,13436818;"SR-MT";"UOP02";"DEL01"
345603;2021-02-28;"domingo";"20:20:00";"TO";153;"728.5";"FIGUEIROPOLIS";"Pista esburacada";"Colisão frontal";"Com Vítimas Feridas";"Plena Noite";"Decrescente";"Chuva";"Simples";"Reta";"Não";2;0;0;1;1;0;1;2;-12,18968002;-49,15574263;"SR-TO";"UOP02";"DEL01"
345609;2021-02-28;"domingo";"20:20:00";"MS";163;"282.2";"DOURADOS";"Ingestão de álcool pelo condutor";"Colisão traseira";"Sem Vítimas";"Plena Noite";"Decrescente";"Céu Claro";"Simples";"Reta";"Não";4;0;0;0;3;1;0;2;-22,1277739;-54,60649732;"SR-MS";"UOP01";"DEL04"
345649;2021-02-18;"quinta";"08:50:00";"PB";230;"438.7";"APARECIDA";"Transitar na contramão";"Colisão frontal";"Com Vítimas Feridas";"Pleno dia";"Decrescente";"Nublado";"Simples";"Reta";"Não";2;0;0;1;1;0;1;2;-6,7612;-38,0094;"SR-PB";"UOP02";"DEL03"
345666;2021-01-17;"domingo";"06:30:00";"RS";153;"420.6";"CACHOEIRA DO SUL";"Velocidade Incompatível";"Saída de leito carroçável";"Com Vítimas Fatais";"Amanhecer";"Decrescente";"Céu Claro";"Simples";"Curva";"Não";1;1;0;0;0;0;0;1;-30,123164;-52,859227;"SR-RS";"UOP03";"DEL02"
345687;2021-02-15;"segunda";"07:40:00";"RS";116;"173.9";"CAXIAS DO SUL";"Velocidade Incompatível";"Colisão transversal";"Com Vítimas Feridas";"Pleno dia";"Decrescente";"Nublado";"Simples";"Reta";"Sim";2;0;1;0;1;0;1;2;-29,32449914;-51,1698854;"SR-RS";"UOP02";"DEL05"