"id";"data_inversa";"dia_semana";"horario";"uf";"br";"km";"municipio";"causa_acidente";"tipo_acidente";"classificacao_acidente";"fase_dia";"sentido_via";"condicao_metereologica";"tipo_pista";"tracado_via";"uso_solo";"pessoas";"mortos";"feridos_leves";"feridos_graves";"ilesos";"ignorados";"feridos";"veiculos";"latitude";"longitude";"regional";"delegacia";"uop"
345739;2021-01-14;"quinta";"23:20:00";"ES";101;"199.5";"JOAO NEIVA";"Chuva";"Colisão traseira";"Com Vítimas Feridas";"Plena Noite";"Decrescente";"Chuva";"Simples";"Reta";"Não";3;0;1;0;2;0;1;3;-19,7194628;-40,34959416;"SR-ES";"UOP01";"DEL04"
345758;2021-02-24;"quarta";"14:35:00";"DF";20;"47";"BRASILIA";"Chuva";"Saída de leito carroçável";"Com Vítimas Feridas";"Pleno dia";"Crescente";"Chuva";"Múltipla";"Desvio Temporário";"Não";4;0;2;2;0;0;4;1;-15,583345;-47,449738;"SR-DF";"UOP01";"DEL02"
345765;2021-02-09;"terça";"16:30:00";"SC";101;"111.3";"NAVEGANTES";"Reação tardia ou ineficiente do condutor";"Tombamento";"Com Vítimas Feridas";"Pleno dia";"Crescente";"Céu Claro";"Dupla";"Viaduto";"Não";1;0;0;1;0;0;1;1;-26,83955734;-48,71418074;"SR-SC";"UOP04";"DEL04"
345777;2021-02-20;"sábado";"16:45:00";"SC";101;"117.8";"ITAJAI";"Condutor deixou de manter distância do veículo da frente";"Colisão traseira";"Com Vítimas Feridas";"Pleno dia";"Crescente";"Céu Claro";"Múltipla";"Reta";"Não";5;0;1;0;4;0;1;3;-26,88747187;-48,72252969;"SR-SC";"UOP04";"DEL04"
345781;2021-02-05;"sexta";"09:00:00";"MT";163;"610";"NOVA MUTUM";"Chuva";"Colisão lateral";"Com Vítimas Feridas";"Pleno dia";"Crescente";"Chuva";"Simples";"Reta";"Não";3;0;2;0;1;0;2;3;-13,81986214;-56,07693366;"SR-MT";"UOP01";"DEL01"
345813;2021-02-20;"sábado";"23:30:00";"PB";101;"86";"JOAO PESSOA";"Manobra de mudança de faixa";"Colisão traseira";"Com Vítimas Feridas";"Plena Noite";"Decrescente";"Céu Claro";"Dupla";"Não Informado";"Sim";3;0;1;1;0;1;2;2;-7,15118983;-34,91012184;"SR-PB";"UOP01";"DEL01"
345816;2021-01-23;"sábado";"22:55:00";"PR";277;"118";"CAMPO LARGO";"Condutor desrespeitou a iluminação vermelha do semáforo";"Colisão transversal";"Com Vítimas Feridas";"Plena Noite";"Decrescente";"Ignorado";"Dupla";"Interseção de vias";"Sim";3;0;0;1;0;2;1;2;-25,45200871;-49,5418722;"SR-PR";"UOP06";"DEL01"
345817;2021-02-04;"quinta";"20:00:00";"PB";230;"23";"JOAO PESSOA";"Condutor deixou de manter distância do veículo da frente";"Colisão traseira";"Com Vítimas Feridas";"Plena Noite";"Crescente";"Nublado";"Dupla";"Reta";"Sim";2;0;0;1;0;1;1;2;-7,1562;-34,8574;"SR-PB";"UOP01";"DEL01"
345825;2021-02-24;"quarta";"13:00:00";"SP";116;"362.8";"MIRACATU";"Carga excessiva e/ou mal acondicionada";"Derramamento de carga";"Sem Vítimas";"Pleno dia";"Crescente";"Nublado";"Dupla";"Curva";"Não";1;0;0;0;1;0;0;1;-24,1220177;-47,27047772;"SR-SP";"UOP02";"DEL04"
345826;2021-01-22;"sexta";"21:15:00";"RO";319;"63";"PORTO VELHO";"Transitar na contramão";"Colisão transversal";"Com Vítimas Feridas";"Plena Noite";"Decrescente";"Céu Claro";"Dupla";"Interseção de vias";"Sim";4;0;0;1;2;1;1;2;-8,766685;-63,884052;"SR-RO";"UOP01";"DEL01"
345830;2021-02-15;"segunda";"16:30:00";"MT";163;"756.9";"SORRISO";"Acesso irregular";"Colisão transversal";"Com Vítimas Feridas";"Pleno dia";"Crescente";"Nublado";"Simples";"Reta";"Sim";2;0;1;0;1;0;1;2;-12,511247;-55,694753;"SR-MT";"UOP01";"DEL06"
345848;2021-02-25;"quinta";"21:15:00";"GO";158;"126.1";"CAIAPONIA";"Ingestão de álcool pelo condutor";"Colisão traseira";"Com Vítimas Fatais";"Plena Noite";"Crescente";"Nublado";"Simples";"Reta";"Não";4;1;1;0;2;0;1;3;-16,675802;-51,697437;"SR-GO";"UOP01";"DEL04"
345850;2021-02-28;"domingo";"19:15:00";"RO";364;"344.8";"JI-PARANA";"Condutor desrespeitou a iluminação vermelha do semáforo";"Colisão transversal";"Com Vítimas Feridas";"Plena Noite";"Decrescente";"Chuva";"Dupla";"Interseção de vias";"Sim";2;0;1;0;1;0;1;2;-10,87034922;-61,95792502;"SR-RO";"UOP01";"DEL02"
345878;2021-02-20;"sábado";"11:20:00";"PR";376;"437";"TIBAGI";"Velocidade Incompatível";"Colisão traseira";"Com Vítimas Feridas";"Pleno dia";"Crescente";"Sol";"Dupla";"Curva";"Não";3;0;1;0;2;0;1;2;-24,78868261;-50,50621033;"SR-PR";"UOP02";"DEL03"
345903;2021-01-26;"terça";"18:30:00";"MG";381;"191";"PERIQUITO";"Demais falhas mecânicas ou elétricas";"Tombamento";"Com Vítimas Feridas";"Anoitecer";"Crescente";"Céu Claro";"Simples";"Reta";"Não";2;0;2;0;0;0;2;1;-19,11040001;-42,20303535;"SR-MG";"UOP01";"DEL06"
345929;2021-01-04;"segunda";"09:10:00";"MG";381;"433";"SABARA";"Transitar na contramão";"Colisão frontal";"Com Vítimas Feridas";"Pleno dia";"Decrescente";"Nublado";"Simples";"Curva";"Não";7;0;1;0;6;0;1;3;-19,79269213;-43,74585386;"SR-MG";"UOP01";"DEL01"
345974;2021-02-04;"quinta";"08:20:00";"RS";101;"6.5";"TORRES";"Chuva";"Colisão traseira";"Com Vítimas Feridas";"Pleno dia";"Crescente";"Chuva";"Dupla";"Reta";"Sim";3;0;0;1;1;1;1;2;-29,34755416;-49,79310885;"SR-RS";"UOP02";"DEL03"
345988;2021-01-21;"quinta";"18:25:00";"RS";116;"400.1";"CAMAQUA";"Acessar a via sem observar a presença dos outros veículos";"Colisão transversal";"Com Vítimas Feridas";"Anoitecer";"Crescente";"Nublado";"Simples";"Reta";"Sim";2;0;0;1;1;0;1;2;-30,87210669;-51,80852516;"SR-RS";"UOP02";"DEL02"
345999;2021-01-28;"quinta";"10:40:00";"PR";277;"108";"CAMPO LARGO";"Acessar a via sem observar a presença dos outros veículos";"Colisão transversal";"Com Vítimas Feridas";"Pleno dia";"Crescente";"Garoa/Chuvisco";"Dupla";"Retorno Regulamentado";"Sim";3;0;0;1;2;0;1;3;-25,43794;-49,445692;"SR-PR";"UOP06";"DEL01"
346004;2021-01-29;"sexta";"22:50:00";"RS";116;"249";"SAO LEOPOLDO";"Reação tardia ou ineficiente do condutor";"Colisão traseira";"Com Vítimas Fatais";"Plena Noite";"Crescente";"Céu Claro";"Dupla";"Reta";"Sim";3;1;0;0;1;1;0;2;-29,7831804;-51,16099063;"SR-RS";"UOP02";"DEL01"
346019;2021-01-21;"quinta";"18:30:00";"MG";381;"445.6";"SANTA LUZIA";"Transitar no acostamento";"Colisão transversal";"Com Vítimas Feridas";"Anoitecer";"Crescente";"Céu Claro";"Simples";"Reta";"Não";2;0;1;0;1;0;1;2;-19,82543027;-43,83409786;"SR-MG";"UOP01";"DEL01"
346026;2021-02-19;"sexta";"08:00:00";"SC";101;"216.5";"PALHOCA";"Ultrapassagem Indevida";"Colisão lateral";"Com Vítimas Feridas";"Pleno dia";"Decrescente";"Céu Claro";"Dupla";"Reta";"Sim";2;0;2;0;0;0;2;2;-27,65981409;-48,67747798;"SR-SC";"UOP02";"DEL01"
346042;2021-02-19;"sexta";"00:40:00";"CE";304;"2.8";"BEBERIBE";"Animais na Pista";"Atropelamento de Animal";"Com Vítimas Fatais";"Plena Noite";"Crescente";"Céu Claro";"Simples";"Reta";"Não";1;1;0;0;0;0;0;1;-4,5901699;-38,193499;"SR-CE";"UOP03";"DEL03"
346080;2021-02-02;"terça";"13:30:00";"MG";365;"654";"UBERLANDIA";"Reação tardia ou ineficiente do condutor";"Colisão traseira";"Com Vítimas Feridas";"Pleno dia";"Decrescente";"Céu Claro";"Dupla";"Curva";"Não";3;0;1;1;1;0;2;2;-18,86451398;-48,58720779;"SR-MG";"UOP01";"DEL15"
346169;2021-02-18;"quinta";"17:30:00";"PR";476;"125.5";"CURITIBA";"Desvio temporário";"Colisão com objeto";"Com Vítimas Feridas";"Pleno dia";"Crescente";"Céu Claro";"Múltipla";"Não Informado";"Sim";3;0;0;1;0;2;1;2;-25,4083;-49,219658;"SR-PR";"UOP03";"DEL01"
346171;2021-01-29;"sexta";"17:15:00";"RS";290;"39.5";"SANTO ANTONIO DA PATRULHA";"Condutor Dormindo";"Saída de leito carroçável";"Com Vítimas Feridas";"Pleno dia";"Decrescente";"Nublado";"Dupla";"Reta";"Não";1;0;0;1;0;0;1;1;-29,88625;-50,648232;"SR-RS";"UOP01";"DEL03"
346184;2021-02-14;"domingo";"14:32:00";"MT";158;"610.2";"AGUA BOA";"Condutor Dormindo";"Colisão lateral sentido oposto";"Com Vítimas Fatais";"Pleno dia";"Decrescente";"Céu Claro";"Simples";"Reta";"Não";2;1;0;0;1;0;0;2;-14,39699431;-52,19614486;"SR-MT";"UOP02";"DEL07"
346187;2021-01-29;"sexta";"22:15:00";"ES";101;"297.2";"VIANA";"Reação tardia ou ineficiente do condutor";"Colisão traseira";"Com Vítimas Feridas";"Plena Noite";"Decrescente";"Céu Claro";"Dupla";"Reta";"Sim";2;0;1;0;1;0;1;2;-20,35107732;-40,4130422;"SR-ES";"UOP01";"DEL01"
346192;2021-01-29;"sexta";"15:50:00";"ES";262;"58.3";"MARECHAL FLORIANO";"Ausência de reação do condutor";"Colisão transversal";"Com Vítimas Fatais";"Pleno dia";"Crescente";"Céu Claro";"Simples";"Não Informado";"Não";2;1;0;0;1;0;0;2;-20,42260902;-40,77548862;"SR-ES";"UOP01";"DEL01"
346232;2021-01-21;"quinta";"19:45:00";"MG";262;"835.5";"VERISSIMO";"Deficiência do Sistema de Iluminação/Sinalização";"Colisão frontal";"Com Vítimas Feridas";"Plena Noite";"Crescente";"Céu Claro";"Simples";"Reta";"Não";2;0;1;0;1;0;1;2;-19,748272;-48,232544;"SR-MG";"UOP01";"DEL13"
346291;2021-02-22;"segunda";"16:30:00";"PE";104;"67";"CARUARU";"Carga excessiva e/ou mal acondicionada";"Engavetamento";"Sem Vítimas";"Pleno dia";"Decrescente";"Nublado";"Dupla";"Reta";"Sim";3;0;0;0;3;0;0;3;-8,3016;-35,9882;"SR-PE";"UOP01";"DEL02"
346336;2021-02-26;"sexta";"22:36:00";"PR";476;"135";"CURITIBA";"Acesso irregular";"Colisão transversal";"Com Vítimas Feridas";"Plena Noite";"Decrescente";"Chuva";"Múltipla";"Reta";"Sim";2;0;1;0;1;0;1;2;-25,4832149;-49,2649407;"SR-PR";"UOP03";"DEL01"
346364;2021-02-20;"sábado";"17:50:00";"CE";20;"425.5";"FORTALEZA";"Condutor deixou de manter distância do veículo da frente";"Colisão traseira";"Com Vítimas Feridas";"Anoitecer";"Decrescente";"Céu Claro";"Dupla";"Reta";"Sim";2;0;0;1;1;0;1;2;-3,86207091;-38,53025436;"SR-CE";"UOP02";"DEL01"
346375;2021-02-28;"domingo";"20:30:00";"SP";153;"62";"SAO JOSE DO RIO PRETO";"Condutor deixou de manter distância do veículo da frente";"Colisão traseira";"Com Vítimas Feridas";"Plena Noite";"Crescente";"Ignorado";"Dupla";"Não Informado";"Sim";1;0;0;1;0;0;1;1;-20,81325404;-49,35675563;"SR-SP";"UOP01";"DEL09"
346388;2021-02-27;"sábado";"04:40:00";"MG";267;"152.8";"LIMA DUARTE";"Condutor Dormindo";"Colisão lateral sentido oposto";"Com Vítimas Feridas";"Amanhecer";"Decrescente";"Garoa/Chuvisco";"Simples";"Reta";"Não";2;0;0;1;1;0;1;2;-21,825264;-43,75612716;"SR-MG";"UOP01";"DEL05"
346401;2021-02-16;"terça";"04:40:00";"SC";116;"188";"SAO CRISTOVAO DO SUL";"Manobra de mudança de faixa";"Colisão frontal";"Com Vítimas Fatais";"Plena Noite";"Decrescente";"Céu Claro";"Simples";"Reta";"Não";2;1;1;0;0;0;1;2;-27,32965789;-50,42513021;"SR-SC";"UOP03";"DEL05"
346404;2021-02-19;"sexta";"22:15:00";"MT";174;"3";"PONTES E LACERDA";"Transitar na contramão";"Colisão frontal";"Com Vítimas Feridas";"Plena Noite";"Crescente";"Céu Claro";"Simples";"Reta";"Sim";2;0;0;1;1;0;1;2;-15,238;-59,339;"SR-MT";"UOP01";"DEL03"
346405;2021-02-21;"domingo";"16:00:00";"PR";277;"413";"CANTAGALO";"Desrespeitar a preferência no cruzamento";"Colisão transversal";"Sem Vítimas";"Pleno dia";"Crescente";"Sol";"Simples";"Interseção de vias";"Sim";2;0;0;0;2;0;0;2;-25,42378449;-52,03083928;"SR-PR";"UOP02";"DEL04"
346407;2021-02-20;"sábado";"11:00:00";"MG";40;"561.9";"NOVA LIMA";"Mal súbito do condutor";"Queda de ocupante de veículo";"Com Vítimas Feridas";"Pleno dia";"Crescente";"Nublado";"Dupla";"Reta";"Sim";1;0;1;0;0;0;1;1;-20,13588082;-43,96237943;"SR-MG";"UOP02";"DEL01"
346410;2021-02-28;"domingo";"22:00:00";"SC";282;"397.2";"JOACABA";"Condutor Dormindo";"Colisão frontal";"Com Vítimas Fatais";"Plena Noite";"Crescente";"Céu Claro";"Simples";"Curva";"Não";2;1;0;0;1;0;0;2;-27,15237643;-51,60219312;"SR-SC";"UOP05";"DEL07"
346412;2021-02-18;"quinta";"07:30:00";"RS";386;"185";"SANTO ANTONIO DO PLANALTO";"Velocidade Incompatível";"Engavetamento";"Com Vítimas Feridas";"Pleno dia";"Decrescente";"Céu Claro";"Simples";"Reta";"Não";4;0;1;0;3;0;1;4;-28,338871;-52,720222;"SR-RS";"UOP01";"DEL08"
346416;2021-01-15;"sexta";"07:45:00";"RO";364;"62";"VILHENA";"Ultrapassagem Indevida";"Saída de leito carroçável";"Com Vítimas Feridas";"Pleno dia";"Decrescente";"Nublado";"Simples";"Reta";"Não";1;0;0;1;0;0;1;1;-12,5094721;-60,45319504;"SR-RO";"UOP01";"DEL04"
346417;2021-02-19;"sexta";"17:00:00";"SC";101;"378.5";"ICARA";"Transitar na contramão";"Colisão lateral";"Sem Vítimas";"Pleno dia";"Decrescente";"Céu Claro";"Múltipla";"Retorno Regulamentado";"Sim";3;0;0;0;2;1;0;3;-28,74960058;-49,27230835;"SR-SC";"UOP02";"DEL02"
346441;2021-02-06;"sábado";"19:20:00";"PB";361;"91.8";"PIANCO";"Ingestão de álcool pelo condutor";"Colisão traseira";"Com Vítimas Feridas";"Plena Noite";"Crescente";"Céu Claro";"Simples";"Reta";"Sim";3;0;0;1;0;2;1;2;-7,22001249;-37,97606723;"SR-PB";"UOP01";"DEL03"
346448;2021-02-19;"sexta";"16:15:00";"SC";470;"60.1";"BLUMENAU";"Desrespeitar a preferência no cruzamento";"Colisão transversal";"Com Vítimas Feridas";"Pleno dia";"Crescente";"Céu Claro";"Simples";"Retorno Regulamentado";"Sim";2;0;1;0;1;0;1;2;-26,88138;-49,164543;"SR-SC";"UOP01";"DEL04"
346474;2021-02-22;"segunda";"02:50:00";"SC";101;"132.1";"BALNEARIO CAMBORIU";"Avarias e/ou desgaste excessivo no pneu";"Capotamento";"Com Vítimas Fatais";"Plena Noite";"Decrescente";"Nublado";"Dupla";"Reta";"Sim";1;1;0;0;0;0;0;1;-26,99654133;-48,65564711;"SR-SC";"UOP03";"DEL04"
346481;2021-02-07;"domingo";"15:40:00";"MG";40;"492.1";"ESMERALDAS";"Velocidade Incompatível";"Saída de leito carroçável";"Com Vítimas Feridas";"Pleno dia";"Decrescente";"Chuva";"Dupla";"Reta";"Não";4;0;3;1;0;0;4;1;-19,63737896;-44,20372986;"SR-MG";"UOP01";"DEL02"
346533;2021-01-31;"domingo";"13:10:00";"RS";158;"150.8";"PANAMBI";"Ultrapassagem Indevida";"Colisão frontal";"Com Vítimas Feridas";"Pleno dia";"Crescente";"Nublado";"Simples";"Reta";"Não";5;0;1;2;1;1;3;2;-28,28051108;-53,48685464;"SR-RS";"UOP02";"DEL10"
346538;2021-02-28;"domingo";"03:30:00";"SC";282;"164.5";"BOCAINA DO SUL";"Condutor Dormindo";"Saída de leito carroçável";"Com Vítimas Feridas";"Amanhecer";"Decrescente";"Céu Claro";"Simples";"Reta";"Não";1;0;1;0;0;0;1;1;-27,733187;-49,792793;"SR-SC";"UOP01";"DEL05"
346541;2021-02-13;"sábado";"07:00:00";"CE";304;"37";"ARACATI";"Condutor deixou de manter distância do veículo da frente";"Colisão lateral";"Com Vítimas Feridas";"Pleno dia";"Decrescente";"Céu Claro";"Simples";"Reta";"Sim";2;0;0;1;0;1;1;2;-4,58052404;-37,878518;"SR-CE";"UOP03";"DEL03"
346542;2021-02-09;"terça";"20:45:00";"GO";50;"310.2";"CUMARI";"Ultrapassagem Indevida";"Colisão frontal";"Com Vítimas Feridas";"Plena Noite";"Crescente";"Céu Claro";"Simples";"Reta";"Não";3;0;0;1;1;1;1;2;-18,3994;-48,0749;"SR-GO";"UOP01";"DEL06"
346547;2021-02-28;"domingo";"18:40:00";"PB";101;"108.5";"ALHANDRA";"Ingestão de álcool pelo condutor";"Colisão traseira";"Sem Vítimas";"Plena Noite";"Crescente";"Céu Claro";"Dupla";"Reta";"Não";2;0;0;0;2;0;0;2;-7,33454898;-34,94758056;"SR-PB";"UOP02";"DEL01"
346575;2021-02-12;"sexta";"20:40:00";"ES";101;"258.6";"SERRA";"Transitar na contramão";"Tombamento";"Com Vítimas Feridas";"Plena Noite";"Decrescente";"Céu Claro";"Dupla";"Não Informado";"Sim";2;0;1;0;0;1;1;2;-20,13412426;-40,29260701;"SR-ES";"UOP01";"DEL02"
346576;2021-01-20;"quarta";"17:35:00";"ES";101;"258.1";"SERRA";"Reação tardia ou ineficiente do condutor";"Tombamento";"Com Vítimas Feridas";"Pleno dia";"Decrescente";"Céu Claro";"Dupla";"Não Informado";"Sim";2;0;0;1;0;1;1;1;-20,1317874;-40,29495048;"SR-ES";"UOP01";"DEL02"
346594;2021-02-01;"segunda";"18:45:00";"MG";40;"532.7";"CONTAGEM";"Condutor deixou de manter distância do veículo da frente";"Colisão traseira";"Com Vítimas Feridas";"Plena Noite";"Decrescente";"Céu Claro";"Dupla";"Reta";"Sim";3;0;0;1;2;0;1;3;-19,92372561;-44,01700789;"SR-MG";"UOP02";"DEL01"
346603;2021-01-14;"quinta";"09:45:00";"MG";50;"20";"ARAGUARI";"Acumulo de água sobre o pavimento";"Saída de leito carroçável";"Com Vítimas Feridas";"Pleno dia";"Crescente";"Céu Claro";"Dupla";"Reta";"Não";4;0;3;0;1;0;3;2;-18,58721011;-48,05645629;"SR-MG";"UOP02";"DEL15"
346604;2021-02-08;"segunda";"17:40:00";"AL";101;"246.2";"PORTO REAL DO COLEGIO";"Obras na pista";"Queda de ocupante de veículo";"Com Vítimas Feridas";"Anoitecer";"Decrescente";"Céu Claro";"Simples";"Reta";"Não";2;0;0;1;0;1;1;1;-10,19162376;-36,82542061;"SR-AL";"UOP02";"DEL02"
346617;2021-02-18;"quinta";"08:50:00";"MT";70;"523";"VARZEA GRANDE";"Ultrapassagem Indevida";"Colisão traseira";"Com Vítimas Feridas";"Pleno dia";"Crescente";"Sol";"Simples";"Reta";"Sim";2;0;1;0;1;0;1;2;-15,6505813;-56,19468212;"SR-MT";"UOP02";"DEL01"
346648;2021-01-11;"segunda";"15:30:00";"MG";251;"469.3";"FRANCISCO SA";"Condutor deixou de manter distância do veículo da frente";"Colisão traseira";"Com Vítimas Feridas";"Pleno dia";"Crescente";"Chuva";"Simples";"Reta";"Não";3;0;2;0;1;0;2;2;-16,47846186;-43,41953476;"SR-MG";"UOP01";"DEL12"
346660;2021-01-25;"segunda";"00:45:00";"MG";50;"74";"UBERLANDIA";"Velocidade Incompatível";"Tombamento";"Com Vítimas Feridas";"Plena Noite";"Crescente";"Céu Claro";"Dupla";"Reta";"Sim";1;0;1;0;0;0;1;1;-18,90299786;-48,23498011;"SR-MG";"UOP01";"DEL15"
346677;2021-02-09;"terça";"21:35:00";"RO";364;"206";"PIMENTA BUENO";"Acumulo de água sobre o pavimento";"Saída de leito carroçável";"Com Vítimas Feridas";"Plena Noite";"Decrescente";"Chuva";"Simples";"Curva";"Não";2;0;1;0;1;0;1;1;-11,60773;-61,222033;"SR-RO";"UOP02";"DEL02"
346687;2021-02-25;"quinta";"11:35:00";"RJ";101;"431";"MANGARATIBA";"Velocidade Incompatível";"Colisão com objeto";"Com Vítimas Feridas";"Pleno dia";"Decrescente";"Chuva";"Simples";"Não Informado";"Não";1;0;0;1;0;0;1;1;-22,93294782;-44,02006891;"SR-RJ";"UOP01";"DEL03"
346729;2021-02-09;"terça";"12:45:00";"MG";50;"190";"UBERABA";"Velocidade Incompatível";"Colisão traseira";"Com Vítimas Feridas";"Pleno dia";"Crescente";"Céu Claro";"Dupla";"Reta";"Não";2;0;1;0;1;0;1;2;-19,85630175;-47,86944462;"SR-MG";"UOP01";"DEL13"
346739;2021-02-16;"terça";"19:20:00";"RS";285;"120";"VACARIA";"Acessar a via sem observar a presença dos outros veículos";"Colisão transversal";"Com Vítimas Feridas";"Plena Noite";"Decrescente";"Céu Claro";"Simples";"Reta";"Sim";2;0;1;0;1;0;1;2;-28,506767;-50,926594;"SR-RS";"UOP03";"DEL05"
346747;2021-01-28;"quinta";"17:50:00";"SC";470;"61.7";"BLUMENAU";"Ingestão de álcool pelo condutor";"Colisão transversal";"Com Vítimas Feridas";"Pleno dia";"Decrescente";"Céu Claro";"Simples";"Curva";"Não";2;0;0;1;1;0;1;2;-26,878952;-49,17421;"SR-SC";"UOP01";"DEL04"
346759;2021-02-12;"sexta";"15:40:00";"SC";282;"580";"PINHALZINHO";"Ultrapassagem Indevida";"Colisão frontal";"Com Vítimas Fatais";"Pleno dia";"Crescente";"Chuva";"Simples";"Não Informado";"Sim";4;2;0;1;1;0;1;2;-26,83401902;-52,99249303;"SR-SC";"UOP02";"DEL07"
346766;2021-02-13;"sábado";"11:40:00";"PA";316;"56";"CASTANHAL";"Condutor deixou de manter distância do veículo da frente";"Colisão traseira";"Com Vítimas Feridas";"Pleno dia";"Decrescente";"Céu Claro";"Dupla";"Reta";"Sim";3;0;2;0;1;0;2;2;-1,30296976;-47,99063907;"SR-PA";"UOP01";"DEL01"
346789;2021-02-17;"quarta";"15:32:00";"MG";381;"210.1";"NAQUE";"Velocidade Incompatível";"Colisão frontal";"Com Vítimas Fatais";"Pleno dia";"Decrescente";"Nublado";"Simples";"Reta";"Não";2;1;0;0;1;0;0;2;-19,22999819;-42,32682471;"SR-MG";"UOP01";"DEL06"
346798;2021-02-05;"sexta";"11:28:00";"RN";101;"97";"NATAL";"Condutor deixou de manter distância do veículo da frente";"Colisão traseira";"Sem Vítimas";"Pleno dia";"Decrescente";"Céu Claro";"Dupla";"Reta";"Sim";3;0;0;0;2;1;0;3;-5,85539381;-35,21171312;"SR-RN";"UOP01";"DEL01"
346801;2021-02-07;"domingo";"12:05:00";"PB";230;"292";"SANTA LUZIA";"Acessar a via sem observar a presença dos outros veículos";"Colisão frontal";"Com Vítimas Feridas";"Pleno dia";"Crescente";"Céu Claro";"Simples";"Reta";"Não";2;0;1;0;1;0;1;2;-6,8684;-36,9222;"SR-PB";"UOP01";"DEL03"
346810;2021-02-01;"segunda";"12:25:00";"RO";364;"695";"PORTO VELHO";"Reação tardia ou ineficiente do condutor";"Colisão lateral mesmo sentido";"Com Vítimas Feridas";"Pleno dia";"Decrescente";"Céu Claro";"Dupla";"Não Informado";"Não";5;0;1;1;3;0;2;2;-8,80046896;-63,725947;"SR-RO";"UOP01";"DEL01"
346835;2021-02-02;"terça";"14:20:00";"RS";293;"13.8";"CAPAO DO LEAO";"Reação tardia ou ineficiente do condutor";"Colisão transversal";"Com Vítimas Feridas";"Pleno dia";"Crescente";"Céu Claro";"Simples";"Reta";"Não";2;0;0;1;1;0;1;2;-31,75210921;-52,46212006;"SR-RS";"UOP01";"DEL07"
346842;2021-02-10;"quarta";"06:30:00";"PA";158;"780";"SANTANA DO ARAGUAIA";"Reação tardia ou ineficiente do condutor";"Tombamento";"Com Vítimas Feridas";"Amanhecer";"Crescente";"Ignorado";"Simples";"Curva";"Não";1;0;0;1;0;0;1;1;-9,39832191;-50,42198896;"SR-PA";"UOP01";"DEL03"
346852;2021-02-06;"sábado";"14:15:00";"MG";50;"6";"UBERLANDIA";"Pista Escorregadia";"Tombamento";"Com Vítimas Feridas";"Pleno dia";"Crescente";"Chuva";"Dupla";"Reta";"Não";1;0;0;1;0;0;1;1;-18,9113;-48,2622;"SR-MG";"UOP01";"DEL15"
346856;2021-02-06;"sábado";"11:05:00";"MT";70;"733";"CACERES";"Condutor desrespeitou a iluminação vermelha do semáforo";"Colisão transversal";"Com Vítimas Feridas";"Pleno dia";"Crescente";"Céu Claro";"Simples";"Reta";"Sim";2;0;0;1;1;0;1;2;-16,0903323;-57,68827439;"SR-MT";"UOP01";"DEL03"
346879;2021-02-19;"sexta";"16:05:00";"GO";50;"270";"CATALAO";"Condutor Dormindo";"Saída de leito carroçável";"Com Vítimas Feridas";"Pleno dia";"Crescente";"Céu Claro";"Dupla";"Não Informado";"Não";5;0;2;1;2;0;3;1;-18,1087;-47,8878;"SR-GO";"UOP01";"DEL06"
346890;2021-01-18;"segunda";"16:20:00";"PB";101;"36";"MAMANGUAPE";"Acessar a via sem observar a presença dos outros veículos";"Colisão lateral";"Com Vítimas Feridas";"Anoitecer";"Crescente";"Céu Claro";"Dupla";"Reta";"Não";2;0;0;1;1;0;1;2;-6,80268217;-35,13987546;"SR-PB";"UOP04";"DEL01"
346892;2021-01-23;"sábado";"17:30:00";"MG";116;"350.9";"JAMPRUCA";"Velocidade Incompatível";"Derramamento de carga";"Com Vítimas Feridas";"Pleno dia";"Decrescente";"Céu Claro";"Simples";"Curva";"Não";5;0;1;0;4;0;1;5;-18,38628992;-41,81300101;"SR-MG";"UOP01";"DEL11"
346896;2021-01-17;"domingo";"21:40:00";"PB";361;"4";"PATOS";"Reação tardia ou ineficiente do condutor";"Tombamento";"Com Vítimas Feridas";"Plena Noite";"Crescente";"Céu Claro";"Simples";"Reta";"Sim";1;0;0;1;0;0;1;1;-7,03208047;-37,29365088;"SR-PB";"UOP01";"DEL03"
346907;2021-02-11;"quinta";"00:30:00";"BA";101;"457";"AURELINO LEAL";"Condutor deixou de manter distância do veículo da frente";"Colisão traseira";"Com Vítimas Feridas";"Plena Noite";"Decrescente";"Céu Claro";"Simples";"Reta";"Não";3;0;1;0;2;0;1;2;-14,40815;-39,325299;"SR-BA";"UOP01";"DEL05"
346928;2021-02-10;"quarta";"15:10:00";"GO";60;"20.3";"ALEXANIA";"Condutor Dormindo";"Capotamento";"Com Vítimas Feridas";"Pleno dia";"Decrescente";"Chuva";"Dupla";"Reta";"Sim";1;0;1;0;0;0;1;1;-16,0963;-48,5202;"SR-DF";"UOP02";"DEL01"
346935;2021-01-25;"segunda";"11:30:00";"PA";316;"37";"SANTA IZABEL DO PARA";"Manobra de mudança de faixa";"Tombamento";"Com Vítimas Feridas";"Pleno dia";"Crescente";"Chuva";"Dupla";"Reta";"Sim";3;0;2;0;1;0;2;1;-1,282506;-48,13618;"SR-PA";"UOP01";"DEL01"
346957;2021-01-29;"sexta";"07:15:00";"MA";316;"615.9";"TIMON";"Trafegar com motocicleta (ou similar) entre as faixas";"Colisão lateral";"Com Vítimas Fatais";"Pleno dia";"Crescente";"Céu Claro";"Simples";"Interseção de vias";"Sim";3;2;0;0;1;0;0;2;-5,09367992;-42,83363342;"SR-MA";"UOP02";"DEL03"