"id";"data_inversa";"dia_semana";"horario";"uf";"br";"km";"municipio";"causa_acidente";"tipo_acidente";"classificacao_acidente";"fase_dia";"sentido_via";"condicao_metereologica";"tipo_pista";"tracado_via";"uso_solo";"pessoas";"mortos";"feridos_leves";"feridos_graves";"ilesos";"ignorados";"feridos";"veiculos";"latitude";"longitude";"regional";"delegacia";"uop"
346991;2021-01-12;"terça";"15:30:00";"ES";101;"176.7";"LINHARES";"Ultrapassagem Indevida";"Colisão frontal";"Com Vítimas Fatais";"Pleno dia";"Crescente";"Céu Claro";"Simples";"Reta";"Não";2;1;0;0;1;0;0;2;-19,59523801;-40,19835299;"SR-ES";"UOP01";"DEL04"
346996;2021-02-22;"segunda";"15:00:00";"BA";30;"290";"PALMAS DE MONTE ALTO";"Mal súbito do condutor";"Saída de leito carroçável";"Com Vítimas Feridas";"Pleno dia";"Decrescente";"Céu Claro";"Simples";"Curva";"Não";1;0;1;0;0;0;1;1;-14,27120476;-43,42556704;"SR-BA";"UOP01";"DEL08"
347027;2021-01-22;"sexta";"07:50:00";"RS";116;"245.8";"SAO LEOPOLDO";"Manobra de mudança de faixa";"Colisão lateral";"Com Vítimas Feridas";"Pleno dia";"Crescente";"Nublado";"Múltipla";"Reta";"Sim";2;0;2;0;0;0;2;2;-29,74980902;-51,15125361;"SR-RS";"UOP02";"DEL01"
347039;2021-01-26;"terça";"10:20:00";"RO";319;"63";"PORTO VELHO";"Desrespeitar a preferência no cruzamento";"Colisão transversal";"Com Vítimas Feridas";"Pleno dia";"Crescente";"Céu Claro";"Dupla";"Interseção de vias";"Sim";2;0;1;0;1;0;1;2;-8,76608761;-63,88456464;"SR-RO";"UOP01";"DEL01"
347040;2021-01-11;"segunda";"16:30:00";"ES";259;"34.8";"COLATINA";"Velocidade Incompatível";"Tombamento";"Com Vítimas Feridas";"Pleno dia";"Decrescente";"Sol";"Simples";"Curva";"Não";1;0;1;0;0;0;1;1;-19,5533198;-40,49663544;"SR-ES";"UOP01";"DEL02"
347042;2021-01-22;"sexta";"19:00:00";"PB";361;"4.6";"PATOS";"Ingestão de álcool e/ou substâncias psicoativas pelo pedestre";"Atropelamento de Pedestre";"Com Vítimas Feridas";"Plena Noite";"Crescente";"Ignorado";"Simples";"Reta";"Sim";2;0;1;0;0;1;1;1;-7,03341;-37,298742;"SR-PB";"UOP01";"DEL03"
347049;2021-01-15;"sexta";"21:40:00";"PB";101;"93.8";"CONDE";"Pedestre andava na pista";"Atropelamento de Pedestre";"Com Vítimas Feridas";"Plena Noite";"Crescente";"Céu Claro";"Dupla";"Reta";"Não";2;0;1;1;0;0;2;1;-7,21710142;-34,91269654;"SR-PB";"UOP02";"DEL01"
347190;2021-01-07;"quinta";"15:30:00";"MG";381;"873.6";"ESTIVA";"Demais falhas mecânicas ou elétricas";"Saída de leito carroçável";"Com Vítimas Feridas";"Pleno dia";"Decrescente";"Nublado";"Dupla";"Curva";"Sim";1;0;1;0;0;0;1;1;-22,450796;-46,000139;"SR-MG";"UOP01";"DEL16"
347191;2021-02-24;"quarta";"10:30:00";"PR";376;"590";"CURITIBA";"Manobra de mudança de faixa";"Colisão lateral mesmo sentido";"Com Vítimas Feridas";"Pleno dia";"Crescente";"Nublado";"Dupla";"Reta";"Sim";4;0;2;0;2;0;2;3;-25,44475691;-49,36421156;"SR-PR";"UOP01";"DEL01"
347192;2021-01-09;"sábado";"17:15:00";"RS";116;"233";"ESTANCIA VELHA";"Ingestão de álcool pelo condutor";"Colisão lateral";"Com Vítimas Feridas";"Pleno dia";"Crescente";"Céu Claro";"Dupla";"Reta";"Sim";3;0;1;1;1;0;2;3;-29,64206007;-51,14268362;"SR-RS";"UOP02";"DEL01"
347213;2021-01-03;"domingo";"17:00:00";"SC";101;"120";"ITAJAI";"Pista Escorregadia";"Queda de ocupante de veículo";"Com Vítimas Feridas";"Anoitecer";"Crescente";"Sol";"Dupla";"Viaduto";"Sim";1;0;0;1;0;0;1;1;-26,919614;-48,710243;"SR-SC";"UOP04";"DEL04"
347261;2021-02-16;"terça";"01:25:00";"BA";116;"917.5";"ENCRUZILHADA";"Transitar na contramão";"Colisão lateral sentido oposto";"Com Vítimas Fatais";"Plena Noite";"Decrescente";"Céu Claro";"Simples";"Reta";"Não";2;1;0;0;1;0;0;2;-15,573522;-41,27204;"SR-BA";"UOP03";"DEL08"
347334;2021-02-16;"terça";"14:15:00";"ES";101;"322.5";"GUARAPARI";"Velocidade Incompatível";"Queda de ocupante de veículo";"Com Vítimas Feridas";"Pleno dia";"Decrescente";"Nublado";"Dupla";"Não Informado";"Sim";1;0;0;1;0;0;1;1;-20,53159644;-40,48344081;"SR-ES";"UOP01";"DEL03"
347361;2021-01-17;"domingo";"05:00:00";"PB";230;"374";"CONDADO";"Ingestão de álcool pelo condutor";"Tombamento";"Com Vítimas Feridas";"Amanhecer";"Decrescente";"Céu Claro";"Simples";"Reta";"Não";1;0;0;1;0;0;1;1;-6,9068;-37,5834;"SR-PB";"UOP02";"DEL03"
347364;2021-02-17;"quarta";"12:00:00";"ES";101;"0";"SERRA";"Semáforo com defeito";"Atropelamento de Pedestre";"Com Vítimas Feridas";"Pleno dia";"Crescente";"Céu Claro";"Dupla";"Reta";"Sim";2;0;0;1;0;1;1;1;-20,23569395;-40,27680159;"SR-ES";"UOP02";"DEL04"
347366;2021-01-20;"quarta";"23:50:00";"PR";NA;"";"CASCAVEL";"Ingestão de álcool pelo condutor";"Colisão transversal";"Com Vítimas Feridas";"Plena Noite";"Não Informado";"Nublado";"Simples";"Reta";"Não";2;0;1;0;1;0;1;2;-24,918555;-53,38886833;"SR-PR";"UOP01";"DEL04"
347369;2021-02-05;"sexta";"08:00:00";"MG";50;"37.8";"ARAGUARI";"Frear bruscamente";"Colisão traseira";"Com Vítimas Feridas";"Pleno dia";"Decrescente";"Nublado";"Dupla";"Reta";"Sim";4;0;0;3;1;0;3;3;-18,65832814;-48,15585894;"SR-MG";"UOP02";"DEL15"
347425;2021-02-18;"quinta";"15:15:00";"SC";101;"213.6";"PALHOCA";"Velocidade Incompatível";"Colisão traseira";"Com Vítimas Feridas";"Pleno dia";"Decrescente";"Céu Claro";"Dupla";"Reta";"Sim";2;0;0;1;1;0;1;2;-27,63697369;-48,66514142;"SR-SC";"UOP02";"DEL01"
347544;2021-01-17;"domingo";"03:10:00";"PB";101;"81";"SANTA RITA";"Condutor Dormindo";"Colisão com objeto";"Com Vítimas Feridas";"Pleno dia";"Crescente";"Céu Claro";"Simples";"Curva";"Sim";1;0;0;1;0;0;1;1;-7,12508575;-34,94513217;"SR-PB";"UOP01";"DEL01"
347546;2021-01-18;"segunda";"17:35:00";"PB";230;"292.3";"SANTA LUZIA";"Ausência de reação do condutor";"Colisão lateral";"Com Vítimas Feridas";"Anoitecer";"Crescente";"Sol";"Simples";"Reta";"Sim";2;0;0;1;1;0;1;2;-6,8684;-36,9222;"SR-PB";"UOP01";"DEL03"
347553;2021-02-24;"quarta";"19:00:00";"TO";153;"245";"COLINAS DO TOCANTINS";"Transitar na contramão";"Colisão frontal";"Com Vítimas Feridas";"Amanhecer";"Decrescente";"Céu Claro";"Simples";"Reta";"Sim";2;0;0;1;1;0;1;2;-8,038621;-48,466015;"SR-TO";"UOP02";"DEL02"
347557;2021-01-09;"sábado";"11:25:00";"ES";262;"164.5";"IBATIBA";"Curva acentuada";"Tombamento";"Com Vítimas Feridas";"Pleno dia";"Decrescente";"Céu Claro";"Simples";"Curva";"Não";1;0;0;1;0;0;1;1;-20,237362;-41,5135167;"SR-ES";"UOP02";"DEL01"
347558;2021-02-28;"domingo";"10:11:00";"SP";116;"543";"BARRA DO TURVO";"Reação tardia ou ineficiente do condutor";"Colisão com objeto";"Com Vítimas Feridas";"Pleno dia";"Decrescente";"Garoa/Chuvisco";"Dupla";"Curva";"Não";1;0;1;0;0;0;1;1;-24,96228975;-48,41383577;"SR-SP";"UOP02";"DEL05"
347566;2021-02-26;"sexta";"18:40:00";"MT";70;"516";"VARZEA GRANDE";"Acessar a via sem observar a presença dos outros veículos";"Colisão transversal";"Com Vítimas Feridas";"Plena Noite";"Crescente";"Céu Claro";"Simples";"Reta";"Sim";3;0;0;1;2;0;1;2;-15,70584518;-56,1437713;"SR-MT";"UOP02";"DEL01"
347568;2021-01-26;"terça";"07:56:00";"PR";376;"3";"APUCARANA";"Ausência de reação do condutor";"Tombamento";"Com Vítimas Feridas";"Pleno dia";"Crescente";"Sol";"Simples";"Reta";"Sim";1;0;1;0;0;0;1;1;-23,55426057;-51,44542029;"SR-PR";"UAP01";"DEL07"
347584;2021-02-06;"sábado";"12:35:00";"GO";40;"12";"LUZIANIA";"Acessar a via sem observar a presença dos outros veículos";"Colisão transversal";"Com Vítimas Feridas";"Pleno dia";"Decrescente";"Nublado";"Dupla";"Reta";"Sim";3;0;1;0;1;1;1;2;-16,145123;-47,945382;"SR-DF";"UOP01";"DEL01"
347592;2021-02-03;"quarta";"06:40:00";"SC";280;"66";"JARAGUA DO SUL";"Acessar a via sem observar a presença dos outros veículos";"Colisão transversal";"Com Vítimas Feridas";"Amanhecer";"Crescente";"Céu Claro";"Simples";"Reta";"Não";2;0;1;0;1;0;1;2;-26,47606607;-49,09568797;"SR-SC";"UOP03";"DEL03"
347594;2021-02-10;"quarta";"15:45:00";"RO";364;"5";"VILHENA";"Desrespeitar a preferência no cruzamento";"Colisão transversal";"Com Vítimas Feridas";"Pleno dia";"Crescente";"Nublado";"Simples";"Interseção de vias";"Não";2;0;1;0;1;0;1;2;-12,7863749;-60,0898697;"SR-RO";"UOP01";"DEL04"
347605;2021-02-19;"sexta";"19:00:00";"RS";386;"253.2";"SOLEDADE";"Condutor deixou de manter distância do veículo da frente";"Engavetamento";"Com Vítimas Feridas";"Anoitecer";"Decrescente";"Céu Claro";"Simples";"Não Informado";"Não";5;0;0;1;4;0;1;4;-28,843369;-52,449715;"SR-RS";"UOP03";"DEL04"
347606;2021-01-10;"domingo";"18:20:00";"RO";425;"132";"GUAJARA-MIRIM";"Animais na Pista";"Queda de ocupante de veículo";"Com Vítimas Feridas";"Pleno dia";"Decrescente";"Céu Claro";"Simples";"Reta";"Não";2;0;2;0;0;0;2;1;-10,65116069;-65,28385162;"SR-RO";"UOP04";"DEL01"
347621;2021-02-09;"terça";"19:10:00";"PR";476;"353";"UNIAO DA VITORIA";"Demais falhas mecânicas ou elétricas";"Capotamento";"Com Vítimas Feridas";"Anoitecer";"Crescente";"Céu Claro";"Simples";"Reta";"Não";1;0;0;1;0;0;1;1;-26,198172;-51,002659;"SR-PR";"UOP03";"DEL02"
347627;2021-02-14;"domingo";"16:10:00";"SC";282;"22";"SANTO AMARO DA IMPERATRIZ";"Acumulo de água sobre o pavimento";"Colisão frontal";"Com Vítimas Feridas";"Pleno dia";"Crescente";"Chuva";"Simples";"Reta";"Sim";4;0;4;0;0;0;4;2;-27,688507;-48,72739;"SR-SC";"UOP02";"DEL01"
347634;2021-02-02;"terça";"19:15:00";"CE";20;"354";"CARIDADE";"Ultrapassagem Indevida";"Colisão traseira";"Com Vítimas Feridas";"Plena Noite";"Crescente";"Céu Claro";"Simples";"Curva";"Não";6;0;3;2;0;1;5;2;-4,06007864;-39,02747244;"SR-CE";"UOP01";"DEL02"
347660;2021-01-25;"segunda";"12:45:00";"SP";101;"48.5";"UBATUBA";"Retorno proibido";"Colisão traseira";"Com Vítimas Feridas";"Pleno dia";"Crescente";"Céu Claro";"Simples";"Reta";"Sim";2;0;1;0;1;0;1;2;-23,44410908;-45,08375708;"SR-SP";"UOP02";"DEL06"
347662;2021-02-21;"domingo";"13:00:00";"MG";262;"586.1";"CAMPOS ALTOS";"Pista Escorregadia";"Colisão frontal";"Com Vítimas Feridas";"Pleno dia";"Decrescente";"Chuva";"Simples";"Curva";"Não";3;0;0;1;2;0;1;2;-19,66225488;-46,10030694;"SR-MG";"UOP02";"DEL08"
347663;2021-02-07;"domingo";"08:40:00";"SP";101;"37.6";"UBATUBA";"Reação tardia ou ineficiente do condutor";"Colisão traseira";"Com Vítimas Feridas";"Pleno dia";"Decrescente";"Céu Claro";"Simples";"Reta";"Sim";2;0;1;0;1;0;1;2;-23,40235292;-45,01855494;"SR-SP";"UOP02";"DEL06"
347669;2021-02-10;"quarta";"20:00:00";"BA";116;"17";"VITORIA DA CONQUISTA";"Acessar a via sem observar a presença dos outros veículos";"Colisão lateral sentido oposto";"Com Vítimas Feridas";"Plena Noite";"Crescente";"Ignorado";"Simples";"Curva";"Não";3;0;2;0;1;0;2;2;-14,90215114;-40,84039311;"SR-BA";"UOP01";"DEL08"
347671;2021-02-28;"domingo";"15:05:00";"MG";153;"33";"MONTE ALEGRE DE MINAS";"Acumulo de água sobre o pavimento";"Saída de leito carroçável";"Com Vítimas Feridas";"Pleno dia";"Decrescente";"Chuva";"Múltipla";"Desvio Temporário";"Não";1;0;1;0;0;0;1;1;-18,8684187;-49,0540819;"SR-MG";"UOP03";"DEL15"
347704;2021-01-14;"quinta";"10:15:00";"RS";116;"245";"SAO LEOPOLDO";"Condutor deixou de manter distância do veículo da frente";"Colisão traseira";"Com Vítimas Feridas";"Pleno dia";"Crescente";"Nublado";"Simples";"Reta";"Sim";3;0;0;1;2;0;1;2;-29,74792851;-51,15148544;"SR-RS";"UOP02";"DEL01"
347711;2021-02-22;"segunda";"08:00:00";"SC";101;"153";"PORTO BELO";"Condutor deixou de manter distância do veículo da frente";"Colisão traseira";"Com Vítimas Feridas";"Pleno dia";"Crescente";"Céu Claro";"Dupla";"Reta";"Sim";3;0;1;0;2;0;1;3;-27,144717;-48,61063935;"SR-SC";"UOP03";"DEL04"
347713;2021-01-18;"segunda";"11:30:00";"ES";482;"65.3";"JERONIMO MONTEIRO";"Acessar a via sem observar a presença dos outros veículos";"Colisão lateral";"Com Vítimas Feridas";"Pleno dia";"Crescente";"Céu Claro";"Simples";"Reta";"Sim";3;0;0;1;2;0;1;2;-20,79537324;-41,40497918;"SR-ES";"UOP02";"DEL03"
347714;2021-02-13;"sábado";"07:55:00";"RO";364;"692";"PORTO VELHO";"Condutor deixou de manter distância do veículo da frente";"Colisão traseira";"Sem Vítimas";"Pleno dia";"Decrescente";"Nublado";"Dupla";"Não Informado";"Sim";3;0;0;0;1;2;0;2;-8,79733425;-63,69814797;"SR-RO";"UOP01";"DEL01"
347723;2021-02-11;"quinta";"09:50:00";"MG";262;"549";"LUZ";"Velocidade Incompatível";"Tombamento";"Com Vítimas Feridas";"Pleno dia";"Decrescente";"Céu Claro";"Simples";"Curva";"Não";1;0;1;0;0;0;1;1;-19,72508993;-45,86948395;"SR-MG";"UOP02";"DEL08"
347733;2021-02-23;"terça";"05:00:00";"PR";277;"660";"MATELANDIA";"Carga excessiva e/ou mal acondicionada";"Tombamento";"Com Vítimas Feridas";"Amanhecer";"Crescente";"Céu Claro";"Dupla";"Não Informado";"Não";4;0;2;0;2;0;2;3;-25,25136237;-53,99027796;"SR-PR";"UOP02";"DEL05"
347739;2021-02-23;"terça";"17:55:00";"SC";470;"125.9";"LONTRAS";"Velocidade Incompatível";"Colisão frontal";"Com Vítimas Fatais";"Pleno dia";"Crescente";"Chuva";"Simples";"Curva";"Sim";5;2;2;0;0;1;2;2;-27,131189;-49,538515;"SR-SC";"UOP02";"DEL04"
347742;2021-02-11;"quinta";"14:30:00";"PE";232;"190";"BELO JARDIM";"Reação tardia ou ineficiente do condutor";"Colisão traseira";"Com Vítimas Feridas";"Pleno dia";"Crescente";"Céu Claro";"Simples";"Reta";"Não";3;0;1;1;0;1;2;2;-8,35015509;-36,45964862;"SR-PE";"UOP02";"DEL02"
347752;2021-01-12;"terça";"00:00:00";"MG";50;"123";"UBERABA";"Condutor Dormindo";"Saída de leito carroçável";"Com Vítimas Feridas";"Pleno dia";"Decrescente";"Nublado";"Dupla";"Reta";"Não";1;0;1;0;0;0;1;1;-19,33326318;-48,09913641;"SR-MG";"UOP01";"DEL13"
347761;2021-02-22;"segunda";"16:40:00";"RS";116;"149.1";"CAXIAS DO SUL";"Reação tardia ou ineficiente do condutor";"Colisão lateral sentido oposto";"Com Vítimas Feridas";"Pleno dia";"Decrescente";"Céu Claro";"Dupla";"Reta";"Sim";3;0;1;0;2;0;1;3;-29,1611559;-51,15673184;"SR-RS";"UOP01";"DEL05"
347765;2021-01-26;"terça";"05:30:00";"PR";116;"75";"CAMPINA GRANDE DO SUL";"Pedestre andava na pista";"Atropelamento de Pedestre";"Com Vítimas Fatais";"Plena Noite";"Decrescente";"Nublado";"Dupla";"Reta";"Não";2;1;0;0;1;0;0;1;-25,37129423;-49,04588263;"SR-PR";"UOP01";"DEL01"
347775;2021-01-31;"domingo";"06:23:00";"MG";116;"815";"ALEM PARAIBA";"Velocidade Incompatível";"Capotamento";"Sem Vítimas";"Pleno dia";"Crescente";"Ignorado";"Simples";"Não Informado";"Não";2;0;0;0;0;2;0;1;-21,85791407;-42,66175747;"SR-MG";"UOP01";"DEL07"
347893;2021-02-21;"domingo";"05:40:00";"PR";277;"69.2";"SAO JOSE DOS PINHAIS";"Ingestão de álcool pelo condutor";"Colisão com objeto";"Com Vítimas Fatais";"Amanhecer";"Decrescente";"Céu Claro";"Dupla";"Reta";"Sim";5;1;0;0;4;0;0;1;-25,53715243;-49,07076619;"SR-PR";"UOP01";"DEL01"
347929;2021-01-17;"domingo";"11:30:00";"PA";316;"14.4";"MARITUBA";"Manobra de mudança de faixa";"Colisão lateral";"Sem Vítimas";"Pleno dia";"Crescente";"Céu Claro";"Dupla";"Reta";"Sim";2;0;0;0;2;0;0;2;-1,36684207;-48,31710935;"SR-PA";"UOP01";"DEL01"
347952;2021-01-14;"quinta";"10:45:00";"CE";20;"423";"MARACANAU";"Acesso irregular";"Colisão lateral mesmo sentido";"Com Vítimas Feridas";"Pleno dia";"Crescente";"Céu Claro";"Múltipla";"Reta";"Sim";2;0;0;1;1;0;1;2;-3,76999035;-38,67006282;"SR-CE";"UOP02";"DEL01"
348029;2021-01-12;"terça";"19:57:00";"MG";50;"86.6";"UBERLANDIA";"Reação tardia ou ineficiente do condutor";"Queda de ocupante de veículo";"Com Vítimas Feridas";"Plena Noite";"Decrescente";"Céu Claro";"Dupla";"Não Informado";"Não";1;0;0;1;0;0;1;1;-19,02185513;-48,20470333;"SR-MG";"UOP01";"DEL15"
348036;2021-01-14;"quinta";"19:30:00";"RS";386;"352.7";"ESTRELA";"Desrespeitar a preferência no cruzamento";"Colisão transversal";"Com Vítimas Feridas";"Plena Noite";"Crescente";"Céu Claro";"Dupla";"Retorno Regulamentado";"Sim";2;0;1;0;1;0;1;2;-29,491436;-51,95174;"SR-RS";"UOP02";"DEL04"
348059;2021-02-26;"sexta";"06:50:00";"PR";376;"318";"ORTIGUEIRA";"Carga excessiva e/ou mal acondicionada";"Tombamento";"Com Vítimas Feridas";"Pleno dia";"Crescente";"Céu Claro";"Simples";"Não Informado";"Não";1;0;1;0;0;0;1;1;-24,04149799;-51,07646892;"SR-PR";"UAP01";"DEL07"
348086;2021-02-26;"sexta";"14:00:00";"BA";407;"98";"JAGUARARI";"Condutor deixou de manter distância do veículo da frente";"Colisão traseira";"Com Vítimas Feridas";"Pleno dia";"Decrescente";"Céu Claro";"Simples";"Reta";"Não";6;0;1;0;5;0;1;2;-10,22018224;-40,21285144;"SR-BA";"UOP01";"DEL04"
348088;2021-02-20;"sábado";"18:20:00";"PR";376;"257";"CALIFORNIA";"Reação tardia ou ineficiente do condutor";"Colisão transversal";"Com Vítimas Feridas";"Anoitecer";"Decrescente";"Céu Claro";"Simples";"Reta";"Sim";2;0;1;0;0;1;1;2;-23,68565398;-51,34994631;"SR-PR";"UAP01";"DEL07"
348222;2021-01-01;"sexta";"14:20:00";"MG";381;"502";"BETIM";"Ausência de reação do condutor";"Colisão com objeto";"Sem Vítimas";"Pleno dia";"Crescente";"Céu Claro";"Dupla";"Curva";"Não";1;0;0;0;1;0;0;1;-20,03619694;-44,24586303;"SR-MG";"UOP03";"DEL01"
348241;2021-02-08;"segunda";"15:20:00";"MG";365;"615";"UBERLANDIA";"Condutor deixou de manter distância do veículo da frente";"Colisão traseira";"Com Vítimas Feridas";"Pleno dia";"Decrescente";"Céu Claro";"Simples";"Curva";"Sim";2;0;0;1;1;0;1;2;-18,90965167;-48,22447842;"SR-MG";"UOP01";"DEL15"
348281;2021-02-11;"quinta";"19:00:00";"PE";104;"88.1";"AGRESTINA";"Condutor Dormindo";"Colisão frontal";"Com Vítimas Feridas";"Plena Noite";"Decrescente";"Nublado";"Simples";"Reta";"Não";2;0;1;1;0;0;2;2;-8,461552;-35,94022;"SR-PE";"UOP01";"DEL02"
348291;2021-02-07;"domingo";"13:00:00";"ES";262;"28.8";"VIANA";"Velocidade Incompatível";"Colisão frontal";"Com Vítimas Feridas";"Pleno dia";"Crescente";"Chuva";"Simples";"Curva";"Não";2;0;0;1;1;0;1;2;-20,38426904;-40,55863435;"SR-ES";"UOP01";"DEL01"
348319;2021-01-13;"quarta";"17:45:00";"BA";116;"16.5";"VITORIA DA CONQUISTA";"Acessar a via sem observar a presença dos outros veículos";"Colisão transversal";"Com Vítimas Feridas";"Anoitecer";"Crescente";"Céu Claro";"Simples";"Interseção de vias";"Sim";2;0;0;1;1;0;1;2;-14,902423;-40,844702;"SR-BA";"UOP01";"DEL08"
348402;2021-01-02;"sábado";"13:20:00";"MG";50;"99.9";"UBERLANDIA";"Velocidade Incompatível";"Saída de leito carroçável";"Com Vítimas Feridas";"Pleno dia";"Crescente";"Chuva";"Simples";"Retorno Regulamentado";"Não";2;0;1;0;1;0;1;1;-19,127352;-48,173278;"SR-MG";"UOP01";"DEL15"
348413;2021-01-22;"sexta";"17:25:00";"RS";101;"1.5";"TORRES";"Condutor Dormindo";"Colisão traseira";"Sem Vítimas";"Pleno dia";"Decrescente";"Sol";"Dupla";"Reta";"Sim";2;0;0;0;2;0;0;2;-29,30762999;-49,77275507;"SR-RS";"UOP02";"DEL03"
348423;2021-01-08;"sexta";"11:00:00";"PE";232;"24";"MORENO";"Condutor Dormindo";"Saída de leito carroçável";"Com Vítimas Feridas";"Pleno dia";"Decrescente";"Sol";"Dupla";"Curva";"Não";1;0;0;1;0;0;1;1;-8,10089039;-35,10000944;"SR-PE";"UOP04";"DEL01"
348449;2021-01-22;"sexta";"16:50:00";"RJ";40;"31";"TRES RIOS";"Ausência de reação do condutor";"Tombamento";"Com Vítimas Feridas";"Pleno dia";"Crescente";"Céu Claro";"Dupla";"Curva";"Não";1;0;0;1;0;0;1;1;-22,19245612;-43,16023202;"SR-RJ";"UOP01";"DEL06"
348510;2021-02-19;"sexta";"15:10:00";"MT";364;"212.4";"RONDONOPOLIS";"Manobra de mudança de faixa";"Colisão lateral";"Com Vítimas Feridas";"Pleno dia";"Decrescente";"Céu Claro";"Simples";"Não Informado";"Não";4;0;3;0;1;0;3;2;-16,40959507;-54,71342208;"SR-MT";"UOP01";"DEL02"
348543;2021-02-03;"quarta";"18:25:00";"PR";116;"119";"CURITIBA";"Trafegar com motocicleta (ou similar) entre as faixas";"Colisão lateral mesmo sentido";"Com Vítimas Feridas";"Anoitecer";"Crescente";"Chuva";"Dupla";"Reta";"Sim";3;0;1;0;1;1;1;2;-25,54456009;-49,30146002;"SR-PR";"UOP01";"DEL01"
348554;2021-02-13;"sábado";"03:50:00";"GO";20;"251.5";"GUARANI DE GOIAS";"Ausência de sinalização";"Colisão traseira";"Com Vítimas Feridas";"Plena Noite";"Crescente";"Garoa/Chuvisco";"Simples";"Não Informado";"Não";48;0;1;0;47;0;1;2;-13,976036;-46,192558;"SR-DF";"UOP02";"DEL02"
348663;2021-02-20;"sábado";"10:40:00";"PR";476;"97";"BOCAIUVA DO SUL";"Curva acentuada";"Colisão lateral";"Com Vítimas Feridas";"Pleno dia";"Crescente";"Céu Claro";"Simples";"Curva";"Não";3;0;0;1;2;0;1;3;-25,234463;-49,127838;"SR-PR";"UOP02";"DEL01"
348704;2021-02-20;"sábado";"06:30:00";"ES";101;"259.9";"SERRA";"Acessar a via sem observar a presença dos outros veículos";"Colisão transversal";"Com Vítimas Feridas";"Pleno dia";"Crescente";"Nublado";"Dupla";"Curva";"Sim";2;0;0;1;1;0;1;2;-20,14622815;-40,28863214;"SR-ES";"UOP01";"DEL02"
348762;2021-01-11;"segunda";"11:00:00";"PB";101;"104.9";"ALHANDRA";"Manobra de mudança de faixa";"Colisão traseira";"Com Vítimas Feridas";"Pleno dia";"Crescente";"Céu Claro";"Dupla";"Desvio Temporário";"Não";3;0;0;1;1;1;1;3;-7,30029088;-34,93888622;"SR-PB";"UOP02";"DEL01"
348768;2021-02-27;"sábado";"23:15:00";"PR";369;"186.5";"ARAPONGAS";"Desrespeitar a preferência no cruzamento";"Colisão transversal";"Com Vítimas Feridas";"Plena Noite";"Crescente";"Céu Claro";"Simples";"Reta";"Sim";2;0;0;1;1;0;1;2;-23,4122;-51,4272;"SR-PR";"UOP02";"DEL07"
348778;2021-01-11;"segunda";"19:20:00";"PB";230;"16";"JOAO PESSOA";"Condutor deixou de manter distância do veículo da frente";"Colisão traseira";"Com Vítimas Feridas";"Plena Noite";"Crescente";"Céu Claro";"Dupla";"Reta";"Sim";4;0;1;0;3;0;1;4;-7,1039;-34,8458;"SR-PB";"UOP01";"DEL01"
348875;2021-01-30;"sábado";"21:11:00";"PR";277;"377.5";"GUARAPUAVA";"Reação tardia ou ineficiente do condutor";"Saída de leito carroçável";"Sem Vítimas";"Plena Noite";"Decrescente";"Nublado";"Simples";"Reta";"Não";1;0;0;0;0;1;0;1;-25,40672;-51,75366;"SR-PR";"UOP01";"DEL08"
348880;2021-02-06;"sábado";"02:40:00";"SP";153;"138";"PROMISSAO";"Animais na Pista";"Atropelamento de Animal";"Com Vítimas Feridas";"Plena Noite";"Crescente";"Céu Claro";"Simples";"Reta";"Não";1;0;0;1;0;0;1;1;-21,31002302;-49,79450084;"SR-SP";"UOP01";"DEL07"
348930;2021-02-22;"segunda";"09:30:00";"SE";101;"92.9";"NOSSA SENHORA DO SOCORRO";"Mal súbito do condutor";"Colisão com objeto";"Com Vítimas Feridas";"Pleno dia";"Crescente";"Céu Claro";"Dupla";"Reta";"Sim";1;0;1;0;0;0;1;1;-10,90169474;-37,13619222;"SR-SE";"UOP01";"DEL01"
348950;2021-02-27;"sábado";"03:30:00";"PR";277;"115";"CAMPO LARGO";"Ingestão de álcool pelo condutor";"Colisão com objeto";"Com Vítimas Feridas";"Plena Noite";"Decrescente";"Garoa/Chuvisco";"Dupla";"Reta";"Sim";3;0;2;0;1;0;2;2;-25,4452454;-49,49812353;"SR-PR";"UOP06";"DEL01"
348960;2021-02-03;"quarta";"17:15:00";"MA";135;"4";"SAO LUIS";"Condutor deixou de manter distância do veículo da frente";"Colisão traseira";"Com Vítimas Feridas";"Pleno dia";"Decrescente";"Céu Claro";"Dupla";"Reta";"Sim";2;0;1;0;1;0;1;2;-2,61424881;-44,25257023;"SR-MA";"UOP01";"DEL01"
348976;2021-02-18;"quinta";"07:50:00";"MT";70;"7";"BARRA DO GARCAS";"Acessar a via sem observar a presença dos outros veículos";"Colisão lateral mesmo sentido";"Com Vítimas Feridas";"Pleno dia";"Crescente";"Céu Claro";"Simples";"Reta";"Sim";2;0;0;1;0;1;1;2;-15,878143;-52,316788;"SR-MT";"UOP01";"DEL07"
348995;2021-02-26;"sexta";"20:45:00";"PR";476;"113";"COLOMBO";"Manobra de mudança de faixa";"Colisão transversal";"Com Vítimas Feridas";"Plena Noite";"Decrescente";"Garoa/Chuvisco";"Dupla";"Não Informado";"Sim";2;0;1;0;1;0;1;2;-25,35028784;-49,17658372;"SR-PR";"UOP02";"DEL01"